timestamp,bicep_raw,tricep_raw,bicep_envelope,tricep_envelope,ratio_b_to_t,co_activation,label
17:58:46.521531,10.8,858.12,0.0,0.0,0.0,0.0,down
17:58:46.532188,9.03,853.83,0.4424999999999999,1.072499999999991,0.412587412587416,0.4424999999999999,down
17:58:46.543507,8.2,849.56,0.5716666666666667,2.138333333333359,0.2673421667965673,0.5716666666666667,down
17:58:46.552320,6.78,845.76,0.8874999999999995,3.0875000000000057,0.2874493927125499,0.8874999999999995,down
17:58:46.559803,9.91,841.01,0.8859999999999998,4.179999999999995,0.2119617224880384,0.8859999999999998,down
17:58:46.578482,17.64,837.26,2.1,5.216666666666659,0.4025559105431316,2.1,down
17:58:46.589576,14.59,832.57,2.468571428571429,6.355714285714271,0.3884018880647346,2.468571428571429,down
17:58:46.597021,15.66,828.87,2.823125,7.375624999999985,0.3827641725277527,2.823125,down
17:58:46.610722,14.5,824.67,2.9205555555555556,8.371666666666657,0.348861901917845,2.9205555555555556,down
17:58:46.622867,14.37,820.5,2.807,9.39799999999999,0.2986805703341139,2.807,down
17:58:46.634628,11.87,816.81,2.932,11.208499999999992,0.261587188294598,2.932,down
17:58:46.643824,16.78,812.62,3.0780000000000003,12.803999999999997,0.2403936269915652,3.0780000000000003,down
17:58:46.656212,22.75,808.92,3.8155,14.161999999999988,0.2694181612766561,3.8155,down
17:58:46.665023,19.11,804.29,4.0305,15.398,0.2617547733471879,4.0305,down
17:58:46.680402,16.16,800.67,3.9675,16.341500000000007,0.2427867698803658,3.9675,down
17:58:46.687062,13.78,796.55,3.285,17.118000000000006,0.1919032597266035,3.285,down
17:58:46.701518,14.3,792.48,2.895,17.628000000000007,0.1642273655547991,2.895,down
17:58:46.712588,12.3,788.88,2.578,17.949000000000012,0.1436291715415899,2.578,down
17:58:46.724478,13.62,784.8,2.2795,18.083000000000016,0.126057623181994,2.2795,down
17:58:46.732374,16.01,781.21,2.1865,17.959500000000002,0.1217461510621119,2.1865,down
17:58:46.744405,20.73,776.69,2.5260000000000007,17.931499999999993,0.1408694197362184,2.5260000000000007,down
17:58:46.758077,20.58,773.18,2.7409999999999997,17.871500000000005,0.1533726883585596,2.7409999999999997,down
17:58:46.769826,20.78,769.19,2.3899999999999997,17.851499999999987,0.1338823068089517,2.3899999999999997,down
17:58:46.779375,20.86,765.68,2.469,17.754499999999986,0.1390633360556479,2.469,down
17:58:46.791135,23.12,762.14,2.926499999999999,17.63699999999999,0.1659295798605205,2.926499999999999,down
17:58:46.805362,26.3,758.12,3.3564999999999996,17.50199999999999,0.1917780825048567,3.3564999999999996,down
17:58:46.815248,23.39,754.61,3.5419999999999994,17.330499999999983,0.2043795620437958,3.5419999999999994,down
17:58:46.822800,19.84,750.62,3.4199999999999995,17.239499999999975,0.1983816235969723,3.4199999999999995,down
17:58:46.834629,17.12,747.13,3.712,17.149499999999968,0.2164494591679061,3.712,down
17:58:46.843178,20.12,743.18,3.69,17.104499999999984,0.2157327019205474,3.69,down
17:58:46.860050,24.5,739.72,3.5934999999999997,16.98649999999999,0.2115503488064052,3.5934999999999997,down
17:58:46.862060,20.77,735.79,3.149,16.918999999999983,0.1861221112358888,3.149,down
17:58:46.880280,17.17,732.37,3.0439999999999996,16.804499999999997,0.1811419560236841,3.0439999999999996,down
17:58:46.892537,16.05,728.92,3.0059999999999993,16.695499999999992,0.1800485160672038,3.0059999999999993,down
17:58:46.904763,14.51,725.01,3.0705,16.658499999999993,0.1843203169553081,3.0705,down
17:58:46.913469,18.2,721.61,2.588,16.591499999999996,0.1559834855196938,2.588,down
17:58:46.925753,19.27,717.75,2.378000000000001,16.566999999999997,0.1435383593891471,2.378000000000001,down
17:58:46.938078,17.86,714.39,2.3035000000000005,16.511000000000003,0.1395130519047907,2.3035000000000005,down
17:58:46.949926,17.78,710.56,1.965,16.4735,0.1192824839894375,1.965,down
17:58:46.959421,16.68,707.24,2.0155000000000003,16.38549999999999,0.123005095968997,2.0155000000000003,down
17:58:46.971591,13.99,703.9,1.996,16.299,0.1224615007055647,1.996,down
17:58:46.979870,13.59,700.1,2.3244999999999996,16.21349999999999,0.1433681808369569,2.3244999999999996,down
17:58:46.994400,13.8,696.81,2.216500000000001,16.129499999999986,0.1374190148485695,2.216500000000001,down
17:58:47.007913,16.86,693.06,1.7860000000000007,16.089999999999986,0.1110006215040399,1.7860000000000007,down
17:58:47.014405,14.84,689.81,1.4320000000000006,16.02199999999998,0.089377106478592,1.4320000000000006,down
17:58:47.026911,14.38,686.1,1.4880000000000004,15.99749999999998,0.0930145335208627,1.4880000000000004,down
17:58:47.040665,21.01,682.89,1.959500000000001,15.920999999999982,0.1230764399221156,1.959500000000001,down
17:58:47.047974,23.95,679.22,2.7615000000000003,15.866999999999972,0.1740404613348462,2.7615000000000003,down
17:58:47.060882,24.4,675.61,3.6005000000000003,15.808999999999967,0.2277500158137774,3.6005000000000003,down
17:58:47.071707,22.62,672.49,4.163500000000001,15.748499999999968,0.2643743848620509,4.163500000000001,down
17:58:47.085041,25.64,668.91,4.4855,15.728999999999962,0.2851738826371677,4.4855,down
17:58:47.096677,21.35,665.82,4.1690000000000005,15.655499999999972,0.2662961898374378,4.1690000000000005,down
17:58:47.105113,18.49,662.26,4.1815,15.604499999999971,0.2679675734563752,4.1815,down
17:58:47.116342,15.58,659.2,4.7325,15.50549999999996,0.305214278804296,4.7325,down
17:58:47.130398,19.71,655.67,4.6865000000000006,15.43249999999997,0.3036773043900864,4.6865000000000006,down
17:58:47.142593,32.78,652.2,5.628,15.35899999999997,0.3664301061267017,5.628,down
17:58:47.148619,29.54,649.21,5.7284999999999995,15.285499999999969,0.3747669359850847,5.7284999999999995,down
17:58:47.160595,25.67,645.76,5.125500000000001,15.21099999999998,0.3369600946683326,5.125500000000001,down
17:58:47.177185,20.89,642.8,4.371,15.091999999999985,0.2896236416644583,4.371,down
17:58:47.188312,25.89,639.36,3.9335,15.002999999999986,0.2621808971539028,3.9335,down
17:58:47.196405,27.01,636.43,3.613,14.871999999999993,0.2429397525551373,3.613,down
17:58:47.208424,22.49,633.47,3.755,14.74999999999999,0.2545762711864408,3.755,down
17:58:47.217808,23.6,630.49,3.5895,14.613499999999988,0.24562904163958,3.5895,down
17:58:47.231470,20.25,627.5,3.468000000000001,14.486499999999989,0.2393952990715496,3.468000000000001,down
17:58:47.241676,18.14,624.05,3.9705,14.367999999999984,0.2763432628062364,3.9705,down
17:58:47.250399,24.96,621.56,2.9590000000000005,14.190499999999997,0.208519784362778,2.9590000000000005,down
17:58:47.264554,32.07,618.09,3.1125000000000003,14.096500000000002,0.2207994892349164,3.1125000000000003,down
17:58:47.277802,26.14,615.15,3.0825,13.984000000000004,0.2204304919908466,3.0825,down
17:58:47.285043,24.92,611.74,2.975,13.924,0.2136598678540649,2.975,down
17:58:47.297371,25.42,608.85,2.7835,13.862,0.2008007502524888,2.7835,down
17:58:47.309934,20.42,605.95,2.8175,13.821999999999992,0.2038417016350746,2.8175,down
17:58:47.322742,18.77,603.05,3.2075000000000005,13.777499999999998,0.232807113046634,3.2075000000000005,down
17:58:47.332177,26.15,600.14,3.225,13.728999999999996,0.2349042173501348,3.225,down
17:58:47.342172,31.17,596.78,3.3845,13.722500000000014,0.2466387320094732,3.3845,down
17:58:47.356829,25.48,593.94,2.7379999999999995,13.684000000000015,0.2000876936568252,2.7379999999999995,down
17:58:47.390775,20.44,590.64,3.171,13.731000000000003,0.2309372951715096,3.171,down
17:58:47.427173,20.41,587.86,2.868,13.71550000000001,0.2091064853632749,2.868,down
17:58:47.431192,25.01,585.06,2.6864999999999997,13.671000000000015,0.1965108624094796,2.6864999999999997,down
17:58:47.431192,35.02,582.26,3.665,13.57750000000002,0.2699318725833176,3.665,down
17:58:47.431192,31.53,579.45,4.2455,13.46600000000002,0.3152755086885485,4.2455,down
17:58:47.431192,27.07,576.64,3.987000000000001,13.33950000000002,0.2988867648712466,3.987000000000001,down
17:58:47.433374,23.96,574.28,3.6235,13.200500000000025,0.2744971781371912,3.6235,down
17:58:47.445021,19.26,570.96,4.101000000000001,13.14000000000002,0.3121004566210041,4.101000000000001,down
17:58:47.456274,15.5,568.17,4.4015,13.057000000000016,0.337098874167113,4.4015,down
17:58:47.465030,17.02,564.94,4.9165,13.021500000000014,0.3775678685251311,4.9165,down
17:58:47.479396,17.91,562.23,4.843000000000001,12.958500000000017,0.3737315275687768,4.843000000000001,down
17:58:47.489447,18.54,559.51,4.6739999999999995,12.896000000000017,0.3624379652605454,4.6739999999999995,down
17:58:47.504236,16.61,556.8,4.8985,12.832500000000016,0.3817260861094872,4.8985,down
17:58:47.508453,19.78,554.08,4.006,12.770000000000016,0.3137039937353167,4.006,down
17:58:47.523203,19.83,551.37,3.4705000000000013,12.707500000000028,0.2731064332087345,3.4705000000000013,down
17:58:47.535204,24.87,549.11,3.942,12.622500000000024,0.3122994652406411,3.942,down
17:58:47.546195,24.61,546.34,4.3275000000000015,12.586000000000013,0.3438344191959318,4.3275000000000015,down
17:58:47.556622,21.54,543.59,3.967,12.501000000000024,0.317334613230941,3.967,down
17:58:47.569018,18.36,540.86,3.148500000000001,12.419000000000016,0.2535228279249534,3.148500000000001,down
17:58:47.581961,15.79,538.14,2.9675000000000007,12.318500000000018,0.2408978365872465,2.9675000000000007,down
17:58:47.592120,17.43,535.43,2.7130000000000005,12.225000000000025,0.2219222903885477,2.7130000000000005,down
17:58:47.598676,14.53,532.3,2.8600000000000008,12.180500000000029,0.2348015270309095,2.8600000000000008,down
17:58:47.613359,12.79,529.69,3.2590000000000012,12.157500000000017,0.2680649804647334,3.2590000000000012,down
17:58:47.623872,20.85,526.65,3.346500000000001,12.195000000000016,0.2744157441574413,3.346500000000001,down
17:58:47.639019,18.62,524.57,3.2665000000000006,12.195000000000004,0.2678556785567855,3.2665000000000006,down
17:58:47.641846,15.04,521.97,2.9550000000000005,12.208500000000004,0.2420444772085022,2.9550000000000005,down
17:58:47.658437,12.48,519.38,2.7970000000000006,12.18850000000001,0.2294786068835376,2.7970000000000006,down
17:58:47.670413,10.13,516.81,3.0875000000000004,12.13950000000002,0.2543350220355035,3.0875000000000004,down
17:58:47.684912,8.25,514.24,3.661,12.09000000000002,0.3028122415219184,3.661,down
17:58:47.691381,9.09,511.68,3.781,12.039000000000016,0.3140626297865267,3.781,down
17:58:47.704908,15.41,509.13,3.783,11.964000000000004,0.316198595787362,3.783,down
17:58:47.716517,12.58,506.6,3.3395,11.846999999999998,0.2818857094623112,3.3395,down
17:58:47.728718,12.08,504.07,2.7565,11.739,0.2348155720248743,2.7565,down
17:58:47.738100,13.57,501.56,2.6849999999999996,11.594,0.2315853027427979,2.6849999999999996,down
17:58:47.746445,11.73,499.06,2.727,11.507000000000003,0.2369861823238027,2.727,down
17:58:47.761229,11.42,496.57,2.49,11.447000000000008,0.2175242421595176,2.49,down
17:58:47.774691,13.02,494.53,2.1885,11.366000000000014,0.1925479500263942,2.1885,down
17:58:47.781634,15.99,492.0,2.026,11.3115,0.1791097555585024,2.026,down
17:58:47.794880,18.5,489.48,1.9424999999999997,11.2575,0.1725516322451698,1.9424999999999997,down
17:58:47.807367,16.85,486.99,1.841,11.181,0.164654324300152,1.841,down
17:58:47.818961,13.82,484.96,1.7185,11.0855,0.155022326462496,1.7185,down
17:58:47.831546,19.63,482.44,2.3015,11.0185,0.2088759813041702,2.3015,down
17:58:47.839435,17.3,479.94,2.496,10.953000000000005,0.2278827718433305,2.496,down
17:58:47.852810,16.58,477.47,2.4214999999999995,10.889499999999998,0.2223701731025299,2.4214999999999995,down
17:58:47.864039,13.6,475.02,2.635,10.850500000000006,0.2428459517994561,2.635,down
17:58:47.876770,11.73,473.04,3.0419999999999994,10.787,0.2820061184759432,3.0419999999999994,down
17:58:47.885033,11.49,470.56,3.41,10.769499999999994,0.3166349412693256,3.41,down
17:58:47.896504,15.36,468.12,3.1049999999999995,10.746499999999996,0.2889312799516121,3.1049999999999995,down
17:58:47.909375,18.59,465.69,2.7969999999999997,10.719,0.2609385203843642,2.7969999999999997,down
17:58:47.921665,18.1,463.3,2.6545,10.709499999999997,0.2478640459405202,2.6545,down
17:58:47.930311,17.2,460.92,2.633,10.738499999999998,0.2451925315453741,2.633,down
17:58:47.942509,15.25,458.57,2.1114999999999995,10.733000000000004,0.1967297121028602,2.1114999999999995,down
17:58:47.955804,13.68,456.68,2.0345,10.6755,0.1905765537913915,2.0345,down
17:58:47.965971,14.16,453.85,2.0595,10.6635,0.193135462090308,2.0595,down
17:58:47.974319,12.88,451.56,1.9735,10.622999999999996,0.1857761460980891,1.9735,down
17:58:47.988147,14.18,449.28,1.5715,10.603500000000002,0.1482057811100108,1.5715,up
17:58:47.994778,12.2,447.47,1.3435,10.556,0.127273588480485,1.3435,down
17:58:48.011770,10.1,445.15,1.6895000000000002,10.508999999999997,0.1607669616519174,1.6895000000000002,down
17:58:48.020560,13.63,442.86,1.4565,10.438,0.1395382257137382,1.4565,down
17:58:48.032025,11.93,441.03,1.416,10.304000000000002,0.1374223602484471,1.416,down
17:58:48.043362,10.55,438.27,1.6555,10.226500000000003,0.1618833422969734,1.6555,down
17:58:48.056916,12.75,436.49,1.5900000000000003,10.1315,0.1569362878152297,1.5900000000000003,down
17:58:48.065041,12.06,434.21,1.469,10.088500000000003,0.1456113396441492,1.469,down
17:58:48.076836,11.35,431.96,1.4925000000000002,10.022500000000008,0.1489149413818906,1.4925000000000002,up
17:58:48.089452,10.75,429.73,1.4345000000000003,9.959500000000002,0.1440333350067774,1.4345000000000003,down
17:58:48.099925,9.9,427.53,1.5550000000000002,9.898,0.1571024449383714,1.5550000000000002,down
17:58:48.110615,19.58,425.79,2.0975,9.838500000000003,0.2131930680489911,2.0975,down
17:58:48.121702,18.94,423.55,2.385,9.7805,0.2438525637748581,2.385,down
17:58:48.131350,19.58,421.79,3.1144999999999996,9.7015,0.3210328299747461,3.1144999999999996,down
17:58:48.145922,18.25,419.53,3.5264999999999995,9.672500000000005,0.3645903334194881,3.5264999999999995,down
17:58:48.155033,23.24,417.31,4.029999999999999,9.596999999999998,0.419922892570595,4.029999999999999,down
17:58:48.168010,26.59,415.12,4.822999999999999,9.57,0.5039707419017763,4.822999999999999,down
17:58:48.180094,28.51,412.96,5.7065,9.5615,0.5968205825445798,5.7065,down
17:58:48.190976,29.23,410.81,6.593500000000001,9.547999999999996,0.6905634687892755,6.593500000000001,down
17:58:48.193313,26.74,408.7,7.002,9.527999999999995,0.7348866498740556,7.002,down
17:58:48.213147,26.93,407.05,7.0295000000000005,9.459499999999997,0.7431153866483432,7.0295000000000005,down
17:58:48.225308,27.29,404.45,6.298,9.462499999999997,0.6655746367239105,6.298,down
17:58:48.235631,24.43,402.4,5.827,9.4575,0.6161247687020883,5.827,down
17:58:48.242965,23.26,400.36,5.409000000000001,9.491499999999997,0.5698783121740507,5.409000000000001,down
17:58:48.257703,22.61,398.34,5.23,9.534999999999997,0.5485055060304145,5.23,down
17:58:48.269466,18.28,396.33,5.2945,9.542000000000002,0.5548627122196603,5.2945,down
17:58:48.281433,16.0,394.33,5.4535,9.496499999999996,0.5742642026009585,5.4535,down
17:58:48.291057,14.73,392.79,5.4399999999999995,9.384499999999992,0.5796792583515376,5.4399999999999995,down
17:58:48.302925,15.44,390.75,5.224500000000001,9.259499999999996,0.5642313299854206,5.224500000000001,down
17:58:48.315402,13.47,389.18,5.388999999999999,9.102999999999998,0.5920026364934637,5.388999999999999,down
17:58:48.326791,11.29,387.11,5.772499999999999,9.008499999999993,0.6407837042792922,5.772499999999999,down
17:58:48.333407,14.82,385.07,5.799999999999999,8.898499999999995,0.6517952463898412,5.799999999999999,down
17:58:48.347575,17.94,383.05,5.7985,8.821999999999992,0.6572772613919752,5.7985,down
17:58:48.359341,18.98,381.06,5.784000000000001,8.772999999999996,0.6592955659409556,5.784000000000001,down
17:58:48.372530,15.6,379.09,5.386500000000001,8.724999999999994,0.617363896848138,5.386500000000001,down
17:58:48.380078,17.36,377.14,4.732000000000001,8.677999999999997,0.5452869324729204,4.732000000000001,down
17:58:48.392962,18.51,375.65,4.072500000000001,8.609500000000002,0.4730239851327022,4.072500000000001,down
17:58:48.404858,15.81,373.67,3.171500000000001,8.589000000000004,0.3692513680288741,3.171500000000001,down
17:58:48.414758,15.19,372.16,2.4735000000000005,8.520499999999998,0.290299865031395,2.4735000000000005,down
17:58:48.423381,12.89,370.15,2.0575,8.501500000000004,0.2420161148032699,2.0575,down
17:58:48.431079,14.3,368.63,1.6130000000000002,8.456000000000007,0.1907521286660358,1.6130000000000002,down
17:58:48.449548,17.53,366.61,1.6175000000000004,8.412,0.192284831193533,1.6175000000000004,down
17:58:48.461193,20.4,364.63,1.7770000000000004,8.368500000000006,0.2123439087052636,1.7770000000000004,down
17:58:48.467953,17.87,362.69,1.5795,8.3245,0.1897411255931287,1.5795,down
17:58:48.480436,15.72,360.77,1.658,8.281,0.2002173650525298,1.658,down
17:58:48.495120,15.73,359.32,1.478,8.215999999999998,0.1798928919182084,1.478,down
17:58:48.506760,13.92,357.38,1.3595,8.198999999999995,0.1658129040126846,1.3595,down
17:58:48.514709,13.62,355.92,1.5325,8.134499999999992,0.1883951072592048,1.5325,up
17:58:48.526317,13.75,354.42,1.607,8.073999999999995,0.1990339360911569,1.607,down
17:58:48.540091,14.39,352.43,1.392,8.038999999999987,0.1731558651573581,1.392,down
17:58:48.552355,15.25,350.49,1.275,8.04849999999999,0.1584146114182769,1.275,down
17:58:48.564044,13.83,348.59,1.2795,8.049499999999995,0.158953972296416,1.2795,down
17:58:48.573192,13.26,347.16,0.9875000000000004,8.021999999999991,0.1230989778110198,0.9875000000000004,down
17:58:48.585219,13.75,345.25,0.8715000000000004,7.992999999999995,0.109032903790817,0.8715000000000004,down
17:58:48.596635,12.91,343.82,0.8730000000000002,7.894999999999999,0.1105763141228626,0.8730000000000002,down
17:58:48.609422,11.4,341.9,1.1040000000000003,7.828999999999996,0.1410141780559459,1.1040000000000003,down
17:58:48.614927,9.58,340.47,1.334,7.745499999999993,0.1722290362145764,1.334,down
17:58:48.630275,11.06,339.01,1.3949999999999998,7.691000000000003,0.181380834741906,1.3949999999999998,down
17:58:48.641880,10.99,337.07,1.4784999999999997,7.7065,0.1918510348407188,1.4784999999999997,down
17:58:48.654725,14.33,335.63,1.5364999999999998,7.668000000000006,0.2003781950965047,1.5364999999999998,down
17:58:48.663189,17.21,333.7,1.9254999999999995,7.630500000000007,0.2523425725706045,1.9254999999999995,up
17:58:48.673142,15.28,332.28,2.0459999999999994,7.57050000000001,0.270259560134733,2.0459999999999994,down
17:58:48.688223,17.21,330.37,2.344499999999999,7.536500000000006,0.3110860479002185,2.344499999999999,down
17:58:48.700040,20.06,328.51,2.975999999999999,7.503000000000009,0.3966413434626143,2.975999999999999,down
17:58:48.708790,18.12,327.14,3.219499999999999,7.491500000000002,0.4297537208836679,3.219499999999999,down
17:58:48.716505,16.58,325.29,3.049499999999999,7.497500000000002,0.4067355785261751,3.049499999999999,down
17:58:48.731792,18.86,323.93,2.8354999999999997,7.496500000000003,0.3782431801507368,2.8354999999999997,down
17:58:48.745365,22.54,322.08,3.1239999999999997,7.513,0.4158125915080526,3.1239999999999997,down
17:58:48.751705,20.73,320.28,3.220999999999999,7.5210000000000035,0.4282675176173378,3.220999999999999,down
17:58:48.765040,16.87,318.97,3.1759999999999997,7.522500000000003,0.4222000664672647,3.1759999999999997,down
17:58:48.776670,14.98,317.62,3.031999999999999,7.473000000000002,0.4057272848922786,3.031999999999999,down
17:58:48.789905,15.24,315.79,3.0549999999999993,7.448499999999996,0.4101496945693765,3.0549999999999993,down
17:58:48.797182,18.32,314.0,2.6769999999999996,7.399499999999994,0.3617812014325294,2.6769999999999996,down
17:58:48.810867,18.64,312.71,2.075,7.306999999999993,0.2839742712467499,2.075,up
17:58:48.823092,23.53,310.93,2.2484999999999995,7.290999999999997,0.3083939103003704,2.2484999999999995,down
17:58:48.834978,22.73,309.64,2.5815,7.227500000000004,0.3571774472500863,2.5815,down
17:58:48.842507,20.84,307.87,2.5004999999999997,7.190500000000003,0.3477505041374033,2.5004999999999997,down
17:58:48.854977,17.01,306.59,2.1144999999999996,7.131000000000006,0.2965222268966481,2.1144999999999996,down
17:58:48.868917,17.98,305.27,1.8249999999999995,7.031500000000006,0.2595463272416978,1.8249999999999995,down
17:58:48.880207,20.43,303.93,1.9404999999999997,6.942500000000001,0.2795102628736045,1.9404999999999997,down
17:58:48.888215,20.41,302.57,1.7605,6.862,0.2565578548528126,1.7605,down
17:58:48.898812,16.46,300.75,1.8245,6.788500000000004,0.2687633497827206,1.8245,down
17:58:48.907520,15.39,299.43,2.2279999999999993,6.720500000000004,0.3315229521612972,2.2279999999999993,down
17:58:48.925143,16.01,297.64,2.5044999999999993,6.725000000000006,0.372416356877323,2.5044999999999993,down
17:58:48.932991,13.3,296.35,2.418999999999999,6.678500000000002,0.3622070824286888,2.418999999999999,down
17:58:48.942793,11.33,294.59,2.5614999999999988,6.678999999999997,0.3835154963317862,2.5614999999999988,down
17:58:48.956566,15.63,292.88,2.506499999999999,6.6975000000000025,0.3742441209406492,2.506499999999999,down
17:58:48.969864,16.07,291.66,2.3624999999999994,6.708499999999992,0.3521651635984202,2.3624999999999994,down
17:58:48.977529,17.53,290.41,2.4944999999999995,6.711999999999989,0.371647794994041,2.4944999999999995,down
17:58:48.990165,14.15,289.13,2.4665,6.710499999999996,0.3675583041502125,2.4665,down
17:58:48.996479,21.44,287.39,2.94,6.726499999999999,0.4370772318441984,2.94,down
17:58:49.015585,23.7,286.15,3.4214999999999995,6.6904999999999974,0.5113967565951724,3.4214999999999995,down
17:58:49.023743,20.67,284.89,3.471,6.6550000000000065,0.5215627347858748,3.471,down
17:58:49.029902,21.91,283.6,3.6635,6.575999999999999,0.557101581508516,3.6635,down
17:58:49.048356,19.86,282.31,3.3605000000000005,6.481,0.5185156611634008,3.3605000000000005,down
17:58:49.057104,15.96,281.0,3.0935,6.350999999999999,0.4870886474570934,3.0935,down
17:58:49.064251,13.29,279.68,3.573500000000001,6.213999999999993,0.575072417122627,3.573500000000001,down
17:58:49.080115,11.73,277.91,4.267,6.159999999999997,0.6926948051948056,4.267,down
17:58:49.092079,14.77,276.65,4.432,6.132000000000005,0.7227658186562291,4.432,down
17:58:49.105004,18.88,274.93,4.314,6.170499999999999,0.6991329713961593,4.314,down
17:58:49.113571,19.36,273.71,3.7760000000000007,6.199000000000001,0.6091305049201484,3.7760000000000007,down
17:58:49.125671,24.26,272.48,3.502,6.218500000000001,0.5631583179223285,3.502,down
17:58:49.136997,27.27,270.79,3.854000000000001,6.252999999999991,0.6163441548056943,3.854000000000001,down
17:58:49.145031,22.34,269.6,3.665000000000001,6.25499999999999,0.5859312549960042,3.665000000000001,down
17:58:49.157401,20.73,268.39,3.709500000000001,6.252999999999991,0.593235247081402,3.709500000000001,down
17:58:49.171422,16.72,267.17,3.676000000000001,6.268499999999994,0.5864241844141349,3.676000000000001,down
17:58:49.183836,19.98,265.49,3.1665000000000005,6.298999999999995,0.5026988410858871,3.1665000000000005,down
17:58:49.191953,18.92,264.31,2.545000000000001,6.254000000000002,0.4069395586824432,2.545000000000001,down
17:58:49.199047,19.31,263.12,2.2670000000000017,6.210999999999996,0.3649975849299635,2.2670000000000017,down
17:58:49.216579,16.6,261.92,2.5250000000000012,6.124499999999995,0.4122785533512945,2.5250000000000012,down
17:58:49.228363,15.59,260.26,2.906500000000001,6.068499999999995,0.4789486693581616,2.906500000000001,down
17:58:49.241004,14.91,258.65,2.813000000000001,6.061999999999995,0.4640382711976251,2.813000000000001,down
17:58:49.245984,13.15,257.55,2.4650000000000007,6.029500000000001,0.408823285512895,2.4650000000000007,down
17:58:49.261526,12.27,255.98,2.5820000000000007,6.064500000000007,0.4257564514799238,2.5820000000000007,down
17:58:49.273337,10.46,254.91,2.9844999999999997,6.08950000000001,0.4901059200262739,2.9844999999999997,down
17:58:49.285030,10.09,253.36,3.2605000000000004,6.106500000000006,0.5339392450667317,3.2605000000000004,down
17:58:49.293016,9.17,252.31,3.715500000000001,6.0710000000000095,0.6120079064404538,3.715500000000001,down
17:58:49.306138,20.76,251.23,4.3135,6.036000000000004,0.7146288933068253,4.3135,down
17:58:49.318396,29.32,250.13,5.8065,5.980000000000004,0.970986622073578,5.8065,down
17:58:49.330285,24.16,249.02,6.5125,5.905500000000006,1.10278553890441,5.905500000000006,down
17:58:49.342407,19.43,247.44,6.647,5.838000000000003,1.138574854402192,5.838000000000003,down
17:58:49.347337,16.23,246.36,6.3805,5.754,1.1088807785888075,5.754,down
17:58:49.363277,15.25,244.82,5.9625,5.723499999999999,1.041757665763956,5.723499999999999,down
17:58:49.375772,18.54,243.78,5.639,5.648999999999998,0.9982297751814484,5.639,down
17:58:49.388356,21.63,242.27,5.34,5.626999999999995,0.9489959125644224,5.34,down
17:58:49.396748,28.87,241.26,5.7015,5.5815,1.0214995968825584,5.5815,down
17:58:49.408788,25.88,240.23,5.683999999999999,5.538499999999999,1.0262706508982578,5.538499999999999,down
17:58:49.418004,23.27,238.72,5.093,5.543000000000001,0.9188165253472846,5.093,down
17:58:49.431954,21.39,237.72,3.5759999999999996,5.542000000000002,0.6452544207867194,3.5759999999999996,down
17:58:49.441276,21.01,236.24,2.582,5.583000000000001,0.4624753716639798,2.582,down
17:58:49.452138,20.04,235.27,2.1580000000000004,5.590999999999999,0.3859774637810768,2.1580000000000004,down
17:58:49.462781,16.39,234.27,2.4850000000000008,5.570500000000001,0.4460999910241451,2.4850000000000008,down
17:58:49.476774,15.11,233.24,3.045000000000001,5.482499999999999,0.5554035567715461,3.045000000000001,down
17:58:49.481622,14.84,231.75,3.5655000000000014,5.426000000000002,0.6571138960560265,3.5655000000000014,down
17:58:49.496293,16.91,230.32,3.6625000000000014,5.373500000000002,0.6815855587605844,3.6625000000000014,down
17:58:49.510605,15.05,229.38,3.127500000000001,5.348500000000001,0.5847433859960737,3.127500000000001,down
17:58:49.523005,14.71,227.97,2.8530000000000006,5.391,0.5292153589315527,2.8530000000000006,down
17:58:49.531942,15.56,227.06,2.812500000000001,5.376499999999998,0.5231098298149357,2.812500000000001,down
17:58:49.540229,18.73,226.11,3.0760000000000014,5.338499999999996,0.5761918141800138,3.0760000000000014,down
17:58:49.555930,17.65,225.14,3.2245000000000004,5.257,0.6133726459958152,3.2245000000000004,down
17:58:49.567179,22.03,224.15,3.714,5.162000000000001,0.7194885703215806,3.714,down
17:58:49.577400,27.51,223.15,4.3605,5.078,0.8587042142575817,4.3605,down
17:58:49.589240,32.31,222.13,5.2545,5.025500000000003,1.045567605213411,5.025500000000003,down
17:58:49.595028,31.04,221.1,5.9035,4.955000000000001,1.1914228052472249,4.955000000000001,down
17:58:49.612772,29.74,220.07,6.478,4.869,1.330457999589238,4.869,down
17:58:49.621715,25.45,219.03,6.3065,4.791999999999999,1.3160475792988315,4.791999999999999,down
17:58:49.630188,20.82,217.99,6.4045000000000005,4.678499999999997,1.3689216629261525,4.678499999999997,down
17:58:49.645032,19.45,216.94,6.792,4.602499999999997,1.4757197175448131,4.602499999999997,down
17:58:49.658666,17.52,215.89,7.1385000000000005,4.579499999999999,1.558794628234524,4.579499999999999,down
17:58:49.661258,16.21,214.84,7.724000000000001,4.579499999999999,1.6866470138661434,4.579499999999999,down
17:58:49.676923,16.88,213.35,7.744,4.642999999999998,1.667887141934095,4.642999999999998,down
17:58:49.689652,14.37,212.37,7.1930000000000005,4.715999999999999,1.5252332485156916,4.715999999999999,down
17:58:49.699151,11.82,210.94,6.3565,4.817999999999998,1.319323370693234,4.817999999999998,down
17:58:49.710280,15.02,210.02,5.289499999999999,4.899999999999997,1.079489795918368,4.899999999999997,down
17:58:49.724177,12.45,208.63,4.763000000000001,4.988999999999999,0.9547003407496496,4.763000000000001,down
17:58:49.735758,10.12,207.75,5.141500000000001,5.037999999999999,1.020543866613736,5.037999999999999,down
17:58:49.743310,9.7,206.85,5.349000000000001,5.053500000000002,1.0584743247254376,5.053500000000002,down
17:58:49.756959,11.09,205.93,5.152000000000001,5.041000000000002,1.0220194405871847,5.041000000000002,down
17:58:49.765031,9.14,205.0,4.8295,5.004000000000002,0.965127897681854,4.8295,down
17:58:49.781499,13.52,203.62,4.215,4.99,0.8446893787575149,4.215,down
17:58:49.793913,15.9,202.74,3.966,4.9300000000000015,0.8044624746450302,3.966,down
17:58:49.796906,15.35,201.4,3.711,4.919499999999999,0.7543449537554631,3.711,down
17:58:49.813357,19.11,200.56,3.657000000000001,4.8625,0.7520822622107971,3.657000000000001,down
17:58:49.827308,15.51,199.25,3.6915,4.8340000000000005,0.7636532892014894,3.6915,down
17:58:49.835006,13.8,197.99,3.2960000000000007,4.8065,0.685738063039634,3.2960000000000007,down
17:58:49.847208,12.41,197.23,2.8715,4.779499999999999,0.6007950622450049,2.8715,down
17:58:49.859548,10.35,196.44,2.7030000000000003,4.753,0.568693456764149,2.7030000000000003,down
17:58:49.867979,12.23,195.62,2.614,4.726499999999999,0.5530519411826934,2.614,down
17:58:49.881847,11.29,194.33,2.5515000000000003,4.722999999999999,0.5402286682193523,2.5515000000000003,down
17:58:49.891048,15.2,193.55,2.483,4.672,0.5314640410958905,2.483,down
17:58:49.905573,13.49,192.74,2.122,4.625499999999997,0.4587612150037836,2.122,down
17:58:49.915788,16.22,191.91,2.058,4.538499999999999,0.4534537842899637,2.058,down
17:58:49.928014,16.48,191.06,1.729,4.439500000000001,0.3894582723279647,1.729,down
17:58:49.935864,16.62,190.2,1.7740000000000002,4.307500000000002,0.411839814277423,1.7740000000000002,down
17:58:49.949082,20.78,189.34,2.4035,4.169000000000002,0.5765171503957781,2.4035,down
17:58:49.962240,16.9,188.46,2.3975,4.0715,0.5888493184330099,2.3975,down
17:58:49.974390,20.89,187.58,2.5204999999999997,4.007999999999998,0.6288672654690621,2.5204999999999997,down
17:58:49.981939,17.72,186.24,2.4945,4.018499999999998,0.620754012691303,2.4945,down
17:58:49.995025,16.93,185.42,2.2745000000000006,4.024499999999998,0.5651633743322156,2.2745000000000006,down
17:58:50.006167,14.47,184.59,2.4334999999999996,4.049499999999997,0.6009383874552416,2.4334999999999996,down
17:58:50.018634,13.08,183.74,2.786,4.0680000000000005,0.6848574237954768,2.786,down
17:58:50.027705,11.35,182.89,3.0694999999999997,4.058000000000004,0.7564070970921628,3.0694999999999997,down
17:58:50.039871,16.44,182.04,2.817999999999999,4.045500000000001,0.6965764429613146,2.817999999999999,down
17:58:50.051892,13.32,181.17,2.8554999999999993,4.0550000000000015,0.7041923551171388,2.8554999999999993,down
17:58:50.061550,11.4,180.31,2.617499999999999,4.060000000000002,0.6447044334975363,2.617499999999999,down
17:58:50.071522,10.15,179.44,2.8729999999999993,4.061000000000004,0.7074612164491495,2.8729999999999993,down
17:58:50.079968,9.72,178.58,2.7669999999999986,4.059,0.6816949987681691,2.7669999999999986,down
17:58:50.097425,17.57,177.71,3.0869999999999997,4.0095,0.7699214365881032,3.0869999999999997,down
17:58:50.109649,21.51,176.84,3.901,3.964500000000001,0.983982847773994,3.901,down
17:58:50.116177,19.8,175.53,4.332,3.968000000000001,1.0917338709677418,3.968000000000001,down
17:58:50.125968,18.39,174.73,4.3149999999999995,3.968000000000001,1.0874495967741933,3.968000000000001,down
17:58:50.141376,15.16,173.48,3.838,4.032499999999999,0.951766893986361,3.838,down
17:58:50.154798,16.98,172.74,3.897,4.106999999999999,0.9488677867056248,3.897,down
17:58:50.162818,22.35,171.99,4.069500000000001,4.142999999999998,0.9822592324402613,4.069500000000001,down
17:58:50.174279,22.81,171.22,4.147,4.148499999999996,0.999638423526577,4.147,down
17:58:50.180361,24.26,170.44,4.289000000000001,4.127499999999995,1.0391278013325271,4.127499999999995,down
17:58:50.198979,22.36,169.66,4.111500000000001,4.0840000000000005,1.0067335945151814,4.0840000000000005,down
17:58:50.230217,25.58,168.86,4.0395,4.045000000000002,0.998640296662546,4.0395,down
17:58:50.230217,24.1,167.62,3.383,4.053500000000002,0.8345873936104596,3.383,down
17:58:50.232227,19.83,167.34,2.9755000000000003,3.968000000000001,0.7498739919354838,2.9755000000000003,down
17:58:50.244429,18.17,166.08,3.043,3.937,0.7729235458470917,3.043,down
17:58:50.259261,18.75,165.34,3.3395,3.862499999999997,0.8645954692556641,3.3395,down
17:58:50.265025,18.52,164.58,3.632,3.774999999999997,0.962119205298014,3.632,down
17:58:50.276858,22.54,163.82,3.1335,3.7215,0.8419991938734381,3.1335,down
17:58:50.289594,19.87,163.06,2.7750000000000004,3.695500000000002,0.7509132728994722,2.7750000000000004,down
17:58:50.297659,18.21,162.29,2.4225000000000003,3.671000000000004,0.6599019340779073,2.4225000000000003,down
17:58:50.305861,17.01,161.52,2.48,3.6700000000000017,0.6757493188010896,2.48,down
17:58:50.321321,15.99,160.3,2.3795,3.7095,0.6414611133575955,2.3795,down
17:58:50.334445,16.9,159.59,2.3515,3.695999999999998,0.6362283549783554,2.3515,down
17:58:50.344174,15.38,158.87,2.38,3.727500000000001,0.6384976525821595,2.38,down
17:58:50.349630,13.42,158.15,2.3805,3.706,0.6423367512142472,2.3805,down
17:58:50.366324,10.82,157.41,2.6335,3.664000000000004,0.7187499999999992,2.6335,down
17:58:50.379183,14.46,156.68,2.4485,3.6245000000000034,0.6755414539936537,2.4485,down
17:58:50.390875,11.96,155.94,2.812,3.587500000000003,0.7838327526132397,2.812,down
17:58:50.399187,16.43,155.19,2.7619999999999996,3.5545000000000018,0.777043184695456,2.7619999999999996,down
17:58:50.407080,13.48,154.45,2.7419999999999995,3.5455000000000014,0.7733747003243544,2.7419999999999995,down
17:58:50.424338,16.99,153.7,2.720999999999999,3.536000000000004,0.7695135746606324,2.720999999999999,down
17:58:50.433576,16.74,152.95,2.6384999999999996,3.482000000000008,0.7577541642734043,2.6384999999999996,down
17:58:50.444446,14.42,152.21,2.4939999999999993,3.432500000000007,0.7265841223597943,2.4939999999999993,down
17:58:50.456806,14.64,151.02,2.232999999999999,3.432000000000005,0.6506410256410246,2.232999999999999,down
17:58:50.462099,20.43,150.34,2.4019999999999992,3.430000000000004,0.7002915451895033,2.4019999999999992,down
17:58:50.482122,18.39,149.66,2.073999999999999,3.4465000000000003,0.6017699115044244,2.073999999999999,down
17:58:50.490903,20.24,149.42,2.240999999999999,3.4360000000000013,0.6522118742724093,2.240999999999999,down
17:58:50.501093,16.31,148.65,1.8959999999999997,3.4034999999999997,0.5570736007051563,1.8959999999999997,down
17:58:50.515142,13.17,147.89,2.156999999999999,3.3505000000000025,0.6437845097746597,2.156999999999999,down
17:58:50.524519,15.12,147.14,2.153499999999999,3.3035000000000023,0.651884365067352,2.153499999999999,down
17:58:50.533112,16.42,146.4,1.9519999999999995,3.2829999999999986,0.5945781297593665,1.9519999999999995,down
17:58:50.544918,16.54,145.65,1.7874999999999992,3.2854999999999963,0.544057221123117,1.7874999999999992,up
17:58:50.558254,15.78,144.92,1.844,3.2849999999999966,0.5613394216133948,1.844,down
17:58:50.571711,13.35,144.19,2.1254999999999997,3.237499999999997,0.656525096525097,2.1254999999999997,down
17:58:50.580128,12.32,143.01,1.9099999999999997,3.2399999999999975,0.5895061728395066,1.9099999999999997,down
17:58:50.592772,13.22,142.36,1.8474999999999997,3.2399999999999975,0.5702160493827163,1.8474999999999997,down
17:58:50.604220,11.98,141.7,1.7074999999999996,3.282499999999999,0.5201827875095202,1.7074999999999996,down
17:58:50.616640,16.44,141.04,1.9004999999999996,3.3375,0.5694382022471909,1.9004999999999996,down
17:58:50.624483,17.02,140.37,1.722,3.381499999999997,0.509241460890138,1.722,down
17:58:50.637808,15.05,139.7,1.618,3.393999999999997,0.4767236299351801,1.618,down
17:58:50.650202,14.75,139.48,1.6275,3.3349999999999995,0.4880059970014993,1.6275,down
17:58:50.659216,14.44,138.74,1.6255000000000002,3.2595,0.4986961190366621,1.6255000000000002,down
17:58:50.665822,13.54,138.01,1.6119999999999997,3.194,0.5046963055729492,1.6119999999999997,down
17:58:50.681750,11.03,136.84,1.6064999999999994,3.181,0.5050298648223827,1.6064999999999994,down
17:58:50.691917,10.19,136.19,1.6139999999999994,3.1449999999999987,0.5131955484896662,1.6139999999999994,down
17:58:50.707575,15.04,135.55,1.4354999999999998,3.1345,0.4579677779550166,1.4354999999999998,down
17:58:50.715041,25.86,134.9,2.3065,3.1234999999999986,0.7384344485352972,2.3065,down
17:58:50.726288,22.43,134.25,2.8394999999999997,3.0894999999999984,0.9190807574041112,2.8394999999999997,down
17:58:50.740552,18.59,133.15,3.0519999999999996,3.102999999999997,0.983564292620046,3.0519999999999996,down
17:58:50.751005,17.77,132.57,3.303,3.134499999999997,1.0537565799968107,3.134499999999997,down
17:58:50.760640,17.64,131.98,3.418,3.2039999999999993,1.0667915106117356,3.2039999999999993,down
17:58:50.773281,25.7,131.38,4.202,3.260499999999999,1.2887593927311765,3.260499999999999,down
17:58:50.784387,28.02,130.78,5.141,3.2829999999999986,1.5659457812975943,3.2829999999999986,down
17:58:50.792557,22.75,130.17,5.069000000000001,3.2325000000000017,1.5681361175560706,3.2325000000000017,down
17:58:50.805978,18.53,129.55,4.887,3.1650000000000005,1.544075829383886,3.1650000000000005,down
17:58:50.819707,15.73,128.94,5.3205,3.083000000000001,1.7257541355822246,3.083000000000001,down
17:58:50.830122,14.07,128.32,4.673,3.0115000000000007,1.5517184127511203,3.0115000000000007,down
17:58:50.840862,14.47,127.7,4.2875,2.971499999999999,1.4428739693757366,2.971499999999999,down
17:58:50.849896,16.66,127.08,4.022499999999999,2.9130000000000025,1.3808788190868506,2.9130000000000025,down
17:58:50.860228,13.6,126.47,4.089999999999999,2.860500000000002,1.4298199615451832,2.860500000000002,down
17:58:50.873992,13.5,125.85,4.2295,2.8139999999999987,1.503020611229567,2.8139999999999987,down
17:58:50.887373,11.61,125.23,3.779,2.772499999999998,1.363029756537422,2.772499999999998,down
17:58:50.895873,14.78,124.62,2.8105,2.757499999999999,1.019220308250227,2.757499999999999,down
17:58:50.907381,12.91,124.0,2.7224999999999993,2.765999999999997,0.9842733188720182,2.7224999999999993,down
17:58:50.918515,11.62,123.39,2.7459999999999996,2.7704999999999997,0.99115683089695,2.7459999999999996,down
17:58:50.931564,12.73,122.78,2.35,2.772499999999998,0.8476104598737607,2.35,down
17:58:50.940597,12.97,121.72,1.9275,2.817,0.6842385516506921,1.9275,down
17:58:50.953551,14.12,121.19,1.6479999999999997,2.8515000000000015,0.5779414343328069,1.6479999999999997,down
17:58:50.963349,11.74,120.64,1.6635000000000002,2.878999999999999,0.577804793331018,1.6635000000000002,down
17:58:50.977390,12.48,120.09,1.3425000000000002,2.900999999999999,0.4627714581178906,1.3425000000000002,down
17:58:50.983897,13.43,119.53,1.134,2.8949999999999987,0.3917098445595857,1.134,down
17:58:50.996187,12.35,118.97,0.8320000000000001,2.8655,0.2903507241319142,0.8320000000000001,down
17:58:51.010420,11.46,118.86,0.931,2.7939999999999996,0.3332140300644238,0.931,up
17:58:51.022872,11.3,118.22,0.9065,2.7310000000000003,0.3319296960820211,0.9065,down
17:58:51.031235,13.42,118.05,0.7664999999999997,2.6300000000000012,0.2914448669201518,0.7664999999999997,down
17:58:51.041652,14.44,117.36,0.8559999999999995,2.543000000000002,0.3366103027919775,0.8559999999999995,down
17:58:51.054399,18.7,116.69,1.4044999999999996,2.4450000000000003,0.5744376278118607,1.4044999999999996,down
17:58:51.064945,16.18,116.04,1.6389999999999998,2.3829999999999982,0.6877885018883764,1.6389999999999998,down
17:58:51.080023,14.14,115.4,1.5904999999999996,2.3509999999999978,0.676520629519354,1.5904999999999996,down
17:58:51.087569,17.78,114.77,1.9559999999999995,2.3449999999999975,0.8341151385927512,1.9559999999999995,down
17:58:51.098406,20.56,114.15,2.522,2.3604999999999974,1.068417708112689,2.3604999999999974,down
17:58:51.109666,29.12,113.55,3.856,2.393499999999998,1.611029872571549,2.393499999999998,down
17:58:51.123748,32.63,112.95,5.3065,2.464999999999999,2.152738336713997,2.464999999999999,down
17:58:51.130290,32.9,112.36,6.661,2.522999999999999,2.6401109789932633,2.522999999999999,down
17:58:51.142360,29.66,111.77,7.5825,2.6159999999999997,2.8985091743119273,2.6159999999999997,down
17:58:51.157511,24.57,111.2,7.611500000000001,2.691999999999999,2.8274517087667177,2.691999999999999,down
17:58:51.163560,23.53,110.62,7.088500000000001,2.732499999999999,2.594144556267156,2.732499999999999,down
17:58:51.177961,26.15,110.06,6.844499999999999,2.742,2.49617067833698,2.742,down
17:58:51.191206,21.04,109.5,7.205000000000001,2.7250000000000014,2.644036697247705,2.7250000000000014,down
17:58:51.203196,22.59,108.94,7.0825000000000005,2.6860000000000013,2.636820551005211,2.6860000000000013,down
17:58:51.210312,23.13,108.39,6.678500000000001,2.650500000000001,2.519713261648745,2.650500000000001,down
17:58:51.222526,19.43,107.84,5.7595,2.619,2.1991218022145858,2.619,down
17:58:51.230420,15.81,107.29,4.9465,2.5909999999999997,1.909108452335006,2.5909999999999997,down
17:58:51.248521,16.5,106.75,4.1165,2.565499999999999,1.6045605145195876,2.565499999999999,down
17:58:51.260002,17.07,106.21,3.5879999999999996,2.541999999999997,1.4114870180959889,2.541999999999997,down
17:58:51.265281,16.27,106.13,3.784,2.4754999999999994,1.5285800848313476,2.4754999999999994,down
17:58:51.280042,18.69,105.52,3.769,2.4170000000000003,1.5593711212246584,2.4170000000000003,down
17:58:51.291561,22.33,104.94,4.016999999999999,2.3655000000000017,1.6981610653138852,2.3655000000000017,down
17:58:51.305031,22.39,104.36,3.9179999999999993,2.3210000000000006,1.6880654890133555,2.3210000000000006,down
17:58:51.313611,24.06,103.8,4.140999999999999,2.3034999999999997,1.7976991534621227,2.3034999999999997,down
17:58:51.325091,19.69,103.24,3.980999999999999,2.3099999999999996,1.7233766233766232,2.3099999999999996,down
17:58:51.336306,17.08,102.69,3.599499999999999,2.3139999999999987,1.5555315471045812,2.3139999999999987,down
17:58:51.350498,14.72,102.15,3.163999999999999,2.314999999999999,1.3667386609071277,2.314999999999999,down
17:58:51.357979,12.21,101.62,3.0954999999999986,2.3139999999999987,1.3377268798617117,2.3139999999999987,down
17:58:51.371514,14.63,101.54,2.946499999999998,2.266499999999998,1.3000220604456214,2.266499999999998,down
17:58:51.382948,14.58,100.95,2.880499999999998,2.2694999999999963,1.269222295659838,2.2694999999999963,down
17:58:51.394935,21.19,100.37,3.123999999999998,2.269999999999996,1.376211453744495,2.269999999999996,down
17:58:51.404919,21.14,99.81,3.072499999999999,2.269499999999995,1.353822427847546,2.269499999999995,down
17:58:51.410337,19.87,99.26,2.8879999999999995,2.2894999999999968,1.2614107883817445,2.2894999999999968,down
17:58:51.427807,24.76,98.72,3.0255,2.3049999999999984,1.312581344902387,2.3049999999999984,down
17:58:51.440296,30.52,98.19,4.167,2.293499999999999,1.8168737737083067,2.293499999999999,down
17:58:51.447792,26.68,97.67,4.704,2.2815,2.061801446416831,2.2815,down
17:58:51.458276,26.18,97.15,4.889,2.2699999999999987,2.1537444933920717,2.2699999999999987,down
17:58:51.471742,22.09,96.65,4.3665,2.258,1.933790965456156,2.258,down
17:58:51.483118,24.78,96.14,4.176500000000001,2.2915000000000005,1.822605280384028,2.2915000000000005,down
17:58:51.493358,20.33,95.65,4.155500000000001,2.3180000000000005,1.792709232096635,2.3180000000000005,down
17:58:51.505078,21.06,95.15,4.111500000000001,2.339,1.7578024796921767,2.339,down
17:58:51.515650,17.44,94.67,4.434500000000001,2.3545000000000003,1.8834147377362496,2.3545000000000003,down
17:58:51.530474,20.41,94.18,4.5875,2.344,1.95712457337884,2.344,down
17:58:51.535604,21.17,93.26,3.996,2.3549999999999995,1.696815286624204,2.3549999999999995,down
17:58:51.543849,24.54,92.85,3.0824999999999996,2.363000000000001,1.3044858231062202,2.363000000000001,down
17:58:51.563940,28.06,92.44,3.1079999999999997,2.3680000000000008,1.3124999999999991,2.3680000000000008,down
17:58:51.571850,22.47,92.02,2.6904999999999992,2.370000000000003,1.1352320675105467,2.370000000000003,down
17:58:51.580324,19.13,92.04,2.844,2.304000000000002,1.234374999999999,2.304000000000002,down
17:58:51.592943,15.94,91.55,3.1879999999999997,2.2230000000000034,1.4340980656770108,2.2230000000000034,down
17:58:51.607754,13.89,91.06,3.5629999999999997,2.1535000000000024,1.6545159043417672,2.1535000000000024,down
17:58:51.617177,11.64,90.13,4.1395,2.138500000000005,1.9357025952770588,2.138500000000005,down
17:58:51.629444,9.97,90.17,4.520999999999999,2.101500000000004,2.15132048536759,2.101500000000004,down
17:58:51.640705,8.03,89.69,5.169999999999999,2.0895000000000037,2.474276142617846,2.0895000000000037,down
17:58:51.654819,10.01,89.22,5.614499999999999,2.034500000000004,2.759646104694022,2.034500000000004,down
17:58:51.661314,15.67,88.75,5.4125,1.966000000000004,2.7530518819938905,1.966000000000004,up
17:58:51.674556,13.26,88.29,4.800999999999999,1.905000000000004,2.5202099737532753,1.905000000000004,down
17:58:51.684867,15.78,87.83,4.9375,1.8725000000000025,2.636849132176232,1.8725000000000025,down
17:58:51.693048,20.49,87.38,5.430499999999999,1.9120000000000033,2.8402196652719613,1.9120000000000033,down
17:58:51.706850,23.38,86.93,5.9315,1.9670000000000016,3.0155058464666977,1.9670000000000016,down
17:58:51.713694,22.44,86.49,6.044499999999999,2.011500000000004,3.0049714143673816,2.011500000000004,down
17:58:51.730713,18.09,86.05,5.468,2.0015000000000027,2.7319510367224544,2.0015000000000027,down
17:58:51.743722,16.37,85.61,4.5175,2.015000000000002,2.2419354838709658,2.015000000000002,down
17:58:51.749041,16.71,85.18,3.5840000000000005,2.0030000000000014,1.7893160259610574,2.0030000000000014,down
17:58:51.763060,16.88,84.75,3.1020000000000003,1.9905000000000015,1.5584024114544075,1.9905000000000015,down
17:58:51.776770,18.12,84.32,3.0765,1.999000000000001,1.539019509754877,1.999000000000001,down
17:58:51.782664,17.25,83.9,3.0870000000000006,2.006,1.5388833499501495,2.006,down
17:58:51.796654,26.97,83.47,3.753,1.9905000000000015,1.8854559155990944,1.9905000000000015,down
17:58:51.808704,22.14,83.05,3.4650000000000007,1.974500000000002,1.7548746518105836,1.974500000000002,down
17:58:51.821827,22.45,82.64,2.9190000000000005,1.958500000000002,1.490426346693897,1.958500000000002,down
17:58:51.830465,18.61,82.22,2.1719999999999997,1.9445000000000008,1.116996657238364,1.9445000000000008,down
17:58:51.839260,18.37,81.81,1.9479999999999995,1.9310000000000005,1.0088037286380112,1.9310000000000005,down
17:58:51.854881,16.93,81.4,2.05,1.9175,1.0691003911342896,1.9175,down
17:58:51.866765,19.0,80.99,2.0839999999999996,1.9055000000000009,1.0936762004723164,1.9055000000000009,down
17:58:51.874493,17.6,80.58,2.1645000000000003,1.8945000000000007,1.1425178147268409,1.8945000000000007,down
17:58:51.884350,17.02,80.63,2.248,1.838000000000001,1.2230685527747545,1.838000000000001,down
17:58:51.899586,15.9,80.16,2.465,1.7895000000000023,1.3774797429449546,1.7895000000000023,down
17:58:51.911516,17.32,80.15,1.6450000000000002,1.7015,0.9667940052894506,1.6450000000000002,down
17:58:51.913593,18.17,79.63,1.27,1.628,0.7800982800982801,1.27,down
17:58:51.932842,20.53,79.13,1.1,1.586,0.6935687263556117,1.1,down
17:58:51.941222,20.55,78.65,1.3160000000000005,1.5689999999999995,0.8387507966857874,1.3160000000000005,down
17:58:51.956498,17.69,78.19,1.308,1.578,0.8288973384030418,1.308,down
17:58:51.960088,14.69,77.74,1.4720000000000002,1.6070000000000022,0.9159925326695696,1.4720000000000002,down
17:58:51.976931,18.28,77.3,1.4845000000000002,1.6295000000000015,0.9110156489720764,1.4845000000000002,down
17:58:51.990022,15.73,77.31,1.5730000000000004,1.6025000000000005,0.981591263650546,1.5730000000000004,down
17:58:51.997560,13.67,76.82,1.8095000000000008,1.624000000000001,1.114224137931034,1.624000000000001,down
17:58:52.009800,12.59,76.35,2.0420000000000007,1.6410000000000011,1.2443631931748929,1.6410000000000011,down
17:58:52.021546,10.51,75.89,2.5955000000000004,1.7000000000000028,1.5267647058823506,1.7000000000000028,down
17:58:52.034529,11.5,75.45,2.938000000000001,1.7675000000000023,1.6622347949080605,1.7675000000000023,down
17:58:52.047237,11.06,75.02,2.985500000000001,1.824000000000004,1.6367872807017514,1.824000000000004,down
17:58:52.055098,15.26,74.6,2.827000000000001,1.850500000000004,1.5276952175087788,1.850500000000004,down
17:58:52.064998,15.92,74.19,2.996500000000001,1.847000000000004,1.6223605847319946,1.847000000000004,down
17:58:52.080205,19.68,73.33,3.222500000000001,1.866000000000004,1.7269560557341876,1.866000000000004,down
17:58:52.090336,18.35,73.01,3.5475000000000008,1.8805000000000036,1.8864663653283669,1.8805000000000036,down
17:58:52.097253,14.87,72.67,3.430000000000001,1.9365000000000037,1.771236767363798,1.9365000000000037,down
17:58:52.112061,12.29,72.34,3.190500000000001,1.9820000000000024,1.6097376387487374,1.9820000000000024,down
17:58:52.124327,10.22,72.0,3.035,1.9965000000000004,1.5201602804908587,1.9965000000000004,down
17:58:52.136591,8.39,71.66,2.9339999999999997,1.9840000000000004,1.4788306451612898,1.9840000000000004,down
17:58:52.144403,8.68,71.32,3.0529999999999995,1.950500000000001,1.5652396821327854,1.950500000000001,down
17:58:52.157891,7.69,70.98,3.3299999999999996,1.8989999999999996,1.7535545023696684,1.8989999999999996,down
17:58:52.167787,8.95,70.64,3.4524999999999997,1.8534999999999997,1.8626922039384948,1.8534999999999997,down
17:58:52.180383,10.48,70.29,3.291499999999999,1.8144999999999984,1.8139983466519716,1.8144999999999984,down
17:58:52.189633,10.46,69.95,2.781999999999999,1.734499999999997,1.6039204381666208,1.734499999999997,down
17:58:52.202854,13.39,69.61,2.6984999999999992,1.665999999999998,1.6197478991596652,1.665999999999998,down
17:58:52.214847,17.55,69.27,3.3594999999999993,1.6059999999999988,2.091843088418432,1.6059999999999988,down
17:58:52.222825,15.46,68.93,3.7275,1.5539999999999992,2.39864864864865,1.5539999999999992,down
17:58:52.230229,17.28,68.59,4.0725,1.531,2.6600261267145653,1.531,down
17:58:52.247639,14.52,68.69,3.812,1.489,2.5601074546675617,1.489,down
17:58:52.260507,14.07,68.29,3.3560000000000003,1.4519999999999982,2.3112947658402234,1.4519999999999982,down
17:58:52.266505,25.91,68.34,3.928500000000001,1.3754999999999982,2.856052344601967,1.3754999999999982,down
17:58:52.280370,26.36,67.89,4.835,1.3144999999999982,3.6782046405477415,1.3144999999999982,down
17:58:52.291798,21.9,67.45,5.375,1.2794999999999987,4.200859710824545,1.2794999999999987,down
17:58:52.299579,17.9,67.03,5.4115,1.2689999999999997,4.264381402679276,1.2689999999999997,down
17:58:52.311649,19.24,66.63,5.257999999999999,1.2834999999999994,4.09661082976237,1.2834999999999994,down
17:58:52.323958,15.52,66.23,4.743999999999999,1.3154999999999988,3.606233371341698,1.3154999999999988,down
17:58:52.338183,15.47,65.85,4.444,1.344,3.3065476190476195,1.344,down
17:58:52.349426,15.85,65.48,3.865499999999999,1.3670000000000002,2.827724945135332,1.3670000000000002,down
17:58:52.356306,13.73,65.12,3.921499999999999,1.4289999999999992,2.744226731980407,1.4289999999999992,up
17:58:52.369124,11.72,65.21,4.403,1.4360000000000013,3.0661559888579357,1.4360000000000013,down
17:58:52.381487,9.83,64.79,3.826999999999999,1.4850000000000008,2.577104377104375,1.4850000000000008,down
17:58:52.394161,10.07,64.39,3.2324999999999995,1.5204999999999995,2.125945412693193,1.5204999999999995,down
17:58:52.398488,8.24,64.44,3.3154999999999992,1.4920000000000002,2.2221849865951735,1.4920000000000002,down
17:58:52.413877,11.12,64.0,3.4275,1.4649999999999992,2.339590443686008,1.4649999999999992,down
17:58:52.427333,12.74,63.57,3.3270000000000004,1.435,2.318466898954704,1.435,down
17:58:52.439247,14.07,63.16,3.3040000000000007,1.3945000000000014,2.3693079956973806,1.3945000000000014,down
17:58:52.447393,12.7,63.22,3.141,1.332,2.358108108108108,1.332,down
17:58:52.460118,14.62,62.77,3.2794999999999996,1.2984999999999984,2.5256064690026983,1.2984999999999984,down
17:58:52.467783,12.03,62.35,2.9805,1.2709999999999986,2.3450039339103097,1.2709999999999986,down
17:58:52.485195,18.12,61.94,3.0405,1.294499999999997,2.3487833140208627,1.294499999999997,down
17:58:52.491689,14.59,61.55,2.6420000000000003,1.3334999999999986,1.9812523434570704,1.3334999999999986,down
17:58:52.506184,15.29,61.62,2.2880000000000003,1.3405,1.7068258112644537,1.3405,down
17:58:52.514414,14.56,61.18,1.6765,1.3880000000000003,1.2078530259365992,1.3880000000000003,down
17:58:52.530119,17.01,60.77,1.7594999999999998,1.4090000000000005,1.248757984386089,1.4090000000000005,down
17:58:52.538529,17.09,60.38,1.957,1.410499999999999,1.3874512584190015,1.410499999999999,down
17:58:52.551548,16.5,60.0,1.9275,1.423499999999997,1.35405690200211,1.423499999999997,down
17:58:52.561833,21.26,59.63,2.4150000000000005,1.477499999999997,1.6345177664974655,1.477499999999997,down
17:58:52.571548,19.69,59.28,2.4675,1.504499999999998,1.6400797607178488,1.504499999999998,down
17:58:52.580541,17.8,59.38,2.527,1.4804999999999986,1.7068557919621767,1.4804999999999986,down
17:58:52.593957,14.47,58.98,2.1800000000000006,1.4559999999999989,1.4972527472527488,1.4559999999999989,down
17:58:52.607513,16.05,58.59,2.0635000000000003,1.414499999999998,1.458819370802406,1.414499999999998,down
17:58:52.610641,17.81,58.22,1.9510000000000003,1.408499999999998,1.3851615193468254,1.408499999999998,down
17:58:52.628622,14.42,58.31,2.1895000000000007,1.3724999999999974,1.5952641165755954,1.3724999999999974,down
17:58:52.638658,14.05,57.9,2.2205000000000004,1.3579999999999977,1.635125184094259,1.3579999999999977,down
17:58:52.652303,21.12,57.95,2.3690000000000007,1.3014999999999972,1.820207452938921,1.3014999999999972,down
17:58:52.660513,18.97,57.51,2.3310000000000004,1.2369999999999983,1.8843977364591784,1.2369999999999983,down
17:58:52.667105,15.5,57.09,1.9370000000000005,1.1809999999999987,1.640135478408131,1.1809999999999987,down
17:58:52.684886,16.2,56.69,1.6510000000000005,1.1509999999999991,1.4344048653344932,1.1509999999999991,down
17:58:52.695506,15.51,56.31,1.6030000000000009,1.1929999999999985,1.343671416596817,1.1929999999999985,down
17:58:52.706334,19.32,55.94,1.6940000000000004,1.2484999999999986,1.356828193832601,1.2484999999999986,down
17:58:52.717021,15.74,55.6,1.6465000000000003,1.2959999999999987,1.270447530864199,1.2959999999999987,down
17:58:52.730105,12.88,55.26,1.845,1.3304999999999985,1.3866967305524256,1.3304999999999985,down
17:58:52.742223,11.79,54.93,1.9655,1.385499999999999,1.418621436304584,1.385499999999999,down
17:58:52.749631,10.91,54.62,2.1625,1.4129999999999996,1.5304317055909418,1.4129999999999996,down
17:58:52.757504,14.89,54.31,1.8269999999999995,1.4754999999999996,1.238224330735344,1.4754999999999996,down
17:58:52.774725,14.41,53.56,1.789,1.568499999999999,1.1405801721389872,1.568499999999999,down
17:58:52.788142,17.9,53.78,1.9165,1.582499999999999,1.2110584518167464,1.582499999999999,down
17:58:52.796857,15.14,53.48,1.9214999999999995,1.572499999999999,1.2219395866454696,1.572499999999999,down
17:58:52.807972,14.09,53.63,1.9504999999999997,1.4944999999999993,1.3051187688190031,1.4944999999999993,down
17:58:52.821432,16.15,53.27,1.7809999999999997,1.395499999999999,1.2762450734503767,1.395499999999999,down
17:58:52.833167,12.99,52.93,1.8839999999999997,1.3029999999999995,1.445894090560246,1.3029999999999995,down
17:58:52.840682,12.82,52.6,1.7525,1.239499999999999,1.4138765631302956,1.239499999999999,down
17:58:52.852395,13.23,52.28,1.4709999999999996,1.2064999999999984,1.2192291753004572,1.2064999999999984,down
17:58:52.866995,13.55,52.42,1.0694999999999997,1.151499999999998,0.9287885366912734,1.0694999999999997,down
17:58:52.877199,14.34,52.05,1.0204999999999995,1.110499999999999,0.9189554254840168,1.0204999999999995,down
17:58:52.886033,15.1,52.14,1.0304999999999995,0.9859999999999992,1.045131845841785,0.9859999999999992,down
17:58:52.895507,13.28,51.74,0.8144999999999998,0.9314999999999998,0.8743961352657005,0.8144999999999998,down
17:58:52.909222,11.21,51.81,1.0224999999999995,0.8559999999999995,1.1945093457943925,0.8559999999999995,down
17:58:52.922734,13.66,51.38,0.9909999999999995,0.8554999999999993,1.1583869082407954,0.8554999999999993,down
17:58:52.931544,24.56,50.97,1.9555,0.8904999999999994,2.1959573273441904,0.8904999999999994,down
17:58:52.941181,26.87,51.04,3.156,0.9019999999999996,3.498891352549891,0.9019999999999996,down
17:58:52.956102,22.11,50.61,3.824,0.9190000000000004,4.161044613710553,0.9190000000000004,down
17:58:52.964599,18.85,50.21,4.135,0.9300000000000012,4.446236559139779,0.9300000000000012,down
17:58:52.976571,16.29,49.84,4.1245,0.971500000000001,4.2454966546577415,0.971500000000001,down
17:58:52.989149,18.9,49.48,4.245,1.0190000000000006,4.165848871442589,1.0190000000000006,down
17:58:52.995294,18.52,49.15,4.173,1.1205000000000005,3.724230254350734,1.1205000000000005,down
17:58:53.009372,16.39,48.82,4.3485,1.2025,3.616216216216216,1.2025,down
17:58:53.021873,15.69,48.96,4.4275,1.2550000000000003,3.5278884462151385,1.2550000000000003,down
17:58:53.034323,18.84,48.59,4.403500000000001,1.279,3.44292415949961,1.279,down
17:58:53.046098,15.36,48.7,3.621000000000001,1.227999999999999,2.948697068403911,1.227999999999999,down
17:58:53.053307,13.18,48.3,2.7220000000000004,1.2144999999999997,2.2412515438452045,1.2144999999999997,down
17:58:53.066760,12.61,48.37,2.2840000000000007,1.1499999999999992,1.986086956521741,1.1499999999999992,down
17:58:53.102094,14.53,47.95,2.0170000000000003,1.0959999999999994,1.840328467153286,1.0959999999999994,down
17:58:53.102094,12.46,47.56,2.264,1.0674999999999997,2.1208430913348955,1.0674999999999997,down
17:58:53.139749,12.68,47.19,2.3575000000000004,1.0440000000000005,2.2581417624521065,1.0440000000000005,down
17:58:53.152800,13.36,46.84,2.3995000000000006,1.0294999999999994,2.330743079164645,1.0294999999999994,down
17:58:53.154673,16.79,46.51,2.4545000000000003,1.032,2.378391472868217,1.032,down
17:58:53.154673,15.69,46.2,2.3294999999999995,1.0809999999999995,2.154949121184089,1.0809999999999995,down
17:58:53.154673,14.45,45.9,2.3834999999999993,1.1215000000000004,2.1252786446723126,1.1215000000000004,down
17:58:53.156181,14.01,45.62,2.0839999999999996,1.1995000000000011,1.7373905794080848,1.1995000000000011,down
17:58:53.168023,18.22,45.34,2.055499999999999,1.2575000000000005,1.634592445328031,1.2575000000000005,down
17:58:53.179786,16.15,45.07,1.8484999999999996,1.3340000000000003,1.385682158920539,1.3340000000000003,down
17:58:53.189515,15.49,44.81,1.7545000000000002,1.3769999999999996,1.2741466957153238,1.3769999999999996,down
17:58:53.200946,12.56,44.56,1.689,1.3884999999999992,1.2164205977673757,1.3884999999999992,down
17:58:53.214280,16.69,44.31,1.5725,1.3764999999999987,1.1423901198692346,1.3764999999999987,down
17:58:53.225246,20.44,44.51,1.9660000000000004,1.2964999999999995,1.5163902815271897,1.2964999999999995,down
17:58:53.232064,24.1,44.21,2.4995000000000003,1.207999999999999,2.0691225165562934,1.207999999999999,down
17:58:53.247214,22.27,44.36,2.910000000000001,1.0849999999999995,2.682027649769587,1.0849999999999995,down
17:58:53.256325,17.83,44.01,2.9125000000000005,0.9899999999999992,2.941919191919195,0.9899999999999992,down
17:58:53.271349,16.6,43.68,2.946,0.925999999999999,3.1814254859611264,0.925999999999999,up
17:58:53.280330,18.52,43.37,2.6730000000000005,0.889,3.0067491563554563,0.889,down
17:58:53.292002,15.24,43.07,2.709,0.8795000000000002,3.080159181353041,0.8795000000000002,down
17:58:53.303177,12.61,43.24,3.122,0.8425000000000005,3.705637982195843,0.8425000000000005,down
17:58:53.312805,11.44,42.9,3.463,0.8170000000000008,4.238678090575271,0.8170000000000008,down
17:58:53.325253,14.29,42.58,3.6455,0.7945000000000008,4.5884203901825,0.7945000000000008,down
17:58:53.336658,14.04,42.27,3.3815,0.8285000000000003,4.081472540736269,0.8285000000000003,down
17:58:53.349396,11.62,42.43,2.8779999999999992,0.8280000000000008,3.4758454106280148,0.8280000000000008,down
17:58:53.356812,9.51,42.09,2.7585,0.8850000000000001,3.1169491525423725,0.8850000000000001,down
17:58:53.368231,12.52,41.77,2.782,0.9294999999999994,2.9930069930069947,0.9294999999999994,down
17:58:53.382560,18.14,41.91,3.1975,0.9134999999999992,3.5002736726874697,0.9134999999999992,down
17:58:53.389932,17.13,41.55,3.4519999999999995,0.8969999999999991,3.848383500557417,0.8969999999999991,down
17:58:53.399899,19.95,41.22,3.9125,0.8739999999999994,4.476544622425632,0.8739999999999994,down
17:58:53.410721,16.9,40.9,3.721,0.8969999999999999,4.148272017837236,0.8969999999999999,down
17:58:53.426588,13.78,41.06,3.1775,0.8805,3.608745031232255,0.8805,up
17:58:53.438093,15.4,40.71,2.9530000000000003,0.8809999999999996,3.351872871736665,0.8809999999999996,down
17:58:53.447763,12.74,40.38,2.95,0.8779999999999994,3.359908883826882,0.8779999999999994,down
17:58:53.460110,12.72,40.07,2.8225,0.9124999999999992,3.09315068493151,0.9124999999999992,down
17:58:53.467794,10.3,39.79,2.786,0.9420000000000002,2.957537154989384,0.9420000000000002,down
17:58:53.484048,13.66,39.96,2.7985,0.9295000000000008,3.010758472296931,0.9295000000000008,down
17:58:53.493285,16.24,39.63,2.482,0.9615000000000008,2.581383255330211,0.9615000000000008,down
17:58:53.504853,17.78,39.32,2.4204999999999997,0.9720000000000006,2.490226337448558,0.9720000000000006,down
17:58:53.516694,15.98,39.03,1.897,0.9744999999999996,1.94663930220626,0.9744999999999996,down
17:58:53.530386,16.36,38.75,1.8005000000000002,0.9769999999999996,1.8428863868986705,0.9769999999999996,down
17:58:53.536180,17.17,38.49,1.91,1.0209999999999997,1.870714985308522,1.0209999999999997,down
17:58:53.543835,15.02,38.24,1.89,1.0494999999999997,1.8008575512148648,1.0494999999999997,down
17:58:53.562606,15.05,38.45,1.7515,1.0214999999999996,1.7146353401860015,1.0214999999999996,down
17:58:53.573576,14.41,38.14,1.675,0.9894999999999996,1.692774128347651,0.9894999999999996,down
17:58:53.582980,11.55,37.86,1.6425,0.9464999999999996,1.7353407290015854,0.9464999999999996,down
17:58:53.593407,14.51,37.59,1.65,0.9499999999999992,1.736842105263159,0.9499999999999992,down
17:58:53.607581,15.85,37.79,1.5250000000000004,0.9139999999999994,1.668490153172868,0.9139999999999994,down
17:58:53.619375,14.49,37.47,1.2605000000000002,0.8954999999999991,1.4075935231714145,0.8954999999999991,down
17:58:53.626763,15.11,37.63,1.129,0.833999999999999,1.3537170263788985,0.833999999999999,down
17:58:53.640665,15.7,37.28,1.0185,0.7759999999999991,1.312500000000001,0.7759999999999991,down
17:58:53.652068,19.61,36.96,1.3279999999999998,0.7289999999999992,1.821673525377231,0.7289999999999992,down
17:58:53.663055,22.6,36.66,2.032,0.7004999999999996,2.9007851534618148,0.7004999999999996,down
17:58:53.673481,18.38,36.38,2.283,0.743,3.072678331090175,0.743,down
17:58:53.685414,15.58,36.57,2.1785,0.7484999999999999,2.910487641950568,0.7484999999999999,down
17:58:53.694375,12.78,36.25,2.068,0.7594999999999998,2.722843976300198,0.7594999999999998,down
17:58:53.709939,10.5,35.95,2.4814999999999996,0.7575000000000003,3.2759075907590742,0.7575000000000003,down
17:58:53.715398,11.66,35.67,2.81,0.7964999999999997,3.527934714375394,0.7964999999999997,down
17:58:53.730458,9.58,35.86,3.3319999999999994,0.7859999999999999,4.239185750636132,0.7859999999999999,down
17:58:53.741292,9.18,35.54,3.824500000000001,0.8265,4.6273442226255295,0.8265,down
17:58:53.750000,13.5,35.25,3.794,0.857,4.427071178529754,0.857,down
17:58:53.760166,14.76,35.42,3.4985,0.8305,4.212522576760987,0.8305,down
17:58:53.774916,22.75,35.09,3.7075,0.8029999999999994,4.617061021170613,0.8029999999999994,down
17:58:53.788133,28.06,34.78,4.901999999999999,0.7704999999999999,6.36210253082414,0.7704999999999999,down
17:58:53.795426,23.29,34.5,5.911,0.7880000000000003,7.501269035532992,0.7880000000000003,down
17:58:53.808660,18.87,34.23,6.098999999999999,0.8115000000000002,7.515711645101661,0.8115000000000002,down
17:58:53.820045,23.09,33.98,6.2124999999999995,0.8445000000000007,7.356423919478975,0.8445000000000007,down
17:58:53.833149,27.69,33.75,6.531999999999999,0.8685000000000016,7.52101324122048,0.8685000000000016,down
17:58:53.840273,27.23,33.52,6.3865,0.9190000000000011,6.949401523394986,0.9190000000000011,down
17:58:53.853207,25.01,33.3,6.068499999999999,0.9480000000000012,6.40137130801687,0.9480000000000012,down
17:58:53.859343,26.85,33.09,6.3025,0.9645000000000004,6.53447382063245,0.9645000000000004,down
17:58:53.877427,22.3,32.89,6.3255,1.0134999999999998,6.241243216576222,1.0134999999999998,down
17:58:53.880072,21.0,33.15,5.6795,0.9945000000000008,5.710910005027648,0.9945000000000008,down
17:58:53.898652,16.96,32.89,4.810499999999999,0.964,4.990145228215766,0.964,up
17:58:53.910868,16.66,32.65,4.398999999999999,0.9234999999999992,4.763400108283706,0.9234999999999992,down
17:58:53.922774,25.0,32.42,4.020499999999999,0.8829999999999991,4.553227633069087,0.8829999999999991,down
17:58:53.931270,26.2,32.2,3.5124999999999993,0.8429999999999985,4.166666666666673,0.8429999999999985,down
17:58:53.943159,23.7,31.99,2.8894999999999995,0.8144999999999986,3.547575199508907,0.8144999999999986,down
17:58:53.954203,22.82,31.79,2.502499999999999,0.8004999999999984,3.1261711430356076,0.8004999999999984,down
17:58:53.968357,22.12,32.04,2.3644999999999996,0.7434999999999985,3.180228648285144,0.7434999999999985,down
17:58:53.974526,19.79,31.78,2.3364999999999996,0.6949999999999992,3.3618705035971255,0.6949999999999992,down
17:58:53.987140,17.89,31.99,2.5184999999999995,0.6105000000000004,4.125307125307122,0.6105000000000004,down
17:58:53.999824,18.18,32.14,2.480999999999999,0.5669999999999995,4.3756613756613785,0.5669999999999995,down
17:58:54.011354,14.87,31.8,2.4664999999999995,0.5364999999999999,4.5973904939422185,0.5364999999999999,down
17:58:54.018550,14.57,31.48,2.501499999999999,0.53,4.719811320754715,0.53,down
17:58:54.030415,11.97,31.19,3.1074999999999995,0.5304999999999996,5.857681432610748,0.5304999999999996,down
17:58:54.045606,9.89,31.37,3.8025,0.4939999999999998,7.697368421052635,0.4939999999999998,down
17:58:54.058069,13.52,31.05,4.023499999999999,0.4774999999999995,8.426178010471212,0.4774999999999995,down
17:58:54.062032,11.01,31.2,4.350499999999999,0.4225000000000001,10.297041420118338,0.4225000000000001,down
17:58:54.078595,9.0,30.86,4.811,0.4295000000000005,11.201396973224666,0.4295000000000005,down
17:58:54.090420,13.86,30.55,4.586,0.4500000000000003,10.191111111111104,0.4500000000000003,down
17:58:54.097563,16.32,30.27,4.481999999999999,0.5294999999999999,8.46458923512748,0.5294999999999999,down
17:58:54.111068,16.75,30.0,4.5104999999999995,0.6365000000000002,7.086410054988214,0.6365000000000002,down
17:58:54.123954,18.01,30.2,4.334,0.6905000000000001,6.2766111513396075,0.6905000000000001,down
17:58:54.134197,25.76,29.9,4.902500000000001,0.7200000000000003,6.809027777777776,0.7200000000000003,down
17:58:54.144768,32.42,30.07,5.934,0.6835000000000004,8.68178493050475,0.6835000000000004,down
17:58:54.156843,33.18,29.75,6.784000000000001,0.6895000000000003,9.83901377810007,0.6895000000000003,down
17:58:54.164748,27.68,29.9,7.528,0.6395000000000003,11.771696637998431,0.6395000000000003,down
17:58:54.180239,25.15,29.56,7.514,0.6440000000000001,11.667701863354036,0.6440000000000001,up
17:58:54.189384,21.88,29.24,7.173000000000002,0.6585000000000001,10.892938496583144,0.6585000000000001,down
17:58:54.201002,21.66,28.96,7.341500000000001,0.6789999999999999,10.812223858615614,0.6789999999999999,down
17:58:54.212907,21.4,28.69,7.290000000000001,0.6999999999999996,10.414285714285722,0.6999999999999996,down
17:58:54.226531,23.71,28.9,7.056,0.6634999999999998,10.634513941220805,0.6634999999999998,down
17:58:54.233465,26.62,28.6,6.7405,0.6679999999999996,10.090568862275456,0.6679999999999996,down
17:58:54.245360,25.86,28.77,5.569,0.6204999999999998,8.975020145044322,0.6204999999999998,down
17:58:54.258795,20.92,28.45,4.187,0.6344999999999998,6.598896769109537,0.6344999999999998,down
17:58:54.268906,20.03,28.16,2.7990000000000004,0.6535,4.28309104820199,0.6535,down
17:58:54.277316,17.5,27.89,2.1960000000000006,0.7140000000000001,3.075630252100841,0.7140000000000001,down
17:58:54.291089,18.44,27.64,2.148000000000001,0.7670000000000001,2.8005215123859193,0.7670000000000001,down
17:58:54.304034,15.57,27.41,2.5435000000000003,0.8074999999999999,3.149845201238391,0.8074999999999999,down
17:58:54.313918,15.61,27.19,2.8445000000000005,0.825,3.4478787878787887,0.825,down
17:58:54.321428,15.58,27.44,2.9985,0.7699999999999999,3.894155844155845,0.7699999999999999,down
17:58:54.337129,12.55,27.18,3.4685,0.7529999999999998,4.6062416998672,0.7529999999999998,down
17:58:54.349183,16.01,26.94,3.426499999999999,0.7329999999999999,4.67462482946794,0.7329999999999999,down
17:58:54.360490,14.02,26.71,3.5700000000000003,0.7714999999999996,4.627349319507456,0.7714999999999996,down
17:58:54.369490,15.91,26.5,3.2340000000000004,0.8034999999999997,4.0248911014312405,0.8034999999999997,down
17:58:54.380196,21.65,26.75,3.5465000000000004,0.7794999999999999,4.549711353431689,0.7794999999999999,down
17:58:54.393676,26.22,26.5,4.1655,0.7515000000000001,5.542914171656686,0.7515000000000001,down
17:58:54.404807,24.4,26.71,4.7204999999999995,0.6644999999999996,7.103837471783299,0.6644999999999996,down
17:58:54.414577,19.69,26.42,4.5344999999999995,0.5839999999999996,7.764554794520552,0.5839999999999996,down
17:58:54.426486,18.53,26.6,4.1739999999999995,0.4834999999999997,8.632885211995868,0.4834999999999997,down
17:58:54.439327,15.19,26.29,4.0165,0.4615000000000002,8.703141928494038,0.4615000000000002,down
17:58:54.450831,13.69,26.45,3.832500000000001,0.4130000000000002,9.279661016949149,0.4130000000000002,down
17:58:54.460229,11.28,26.13,4.352,0.3900000000000005,11.158974358974344,0.3900000000000005,down
17:58:54.470421,9.93,26.28,4.902,0.3380000000000006,14.50295857988163,0.3380000000000006,down
17:58:54.482971,10.01,26.38,5.572,0.2635000000000008,21.146110056925927,0.2635000000000008,down
17:58:54.491528,10.04,26.01,5.423,0.2590000000000003,20.93822393822391,0.2590000000000003,down
17:58:54.502674,18.39,26.12,4.772,0.2245000000000001,21.256124721603555,0.2245000000000001,down
17:58:54.509957,15.46,25.74,4.01,0.2655000000000004,15.103578154425586,0.2655000000000004,down
17:58:54.526427,21.04,25.4,4.297000000000001,0.3150000000000005,13.64126984126982,0.3150000000000005,down
17:58:54.530972,18.28,25.55,4.5550000000000015,0.3615000000000005,12.600276625172876,0.3615000000000005,down
17:58:54.548509,18.4,25.2,4.7295,0.4115000000000005,11.49331713244227,0.4115000000000005,down
17:58:54.561185,16.31,24.89,4.414,0.5000000000000003,8.827999999999994,0.5000000000000003,down
17:58:54.572829,16.78,24.61,3.8435,0.5665000000000002,6.784642541924093,0.5665000000000002,down
17:58:54.579899,17.41,24.36,3.146,0.6585000000000004,4.777524677296884,0.6585000000000004,down
17:58:54.593303,16.08,24.12,2.5625000000000004,0.7709999999999997,3.3236057068741913,0.7709999999999997,up
17:58:54.606185,16.05,23.9,2.227,0.8465000000000004,2.6308328411104536,0.8465000000000004,down
17:58:54.614812,13.61,23.7,2.1255,0.9300000000000004,2.285483870967741,0.9300000000000004,down
17:58:54.625502,13.07,23.96,2.371,0.9280000000000002,2.554956896551724,0.9280000000000002,down
17:58:54.639556,12.6,23.72,2.0705000000000005,0.8995000000000004,2.30183435241801,0.8995000000000004,down
17:58:54.649229,10.33,23.49,2.26,0.8970000000000006,2.5195094760312133,0.8970000000000006,down
17:58:54.663591,23.89,23.28,2.66,0.8755000000000003,3.0382638492290113,0.8755000000000003,down
17:58:54.671417,24.97,23.09,3.5080000000000005,0.8490000000000002,4.131919905771495,0.8490000000000002,down
17:58:54.681704,23.95,23.35,4.273000000000001,0.7815000000000001,5.467690339091491,0.7815000000000001,down
17:58:54.697145,20.56,23.11,4.691000000000001,0.7184999999999999,6.528879610299236,0.7184999999999999,down
17:58:54.709388,16.84,23.34,4.629,0.6085000000000005,7.607230895645023,0.6085000000000005,down
17:58:54.715629,21.32,23.07,4.786500000000001,0.5215,9.178331735378718,0.5215,down
17:58:54.728859,23.48,22.82,4.747000000000002,0.4655000000000001,10.19763694951665,0.4655000000000001,down
17:58:54.742139,21.55,22.59,4.4110000000000005,0.4735000000000003,9.315733896515306,0.4735000000000003,down
17:58:54.754320,20.54,22.38,4.141000000000001,0.4935000000000002,8.39108409321175,0.4935000000000002,down
17:58:54.761667,19.66,22.64,3.745000000000002,0.4824999999999999,7.761658031088088,0.4824999999999999,down
17:58:54.772942,16.68,22.39,3.3885000000000005,0.473,7.163847780126851,0.473,down
17:58:54.779901,18.3,22.16,2.7230000000000003,0.4580000000000002,5.945414847161571,0.4580000000000002,down
17:58:54.798790,23.02,21.95,2.1815000000000007,0.4885000000000005,4.46571136131013,0.4885000000000005,down
17:58:54.806282,23.14,21.76,1.9530000000000003,0.5130000000000006,3.807017543859646,0.5130000000000006,down
17:58:54.814873,19.17,22.03,2.0895,0.5405000000000001,3.86586493987049,0.5405000000000001,down
17:58:54.831587,19.39,21.79,1.8985000000000003,0.5610000000000003,3.3841354723707653,0.5610000000000003,down
17:58:54.839652,16.54,22.02,1.943,0.5195000000000001,3.740134744947064,0.5195000000000001,down
17:58:54.848755,19.87,21.75,1.9660000000000004,0.4864999999999998,4.041109969167525,0.4864999999999998,down
17:58:54.863886,22.4,21.95,2.164,0.4179999999999996,5.1770334928229715,0.4179999999999996,down
17:58:54.873813,24.48,22.11,2.4715,0.3864999999999998,6.394566623544633,0.3864999999999998,down
17:58:54.881279,23.08,22.22,2.24,0.3544999999999998,6.318758815232725,0.3544999999999998,down
17:58:54.897042,18.57,22.3,2.2715,0.3289999999999999,6.904255319148938,0.3289999999999999,down
17:58:54.908909,14.96,21.91,2.4915,0.2699999999999996,9.227777777777792,0.2699999999999996,down
17:58:54.921855,19.71,22.0,2.2865,0.1979999999999993,11.547979797979837,0.1979999999999993,down
17:58:54.930039,20.53,21.62,2.1845000000000003,0.1979999999999996,11.032828282828303,0.1979999999999996,down
17:58:54.942667,21.17,21.73,2.2105,0.1744999999999997,12.667621776504316,0.1744999999999997,down
17:58:54.954395,24.52,21.36,2.279,0.2239999999999998,10.17410714285715,0.2239999999999998,down
17:58:54.965585,23.35,21.03,2.401,0.2864999999999998,8.380453752181504,0.2864999999999998,down
17:58:54.975451,23.52,20.73,2.2529999999999997,0.3919999999999998,5.747448979591839,0.3919999999999998,up
17:58:54.988068,24.07,20.46,1.9625,0.5009999999999998,3.917165668662676,0.5009999999999998,down
17:58:54.998791,19.98,20.22,1.855,0.6045000000000001,3.068651778329197,0.6045000000000001,down
17:58:55.007618,18.47,20.0,1.8365000000000005,0.6925000000000001,2.6519855595667874,0.6925000000000001,down
17:58:55.017665,19.99,20.25,1.455500000000001,0.7480000000000004,1.9458556149732615,0.7480000000000004,down
17:58:55.030080,21.1,20.0,1.4430000000000007,0.8065000000000004,1.7892126472411654,0.8065000000000004,down
17:58:55.045291,21.87,20.22,1.4040000000000004,0.7845000000000006,1.7896749521988518,0.7845000000000006,down
17:58:55.056799,22.02,19.94,1.3145000000000002,0.7895000000000003,1.6649778340721972,0.7895000000000003,down
17:58:55.065343,24.94,20.14,1.2470000000000006,0.7405000000000002,1.6839972991222152,0.7405000000000002,down
17:58:55.074604,21.0,19.84,1.1390000000000005,0.6845000000000002,1.6639883126369617,0.6845000000000002,down
17:58:55.090546,19.01,19.58,1.2035000000000005,0.6245000000000005,1.927141713370696,0.6245000000000005,down
17:58:55.101052,20.89,19.34,1.0145000000000004,0.5690000000000005,1.7829525483304034,0.5690000000000005,down
17:58:55.111284,25.84,19.12,1.4065,0.5269999999999999,2.66888045540797,0.5269999999999999,down
17:58:55.122464,24.67,19.37,1.487,0.4594999999999999,3.236126224156693,0.4594999999999999,down
17:58:55.131519,24.05,19.12,1.6115,0.4554999999999996,3.5378704720087844,0.4554999999999996,down
17:58:55.148059,20.3,19.34,1.7724999999999995,0.4094999999999998,4.328449328449329,0.4094999999999998,down
17:58:55.156283,17.28,19.07,2.1605,0.4244999999999997,5.089517078916375,0.4244999999999997,down
17:58:55.163947,15.43,18.82,2.7045,0.4469999999999999,6.0503355704698,0.4469999999999999,down
17:58:55.180455,16.65,18.6,2.7994999999999997,0.502,5.576693227091633,0.502,up
17:58:55.191095,15.19,18.4,3.1975,0.5400000000000003,5.921296296296294,0.5400000000000003,up
17:58:55.201372,13.39,18.66,3.5335,0.5344999999999999,6.61085126286249,0.5344999999999999,down
17:58:55.213122,11.93,18.42,4.031499999999999,0.5209999999999997,7.738003838771597,0.5209999999999997,down
17:58:55.225894,13.64,18.65,3.792499999999999,0.4450000000000003,8.522471910112353,0.4450000000000003,down
17:58:55.232526,11.02,18.39,3.903,0.4195000000000004,9.30393325387365,0.4195000000000004,down
17:58:55.246396,10.67,18.6,4.067,0.3630000000000002,11.203856749311289,0.3630000000000002,down
17:58:55.256989,19.06,18.31,4.366999999999999,0.3785000000000004,11.537648612945825,0.3785000000000004,down
17:58:55.269930,27.28,18.06,5.2305,0.3950000000000006,13.241772151898711,0.3950000000000006,down
17:58:55.278016,28.85,17.83,6.1225000000000005,0.4010000000000008,15.268079800498722,0.4010000000000008,down
17:58:55.290260,29.72,17.62,7.258500000000001,0.4155000000000008,17.46931407942235,0.4155000000000008,down
17:58:55.303427,27.27,17.88,7.903999999999999,0.3905000000000008,20.240717029449375,0.3905000000000008,down
17:58:55.314905,25.45,17.64,7.6835,0.4015000000000007,19.136986301369827,0.4015000000000007,down
17:58:55.324513,22.68,17.42,7.3184999999999985,0.4040000000000006,18.11509900990096,0.4040000000000006,down
17:58:55.334920,18.81,17.22,7.603999999999999,0.4585000000000001,16.584514721919298,0.4585000000000001,down
17:58:55.348015,18.64,17.49,7.7174999999999985,0.4565000000000001,16.90580503833515,0.4565000000000001,down
17:58:55.359442,30.8,17.7,7.787000000000001,0.457,17.039387308533918,0.457,down
17:58:55.367102,36.71,17.42,8.266,0.4489999999999998,18.40979955456571,0.4489999999999998,down
17:58:55.380214,36.94,17.17,7.8675,0.4424999999999993,17.779661016949177,0.4424999999999993,down
17:58:55.393143,34.03,16.95,6.977499999999999,0.434999999999999,16.040229885057503,0.434999999999999,down
17:58:55.405987,27.54,17.19,5.460499999999999,0.3804999999999993,14.350854139290432,0.3804999999999993,down
17:58:55.413720,24.08,16.94,4.609999999999999,0.3714999999999989,12.409152086137317,0.3714999999999989,down
17:58:55.427169,23.14,17.16,4.557499999999999,0.3214999999999989,14.175738724727884,0.3214999999999989,down
17:58:55.438094,21.77,16.89,4.8229999999999995,0.2954999999999991,16.321489001692097,0.2954999999999991,down
17:58:55.447143,21.87,16.64,4.6915,0.2844999999999992,16.49033391915646,0.2844999999999992,down
17:58:55.457788,25.48,16.43,4.252,0.322499999999999,13.184496124031046,0.322499999999999,down
17:58:55.470053,29.02,16.23,4.058999999999999,0.3909999999999993,10.381074168797973,0.3909999999999993,down
17:58:55.483359,26.51,16.05,3.166999999999999,0.4564999999999991,6.937568455640757,0.4564999999999991,down
17:58:55.495767,25.02,15.89,2.3019999999999996,0.5054999999999993,4.553907022749758,0.5054999999999993,down
17:58:55.502489,20.4,16.18,2.163499999999999,0.4904999999999994,4.4108053007135615,0.4904999999999994,down
17:58:55.516634,17.27,15.97,2.7839999999999994,0.5034999999999992,5.529294935451845,0.5034999999999992,down
17:58:55.526699,20.05,15.79,2.7879999999999994,0.5069999999999991,5.499013806706123,0.5069999999999991,down
17:58:55.539342,16.4,15.62,3.0629999999999997,0.5519999999999996,5.548913043478264,0.5519999999999996,down
17:58:55.547753,13.48,15.46,3.4244999999999997,0.5779999999999997,5.924740484429067,0.5779999999999997,down
17:58:55.559405,19.36,15.32,3.117,0.5864999999999998,5.3145780051150915,0.5864999999999998,down
17:58:55.574956,18.84,15.18,3.1005000000000003,0.5899999999999999,5.255084745762714,0.5899999999999999,down
17:58:55.581789,21.2,15.06,2.999,0.5829999999999996,5.144082332761582,0.5829999999999996,down
17:58:55.593942,24.48,14.94,3.425,0.5564999999999998,6.154537286612761,0.5564999999999998,down
17:58:55.607723,22.84,14.83,3.7155,0.5249999999999998,7.07714285714286,0.5249999999999998,down
17:58:55.615848,20.37,15.18,3.3670000000000018,0.4964999999999998,6.781470292044316,0.4964999999999998,down
17:58:55.626850,17.18,15.01,2.985500000000001,0.4775,6.25235602094241,0.4775,down
17:58:55.639149,20.52,15.3,2.8055000000000003,0.4480000000000002,6.262276785714283,0.4480000000000002,down
17:58:55.652012,19.18,15.09,2.3320000000000003,0.4029999999999999,5.786600496277917,0.4029999999999999,down
17:58:55.658239,22.63,15.35,1.7850000000000006,0.3694999999999998,4.830852503382954,0.3694999999999998,down
17:58:55.669774,26.25,15.11,2.2375000000000003,0.3094999999999999,7.229402261712443,0.3094999999999999,down
17:58:55.683844,23.69,14.9,2.328500000000001,0.2609999999999998,8.92145593869733,0.2609999999999998,down
17:58:55.694788,22.79,14.7,2.1870000000000003,0.2315000000000001,9.447084233261336,0.2315000000000001,down
17:58:55.708203,23.29,14.98,1.7675,0.1785000000000002,9.901960784313715,0.1785000000000002,down
17:58:55.717863,20.14,14.75,1.5974999999999997,0.1525000000000002,10.475409836065555,0.1525000000000002,down
17:58:55.727541,18.17,14.55,1.8714999999999993,0.1900000000000002,9.849999999999984,0.1900000000000002,down
17:58:55.741318,21.34,14.81,1.683499999999999,0.1860000000000003,9.051075268817186,0.1860000000000003,down
17:58:55.744535,17.85,14.58,2.0314999999999994,0.2015000000000002,10.08188585607939,0.2015000000000002,down
17:58:55.761159,16.46,14.81,2.515499999999999,0.1970000000000002,12.769035532994904,0.1970000000000002,down
17:58:55.774073,22.94,14.56,2.3844999999999996,0.1975000000000003,12.073417721518966,0.1975000000000003,down
17:58:55.782784,18.77,14.78,2.0424999999999995,0.1980000000000002,10.315656565656552,0.1980000000000002,down
17:58:55.798263,17.78,14.5,2.0324999999999993,0.2030000000000003,10.012315270935945,0.2030000000000003,down
17:58:55.807533,19.28,14.26,2.05,0.2085,9.832134292565945,0.2085,down
17:58:55.814099,17.52,14.04,2.0869999999999997,0.2545000000000001,8.20039292730844,0.2545000000000001,down
17:58:55.829943,14.31,13.85,2.3135,0.2950000000000001,7.84237288135593,0.2950000000000001,down
17:58:55.844354,18.2,14.13,1.9905,0.2905000000000001,6.851979345955248,0.2905000000000001,down
17:58:55.851234,16.76,13.9,2.0315000000000003,0.3254999999999999,6.241167434715825,0.3254999999999999,down
17:58:55.862138,16.74,14.15,1.7090000000000003,0.3034999999999998,5.630971993410219,0.3034999999999998,down
17:58:55.875612,16.01,14.34,1.3205000000000005,0.3169999999999998,4.16561514195584,0.3169999999999998,down
17:58:55.889166,14.78,14.05,1.469,0.3039999999999997,4.832236842105268,0.3039999999999997,down
17:58:55.896990,13.17,14.24,1.6299999999999997,0.3124999999999998,5.216000000000002,0.3124999999999998,down
17:58:55.908381,15.69,13.95,1.531,0.3039999999999999,5.036184210526318,0.3039999999999999,down
17:58:55.917666,13.48,14.13,1.7425000000000002,0.2675,6.514018691588784,0.2675,down
17:58:55.933550,13.4,13.83,1.831,0.2404999999999999,7.613305613305616,0.2404999999999999,down
17:58:55.942942,14.03,14.01,1.5815,0.1779999999999999,8.88483146067416,0.1779999999999999,down
17:58:55.952385,12.68,13.71,1.7365,0.1699999999999999,10.214705882352945,0.1699999999999999,down
17:58:55.966931,12.84,13.44,1.7224999999999997,0.1810000000000002,9.516574585635349,0.1810000000000002,down
17:58:55.978639,11.16,13.21,1.8595,0.2525000000000002,7.364356435643558,0.2525000000000002,down
17:58:55.988002,10.98,13.0,1.926,0.3280000000000003,5.871951219512191,0.3280000000000003,down
17:58:56.021939,9.13,13.26,2.0774999999999997,0.3700000000000003,5.61486486486486,0.3700000000000003,down
17:58:56.028469,16.46,13.02,2.0534999999999997,0.4155000000000003,4.94223826714801,0.4155000000000003,down
17:58:56.062777,14.78,13.26,2.1509999999999994,0.4105000000000002,5.239951278928133,0.4105000000000002,down
17:58:56.070527,14.95,13.0,2.096999999999999,0.4325000000000001,4.8485549132947945,0.4325000000000001,down
17:58:56.072979,13.01,13.22,1.9219999999999993,0.4085000000000001,4.705018359853119,0.4085000000000001,down
17:58:56.074984,14.97,12.95,2.0059999999999993,0.4270000000000001,4.69789227166276,0.4270000000000001,down
17:58:56.074984,17.5,12.71,2.1939999999999995,0.4355,5.037887485648678,0.4355,down
17:58:56.076992,17.65,12.5,2.3809999999999993,0.4274999999999999,5.569590643274854,0.4274999999999999,down
17:58:56.088652,16.53,12.31,2.3099999999999996,0.4194999999999999,5.506555423122766,0.4194999999999999,down
17:58:56.101438,19.1,12.59,2.4179999999999997,0.3689999999999998,6.552845528455288,0.3689999999999998,down
17:58:56.110236,18.93,12.37,2.274,0.3639999999999999,6.247252747252749,0.3639999999999999,down
17:58:56.121070,23.33,12.62,2.5714999999999995,0.3129999999999999,8.215654952076678,0.3129999999999999,down
17:58:56.131619,19.04,12.38,2.5519999999999996,0.3264999999999999,7.816232771822359,0.3264999999999999,down
17:58:56.147230,18.98,12.16,2.4379999999999997,0.3389999999999998,7.191740412979353,0.3389999999999998,down
17:58:56.152200,20.92,11.97,2.6260000000000003,0.384,6.838541666666667,0.384,down
17:58:56.160110,26.99,12.25,3.219500000000001,0.3699999999999999,8.701351351351356,0.3699999999999999,down
17:58:56.174788,24.48,12.47,3.4,0.3390000000000001,10.029498525073745,0.3390000000000001,down
17:58:56.190363,22.05,12.2,3.3255000000000003,0.3020000000000001,11.011589403973506,0.3020000000000001,down
17:58:56.200253,28.75,12.42,3.895000000000001,0.2375000000000001,16.399999999999988,0.2375000000000001,down
17:58:56.210238,29.75,12.14,4.2625,0.216,19.733796296296298,0.216,down
17:58:56.223989,24.24,11.9,4.064500000000001,0.2024999999999998,20.071604938271623,0.2024999999999998,down
17:58:56.233076,25.7,11.68,3.567000000000001,0.2479999999999998,14.383064516129044,0.2479999999999998,down
17:58:56.243936,29.66,11.49,3.8775000000000017,0.2914999999999999,13.301886792452835,0.2914999999999999,down
17:58:56.257365,27.95,11.32,3.969000000000001,0.3264999999999999,12.156202143951004,0.3264999999999999,down
17:58:56.269660,27.67,11.17,3.806500000000001,0.3644999999999997,10.443072702331971,0.3644999999999997,down
17:58:56.280154,26.93,11.48,3.045500000000001,0.3829999999999997,7.951697127937346,0.3829999999999997,down
17:58:56.291904,22.12,11.29,3.022500000000001,0.4029999999999997,7.500000000000007,0.4029999999999997,down
17:58:56.298795,22.38,11.56,3.310500000000001,0.3924999999999997,8.434394904458607,0.3924999999999997,down
17:58:56.314995,24.26,11.34,2.7895000000000008,0.4024999999999997,6.930434782608703,0.4024999999999997,down
17:58:56.326213,22.59,11.14,2.3225000000000007,0.4124999999999998,5.630303030303034,0.4124999999999998,down
17:58:56.335851,24.13,10.97,2.3620000000000005,0.4159999999999998,5.677884615384619,0.4159999999999998,down
17:58:56.347453,19.95,11.26,2.6525000000000007,0.3704999999999998,7.159244264507428,0.3704999999999998,down
17:58:56.358124,18.85,11.05,2.6465000000000005,0.3269999999999996,8.093272171253833,0.3269999999999996,down
17:58:56.371235,17.54,10.86,2.9805,0.2889999999999997,10.313148788927348,0.2889999999999997,down
17:58:56.379924,22.8,10.7,2.978,0.2539999999999997,11.72440944881891,0.2539999999999997,down
17:58:56.393005,24.93,10.55,3.1855,0.2774999999999998,11.479279279279286,0.2774999999999998,down
17:58:56.404128,21.21,10.87,2.795,0.2619999999999999,10.667938931297714,0.2619999999999999,down
17:58:56.412349,19.98,11.12,2.4949999999999997,0.2694999999999997,9.257884972170697,0.2694999999999997,down
17:58:56.425774,17.15,11.33,2.634,0.2869999999999996,9.177700348432069,0.2869999999999996,down
17:58:56.438082,14.93,11.05,2.8985,0.2639999999999995,10.979166666666686,0.2639999999999995,down
17:58:56.449913,17.23,11.26,3.0304999999999995,0.2489999999999995,12.170682730923716,0.2489999999999995,down
17:58:56.457043,16.02,10.98,2.8234999999999997,0.2479999999999995,11.385080645161311,0.2479999999999995,down
17:58:56.465029,20.62,10.73,2.5585,0.2449999999999997,10.442857142857154,0.2449999999999997,down
17:58:56.480186,18.26,10.96,2.15,0.2104999999999997,10.213776722090277,0.2104999999999997,down
17:58:56.492115,16.92,10.69,2.2009999999999996,0.1884999999999998,11.676392572944309,0.1884999999999998,down
17:58:56.497645,15.38,10.91,2.1374999999999993,0.1399999999999998,15.267857142857157,0.1399999999999998,down
17:58:56.513723,14.12,10.64,2.3015,0.1589999999999996,14.474842767295629,0.1589999999999996,down
17:58:56.527076,15.4,10.41,2.2165,0.2004999999999999,11.054862842892772,0.2004999999999999,down
17:58:56.539795,19.47,10.64,2.1719999999999997,0.1865,11.64611260053619,0.1865,down
17:58:56.548820,18.46,10.39,1.8069999999999993,0.2145000000000001,8.424242424242415,0.2145000000000001,down
17:58:56.561276,21.35,10.17,1.9659999999999995,0.2430000000000001,8.090534979423863,0.2430000000000001,down
17:58:56.572708,22.98,9.97,2.2104999999999997,0.3065000000000001,7.21207177814029,0.3065000000000001,down
17:58:56.584982,19.66,10.25,2.1544999999999996,0.3145000000000001,6.850556438791729,0.3145000000000001,down
17:58:56.593186,19.32,10.03,2.1114999999999995,0.3505000000000002,6.024251069900137,0.3505000000000002,down
17:58:56.605860,16.05,10.28,2.3129999999999997,0.3280000000000003,7.051829268292676,0.3280000000000003,down
17:58:56.611839,15.2,10.04,2.501,0.3445000000000003,7.259796806966611,0.3445000000000003,down
17:58:56.630283,14.55,9.82,2.6434999999999995,0.3505000000000004,7.542082738944354,0.3505000000000004,down
17:58:56.638029,14.0,9.64,3.0254999999999996,0.3445000000000003,8.782293178519584,0.3445000000000003,down
17:58:56.649027,14.1,9.47,3.041,0.3830000000000003,7.939947780678844,0.3830000000000003,down
17:58:56.660112,15.49,9.77,2.9305000000000008,0.3740000000000004,7.835561497326197,0.3740000000000004,down
17:58:56.667726,15.91,9.57,2.575500000000001,0.3570000000000004,7.214285714285709,0.3570000000000004,down
17:58:56.683306,15.75,9.39,2.1265,0.3305000000000003,6.434190620272308,0.3305000000000003,down
17:58:56.695803,12.62,9.24,2.269000000000001,0.3495000000000002,6.492131616595133,0.3495000000000002,down
17:58:56.707586,14.23,9.54,2.2905000000000006,0.3190000000000003,7.180250783699055,0.3190000000000003,down
17:58:56.713675,19.09,9.8,2.4280000000000004,0.3330000000000002,7.291291291291288,0.3330000000000002,down
17:58:56.726996,19.48,9.56,2.5050000000000003,0.3110000000000001,8.05466237942122,0.3110000000000001,down
17:58:56.741000,17.36,9.79,2.245,0.2944999999999999,7.623089983022075,0.2944999999999999,down
17:58:56.753201,16.21,9.54,1.7940000000000005,0.249,7.2048192771084345,0.249,down
17:58:56.761662,14.81,9.76,1.5804999999999998,0.2119999999999999,7.455188679245285,0.2119999999999999,down
17:58:56.774155,13.57,9.5,1.7784999999999995,0.1939999999999999,9.167525773195877,0.1939999999999999,down
17:58:56.780339,14.31,9.27,1.8545,0.1884999999999999,9.838196286472147,0.1884999999999999,down
17:58:56.798102,12.77,9.07,2.0204999999999997,0.1949999999999999,10.361538461538464,0.1949999999999999,down
17:58:56.806742,16.21,8.89,1.818,0.2134999999999998,8.515222482435606,0.2134999999999998,down
17:58:56.816821,15.9,8.73,1.769,0.2859999999999996,6.185314685314695,0.2859999999999996,down
17:58:56.831220,15.73,8.59,1.356,0.3459999999999995,3.919075144508676,0.3459999999999995,down
17:58:56.839076,20.22,8.92,1.3504999999999998,0.3704999999999995,3.645074224021597,0.3704999999999995,down
17:58:56.850023,19.27,8.74,1.5219999999999998,0.3734999999999998,4.07496653279786,0.3734999999999998,down
17:58:56.864125,21.39,8.58,2.0414999999999996,0.4049999999999997,5.040740740740744,0.4049999999999997,down
17:58:56.873341,23.02,8.44,2.6359999999999997,0.423,6.231678486997635,0.423,down
17:58:56.882036,20.27,8.31,2.6629999999999994,0.4604999999999998,5.7828447339848,0.4604999999999998,down
17:58:56.896641,17.93,8.2,2.6329999999999996,0.4795,5.4911366006256515,0.4795,down
17:58:56.907353,19.72,8.1,2.4764999999999993,0.4810000000000002,5.148648648648645,0.4810000000000002,down
17:58:56.919379,17.56,8.45,2.5999999999999996,0.4225000000000005,6.153846153846146,0.4225000000000005,up
17:58:56.930070,14.65,8.3,3.068999999999999,0.3580000000000005,8.572625698324007,0.3580000000000005,down
17:58:56.939901,14.08,8.61,3.601999999999999,0.2950000000000005,12.2101694915254,0.2950000000000005,down
17:58:56.954808,18.36,8.42,3.2069999999999994,0.2710000000000004,11.833948339483372,0.2710000000000004,down
17:58:56.965566,17.14,8.7,2.961999999999999,0.2725000000000003,10.869724770642186,0.2725000000000003,down
17:58:56.973888,21.31,8.48,2.720999999999999,0.2450000000000002,11.106122448979576,0.2450000000000002,down
17:58:56.982633,26.07,8.29,2.8169999999999993,0.2150000000000002,13.102325581395332,0.2150000000000002,down
17:58:56.999545,23.82,8.13,3.1314999999999995,0.1955000000000001,16.017902813299216,0.1955000000000001,down
17:58:57.007951,20.27,7.98,3.187499999999999,0.1875,16.999999999999996,0.1875,down
17:58:57.019871,17.4,8.3,3.220999999999999,0.1449999999999997,22.21379310344831,0.1449999999999997,down
17:58:57.032296,15.67,8.11,3.248499999999999,0.1574999999999997,20.62539682539685,0.1574999999999997,down
17:58:57.043480,18.96,7.95,2.7939999999999996,0.1774999999999997,15.740845070422552,0.1774999999999997,down
17:58:57.051564,21.46,7.8,2.437,0.2019999999999999,12.064356435643566,0.2019999999999999,down
17:58:57.063286,29.23,7.68,3.2355000000000005,0.2450000000000001,13.206122448979588,0.2450000000000001,down
17:58:57.076518,24.62,7.56,3.458500000000001,0.2665000000000002,12.977485928705436,0.2665000000000002,down
17:58:57.090323,21.49,7.46,3.1435000000000004,0.3120000000000001,10.075320512820513,0.3120000000000001,down
17:58:57.096535,22.49,7.37,2.4524999999999997,0.355,6.908450704225351,0.355,down
17:58:57.110281,21.62,7.29,1.8994999999999995,0.3770000000000001,5.0384615384615365,0.3770000000000001,down
17:58:57.122786,19.62,7.21,1.9619999999999995,0.3800000000000001,5.163157894736839,0.3800000000000001,down
17:58:57.129938,17.97,7.14,2.2565,0.4110000000000003,5.490267639902672,0.4110000000000003,up
17:58:57.140424,24.49,7.53,2.3289999999999997,0.3955000000000002,5.888748419721868,0.3955000000000002,down
17:58:57.154812,20.85,7.4,2.3695,0.3640000000000001,6.5096153846153815,0.3640000000000001,down
17:58:57.164514,17.91,7.28,2.5494999999999997,0.3335,7.644677661169414,0.3335,down
17:58:57.175339,17.88,7.18,2.0345,0.3044999999999999,6.681444991789822,0.3044999999999999,down
17:58:57.183222,17.88,7.09,1.9464999999999997,0.2754999999999999,7.065335753176044,0.2754999999999999,down
17:58:57.199533,24.91,7.45,2.4125,0.2414999999999999,9.9896480331263,0.2414999999999999,down
17:58:57.211211,26.58,7.31,2.9455000000000005,0.1934999999999998,15.222222222222236,0.1934999999999998,down
17:58:57.220744,27.2,7.18,3.6275,0.1549999999999999,23.40322580645163,0.1549999999999999,down
17:58:57.231098,24.04,7.07,3.6015,0.1299999999999999,27.70384615384616,0.1299999999999999,down
17:58:57.244655,19.71,7.41,3.5244999999999997,0.1045,33.72727272727273,0.1045,down
17:58:57.256426,19.42,7.25,3.3169999999999993,0.1025,32.36097560975608,0.1025,down
17:58:57.262046,18.42,7.11,3.361,0.11,30.554545454545437,0.11,down
17:58:57.276164,16.98,7.43,3.2550000000000003,0.121,26.900826446280977,0.121,down
17:58:57.290673,18.14,7.25,3.0684999999999993,0.106,28.94811320754715,0.106,down
17:58:57.297853,17.21,7.1,3.0685,0.1015,30.231527093596043,0.1015,down
17:58:57.309102,18.17,6.96,2.6759999999999997,0.1105,24.217194570135735,0.1105,down
17:58:57.322636,17.27,7.28,2.1439999999999997,0.1145000000000001,18.7248908296943,0.1145000000000001,down
17:58:57.333716,14.15,7.55,1.8480000000000003,0.138,13.391304347826082,0.138,down
17:58:57.339319,13.35,7.33,2.124,0.1285,16.529182879377434,0.1285,down
17:58:57.355928,16.34,7.13,1.9405000000000008,0.129,15.042635658914731,0.129,down
17:58:57.368324,15.76,6.96,1.988,0.1504999999999999,13.209302325581405,0.1504999999999999,down
17:58:57.380597,27.02,7.26,2.8660000000000005,0.1404999999999999,20.39857651245553,0.1404999999999999,down
17:58:57.388920,32.19,7.06,4.1025,0.1319999999999999,31.079545454545467,0.1319999999999999,down
17:58:57.399617,31.27,7.33,5.3629999999999995,0.1454999999999999,36.85910652920964,0.1454999999999999,down
17:58:57.412915,33.72,7.11,6.727499999999999,0.1389999999999998,48.399280575539606,0.1389999999999998,down
17:58:57.423586,27.85,7.36,7.223000000000001,0.1224999999999999,58.96326530612247,0.1224999999999999,down
17:58:57.431652,22.6,7.12,7.341499999999999,0.1234999999999999,59.44534412955468,0.1234999999999999,down
17:58:57.444316,28.94,6.91,7.091499999999999,0.1149999999999999,61.66521739130437,0.1149999999999999,down
17:58:57.455984,25.44,7.18,6.855499999999999,0.1139999999999999,60.13596491228071,0.1139999999999999,down
17:58:57.464996,25.75,6.95,6.934,0.1184999999999999,58.51476793248947,0.1184999999999999,down
17:58:57.478484,26.48,7.2,6.895999999999999,0.1004999999999999,68.61691542288557,0.1004999999999999,down
17:58:57.491038,24.24,6.96,6.196,0.1155,53.64502164502163,0.1155,down
17:58:57.501358,25.22,7.2,4.790500000000001,0.1075,44.56279069767442,0.1075,down
17:58:57.508293,29.17,6.95,3.693000000000001,0.1105,33.420814479638004,0.1105,down
17:58:57.522827,26.86,7.18,2.1675000000000004,0.1049999999999999,20.64285714285715,0.1049999999999999,down
17:58:57.530062,23.91,6.92,1.7655000000000003,0.1079999999999999,16.34722222222224,0.1079999999999999,down
17:58:57.547209,23.86,6.7,1.7180000000000004,0.1259999999999999,13.63492063492065,0.1259999999999999,down
17:58:57.556317,22.1,6.95,1.8905,0.1049999999999999,18.004761904761924,0.1049999999999999,down
17:58:57.565718,23.55,6.71,1.8089999999999995,0.1234999999999999,14.647773279352233,0.1234999999999999,down
17:58:57.580539,25.43,6.95,1.7104999999999997,0.1069999999999999,15.98598130841122,0.1069999999999999,down
17:58:57.591384,30.33,6.7,2.175,0.1269999999999999,17.12598425196851,0.1269999999999999,down
17:58:57.599770,33.3,6.49,2.6799999999999993,0.1559999999999999,17.17948717948718,0.1559999999999999,down
17:58:57.613681,27.25,6.3,2.700999999999999,0.2024999999999999,13.33827160493827,0.2024999999999999,down
17:58:57.624881,25.93,6.14,2.420499999999999,0.2425,9.981443298969069,0.2425,down
17:58:57.634932,23.75,6.0,2.4379999999999997,0.3095,7.877221324717284,0.3095,down
17:58:57.644914,19.58,5.87,2.776,0.3700000000000001,7.5027027027027,0.3700000000000001,down
17:58:57.658735,19.8,5.76,3.0814999999999997,0.4080000000000001,7.55269607843137,0.4080000000000001,down
17:58:57.671528,22.25,5.66,2.9925,0.4635000000000001,6.45631067961165,0.4635000000000001,down
17:58:57.678890,18.78,5.58,3.4555000000000007,0.4885,7.073694984646879,0.4885,down
17:58:57.691278,21.12,5.5,3.5735,0.5320000000000001,6.717105263157893,0.5320000000000001,down
17:58:57.702471,19.33,5.43,3.249,0.5455000000000001,5.956003666361136,0.5455000000000001,down
17:58:57.716289,19.54,5.37,2.5435000000000008,0.535,4.754205607476637,0.535,down
17:58:57.723101,16.1,5.76,2.7920000000000003,0.4885,5.715455475946776,0.4885,down
17:58:57.735319,14.19,6.08,3.304,0.469,7.044776119402984,0.469,down
17:58:57.748270,11.83,5.91,3.9724999999999993,0.419,9.480906921241049,0.419,down
17:58:57.756011,17.0,6.2,3.6715,0.3955,9.283185840707963,0.3955,down
17:58:57.762040,17.98,6.0,3.2325000000000004,0.361,8.954293628808864,0.361,down
17:58:57.780311,16.91,6.27,3.0565,0.3485,8.770444763271161,0.3485,down
17:58:57.793342,16.34,6.04,2.537,0.308,8.237012987012987,0.308,down
17:58:57.799471,15.02,5.85,2.5095,0.275,9.125454545454543,0.275,down
17:58:57.813079,19.52,5.68,2.5635,0.264,9.71022727272727,0.264,down
17:58:57.825784,16.5,5.54,2.4794999999999994,0.2715000000000001,9.132596685082868,0.2715000000000001,down
17:58:57.839154,14.65,5.86,2.2975000000000003,0.2760000000000001,8.32427536231884,0.2760000000000001,down
18:03:24.114355,47.12,1151.27,4.8020000000000005,114.7705,0.041840019865732,4.8020000000000005,yaw towards left
18:03:24.124287,47.25,1175.79,7.071000000000001,231.7275,0.0305142894132116,7.071000000000001,yaw towards left
18:03:24.132270,51.87,1156.47,10.308,346.72350000000006,0.0297297414221995,10.308,yaw towards left
18:03:24.144971,48.81,1179.56,13.3275,464.035,0.0287208938980895,13.3275,yaw towards left
18:03:24.157723,53.28,1198.66,15.2655,525.992,0.0290223045217417,15.2655,yaw towards left
18:03:24.171655,47.16,1177.53,15.206,528.3495,0.0287801918994907,15.206,yaw towards left
18:03:24.182581,53.93,1196.74,15.718,531.4,0.0295784719608581,15.718,yaw towards left
18:03:24.191193,51.97,1176.09,15.822500000000002,531.3875,0.029775822728235,15.822500000000002,yaw towards left
18:03:24.203542,49.05,1195.33,15.8265,533.198,0.0296822193631634,15.8265,yaw towards left
18:03:24.215849,50.68,1174.63,15.731,533.4065,0.0294915791239889,15.731,yaw towards left
18:03:24.228372,49.4,1193.46,12.7535,420.3665,0.03033900179962,12.7535,yaw towards left
18:03:24.236720,58.19,1208.49,10.4155,305.5875,0.0340835276312022,10.4155,yaw towards left
18:03:24.248525,57.21,1186.96,7.5615,190.8675,0.0396164878777162,7.5615,yaw towards left
18:03:24.261366,58.57,1203.24,5.096500000000001,74.41149999999998,0.0684907574770029,5.096500000000001,yaw towards left
18:03:24.271690,60.57,1183.13,3.8624999999999994,13.11899999999996,0.2944203064257955,3.8624999999999994,yaw towards left
18:03:24.283278,58.37,1199.81,4.140499999999999,11.294499999999948,0.3665943600867695,4.140499999999999,yaw towards left
18:03:24.294199,59.36,1179.93,3.633999999999999,9.261499999999955,0.392377044755171,3.633999999999999,yaw towards left
18:03:24.305498,58.71,1196.93,3.282999999999999,9.499999999999975,0.3455789473684218,3.282999999999999,yaw towards left
18:03:24.316768,59.74,1209.95,3.3979999999999997,9.123499999999968,0.3724447854441838,3.3979999999999997,yaw towards left
18:03:24.330397,58.54,1190.13,3.317999999999999,9.411999999999988,0.3525286867828308,3.317999999999999,yaw towards left
18:03:24.336780,55.6,1204.47,3.549499999999999,8.530500000000007,0.4160951878553421,3.549499999999999,yaw towards left
18:03:24.349749,50.72,1185.18,3.6414999999999993,7.167500000000018,0.5080572026508532,3.6414999999999993,yaw towards left
18:03:24.362897,52.57,1200.11,3.651499999999999,7.016500000000019,0.5204161619040817,3.651499999999999,yaw towards left
18:03:24.374600,54.99,1181.63,3.403499999999999,7.322000000000026,0.46483201311117,3.403499999999999,yaw towards left
18:03:24.383801,57.26,1196.48,2.696999999999999,6.636500000000024,0.40638890981692,2.696999999999999,yaw towards left
18:03:24.394669,59.39,1208.59,2.566,7.283500000000027,0.3523031509576427,2.566,yaw towards left
18:03:24.408091,59.65,1190.4,2.575,6.8860000000000126,0.3739471391228573,2.575,yaw towards left
18:03:24.420719,69.02,1203.28,3.644,7.130999999999995,0.5110082737343994,3.644,yaw towards left
18:03:24.428812,58.45,1186.03,3.5764999999999993,6.396500000000015,0.5591339013523007,3.5764999999999993,yaw towards left
18:03:24.440835,50.06,1199.87,4.211999999999999,6.0595000000000026,0.6951068570014023,4.211999999999999,yaw towards left
18:03:24.448374,50.93,1182.38,4.435999999999999,6.5554999999999835,0.6766837007093296,4.435999999999999,yaw towards left
18:03:24.462747,50.23,1196.17,4.241999999999999,5.735999999999967,0.739539748953979,4.241999999999999,yaw towards left
18:03:24.477428,55.36,1206.5,3.7385,6.579499999999962,0.5682042708412526,3.7385,yaw towards left
18:03:24.485328,57.39,1190.0,3.3985,6.021999999999958,0.5643473928927306,3.3985,yaw towards left
18:03:24.499528,59.35,1201.57,3.486,6.354499999999962,0.5485876150759337,3.486,yaw towards left
18:03:24.510000,58.88,1185.93,3.433,5.901499999999965,0.5817165127509989,3.433,yaw towards left
18:03:24.516547,58.87,1197.99,3.3529999999999993,5.361999999999989,0.6253263707571812,3.3529999999999993,yaw towards left
18:03:24.530109,58.62,1182.57,2.310999999999999,5.915000000000009,0.3907016060862207,2.310999999999999,yaw towards left
18:03:24.542926,56.43,1195.0,2.299499999999999,5.232500000000004,0.4394648829431433,2.299499999999999,yaw towards left
18:03:24.554965,54.48,1204.17,1.9054999999999993,5.921500000000014,0.3217934644937929,1.9054999999999993,yaw towards left
18:03:24.567398,54.5,1188.45,1.626999999999999,5.5290000000000195,0.2942665943208524,1.626999999999999,yaw towards left
18:03:24.576293,56.65,1198.93,1.0744999999999982,5.757000000000039,0.1866423484453692,1.0744999999999982,yaw towards left
18:03:24.588688,61.05,1185.01,1.2839999999999985,5.488500000000045,0.2339437004646056,1.2839999999999985,yaw towards left
18:03:24.600269,57.2,1195.89,1.3484999999999978,4.900500000000034,0.2751760024487273,1.3484999999999978,yaw towards left
18:03:24.613403,50.43,1182.54,1.8549999999999975,5.464000000000032,0.3394948755490458,1.8549999999999975,yaw towards left
18:03:24.621272,49.03,1193.23,2.509999999999997,4.81700000000003,0.5210712061448995,2.509999999999997,yaw towards left
18:03:24.633572,51.27,1201.38,2.8344999999999976,5.452500000000032,0.5198532783126971,2.8344999999999976,yaw towards left
18:03:24.644124,54.58,1197.53,2.768499999999998,4.609500000000002,0.6006074411541374,2.768499999999998,yaw towards left
18:03:24.657999,49.9,1203.66,3.179499999999998,5.246000000000004,0.6060808234845588,3.179499999999998,yaw towards left
18:03:24.668424,48.38,1191.55,3.3869999999999982,4.6884999999999994,0.722405886744161,3.3869999999999982,yaw towards left
18:03:24.676256,53.47,1198.95,3.255999999999998,4.199000000000001,0.7754227196951649,3.255999999999998,yaw towards left
18:03:24.691630,53.13,1188.08,3.3119999999999985,4.603499999999985,0.7194525904203344,3.3119999999999985,yaw towards left
18:03:24.694622,71.46,1195.46,4.933499999999997,3.875999999999999,1.2728328173374608,3.875999999999999,yaw towards left
18:03:24.714702,59.95,1200.36,5.6374999999999975,4.218000000000006,1.3365339023233735,4.218000000000006,yaw towards left
18:03:24.722968,55.23,1203.15,5.180999999999998,3.79050000000002,1.3668381480015752,3.79050000000002,yaw towards left
18:03:24.731142,58.95,1205.51,4.9224999999999985,4.287500000000023,1.148104956268215,4.287500000000023,yaw towards left
18:03:24.748877,56.93,1196.04,4.705499999999999,3.7810000000000175,1.244512033853472,3.7810000000000175,yaw towards left
18:03:24.758038,58.06,1199.41,4.899499999999999,3.595500000000038,1.362675566680558,3.595500000000038,yaw towards left
18:03:24.767812,53.42,1191.36,4.706499999999999,3.5140000000000327,1.3393568582811484,3.5140000000000327,yaw towards left
18:03:24.781593,61.91,1195.38,4.697499999999998,3.4245000000000116,1.371733099722582,3.4245000000000116,yaw towards left
18:03:24.793747,53.63,1197.43,4.973999999999998,3.2700000000000045,1.52110091743119,3.2700000000000045,yaw towards left
18:03:24.805782,55.74,1198.26,5.056499999999999,2.663499999999999,1.8984418997559604,2.663499999999999,yaw towards left
18:03:24.814026,51.88,1198.52,3.5759999999999996,2.6549999999999954,1.3468926553672338,2.6549999999999954,yaw towards left
18:03:24.824498,46.29,1193.37,3.7205,2.716000000000008,1.369845360824738,2.716000000000008,yaw towards left
18:03:24.831636,55.83,1194.33,3.532,2.46550000000002,1.4325694585276705,2.46550000000002,yaw towards left
18:03:24.850298,46.04,1189.39,3.904,2.512000000000012,1.5541401273885276,2.512000000000012,yaw towards left
18:03:24.862356,47.59,1190.92,4.295,2.685500000000002,1.5993297337553516,2.685500000000002,yaw towards left
18:03:24.871652,50.38,1190.87,4.324,2.960500000000002,1.460564093903056,2.960500000000002,yaw towards left
18:03:24.880485,52.95,1189.94,4.1115,2.737999999999988,1.501643535427326,2.737999999999988,yaw towards left
18:03:24.896523,45.35,1188.71,4.248000000000001,2.8700000000000045,1.4801393728222978,2.8700000000000045,yaw towards left
18:03:24.907980,40.38,1187.75,4.722,3.115000000000009,1.515890850722307,3.115000000000009,yaw towards left
18:03:24.915035,56.32,1186.85,5.28,3.429000000000019,1.5398075240594842,3.429000000000019,yaw towards left
18:03:24.928927,46.8,1185.72,4.8740000000000006,3.810500000000002,1.27909723133447,3.810500000000002,yaw towards left
18:03:24.941238,52.19,1185.12,4.275,3.756000000000017,1.138178913738014,3.756000000000017,yaw towards left
18:03:24.952900,44.45,1113.43,4.545,10.995499999999993,0.4133509162839346,4.545,yaw towards left
18:03:24.960922,41.13,1121.81,4.287,16.9125,0.2534811529933481,4.287,yaw towards left
18:03:24.972650,50.72,1128.5,3.906499999999999,22.297499999999992,0.1751990133423029,3.906499999999999,yaw towards left
18:03:24.983336,44.29,1138.86,3.857999999999999,26.655500000000007,0.1447356080358649,3.857999999999999,yaw towards left
18:03:24.998858,46.49,1143.02,3.861499999999999,28.369500000000016,0.1361144891520822,3.861499999999999,yaw towards left
18:03:25.010155,44.51,1151.18,3.3824999999999994,28.434000000000037,0.1189596961384256,3.3824999999999994,yaw towards left
18:03:25.015157,37.26,1153.51,3.346,28.760500000000047,0.1163401192607915,3.346,yaw towards left
18:03:25.030325,37.6,1153.72,3.3005000000000004,29.067000000000053,0.1135480097705299,3.3005000000000004,yaw towards left
18:03:25.043648,38.3,1153.49,3.8680000000000008,29.31150000000007,0.1319618579738325,3.8680000000000008,yaw towards left
18:03:25.055190,35.17,1152.87,4.301500000000001,29.49550000000004,0.1458358054618499,4.301500000000001,yaw towards left
18:03:25.062875,33.75,1161.67,4.623500000000002,22.98000000000004,0.2011966927763269,4.623500000000002,yaw towards left
18:03:25.074931,36.03,1159.87,4.209000000000001,17.100000000000044,0.2461403508771924,4.209000000000001,yaw towards left
18:03:25.088314,33.56,1167.58,4.383000000000002,12.729500000000051,0.3443183157233185,4.383000000000002,yaw towards left
18:03:25.093715,29.14,1164.94,4.955000000000001,9.20600000000004,0.5382359330871148,4.955000000000001,yaw towards left
18:03:25.106069,28.49,1161.38,5.609000000000002,7.559500000000048,0.7419802897016954,5.609000000000002,yaw towards left
18:03:25.121675,24.34,1157.96,6.522000000000001,7.247000000000026,0.8999586035600908,6.522000000000001,yaw towards left
18:03:25.134147,22.66,1154.19,6.797500000000001,7.078500000000008,0.9603023239386866,6.797500000000001,yaw towards left
18:03:25.143616,22.65,1164.81,6.979500000000002,6.834999999999991,1.0211411850768122,6.834999999999991,yaw towards left
18:03:25.149637,26.67,1160.08,6.587000000000001,6.26099999999999,1.052068359686953,6.26099999999999,yaw towards left
18:03:25.164300,29.71,1170.2,5.922500000000001,6.5514999999999874,0.9039914523391608,5.922500000000001,yaw towards left
18:03:25.177600,24.92,1164.74,5.5920000000000005,5.7549999999999955,0.971676802780192,5.5920000000000005,yaw towards left
18:03:25.189212,24.6,1158.35,5.519499999999999,5.556999999999993,0.9932517545438196,5.519499999999999,yaw towards left
18:03:25.200638,26.01,1152.97,5.186999999999999,4.925,1.053197969543147,4.925,yaw towards left
18:03:25.211313,38.18,1147.55,5.708,4.958999999999992,1.1510385158298064,4.958999999999992,yaw towards left
18:03:25.223363,39.98,1091.52,6.448499999999998,11.163999999999987,0.5776155499820858,6.448499999999998,yaw towards left
18:03:25.235813,33.91,1093.9,6.1934999999999985,17.305499999999984,0.3578919996532896,6.1934999999999985,yaw towards left
18:03:25.246272,30.19,1117.81,5.293999999999999,20.617999999999984,0.2567659326801825,5.293999999999999,yaw towards left
18:03:25.256082,30.69,1116.36,4.4979999999999976,23.589499999999997,0.1906780559147077,4.4979999999999976,yaw towards left
18:03:25.262552,35.07,1113.4,4.746499999999998,25.452499999999965,0.1864846282290543,4.746499999999998,yaw towards left
18:03:25.280376,34.83,1110.96,4.909999999999998,25.19749999999997,0.1948606012501242,4.909999999999998,yaw towards left
18:03:25.291506,35.1,1108.06,4.716999999999999,25.71149999999998,0.1834587635882777,4.716999999999999,yaw towards left
18:03:25.296986,39.87,1088.66,5.0894999999999975,27.592499999999973,0.1844522968197881,5.0894999999999975,yaw towards left
18:03:25.314086,34.04,1088.0,5.125999999999999,28.967499999999973,0.1769569344955554,5.125999999999999,yaw towards left
18:03:25.322833,41.69,1116.7,4.528499999999998,28.519999999999985,0.1587833099579243,4.528499999999998,yaw towards left
18:03:25.334582,34.47,1111.53,3.094999999999999,21.88499999999999,0.1414210646561572,3.094999999999999,yaw towards left
18:03:25.341247,33.53,1104.99,2.4499999999999993,16.27349999999999,0.1505515101238209,2.4499999999999993,yaw towards left
18:03:25.355448,30.31,1099.97,2.6839999999999993,13.442499999999995,0.1996652408406174,2.6839999999999993,yaw towards left
18:03:25.372341,27.66,1094.9,3.308999999999999,11.214999999999986,0.295051270619706,3.308999999999999,yaw towards left
18:03:25.380953,30.77,1088.89,3.194499999999999,10.646000000000004,0.3000657523952656,3.194499999999999,yaw towards left
18:03:25.393559,33.08,1083.89,3.0119999999999987,11.387999999999987,0.2644889357218126,3.0119999999999987,yaw towards left
18:03:25.403089,34.76,1117.49,3.0364999999999984,12.711499999999978,0.2388781811745273,3.0364999999999984,yaw towards left
18:03:25.415351,38.29,1108.83,2.994999999999999,10.99449999999997,0.2724089317385972,2.994999999999999,yaw towards left
18:03:25.447773,31.53,1023.43,3.081499999999999,16.74849999999998,0.1839866256679704,3.081499999999999,yaw towards left
18:03:25.449014,30.22,1028.05,2.615999999999999,22.96799999999997,0.1138975966562174,2.615999999999999,yaw towards left
18:03:25.485576,29.28,1030.74,2.7849999999999993,29.05499999999996,0.0958526931681295,2.7849999999999993,yaw towards left
18:03:25.494942,29.01,1032.23,2.825999999999999,33.84549999999998,0.0834970675569869,2.825999999999999,yaw towards left
18:03:25.496181,27.51,1033.17,2.690499999999999,35.427499999999995,0.0759438289464398,2.690499999999999,yaw towards left
18:03:25.496181,32.69,1076.92,2.145499999999999,36.4525,0.0588574171867498,2.145499999999999,yaw towards left
18:03:25.496181,36.03,1071.82,2.188999999999999,37.02600000000001,0.0591206179441473,2.188999999999999,yaw towards left
18:03:25.504677,40.27,1088.52,2.9345,39.27400000000003,0.0747186433772978,2.9345,yaw towards left
18:03:25.512203,54.02,1081.34,5.0280000000000005,40.153000000000034,0.1252210295619255,5.0280000000000005,yaw towards left
18:03:25.530395,56.35,1074.45,7.0015,41.71350000000005,0.1678473395903003,7.0015,yaw towards left
18:03:25.542624,52.66,1067.38,8.654,34.03050000000003,0.2543012885499769,8.654,yaw towards left
18:03:25.549596,52.49,1061.04,9.879499999999998,27.948000000000025,0.3534957778731927,9.879499999999998,yaw towards left
18:03:25.563893,60.39,1101.71,11.0935,24.690000000000033,0.4493114621304165,11.0935,yaw towards left
18:03:25.575039,57.51,1090.45,11.434,20.75050000000003,0.5510228669188686,11.434,yaw towards left
18:03:25.580354,57.97,1037.38,11.598499999999998,22.045000000000005,0.5261283737809025,11.598499999999998,yaw towards left
18:03:25.592443,52.8,1035.55,11.5055,23.616000000000007,0.4871908875338752,11.5055,yaw towards left
18:03:25.605916,50.9,1033.23,11.364499999999998,25.452,0.4465071507150714,11.364499999999998,yaw towards left
18:03:25.613648,51.55,1030.05,10.7345,25.265499999999996,0.4248679028715046,10.7345,yaw towards left
18:03:25.630143,44.8,1027.03,9.336499999999996,24.599,0.379547949103622,9.336499999999996,yaw towards left
18:03:25.640641,47.56,1075.07,7.413999999999999,24.989499999999975,0.296684607535165,7.413999999999999,yaw towards left
18:03:25.654387,43.02,1065.55,6.483999999999997,26.401499999999988,0.2455921065090998,6.483999999999997,yaw towards left
18:03:25.664561,37.53,949.96,6.419499999999997,34.196000000000005,0.1877266346941161,6.419499999999997,yaw towards left
18:03:25.675229,30.73,958.67,6.868499999999997,38.91049999999999,0.1765204764780714,6.868499999999997,yaw towards left
18:03:25.685030,27.03,965.31,8.289999999999997,44.06699999999997,0.1881226314475685,8.289999999999997,yaw towards left
18:03:25.692152,22.27,969.76,9.990999999999998,46.114499999999985,0.2166563662188682,9.990999999999998,yaw towards left
18:03:25.709065,20.72,973.25,11.8855,45.04499999999998,0.2638583638583639,11.8855,yaw towards left
18:03:25.722358,21.18,970.99,12.9295,41.389499999999984,0.3123859916162313,12.9295,yaw towards left
18:03:25.730218,28.3,972.83,12.864999999999998,38.06549999999997,0.3379700778920547,12.864999999999998,yaw towards left
18:03:25.740644,34.95,965.37,12.6155,36.34799999999997,0.3470754924617588,12.6155,yaw towards left
18:03:25.754720,29.44,968.01,12.171,33.84949999999998,0.3595621796481486,12.171,yaw towards left
18:03:25.764085,26.76,969.06,11.3615,32.26799999999999,0.35209805379943,11.3615,yaw towards left
18:03:25.776460,27.5,969.23,10.0155,23.625999999999976,0.4239185642935753,10.0155,yaw towards left
18:03:25.788952,22.5,969.09,8.605,16.06099999999999,0.5357698773426316,8.605,yaw towards left
18:03:25.799894,18.1,967.35,7.343000000000001,9.609000000000004,0.7641794151316472,7.343000000000001,yaw towards left
18:03:25.812807,23.39,966.49,5.347500000000002,3.98950000000001,1.3403935330241858,3.98950000000001,yaw towards left
18:03:25.821846,32.15,914.45,3.894000000000001,6.709000000000003,0.580414368758384,3.894000000000001,yaw towards left
18:03:25.832924,31.84,919.9,2.9930000000000003,11.374000000000011,0.2631440126604534,2.9930000000000003,yaw towards left
18:03:25.844837,28.53,923.37,2.9230000000000005,15.637000000000024,0.1869284389588793,2.9230000000000005,yaw towards left
18:03:25.857827,25.71,926.06,2.5215000000000005,19.222500000000036,0.1311744049941472,2.5215000000000005,yaw towards left
18:03:25.865869,32.44,927.64,2.9955,21.077500000000043,0.1421183726722805,2.9955,yaw towards left
18:03:25.876161,38.17,927.83,3.9205,21.034500000000047,0.1863842734555131,3.9205,yaw towards left
18:03:25.890304,33.1,928.19,4.1885,21.07150000000005,0.1987755973708559,4.1885,yaw towards left
18:03:25.901611,28.41,926.46,3.9265,21.123500000000035,0.1858830212796171,3.9265,yaw towards left
18:03:25.911893,34.36,925.64,3.51,21.00450000000003,0.1671070484896091,3.51,yaw towards left
18:03:25.924725,51.37,923.36,5.249,20.995000000000015,0.2500119075970467,5.249,yaw towards left
18:03:25.934956,49.21,921.19,6.391,16.05250000000001,0.398131132222395,6.391,yaw towards left
18:03:25.945430,42.03,918.66,6.827,11.993499999999994,0.5692249968733066,6.827,yaw towards left
18:03:25.960835,38.58,915.38,7.007,8.68549999999998,0.8067468769788747,7.007,yaw towards left
18:03:25.967783,46.0,912.82,7.6275,5.767499999999961,1.3224967490247164,5.767499999999961,yaw towards left
18:03:25.980344,62.54,908.63,9.32,5.189499999999964,1.7959340976972855,5.189499999999964,yaw towards left
18:03:25.993559,58.21,905.74,9.724,6.598499999999956,1.4736682579374198,6.598499999999956,yaw towards left
18:03:26.003950,51.05,901.72,9.776999999999996,8.082999999999947,1.2095756526042387,8.082999999999947,yaw towards left
18:03:26.014551,43.47,898.1,10.013,9.623999999999956,1.040419783873654,9.623999999999956,yaw towards left
18:03:26.026709,36.18,894.36,10.919,11.198499999999957,0.9750413001741344,10.919,yaw towards left
18:03:26.031963,30.9,890.53,10.395,12.614999999999965,0.824019024970276,10.395,yaw towards left
18:03:26.050783,48.4,887.07,9.1175,13.814999999999976,0.6599710459645325,9.1175,yaw towards left
18:03:26.057885,46.63,882.58,8.318999999999999,14.828999999999985,0.5609953469552909,8.318999999999999,yaw towards left
18:03:26.071723,40.36,879.02,8.683000000000002,15.502999999999997,0.5600851448106821,8.683000000000002,yaw towards left
18:03:26.080275,34.69,874.45,8.9565,16.134499999999992,0.55511481607735,8.9565,yaw towards left
18:03:26.094681,39.51,870.82,6.973500000000001,16.567999999999973,0.4209017382906816,6.973500000000001,yaw towards left
18:03:26.105027,54.78,866.66,6.8405000000000005,16.965999999999987,0.4031887304019808,6.8405000000000005,yaw towards left
18:03:26.116839,57.71,862.48,8.075500000000002,17.267999999999983,0.46765693768821,8.075500000000002,yaw towards left
18:03:26.127746,48.02,858.76,8.114500000000001,17.465499999999984,0.4646016432395298,8.114500000000001,yaw towards left
18:03:26.138190,40.82,854.06,7.2625,17.686499999999988,0.4106239222005487,7.2625,yaw towards left
18:03:26.147472,41.47,850.35,6.1370000000000005,17.859999999999992,0.3436170212765959,6.1370000000000005,yaw towards left
18:03:26.162090,45.12,845.67,5.953,18.083999999999993,0.3291860207918604,5.953,yaw towards left
18:03:26.174069,51.91,841.98,6.782999999999999,18.214999999999986,0.3723853966511119,6.782999999999999,yaw towards left
18:03:26.185471,45.27,837.33,6.194999999999999,18.401999999999976,0.3366481904140858,6.194999999999999,yaw towards left
18:03:26.194304,39.88,833.22,5.690499999999999,18.500999999999976,0.3075779687584458,5.690499999999999,yaw towards left
18:03:26.206276,44.19,829.12,5.5504999999999995,18.591999999999985,0.2985423838209985,5.5504999999999995,yaw towards left
18:03:26.214753,55.65,824.58,5.309499999999999,18.699999999999974,0.2839304812834227,5.309499999999999,yaw towards left
18:03:26.231213,53.24,821.01,4.5344999999999995,18.73249999999998,0.2420659281996532,4.5344999999999995,yaw towards left
18:03:26.237760,46.44,816.49,4.206499999999999,18.813499999999987,0.2235894437504984,4.206499999999999,yaw towards left
18:03:26.251082,40.92,812.95,4.343499999999999,18.777999999999984,0.2313079135158165,4.343499999999999,yaw towards left
18:03:26.259789,34.07,808.44,5.197999999999999,18.779999999999983,0.2767838125665603,5.197999999999999,yaw towards left
18:03:26.276055,44.45,804.48,5.056499999999999,18.721499999999992,0.2700905376171781,5.056499999999999,yaw towards left
18:03:26.282655,38.88,800.52,4.738999999999999,18.680499999999995,0.2536869998126388,4.738999999999999,yaw towards left
18:03:26.296952,34.36,796.57,5.550999999999999,18.5875,0.2986415601882985,5.550999999999999,yaw towards left
18:03:26.307957,30.18,793.08,6.257,18.450500000000012,0.3391236009864229,6.257,yaw towards left
18:03:26.320286,33.85,788.64,6.7615,18.343500000000017,0.3686046828576876,6.7615,yaw towards left
18:03:26.329951,28.37,784.74,6.5409999999999995,18.195000000000014,0.3594943665842261,6.5409999999999995,yaw towards left
18:03:26.340820,25.13,780.41,6.6450000000000005,18.144000000000027,0.3662367724867719,6.6450000000000005,yaw towards left
18:03:26.355029,25.43,776.61,7.373500000000002,18.087000000000025,0.4076684911815111,7.373500000000002,yaw towards left
18:03:26.365488,26.15,772.81,7.5325000000000015,18.07000000000003,0.4168511344770332,7.5325000000000015,yaw towards left
18:03:26.375106,28.97,768.57,6.480500000000001,18.041000000000032,0.3592095781830269,6.480500000000001,yaw towards left
18:03:26.386708,26.94,765.3,6.612500000000002,17.937000000000033,0.3686513909795389,6.612500000000002,yaw towards left
18:03:26.398978,22.3,761.07,6.604000000000002,17.858000000000025,0.3698062493000332,6.604000000000002,yaw towards left
18:03:26.411801,23.28,757.81,6.1110000000000015,17.73300000000004,0.3446117408221952,6.1110000000000015,yaw towards left
18:03:26.417789,27.49,753.6,4.968000000000002,17.68050000000004,0.2809875286332394,4.968000000000002,yaw towards left
18:03:26.429960,23.03,750.36,4.639000000000001,17.55600000000003,0.2642401458190928,4.639000000000001,yaw towards left
18:03:26.443631,27.4,746.61,3.975,17.43750000000002,0.2279569892473115,3.975,yaw towards left
18:03:26.455949,34.29,742.88,3.841,17.28000000000002,0.2222800925925923,3.841,yaw towards left
18:03:26.464282,30.6,739.62,3.3309999999999995,17.067000000000007,0.1951719692974745,3.3309999999999995,yaw towards left
18:03:26.476436,26.4,735.41,2.8214999999999995,16.919000000000004,0.1667651752467639,2.8214999999999995,yaw towards left
18:03:26.489487,24.53,732.19,2.9749999999999996,16.7365,0.1777552056881665,2.9749999999999996,yaw towards left
18:03:26.501649,32.37,728.47,3.3489999999999993,16.63649999999999,0.2013043608932168,3.3489999999999993,yaw towards left
18:03:26.509790,26.93,725.23,2.8369999999999993,16.494499999999995,0.1719967261814544,2.8369999999999993,yaw towards left
18:03:26.522510,27.26,721.5,2.517499999999999,16.405999999999985,0.1534499573326832,2.517499999999999,yaw towards left
18:03:26.530162,27.38,717.8,2.4289999999999994,16.29699999999998,0.1490458366570536,2.4289999999999994,yaw towards left
18:03:26.546150,29.12,714.58,2.3259999999999996,16.214499999999987,0.1434518486539826,2.3259999999999996,yaw towards left
18:03:26.555647,26.26,710.87,2.2709999999999995,16.154999999999994,0.1405756731662024,2.2709999999999995,yaw towards left
18:03:26.565446,23.4,707.65,1.8659999999999997,16.070499999999992,0.1161133754394698,1.8659999999999997,yaw towards left
18:03:26.580144,44.58,703.5,3.2714999999999996,16.076999999999998,0.203489456988244,3.2714999999999996,yaw towards left
18:03:26.590843,59.71,700.36,6.4335,16.002999999999997,0.4020183715553334,6.4335,yaw towards left
18:03:26.602346,52.52,696.28,8.6465,16.018000000000008,0.5397989761518289,8.6465,yaw towards left
18:03:26.612529,42.06,692.76,9.4805,16.04050000000001,0.5910351921698199,9.4805,yaw towards left
18:03:26.624883,39.58,689.71,9.98,16.025000000000013,0.6227769110764426,9.98,yaw towards left
18:03:26.631639,33.5,686.16,10.277,16.000500000000024,0.6422924283616128,10.277,yaw towards left
18:03:26.649152,27.35,683.09,11.19,15.923500000000011,0.7027349514867958,11.19,yaw towards left
18:03:26.657276,23.6,679.09,12.310999999999998,15.891500000000008,0.7746908724789977,12.310999999999998,yaw towards left
18:03:26.666558,27.62,676.1,13.097,15.807000000000006,0.8285569684317071,13.097,yaw towards left
18:03:26.680010,30.58,672.61,13.3235,15.767999999999995,0.8449708269913752,13.3235,yaw towards left
18:03:26.693009,31.61,669.6,11.6695,15.655499999999996,0.7453929928779025,11.6695,yaw towards left
18:03:26.694769,26.52,666.1,8.888,15.571499999999991,0.5707863725395758,8.888,yaw towards left
18:03:26.714987,24.71,662.65,6.899999999999999,15.421499999999993,0.4474272930648771,6.899999999999999,yaw towards left
18:03:26.727400,28.1,659.68,5.542999999999999,15.239,0.3637377780694271,5.542999999999999,yaw towards left
18:03:26.735327,23.72,655.77,5.3965,15.186000000000002,0.3553602001843803,5.3965,yaw towards left
18:03:26.746249,21.96,652.88,5.59,15.105999999999996,0.3700516351118762,5.59,yaw towards left
18:03:26.759627,18.13,649.49,5.419500000000001,15.071500000000004,0.3595859735261918,5.419500000000001,yaw towards left
18:03:26.771415,15.13,646.58,5.174000000000001,14.987,0.3452325348635485,5.174000000000001,yaw towards left
18:03:26.780238,13.84,643.64,5.319500000000001,14.881999999999994,0.3574452358553959,5.319500000000001,yaw towards left
18:03:26.793098,17.01,640.22,5.3065000000000015,14.760000000000002,0.3595189701897019,5.3065000000000015,yaw towards left
18:03:26.805564,24.84,637.3,5.412000000000001,14.646000000000004,0.3695206882425235,5.412000000000001,yaw towards left
18:03:26.817595,21.48,633.9,4.9785,14.560500000000014,0.3419182033584008,4.9785,yaw towards left
18:03:26.828982,19.14,631.0,4.6565,14.47700000000001,0.3216481315189609,4.6565,yaw towards left
18:03:26.836374,17.51,627.62,4.745,14.440500000000007,0.3285897302724972,4.745,yaw towards left
18:03:26.846659,17.73,624.75,4.3885,14.308000000000003,0.3067165222253284,4.3885,yaw towards left
18:03:26.862587,15.83,621.4,4.07,14.230999999999996,0.2859953622373692,4.07,yaw towards left
18:03:26.874127,15.45,618.1,3.5025000000000004,14.177499999999998,0.2470463763004761,3.5025000000000004,yaw towards left
18:03:26.882151,13.16,615.29,2.864,14.121000000000004,0.2028184972735641,2.864,yaw towards left
18:03:26.893238,10.92,612.01,2.460500000000001,14.130000000000006,0.1741330502476999,2.460500000000001,yaw towards left
18:03:26.906095,13.05,609.22,2.2395000000000005,14.105000000000008,0.1587734845799361,2.2395000000000005,yaw towards left
18:03:26.912853,12.09,605.51,2.3945000000000007,14.140500000000008,0.169336303525335,2.3945000000000007,yaw towards left
18:03:26.924095,9.82,602.82,2.8190000000000004,14.114499999999987,0.1997236884055406,2.8190000000000004,yaw towards left
18:03:26.940056,10.36,599.63,2.9765,14.105499999999983,0.2110169791925138,2.9765,yaw towards left
18:03:26.953087,10.15,596.5,3.1060000000000008,14.08599999999998,0.2205026267215679,3.1060000000000008,yaw towards left
18:03:26.960083,8.77,593.39,3.3595000000000006,14.082499999999982,0.2385584945854788,3.3595000000000006,yaw towards left
18:03:26.972470,8.14,511.97,3.4305000000000008,21.881999999999984,0.156772689882095,3.4305000000000008,yaw towards left
18:03:26.984996,10.7,521.07,3.2665000000000006,28.462499999999977,0.1147650417215635,3.2665000000000006,yaw towards left
18:03:26.993197,10.93,710.72,2.8965000000000005,38.00999999999998,0.0762036306235201,2.8965000000000005,yaw towards left
18:03:27.007848,11.13,690.92,2.3225,45.561999999999976,0.0509744962907686,2.3225,yaw towards left
18:03:27.017014,11.83,854.18,2.0905000000000005,69.47199999999997,0.0300912597881161,2.0905000000000005,yaw towards left
18:03:27.029984,11.74,813.76,1.8565000000000005,89.30149999999996,0.0207891244827914,1.8565000000000005,yaw towards left
18:03:27.041010,12.21,778.52,1.5475000000000003,101.23849999999996,0.0152856867693614,1.5475000000000003,yaw towards left
18:03:27.055298,12.3,928.18,1.4000000000000004,122.5725,0.0114218115809011,1.4000000000000004,yaw towards left
18:03:27.060508,9.96,877.13,1.2650000000000003,134.41199999999998,0.0094113620807666,1.2650000000000003,yaw towards left
18:03:27.074152,15.15,1011.55,1.3630000000000004,154.5555,0.0088188385402007,1.3630000000000004,yaw towards left
18:03:27.083706,12.73,948.88,1.2075000000000005,156.82699999999994,0.0076995670388389,1.2075000000000005,yaw towards left
18:03:27.096081,11.94,1071.21,1.1960000000000004,169.36700000000002,0.0070615881488129,1.1960000000000004,yaw towards left
18:03:27.106572,12.53,1000.46,1.2015000000000005,168.198,0.0071433667463346,1.2015000000000005,yaw towards left
18:03:27.119967,11.78,939.43,1.1710000000000005,159.791,0.0073283226214242,1.1710000000000005,yaw towards left
18:03:27.132058,13.59,886.22,1.1745,139.254,0.0084342281011676,1.1745,yaw towards left
18:03:27.145020,12.67,841.89,1.0790000000000002,127.192,0.008483237939493,1.0790000000000002,yaw towards left
18:03:27.149074,13.66,980.72,1.0455,117.524,0.0088960552738164,1.0455,yaw towards left
18:03:27.165699,12.62,923.1,0.921,96.8935,0.0095052815720352,0.921,yaw towards left
18:03:27.175268,15.49,1048.87,1.0930000000000002,92.0495,0.0118740460295819,1.0930000000000002,yaw towards left
18:03:27.189544,14.75,981.9,0.9265000000000002,72.21849999999999,0.01282912273171,0.9265000000000002,yaw towards left
18:03:27.197468,14.78,924.08,0.9970000000000002,64.327,0.0154989351283287,0.9970000000000002,yaw towards left
18:03:27.209325,16.52,874.93,1.281,49.45399999999999,0.025902859222712,1.281,yaw towards left
18:03:27.222408,30.16,832.7,2.8310000000000004,48.76249999999999,0.0580569084850038,2.8310000000000004,yaw towards left
18:03:27.234532,39.27,740.85,5.252000000000001,64.58099999999999,0.081324228488255,5.252000000000001,yaw towards left
18:03:27.243274,33.04,718.57,6.909000000000001,77.86699999999999,0.0887282160607189,6.909000000000001,yaw towards left
18:03:27.251975,31.31,874.31,8.414000000000001,71.146,0.1182638517977117,8.414000000000001,yaw towards left
18:03:27.267620,27.32,832.44,8.848,71.70749999999998,0.1233901614196562,8.848,yaw towards left
18:03:27.278419,24.92,795.96,8.9655,75.35649999999998,0.1189744746637649,8.9655,yaw towards left
18:03:27.287817,25.88,764.51,8.758500000000002,73.7555,0.1187504660669374,8.758500000000002,yaw towards left
18:03:27.294900,28.4,737.78,8.607499999999998,79.6875,0.1080156862745097,8.607499999999998,yaw towards left
18:03:27.310718,28.11,892.88,8.457,83.95599999999999,0.1007313354614322,8.457,yaw towards left
18:03:27.324672,39.55,847.78,9.1945,81.63149999999999,0.1126342159583004,9.1945,yaw towards left
18:03:27.333059,43.14,985.95,8.9275,89.71749999999999,0.0995067851868364,8.9275,yaw towards left
18:03:27.344823,35.2,927.77,7.011500000000001,82.10249999999998,0.0853993483755062,7.011500000000001,yaw towards left
18:03:27.358406,32.95,1052.61,5.530500000000001,83.21449999999997,0.066460773062387,5.530500000000001,yaw towards left
18:03:27.370018,34.0,984.86,4.332500000000001,92.19699999999996,0.0469917676280139,4.332500000000001,yaw towards left
18:03:27.380320,28.21,926.83,4.0390000000000015,89.6765,0.0450396703707214,4.0390000000000015,yaw towards left
18:03:27.391149,35.32,1051.83,4.103500000000001,96.375,0.0425784695201037,4.103500000000001,yaw towards left
18:03:27.397771,31.05,985.07,4.274000000000001,92.4445,0.0462331452925809,4.274000000000001,yaw towards left
18:03:27.415124,34.63,1100.48,4.251500000000002,96.35399999999998,0.0441237519978413,4.251500000000002,yaw towards left
18:03:27.425013,29.87,1027.28,4.6815000000000015,92.66299999999998,0.0505217832360273,4.6815000000000015,yaw towards left
18:03:27.435303,26.48,1135.49,4.354000000000002,102.1925,0.0426058663796267,4.354000000000002,yaw towards left
18:03:27.448204,34.53,1057.45,3.131000000000001,86.80700000000002,0.0360685198198302,3.131000000000001,yaw towards left
18:03:27.456689,33.64,990.2,2.6310000000000007,82.9765,0.031707772682627,2.6310000000000007,yaw towards left
18:03:27.470430,49.82,1103.59,3.9215,70.22350000000002,0.055843129436727,3.9215,yaw towards left
18:03:27.480848,44.08,1030.72,4.588499999999999,59.82600000000001,0.0766974225253234,4.588499999999999,yaw towards left
18:03:27.491696,35.29,1137.18,4.412999999999999,66.38250000000002,0.0664783640266636,4.412999999999999,yaw towards left
18:03:27.504974,39.97,1060.56,4.7675,54.085000000000015,0.0881482851067763,4.7675,yaw towards left
18:03:27.513591,54.58,1161.71,6.487,59.32850000000002,0.1093403676142157,6.487,yaw towards left
18:03:27.521626,62.87,1081.8,8.979499999999998,48.839000000000034,0.1838592108765534,8.979499999999998,yaw towards left
18:03:27.539221,63.24,1012.95,10.6565,50.485000000000014,0.2110824997524016,10.6565,yaw towards left
18:03:27.550109,62.69,1120.88,11.531,42.56750000000004,0.2708874141070062,11.531,yaw towards left
18:03:27.558911,63.18,1047.9,12.5235,43.105999999999995,0.2905280007423561,12.5235,yaw towards left
18:03:27.572515,64.24,1149.76,13.0495,43.877000000000024,0.2974109442304622,13.0495,yaw towards left
18:03:27.582458,75.39,1073.27,12.7105,37.9,0.3353693931398417,12.7105,yaw towards left
18:03:27.594872,119.7,1170.51,17.3785,43.76149999999998,0.3971184717160063,17.3785,yaw towards left
18:03:27.604909,103.39,1091.71,21.3255,36.00299999999995,0.5923256395300399,21.3255,yaw towards left
18:03:27.619449,87.25,1023.36,23.1375,42.186999999999976,0.5484509446037882,23.1375,yaw towards left
18:03:27.628090,78.96,1127.31,22.09,38.12349999999996,0.5794326334150858,22.09,yaw towards left
18:03:27.640815,78.89,1055.32,19.741,39.77849999999995,0.4962731123596924,19.741,yaw towards left
18:03:27.652681,70.29,1154.12,18.304499999999997,38.73799999999996,0.4725205224843827,18.304499999999997,yaw towards left
18:03:27.660992,116.82,1078.91,20.52,34.407999999999916,0.5963729365263907,20.52,yaw towards left
18:03:27.673534,154.0,1172.93,26.5115,38.42199999999995,0.6900083285617625,26.5115,yaw towards left
18:03:27.684049,247.91,1095.24,41.21,32.89199999999995,1.2528882403015948,32.89199999999995,yaw towards left
18:03:27.697953,246.64,1185.58,53.6025,39.895999999999944,1.3435557449368376,39.895999999999944,yaw towards left
18:03:27.706203,208.18,1261.98,57.74250000000001,48.04949999999995,1.201729466487686,48.04949999999995,yaw towards left
18:03:27.721911,219.39,1172.99,62.12249999999999,50.78149999999997,1.2233293620708332,50.78149999999997,yaw towards left
18:03:27.730880,189.68,1250.51,61.555499999999995,53.14049999999995,1.1583537979507166,53.14049999999995,yaw towards left
18:03:27.741486,163.15,1164.45,61.967499999999994,49.50899999999997,1.2516411157567318,49.50899999999997,yaw towards left
18:03:27.755229,142.86,1242.5,65.148,53.74599999999996,1.2121460201689436,53.74599999999996,yaw towards left
18:03:27.763317,178.04,1158.4,65.045,50.41949999999997,1.2900762601771147,50.41949999999997,yaw towards left
18:03:27.775569,224.6,1012.28,63.822500000000005,65.8475,0.9692471240365998,63.822500000000005,yaw towards left
18:03:27.787243,208.46,1112.26,56.747,65.15149999999998,0.8710006676745741,56.747,yaw towards left
18:03:27.799967,175.02,1048.58,43.879000000000005,76.98899999999999,0.5699385626518075,43.879000000000005,yaw towards left
18:03:27.811345,158.1,1142.37,32.80150000000001,71.46400000000003,0.4589933393037053,32.80150000000001,yaw towards left
18:03:27.824069,141.26,1074.91,26.521000000000004,63.94100000000003,0.4147729938537087,26.521000000000004,yaw towards left
18:03:27.830253,113.81,1164.02,23.650500000000008,62.07700000000002,0.3809865167453324,23.650500000000008,yaw towards left
18:03:27.840912,118.3,1093.6,26.099000000000007,56.75000000000004,0.4598942731277531,26.099000000000007,yaw towards left
18:03:27.856642,100.27,1179.17,29.793500000000005,61.51150000000005,0.4843565837282456,29.793500000000005,yaw towards left
18:03:27.867919,167.48,1251.11,26.907000000000004,66.93700000000004,0.4019749914098329,26.907000000000004,yaw towards left
18:03:27.877212,155.4,1311.01,26.46,83.85050000000004,0.3155616245579929,26.46,yaw towards left
18:03:27.889739,137.67,1360.24,24.959000000000007,88.48700000000004,0.2820640320047012,24.959000000000007,yaw towards left
18:03:27.895046,159.67,1400.86,26.079000000000008,105.7675,0.246569125676602,26.079000000000008,yaw towards left
18:03:27.914140,129.76,1434.61,24.658500000000004,115.7005,0.2131235387919672,24.658500000000004,yaw towards left
18:03:27.926377,202.37,1462.08,28.373,131.897,0.2151148244463483,28.373,yaw towards left
18:03:27.932454,308.15,1483.76,41.00750000000001,139.16299999999998,0.2946724344833038,41.00750000000001,yaw towards left
18:03:27.944978,435.41,1501.89,63.267500000000005,149.9335,0.4219704068803836,63.267500000000005,yaw towards left
18:03:27.959550,421.73,1515.64,84.85050000000001,156.35250000000002,0.5426871971986377,84.85050000000001,yaw towards left
18:03:27.971902,367.18,1526.14,98.055,158.94650000000004,0.6169056883920059,98.055,yaw towards left
18:03:27.979820,297.66,1533.42,102.3505,152.61700000000005,0.6706362987085317,102.3505,yaw towards left
18:03:27.992433,288.39,1538.88,102.679,138.8530000000001,0.7394798816014054,102.679,yaw towards left
18:03:28.001840,266.12,1541.89,104.3035,121.46100000000006,0.8587406657280935,104.3035,yaw towards left
18:03:28.017667,219.97,1543.73,110.475,100.81850000000006,1.0957810322510246,100.81850000000006,yaw towards left
18:03:28.027968,213.15,1544.58,117.492,80.35150000000003,1.4622253473799487,80.35150000000003,yaw towards left
18:03:28.038251,177.6,1543.69,122.744,63.00350000000003,1.9482092264715445,63.00350000000003,yaw towards left
18:03:28.044697,143.15,1542.23,119.99299999999998,48.37450000000001,2.4805010904505465,48.37450000000001,yaw towards left
18:03:28.059195,134.38,1538.94,103.072,36.38799999999999,2.8325821699461367,36.38799999999999,yaw towards left
18:03:28.074213,120.38,1535.45,86.8745,27.09399999999996,3.206411013508531,27.09399999999996,yaw towards left
18:03:28.083134,141.85,1531.35,74.0015,20.220999999999936,3.6596360219573825,20.220999999999936,yaw towards left
18:03:28.091366,142.34,1526.73,71.04049999999998,15.53949999999993,4.571607838090048,15.53949999999993,yaw towards left
18:03:28.106233,119.82,1521.68,72.86949999999999,12.807499999999914,5.689595939879014,12.807499999999914,yaw towards left
18:03:28.116370,117.08,1516.27,72.6805,11.587499999999933,6.2723193096009,11.587499999999933,yaw towards left
18:03:28.130998,187.38,1510.55,69.9035,11.588499999999954,6.0321439357984445,11.588499999999954,yaw towards left
18:03:28.139424,255.04,1503.69,73.2105,12.643499999999973,5.790366591529257,12.643499999999973,yaw towards left
18:03:28.153069,226.24,1497.66,70.08250000000001,14.54399999999996,4.818653740374051,14.54399999999996,yaw towards left
18:03:28.163347,230.97,1491.43,65.5595,17.113999999999965,3.830752600210362,17.113999999999965,yaw towards left
18:03:28.177225,226.1,1485.04,60.81700000000001,19.803499999999964,3.0710227990001826,19.803499999999964,yaw towards left
18:03:28.185790,198.0,1478.98,51.73,22.12099999999996,2.338501876045391,22.12099999999996,yaw towards left
18:03:28.219208,200.42,1471.39,46.4985,24.14299999999996,1.9259619765563547,24.14299999999996,yaw towards left
18:03:28.223677,230.88,1465.22,46.45700000000001,25.706999999999972,1.807173143501772,25.706999999999972,yaw towards left
18:03:28.259427,346.07,1458.0,56.1545,26.856999999999992,2.0908701642030016,26.856999999999992,yaw towards left
18:03:28.259427,296.29,1450.81,60.426,27.88449999999998,2.16701034624971,27.88449999999998,yaw towards left
18:03:28.259427,272.54,1443.63,60.059000000000005,28.75499999999995,2.088645452964706,28.75499999999995,yaw towards left
18:03:28.260839,247.54,1436.48,50.426,29.402499999999964,1.7150242326332816,29.402499999999964,yaw towards left
18:03:28.266649,223.8,1429.8,42.724,29.928999999999995,1.4275117778743027,29.928999999999995,yaw towards left
18:03:28.277133,220.76,1422.19,34.6095,30.396000000000004,1.1386202131859453,30.396000000000004,yaw towards left
18:03:28.285039,195.14,1416.02,31.705500000000008,30.67900000000002,1.0334593696013556,30.67900000000002,yaw towards left
18:03:28.297340,167.93,1409.3,37.1155,30.940500000000043,1.1995766067128828,30.940500000000043,yaw towards left
18:03:28.310910,140.99,1402.56,45.6295,31.07000000000003,1.4686031541680065,31.07000000000003,yaw towards left
18:03:28.323742,139.88,1395.8,52.1075,31.157000000000014,1.672417113329267,31.157000000000014,yaw towards left
18:03:28.333088,156.09,1388.6,45.3035,31.184000000000015,1.4527802719343246,31.184000000000015,yaw towards left
18:03:28.343562,247.39,1381.46,42.4745,31.18399999999999,1.3620606721395592,31.18399999999999,yaw towards left
18:03:28.356596,272.48,1373.94,44.766000000000005,31.227499999999985,1.433544151789289,31.227499999999985,yaw towards left
18:03:28.369740,239.57,1367.0,46.26650000000001,31.26299999999997,1.4799123564597143,31.26299999999997,yaw towards left
18:03:28.380191,320.44,1360.1,56.80300000000001,31.291999999999938,1.8152562955388,31.291999999999938,yaw towards left
18:03:28.390028,280.24,1353.69,62.31850000000001,31.20449999999994,1.9970997772757175,31.20449999999994,yaw towards left
18:03:28.398650,226.44,1346.81,59.75500000000001,31.173499999999944,1.916852454809377,31.173499999999944,yaw towards left
18:03:28.413665,272.44,1339.98,56.71,31.146999999999935,1.820721096734842,31.146999999999935,yaw towards left
18:03:28.423411,250.79,1333.2,48.245000000000005,31.12399999999993,1.5500899627297298,31.12399999999993,yaw towards left
18:03:28.438511,293.7,1326.02,43.2135,31.19199999999994,1.3854033085406543,31.19199999999994,yaw towards left
18:03:28.443394,352.5,1319.85,46.0315,31.181499999999936,1.4762439266873015,31.181499999999936,yaw towards left
18:03:28.458004,286.17,1313.19,43.0685,31.081999999999947,1.3856412071295308,31.081999999999947,yaw towards left
18:03:28.471891,295.36,1307.02,37.831,30.839999999999986,1.2266861219195857,30.839999999999986,yaw towards left
18:03:28.480088,260.57,1300.37,36.9325,30.546000000000028,1.209078111700385,30.546000000000028,yaw towards left
18:03:28.492134,258.16,1293.78,27.5015,30.251500000000032,0.909095416756193,27.5015,yaw towards left
18:03:28.505548,236.02,1287.23,24.2615,30.046500000000037,0.807465095768225,24.2615,yaw towards left
18:03:28.516172,222.83,1279.83,27.972499999999997,29.985000000000035,0.9328831082207758,27.972499999999997,yaw towards left
18:03:28.525383,203.15,1273.96,30.697999999999997,29.909500000000023,1.0263628612982487,29.909500000000023,yaw towards left
18:03:28.538917,166.94,1267.58,39.7705,29.824000000000023,1.333506571888411,29.824000000000023,yaw towards left
18:03:28.549182,194.34,1261.69,41.837,29.61800000000003,1.412553177122019,29.61800000000003,yaw towards left
18:03:28.561024,183.29,1255.31,38.44650000000001,29.400000000000023,1.3077040816326522,29.400000000000023,yaw towards left
18:03:28.574637,148.02,1248.53,43.962500000000006,29.21600000000003,1.5047405531215758,29.21600000000003,yaw towards left
18:03:28.585880,126.25,1242.75,49.99650000000001,29.061000000000018,1.7203984721792087,29.061000000000018,yaw towards left
18:03:28.595007,123.9,1236.49,54.2245,28.95149999999999,1.87294267999931,28.95149999999999,yaw towards left
18:03:28.607472,189.57,1230.71,52.720499999999994,28.814999999999987,1.8296199895887564,28.814999999999987,yaw towards left
18:03:28.620150,161.51,1224.45,51.032500000000006,28.632999999999992,1.782296650717704,28.632999999999992,yaw towards left
18:03:28.630414,167.18,1218.69,46.67700000000001,28.300499999999964,1.6493348174060551,28.300499999999964,yaw towards left
18:03:28.640949,182.97,1212.45,42.6465,28.04399999999996,1.520699614890888,28.04399999999996,yaw towards left
18:03:28.646943,173.44,1206.27,33.717,27.827499999999965,1.2116431587458465,27.827499999999965,yaw towards left
18:03:28.662796,146.47,1200.58,30.2295,27.64599999999996,1.093449323591118,27.64599999999996,yaw towards left
18:03:28.677165,140.19,1193.98,27.073499999999996,27.58299999999997,0.981528477685532,27.073499999999996,yaw towards left
18:03:28.688215,114.29,1188.39,24.5465,27.464499999999976,0.8937537548471672,24.5465,yaw towards left
18:03:28.695935,125.28,1182.32,20.168,27.366499999999995,0.7369594211901414,20.168,yaw towards left
18:03:28.707623,110.46,1176.76,18.0295,27.218499999999995,0.6623987361537191,18.0295,yaw towards left
18:03:28.722386,108.91,1171.17,21.1575,27.05049999999999,0.7821482042845791,21.1575,yaw towards left
18:03:28.734202,125.8,1164.66,20.5165,26.95599999999997,0.7611106989167541,20.5165,yaw towards left
18:03:28.745254,104.49,1159.19,22.609500000000004,26.877499999999987,0.8412054692586741,22.609500000000004,yaw towards left
18:03:28.753893,110.89,1152.79,21.908,26.835500000000003,0.8163812859831192,21.908,yaw towards left
18:03:28.765033,111.94,1147.41,21.7125,26.758000000000017,0.8114395694745491,21.7125,yaw towards left
18:03:28.777393,104.09,1141.1,20.6575,26.73950000000002,0.7725462331008427,20.6575,yaw towards left
18:03:28.790198,102.54,1135.36,20.0135,26.637000000000036,0.7513421181063924,20.0135,yaw towards left
18:03:28.798777,105.63,1129.65,16.449,26.55300000000002,0.6194780250819113,16.449,yaw towards left
18:03:28.809638,113.12,1123.98,13.9215,26.46099999999999,0.5261139034805943,13.9215,yaw towards left
18:03:28.823157,101.26,1118.34,10.169499999999998,26.386000000000013,0.385412718866065,10.169499999999998,yaw towards left
18:03:28.836964,99.19,1112.28,7.3145,26.370000000000022,0.2773795980280619,7.3145,yaw towards left
18:03:28.843913,80.35,1107.66,8.988999999999999,26.202000000000044,0.3430654148538273,8.988999999999999,yaw towards left
18:03:28.856763,74.47,1101.59,9.7685,26.10800000000006,0.3741573464072306,9.7685,yaw towards left
18:03:28.864983,62.52,1096.52,12.816999999999998,25.897000000000048,0.4949221917596623,12.816999999999998,yaw towards left
18:03:28.880467,55.25,1091.41,17.196999999999996,25.631500000000027,0.6709322513313687,17.196999999999996,yaw towards left
18:03:28.890522,62.26,1085.37,19.2155,25.410000000000036,0.7562180243998414,19.2155,yaw towards left
18:03:28.899710,72.8,1080.35,18.863,25.18100000000002,0.7490965410428492,18.863,yaw towards left
18:03:28.913324,71.95,1074.39,18.626,25.0135,0.7446378955364102,18.626,yaw towards left
18:03:28.925347,68.06,1069.45,18.714,24.85300000000002,0.7529875668933321,18.714,yaw towards left
18:03:28.938223,57.68,1063.56,19.3455,24.744499999999995,0.7818100992139668,19.3455,yaw towards left
18:03:28.946499,65.78,1058.24,18.872499999999995,24.611499999999975,0.7668163257014002,18.872499999999995,yaw towards left
18:03:28.959392,73.04,1052.94,17.0905,24.56999999999996,0.6955840455840467,17.0905,yaw towards left
18:03:28.971857,84.91,1047.68,16.005,24.471499999999946,0.6540261120078473,16.005,yaw towards left
18:03:28.983793,72.7,1042.88,12.336499999999996,24.36999999999996,0.5062166598276577,12.336499999999996,yaw towards left
18:03:28.992492,91.07,1036.7,9.7135,24.399999999999977,0.3980942622950823,9.7135,yaw towards left
18:03:28.999117,80.41,1032.04,7.728499999999997,24.29499999999998,0.3181107223708583,7.728499999999997,yaw towards left
18:03:29.016635,88.19,1026.43,8.799499999999998,24.25549999999996,0.362783698542599,8.799499999999998,yaw towards left
18:03:29.027059,85.12,1021.81,9.470499999999998,24.136000000000013,0.3923806761683788,9.470499999999998,yaw towards left
18:03:29.036475,93.54,1016.69,10.127,23.994499999999995,0.4220550542832734,10.127,yaw towards left
18:03:29.046544,102.72,1011.14,10.665,23.83449999999999,0.4474606138161071,10.665,yaw towards left
18:03:29.059210,105.97,1006.59,12.482499999999998,23.63700000000001,0.5280915513813086,12.482499999999998,yaw towards left
18:03:29.074387,99.86,959.46,12.8935,27.660000000000014,0.4661424439624003,12.8935,yaw towards left
18:03:29.085359,100.55,961.4,11.919,31.021000000000015,0.3842235904709711,11.919,yaw towards left
18:03:29.094871,105.98,1024.88,12.577499999999995,29.221500000000027,0.4304193829885524,12.577499999999995,yaw towards left
18:03:29.106158,110.41,1017.33,11.7235,26.833500000000026,0.4368979074664129,11.7235,yaw towards left
18:03:29.120118,131.07,1009.72,13.901000000000002,24.898000000000003,0.5583179371837095,13.901000000000002,yaw towards left
18:03:29.130197,113.82,1002.09,13.3165,23.344000000000015,0.570446367374914,13.3165,yaw towards left
18:03:29.139788,119.84,995.33,13.863500000000002,22.279499999999985,0.6222536412397052,13.863500000000002,yaw towards left
18:03:29.147623,118.78,1056.02,13.834,24.755999999999993,0.5588140248828568,13.834,yaw towards left
18:03:29.161415,117.47,1041.95,12.599,25.81250000000001,0.4880968523002419,12.599,yaw towards left
18:03:29.176436,115.39,1095.32,10.746000000000004,31.727499999999985,0.3386967142069185,10.746000000000004,yaw towards left
18:03:29.186457,122.71,1075.24,10.351,30.675,0.337440912795436,10.351,yaw towards left
18:03:29.194755,115.61,1057.44,9.619500000000002,27.292500000000008,0.3524594668865072,9.619500000000002,yaw towards left
18:03:29.209770,127.21,1041.15,9.6,26.769500000000004,0.3586170828741664,9.6,yaw towards left
18:03:29.221372,125.22,1027.04,9.1705,28.188500000000023,0.3253277045603701,9.1705,yaw towards left
18:03:29.233001,117.87,1084.91,6.272499999999999,31.361500000000024,0.2000063772459861,6.272499999999999,yaw towards left
18:03:29.241621,127.51,1064.58,6.1450000000000005,31.31250000000001,0.1962475049900199,6.1450000000000005,yaw towards left
18:03:29.255084,123.38,1116.02,5.0219999999999985,35.53100000000002,0.1413413638794291,5.0219999999999985,yaw towards left
18:03:29.264867,119.07,1091.37,4.145499999999997,32.89050000000002,0.1260394338790834,4.145499999999997,yaw towards left
18:03:29.278703,116.97,1069.71,4.001999999999995,29.7875,0.1343516575744857,4.001999999999995,yaw towards left
18:03:29.289631,103.1,1050.58,5.7024999999999935,23.26450000000002,0.2451159491929759,5.7024999999999935,yaw towards left
18:03:29.299862,107.69,1033.62,6.1524999999999945,20.590000000000032,0.2988101019912572,6.1524999999999945,yaw towards left
18:03:29.311337,111.44,1091.93,6.762499999999996,20.666000000000032,0.3272282976870214,6.762499999999996,yaw towards left
18:03:29.323162,119.82,1068.68,5.988999999999995,20.67750000000003,0.2896384959497031,5.988999999999995,yaw towards left
18:03:29.332278,114.74,1121.37,5.665999999999997,23.632500000000004,0.2397545752671108,5.665999999999997,yaw towards left
18:03:29.342028,109.71,1094.51,6.234999999999997,21.437000000000012,0.2908522647758545,6.234999999999997,yaw towards left
18:03:29.356608,107.67,1070.98,5.956999999999996,21.671500000000016,0.2748771427912231,5.956999999999996,yaw towards left
18:03:29.365445,100.36,1049.83,6.714999999999996,18.222000000000023,0.3685105915925796,6.714999999999996,yaw towards left
18:03:29.381430,96.57,1032.04,7.745999999999997,19.79150000000004,0.3913801379380027,7.745999999999997,yaw towards left
18:03:29.393773,94.98,1091.97,8.623999999999999,21.729000000000063,0.3968889502508156,8.623999999999999,yaw towards left
18:03:29.401884,83.36,1067.79,9.277,20.276500000000055,0.4575247207358259,9.277,yaw towards left
18:03:29.414227,81.56,1121.98,10.4445,21.590000000000053,0.4837656322371456,10.4445,yaw towards left
18:03:29.424097,71.0,1093.67,12.488,20.331000000000063,0.6142344203433161,12.488,yaw towards left
18:03:29.433167,68.32,1068.91,15.0985,21.536000000000037,0.7010819093610687,15.0985,yaw towards left
18:03:29.445205,65.36,1047.17,17.2115,19.40750000000005,0.8868478680922303,17.2115,yaw towards left
18:03:29.458076,58.07,1028.0,19.036000000000005,22.04550000000004,0.8634868794084948,19.036000000000005,yaw towards left
18:03:29.471222,53.3,1089.86,20.792,23.17700000000004,0.8970962592225035,20.792,yaw towards left
18:03:29.483904,48.75,1064.67,21.861500000000003,21.49350000000002,1.0171214553237018,21.49350000000002,yaw towards left
18:03:29.492519,42.65,1120.65,23.067500000000003,21.90450000000001,1.0530941130817866,21.90450000000001,yaw towards left
18:03:29.502933,35.92,1091.23,24.377,20.875,1.1677604790419165,20.875,yaw towards left
18:03:29.516935,28.74,956.12,24.639500000000005,32.9975,0.7467080839457536,24.639500000000005,yaw towards left
18:03:29.527505,29.47,950.83,24.5495,40.54099999999998,0.6055474704620017,24.5495,yaw towards left
18:03:29.536468,28.99,945.2,23.474000000000004,50.393499999999975,0.4658140434778298,23.474000000000004,yaw towards left
18:03:29.545872,27.88,1019.94,21.869000000000003,50.901499999999984,0.429633704311268,21.869000000000003,yaw towards left
18:03:29.561308,28.88,1004.79,19.8695,50.54199999999999,0.3931284871987655,19.8695,yaw towards left
18:03:29.572914,26.61,1070.19,17.692500000000003,49.29549999999999,0.3589069996247123,17.692500000000003,yaw towards left
18:03:29.583123,21.38,1047.89,16.15,48.54200000000001,0.3327015780149148,16.15,yaw towards left
18:03:29.593413,18.96,1106.0,15.044000000000002,55.38250000000003,0.2716381528461155,15.044000000000002,yaw towards left
18:03:29.606780,23.93,1078.27,13.063,55.69150000000002,0.2345600316026681,13.063,yaw towards left
18:03:29.616023,33.03,1054.45,10.9555,56.560500000000026,0.1936952466827555,10.9555,yaw towards left
18:03:29.630396,35.91,1112.32,9.014,50.34900000000001,0.1790303680311425,9.014,yaw towards left
18:03:29.639752,43.91,1083.79,8.4115,40.9,0.2056601466992665,8.4115,yaw towards left
18:03:29.647101,44.12,1137.32,8.314499999999999,36.136999999999986,0.2300827406812962,8.314499999999999,yaw towards left
18:03:29.657640,50.58,1105.42,9.136499999999998,36.8115,0.248196894992054,9.136499999999998,yaw towards left
18:03:29.674493,43.1,1154.88,9.618,40.92100000000001,0.2350382444221792,9.618,yaw towards left
18:03:29.684499,62.34,1120.28,11.639500000000002,39.5895,0.2940047234746587,11.639500000000002,yaw towards left
18:03:29.694704,73.65,1090.18,13.898500000000002,39.74499999999998,0.3496917851302052,13.898500000000002,yaw towards left
18:03:29.707732,66.93,1142.23,15.205000000000002,35.87249999999999,0.4238622900550562,15.205000000000002,yaw towards left
18:03:29.721609,67.87,1109.67,16.819000000000006,31.56949999999997,0.5327610510144292,16.819000000000006,yaw towards left
18:03:29.733776,78.91,1158.86,18.59200000000001,33.771999999999956,0.5505152197086353,18.59200000000001,yaw towards left
18:03:29.740790,73.73,1123.75,18.748500000000003,27.830499999999983,0.6736673793140624,18.748500000000003,yaw towards left
18:03:29.748695,86.43,1169.99,19.098500000000005,29.62900000000002,0.6445880724965403,19.098500000000005,yaw towards left
18:03:29.766167,80.75,1133.14,18.5235,23.78950000000002,0.778641837785577,18.5235,yaw towards left
18:03:29.777874,91.85,1102.02,18.377,23.99300000000003,0.7659317300879415,18.377,yaw towards left
18:03:29.785268,97.83,1151.84,19.665000000000003,20.304999999999996,0.9684806697857674,19.665000000000003,yaw towards left
18:03:29.799181,98.01,1117.84,19.199500000000004,19.908500000000025,0.9643870708491338,19.199500000000004,yaw towards left
18:03:29.810418,103.06,1165.35,18.132,21.122000000000025,0.858441435470125,18.132,yaw towards left
18:03:29.823416,94.25,1129.72,16.3515,17.957000000000015,0.9105919697054068,16.3515,yaw towards left
18:03:29.830610,101.67,1175.06,15.1615,21.081500000000027,0.7191850674762224,15.1615,yaw towards left
18:03:29.842633,103.55,1138.35,13.6675,17.086000000000034,0.7999239143158126,13.6675,yaw towards left
18:03:29.852462,103.44,1106.0,13.31,19.88700000000001,0.6692814401367724,13.31,yaw towards left
18:03:29.869238,105.87,1154.77,12.01,17.844000000000005,0.6730553687514008,12.01,yaw towards left
18:03:29.880484,89.13,1121.23,12.082000000000004,18.65499999999999,0.6476547842401504,12.082000000000004,yaw towards left
18:03:29.888254,112.1,1167.79,11.2395,18.281999999999993,0.614785034460125,11.2395,yaw towards left
18:03:29.896324,114.38,1132.67,10.2015,16.22650000000001,0.6286938033463775,10.2015,yaw towards left
18:03:29.913687,116.29,1176.7,9.663,18.179999999999996,0.5315181518151817,9.663,yaw towards left
18:03:29.924600,111.45,1140.16,8.389999999999997,15.503999999999996,0.5411506707946336,8.389999999999997,yaw towards left
18:03:29.933784,113.09,1108.41,8.322,18.417499999999997,0.4518528573367721,8.322,yaw towards left
18:03:29.942475,98.04,1156.4,8.522,16.875,0.5050074074074075,8.522,yaw towards left
18:03:29.958001,113.49,1123.04,7.9424999999999955,17.951999999999998,0.4424298128342244,7.9424999999999955,yaw towards left
18:03:29.970366,113.97,1168.46,7.527999999999997,17.076999999999998,0.4408268431223281,7.527999999999997,yaw towards left
18:03:29.980059,109.78,1133.66,7.206499999999997,15.499499999999989,0.4649504822736218,7.206499999999997,yaw towards left
18:03:29.991108,119.58,1177.12,6.764499999999996,17.102999999999973,0.3955154066538038,6.764499999999996,yaw towards left
18:03:30.003838,115.03,1118.55,5.920999999999999,16.66949999999997,0.3551996160652695,5.920999999999999,yaw towards left
18:03:30.014224,116.87,1090.11,5.122000000000002,21.065499999999997,0.243146376777195,5.122000000000002,yaw towards left
18:03:30.028647,120.21,1140.77,4.490500000000002,18.43749999999998,0.2435525423728817,4.490500000000002,yaw towards left
18:03:30.036891,119.4,1110.27,4.306500000000002,20.154999999999973,0.2136690647482018,4.306500000000002,yaw towards left
18:03:30.047318,121.82,1157.54,4.450500000000001,19.102999999999952,0.2329738784484119,4.450500000000001,yaw towards left
18:03:30.060678,116.17,1124.44,3.423500000000003,17.849499999999967,0.1917980895823417,3.423500000000003,yaw towards left
18:03:30.067060,120.1,1168.77,3.448500000000003,19.66749999999995,0.1753400279649173,3.448500000000003,yaw towards left
18:03:30.085847,109.76,1204.94,4.148500000000003,24.340499999999953,0.1704361044349956,4.148500000000003,yaw towards left
18:03:30.093424,118.27,1037.17,3.923500000000004,33.55899999999995,0.1169134956345543,3.923500000000004,yaw towards left
18:03:30.105006,120.35,1092.4,3.4460000000000024,33.584499999999956,0.1026068573300185,3.4460000000000024,yaw towards left
18:03:30.114839,116.8,1072.06,3.519500000000002,36.27799999999995,0.0970147196648108,3.519500000000002,yaw towards left
18:03:30.131036,120.6,1122.17,3.2905,31.711499999999933,0.103763618876433,3.2905,yaw towards left
18:03:30.138761,116.04,1097.7,2.9219999999999997,33.17749999999994,0.0880717353628213,2.9219999999999997,yaw towards left
18:03:30.147321,109.65,1143.19,3.2204999999999986,33.35799999999995,0.0965435577672523,3.2204999999999986,yaw towards left
18:03:30.158222,103.03,1180.35,3.978999999999999,37.02999999999995,0.1074534161490684,3.978999999999999,yaw towards left
18:03:30.174338,116.83,1082.84,3.9454999999999982,39.27849999999994,0.100449355245236,3.9454999999999982,yaw towards left
18:03:30.188400,110.13,1128.5,4.378,37.97949999999996,0.1152727129109126,4.378,yaw towards left
18:03:30.196774,102.08,1105.45,4.974500000000001,31.59449999999997,0.1574482900504836,4.974500000000001,yaw towards left
18:03:30.209448,103.6,1147.42,5.8665,25.41199999999999,0.2308555013379506,5.8665,yaw towards left
18:03:30.221811,95.55,1122.28,7.149000000000003,22.508000000000017,0.3176204016349741,7.149000000000003,yaw towards left
18:03:30.232588,94.74,1161.42,8.134000000000002,21.581500000000027,0.376896879271598,8.134000000000002,yaw towards left
18:03:30.241767,88.43,1192.75,9.5375,27.158500000000025,0.3511791888359074,9.5375,yaw towards left
18:03:30.248606,98.42,1212.99,9.671500000000002,32.075000000000024,0.3015276695245517,9.671500000000002,yaw towards left
18:03:30.265917,95.28,1235.01,9.380000000000004,38.14550000000001,0.2459005649421294,9.380000000000004,yaw towards left
18:03:30.277747,94.78,1200.08,8.255000000000003,37.00700000000002,0.223065906450131,8.255000000000003,yaw towards left
18:03:30.284212,89.9,1224.22,8.805000000000001,39.01100000000001,0.225705570223783,8.805000000000001,yaw towards left
18:03:30.298828,82.77,1191.18,9.402,37.23300000000002,0.2525179276448311,9.402,yaw towards left
18:03:30.309924,86.85,1215.94,8.759,38.79800000000002,0.2257590597453475,8.759,yaw towards left
18:03:30.321730,82.64,1235.52,8.778499999999998,38.335500000000025,0.2289914048336396,8.778499999999998,yaw towards left
18:03:30.330220,81.36,1251.15,8.124999999999998,41.998500000000014,0.1934592902127455,8.124999999999998,yaw towards left
18:03:30.343633,67.69,1264.33,8.931499999999998,42.8205,0.208580002568863,8.931499999999998,yaw towards left
18:03:30.355491,68.46,1228.11,9.078,37.324499999999986,0.2432182614636499,9.078,yaw towards left
18:03:30.368360,58.79,1244.51,11.056,31.851,0.3471162600860256,11.056,yaw towards left
18:03:30.380577,63.32,1211.05,12.427,25.303500000000007,0.4911178295492717,12.427,yaw towards left
18:03:30.388529,55.45,1229.77,14.152499999999998,20.820500000000017,0.6797387190509347,14.152499999999998,yaw towards left
18:03:30.399205,55.53,1243.78,14.8555,17.220500000000015,0.8626636857234103,14.8555,yaw towards left
18:03:30.407878,58.3,1255.15,14.35,18.692000000000007,0.7677081104215704,14.35,yaw towards left
18:03:30.426182,52.6,1264.27,14.404499999999995,18.752,0.7681580631399315,14.404499999999995,yaw towards left
18:03:30.430420,52.04,1231.5,14.087,17.117999999999984,0.8229349223040082,14.087,yaw towards left
18:03:30.446678,50.8,1243.97,13.918,13.458999999999993,1.0341035738167774,13.458999999999993,yaw towards left
18:03:30.457632,49.63,1214.44,12.509,11.353999999999974,1.1017262638717655,11.353999999999974,yaw towards left
18:03:30.469030,54.98,1229.27,10.8975,11.996499999999967,0.9083899470678972,10.8975,yaw towards left
18:03:30.477149,44.3,1239.99,9.455,11.125999999999976,0.8498112529210876,9.455,yaw towards left
18:03:30.491783,43.95,1248.57,8.423999999999998,10.28299999999997,0.8192161820480427,8.423999999999998,yaw towards left
18:03:30.503361,37.62,1255.34,7.858,11.346499999999969,0.6925483629313023,7.858,yaw towards left
18:03:30.513230,37.79,1227.23,7.846000000000001,11.70799999999997,0.670140075162284,7.846000000000001,yaw towards left
18:03:30.527359,32.1,1237.03,8.612000000000002,10.305999999999973,0.8356297302542233,8.612000000000002,yaw towards left
18:03:30.535049,33.26,1211.83,8.853000000000003,10.536999999999969,0.8401822150517254,8.853000000000003,yaw towards left
18:03:30.547756,30.94,1223.78,9.195500000000004,10.20949999999998,0.9006807385278437,9.195500000000004,yaw towards left
18:03:30.557732,33.44,1232.07,9.010500000000002,10.339999999999964,0.8714216634429433,9.010500000000002,yaw towards left
18:03:30.566589,27.63,1238.6,9.214500000000005,8.424999999999978,1.0937091988130596,8.424999999999978,yaw towards left
18:03:30.581007,23.55,1243.65,10.171000000000005,8.171499999999991,1.244691917028699,8.171499999999991,yaw towards left
18:03:30.590747,25.55,1220.49,9.935,9.152999999999974,1.085436468917298,9.152999999999974,yaw towards left
18:03:30.606404,26.21,1228.12,9.629,8.68199999999997,1.109076249712052,8.68199999999997,yaw towards left
18:03:30.615971,26.49,1207.88,8.528500000000001,9.514999999999963,0.8963215974776704,8.528500000000001,yaw towards left
18:03:30.625482,24.02,1217.26,7.590000000000001,8.908999999999946,0.8519474688517282,7.590000000000001,yaw towards left
18:03:30.639197,19.97,1223.39,6.7415,8.780499999999938,0.7677808780821193,6.7415,yaw towards left
18:03:30.649370,24.64,1228.1,5.779000000000001,6.752999999999929,0.8557678069006459,5.779000000000001,yaw towards left
18:03:30.661688,27.69,1231.17,4.9670000000000005,6.121999999999934,0.8113361646520832,4.9670000000000005,yaw towards left
18:03:30.671998,29.37,1212.53,4.8895,7.30349999999994,0.6694735400835271,4.8895,yaw towards left
18:03:30.684162,28.18,1218.27,4.3294999999999995,7.265499999999951,0.5958984240589125,4.3294999999999995,yaw towards left
18:03:30.694359,23.84,1202.57,3.553500000000001,8.362999999999966,0.4249073299055381,3.553500000000001,yaw towards left
18:03:30.707257,23.68,1209.7,3.015000000000001,7.763499999999953,0.3883557673729656,3.015000000000001,yaw towards left
18:03:30.716754,22.29,1044.05,2.688,24.650499999999965,0.1090444412892235,2.688,yaw towards left
18:03:30.723815,19.34,1074.1,2.8675,36.75049999999999,0.0780261493040911,2.8675,yaw towards left
18:03:30.741220,16.37,1098.26,3.3025,47.16700000000001,0.0700171730235121,3.3025,yaw towards left
18:03:30.752849,20.44,1103.1,2.9964999999999993,57.45100000000002,0.0521574907312318,2.9964999999999993,yaw towards left
18:03:30.765801,17.08,1121.59,3.4629999999999996,61.284000000000034,0.0565074081326283,3.4629999999999996,yaw towards left
18:03:30.774368,14.71,1123.59,3.9474999999999993,61.07800000000002,0.0646304725105602,3.9474999999999993,yaw towards left
18:03:30.785352,12.21,1138.94,4.366499999999999,61.39150000000004,0.0711254815406041,4.366499999999999,yaw towards left
18:03:30.797748,15.22,1150.16,4.435499999999999,63.78150000000005,0.0695421086051597,4.435499999999999,yaw towards left
18:03:30.809999,12.71,1159.25,4.633,65.76650000000004,0.0704461998129746,4.633,yaw towards left
18:03:30.817848,14.93,1166.06,4.545,69.30700000000006,0.0655777915650655,4.545,yaw towards left
18:03:30.831088,11.98,1170.94,4.650499999999999,56.19000000000008,0.0827638369816692,4.650499999999999,yaw towards left
18:03:30.842895,18.37,1175.09,4.520999999999999,45.16450000000005,0.1001007428400623,4.520999999999999,yaw towards left
18:03:30.856469,16.84,1176.38,3.9585,36.04650000000006,0.1098164870375762,3.9585,yaw towards left
18:03:30.864454,22.04,1177.48,4.323,27.225500000000057,0.1587849626269487,4.323,yaw towards left
18:03:30.874699,21.32,1177.08,4.357,24.034500000000047,0.1812810751211796,4.357,yaw towards left
18:03:30.889257,18.91,1176.3,3.9795000000000007,24.263000000000055,0.1640151671269007,3.9795000000000007,yaw towards left
18:03:30.900448,22.23,1174.77,3.674000000000001,22.644000000000027,0.1622504857798974,3.674000000000001,yaw towards left
18:03:30.910876,23.58,1172.14,3.8690000000000007,20.165999999999983,0.1918575820688288,3.8690000000000007,yaw towards left
18:03:30.919265,27.48,1169.93,4.204,16.999999999999954,0.2472941176470594,4.204,yaw towards left
18:03:30.931389,34.54,1166.29,5.403499999999999,13.51699999999994,0.399755862987351,5.403499999999999,yaw towards left
18:03:30.945095,35.23,1162.79,6.403499999999999,10.763499999999908,0.5949273005992525,6.403499999999999,yaw towards left
18:03:30.955192,40.93,1158.95,7.876499999999998,9.159999999999922,0.8598799126637626,7.876499999999998,yaw towards left
18:03:30.963190,37.0,1154.84,8.847,8.61199999999992,1.0272875058058617,8.61199999999992,yaw towards left
18:03:30.979124,39.06,1150.49,8.955499999999999,8.891499999999928,1.0071978856211068,8.891499999999928,yaw towards left
18:03:31.012030,35.23,1145.95,8.365499999999999,9.892499999999927,0.8456406368461017,8.365499999999999,yaw towards left
18:03:31.013166,36.2,1141.7,8.1745,11.480999999999904,0.7120024388119561,8.1745,yaw towards left
18:03:31.022605,29.76,1136.36,8.258999999999999,13.518499999999928,0.6109405629322812,8.258999999999999,yaw towards left
18:03:31.049650,25.96,1131.88,8.691999999999998,15.317999999999936,0.5674370022196131,8.691999999999998,yaw towards left
18:03:31.051261,26.89,1126.8,8.7895,16.95999999999997,0.5182488207547179,8.7895,yaw towards left
18:03:31.051261,33.39,1121.65,7.687499999999998,18.313499999999976,0.4197722991235978,7.687499999999998,yaw towards left
18:03:31.056130,47.76,1116.46,7.582499999999999,19.356499999999983,0.3917288766047583,7.582499999999999,yaw towards left
18:03:31.064276,44.72,1111.23,6.680499999999998,20.194999999999983,0.3307997028967568,6.680499999999998,yaw towards left
18:03:31.080633,52.75,1105.97,7.236999999999997,20.912499999999977,0.3460609683203828,7.236999999999997,yaw towards left
18:03:31.092157,64.12,1100.25,9.272499999999996,21.547999999999956,0.4303183590124381,9.272499999999996,yaw towards left
18:03:31.105448,72.19,1095.03,12.410999999999998,22.091499999999975,0.5617997872484898,12.410999999999998,yaw towards left
18:03:31.113665,79.41,1089.35,15.630999999999997,22.624,0.6909034653465345,15.630999999999997,yaw towards left
18:03:31.124951,74.16,1084.63,17.4745,22.967499999999973,0.7608359638619797,17.4745,yaw towards left
18:03:31.135558,77.98,1079.37,18.502,23.263000000000012,0.795340239865881,18.502,yaw towards left
18:03:31.145035,78.32,1074.11,18.684499999999996,23.474,0.7959657493396948,18.684499999999996,yaw towards left
18:03:31.158033,84.73,1069.31,19.656,23.544500000000017,0.8348446558644262,19.656,yaw towards left
18:03:31.172266,88.25,1063.55,19.6695,23.631500000000027,0.832342424306539,19.6695,yaw towards left
18:03:31.183583,87.71,1058.32,19.725,23.71050000000005,0.831909913329536,19.725,yaw towards left
18:03:31.195501,86.35,1053.11,18.77,23.736500000000024,0.7907652771048799,18.77,yaw towards left
18:03:31.205045,88.47,1047.92,16.569499999999998,23.71800000000003,0.6986044354498684,16.569499999999998,yaw towards left
18:03:31.216391,93.89,1042.74,14.231500000000002,23.684500000000003,0.6008782114885263,14.231500000000002,yaw towards left
18:03:31.227852,104.82,1037.57,12.6935,23.571499999999993,0.5385104893621536,12.6935,yaw towards left
18:03:31.239654,88.86,1032.43,10.391000000000002,23.502999999999997,0.4421137727098669,10.391000000000002,yaw towards left
18:03:31.252926,89.52,1027.3,8.5525,23.45049999999997,0.3647043773053884,8.5525,yaw towards left
18:03:31.261122,96.73,1022.64,8.342500000000003,23.366499999999963,0.3570282241670774,8.342500000000003,yaw towards left
18:03:31.274498,92.6,1017.04,7.528000000000001,23.38999999999995,0.3218469431380939,7.528000000000001,yaw towards left
18:03:31.280077,91.92,1011.99,6.4300000000000015,23.346999999999944,0.2754101169315122,6.4300000000000015,yaw towards left
18:03:31.298212,91.61,1006.96,5.489500000000002,23.269499999999937,0.2359096671608765,5.489500000000002,yaw towards left
18:03:31.306651,98.65,1001.95,5.380000000000004,23.208499999999948,0.2318116207424011,5.380000000000004,yaw towards left
18:03:31.314788,86.13,997.4,5.353000000000003,23.073499999999942,0.2319977463323733,5.353000000000003,yaw towards left
18:03:31.330142,78.91,991.92,5.803500000000002,22.963999999999963,0.2527216512802652,5.803500000000002,yaw towards left
18:03:31.341180,80.57,987.43,5.024000000000004,22.831999999999972,0.2200420462508764,5.024000000000004,yaw towards left
18:03:31.351365,85.68,982.45,5.424500000000002,22.703999999999983,0.238922656800564,5.424500000000002,yaw towards left
18:03:31.364403,76.4,977.94,6.555500000000002,22.555999999999983,0.2906322042915413,6.555500000000002,yaw towards left
18:03:31.376493,76.46,972.95,6.693500000000002,22.45799999999998,0.2980452400035625,6.693500000000002,yaw towards left
18:03:31.388437,75.03,968.0,7.162000000000002,22.313999999999975,0.320964416957964,7.162000000000002,yaw towards left
18:03:31.394317,70.67,963.09,7.949000000000001,22.19799999999998,0.3580953239030547,7.949000000000001,yaw towards left
18:03:31.408514,61.08,958.21,9.594,22.105999999999984,0.433999819053651,9.594,yaw towards left
18:03:31.417204,63.91,953.82,10.207,21.966499999999986,0.4646620991054563,10.207,yaw towards left
18:03:31.433888,77.04,948.49,9.655,21.920999999999992,0.4404452351626296,9.655,yaw towards left
18:03:31.441127,69.17,944.17,9.024,21.799,0.4139639433001514,9.024,yaw towards left
18:03:31.453232,62.65,939.35,9.0445,21.7245,0.416327188197657,9.0445,yaw towards left
18:03:31.465119,60.23,934.58,9.525000000000002,21.667500000000008,0.4395984769816545,9.525000000000002,yaw towards left
18:03:31.475270,66.33,930.29,8.420000000000002,21.58050000000002,0.3901670489562334,8.420000000000002,yaw towards left
18:03:31.483307,57.63,925.51,8.2245,21.49150000000002,0.3826861782565197,8.2245,yaw towards left
18:03:31.495428,56.33,921.23,8.110000000000003,21.37700000000002,0.3793797071619028,8.110000000000003,yaw towards left
18:03:31.510884,52.14,916.47,8.175500000000003,21.24150000000002,0.3848833651107499,8.175500000000003,yaw towards left
18:03:31.523904,68.65,912.2,7.052000000000001,21.06650000000001,0.3347494837775615,7.052000000000001,yaw towards left
18:03:31.530416,64.98,907.46,5.916500000000001,20.948,0.2824374641970594,5.916500000000001,yaw towards left
18:03:31.543019,52.44,902.77,6.7555000000000005,20.809500000000003,0.3246353828780124,6.7555000000000005,yaw towards left
18:03:31.555617,49.74,898.13,7.020000000000001,20.743999999999993,0.3384111068260704,7.020000000000001,yaw towards left
18:03:31.566815,43.89,893.53,7.309000000000002,20.69449999999999,0.3531856290318685,7.309000000000002,yaw towards left
18:03:31.574643,52.66,889.41,6.523500000000001,20.592999999999996,0.3167824017870151,6.523500000000001,yaw towards left
18:03:31.582595,43.75,884.82,7.261500000000001,20.53599999999999,0.3535985586287497,7.261500000000001,yaw towards left
18:03:31.600951,41.29,880.72,7.6125,20.427,0.3726685269496255,7.6125,yaw towards left
18:03:31.612391,36.86,876.14,8.325500000000002,20.342999999999996,0.4092562552229269,8.325500000000002,yaw towards left
18:03:31.621635,34.42,871.61,8.5925,20.279499999999995,0.4237037402302819,8.5925,yaw towards left
18:03:31.630342,29.76,867.13,9.4615,20.254500000000007,0.4671307610654421,9.4615,yaw towards left
18:03:31.646878,30.69,862.69,10.527999999999995,20.21850000000001,0.5207112298142786,10.527999999999995,yaw towards left
18:03:31.658120,30.16,858.73,10.519499999999995,20.12850000000001,0.5226171845890152,10.519499999999995,yaw towards left
18:03:31.664530,27.26,854.29,10.4385,20.015000000000008,0.5215338496127901,10.4385,yaw towards left
18:03:31.680110,40.76,850.35,9.6415,19.8365,0.4860484460464295,9.6415,yaw towards left
18:03:31.691435,46.96,845.92,10.589999999999998,19.693500000000007,0.5377408789702183,10.589999999999998,yaw towards left
18:03:31.701751,41.06,842.0,10.252,19.535000000000014,0.5248016380854872,10.252,yaw towards left
18:03:31.712158,37.07,837.59,9.294999999999998,19.454000000000008,0.4777937699187825,9.294999999999998,yaw towards left
18:03:31.724077,48.5,833.24,9.162499999999998,19.393000000000008,0.4724642912391066,9.162499999999998,yaw towards left
18:03:31.730329,52.68,829.39,9.299499999999998,19.281500000000005,0.4823016881466689,9.299499999999998,yaw towards left
18:03:31.748813,47.5,824.61,8.552499999999998,19.218000000000007,0.4450254969299612,8.552499999999998,yaw towards left
18:03:31.758065,40.98,820.84,7.373499999999998,19.105500000000017,0.3859359870194442,7.373499999999998,yaw towards left
18:03:31.767773,40.4,816.15,6.544,19.062000000000012,0.3433008078900428,6.544,yaw towards left
18:03:31.780248,40.73,812.46,5.734999999999999,18.98900000000001,0.3020169571857389,5.734999999999999,yaw towards left
18:03:31.791039,37.89,808.28,5.536,18.959000000000017,0.2919985231288567,5.536,yaw towards left
18:03:31.805462,31.39,804.15,5.3504999999999985,18.917500000000008,0.2828333553587945,5.3504999999999985,yaw towards left
18:03:31.811763,32.87,800.49,5.5779999999999985,18.847,0.2959622221043136,5.5779999999999985,yaw towards left
18:03:31.825921,34.57,796.35,6.034499999999999,18.75050000000001,0.3218314178288576,6.034499999999999,yaw towards left
18:03:31.838607,35.76,792.7,5.097499999999998,18.609500000000015,0.2739192347994301,5.097499999999998,yaw towards left
18:03:31.850573,28.9,788.57,4.513499999999999,18.4995,0.2439795670153246,4.513499999999999,yaw towards left
18:03:31.857487,24.59,784.94,4.911999999999999,18.302499999999988,0.2683786367982517,4.911999999999999,yaw towards left
18:03:31.870948,31.12,780.82,5.167999999999998,18.166999999999984,0.2844718445533111,5.167999999999998,yaw towards left
18:03:31.883494,44.26,777.21,6.159999999999998,17.97199999999999,0.3427553972846651,6.159999999999998,yaw towards left
18:03:31.895678,40.86,773.12,6.844999999999999,17.837999999999987,0.3837313600179394,6.844999999999999,yaw towards left
18:03:31.905335,33.92,769.08,6.5845,17.733499999999992,0.3713029012885219,6.5845,yaw towards left
18:03:31.915723,31.81,765.54,5.7965,17.610000000000003,0.32915956842703,5.7965,yaw towards left
18:03:31.924213,31.79,761.07,5.1345,17.604000000000006,0.2916666666666666,5.1345,yaw towards left
18:03:31.940671,45.09,757.62,5.7575,17.563,0.3278198485452371,5.7575,yaw towards left
18:03:31.945861,38.87,753.23,6.019500000000001,17.583000000000006,0.342347722231701,6.019500000000001,yaw towards left
18:03:31.962435,32.66,749.86,5.290000000000001,17.563500000000012,0.3011928146440059,5.290000000000001,yaw towards left
18:03:31.973377,30.47,745.99,4.5145,17.557000000000027,0.2571339067038784,4.5145,yaw towards left
18:03:31.982408,28.64,742.16,4.719500000000001,17.51550000000003,0.269447061174388,4.719500000000001,yaw towards left
18:03:31.991496,38.73,738.81,4.2095,17.445500000000028,0.2412943165859387,4.2095,yaw towards left
18:03:32.006679,34.72,734.53,3.638500000000001,17.395500000000037,0.2091632893564423,3.638500000000001,yaw towards left
18:03:32.014651,29.68,731.25,3.841499999999999,17.295500000000025,0.2221097973461301,3.841499999999999,yaw towards left
18:03:32.030593,24.43,727.49,4.4625,17.220000000000017,0.2591463414634144,4.4625,yaw towards left
18:03:32.038734,31.39,724.2,4.418499999999999,17.053999999999995,0.2590887768265509,4.418499999999999,yaw towards left
18:03:32.049654,25.26,720.43,3.762999999999998,16.9235,0.222353532070789,3.762999999999998,yaw towards left
18:03:32.065308,23.3,716.71,3.839999999999999,16.754499999999997,0.2291921573308663,3.839999999999999,yaw towards left
18:03:32.073844,20.9,713.47,4.602999999999999,16.5995,0.2772975089611132,4.602999999999999,yaw towards left
18:03:32.084171,21.88,709.74,4.8279999999999985,16.478499999999997,0.2929878326303971,4.8279999999999985,yaw towards left
18:03:32.095028,18.45,706.51,5.0024999999999995,16.3405,0.3061411829503381,5.0024999999999995,yaw towards left
18:03:32.107322,17.45,702.34,5.1,16.301999999999985,0.3128450496871552,5.1,yaw towards left
18:03:32.122254,28.94,699.19,5.464499999999999,16.190499999999975,0.3375127389518549,5.464499999999999,yaw towards left
18:03:32.130234,24.89,695.56,5.3115,16.127499999999987,0.3293442877073324,5.3115,yaw towards left
18:03:32.142295,24.67,691.96,4.6005,16.08549999999998,0.2860029218861711,4.6005,yaw towards left
18:03:32.148700,26.84,688.85,4.822500000000001,16.014499999999988,0.3011333479034627,4.822500000000001,yaw towards left
18:03:32.166962,27.84,685.25,4.641,15.941999999999997,0.2911178020323673,4.641,yaw towards left
18:03:32.174127,23.22,682.14,4.0360000000000005,15.847500000000002,0.2546773939107115,4.0360000000000005,yaw towards left
18:03:32.187601,24.7,678.55,3.211500000000001,15.778500000000008,0.2035364578381975,3.211500000000001,yaw towards left
18:03:32.197801,41.39,675.45,4.364,15.6635,0.2786095061767804,4.364,yaw towards left
18:03:32.211123,44.32,671.88,5.57,15.599999999999987,0.3570512820512823,5.57,yaw towards left
18:03:32.216035,36.44,668.35,5.838499999999999,15.51149999999999,0.3763981562066855,5.838499999999999,yaw towards left
18:03:32.230128,30.54,665.32,5.650999999999999,15.423999999999989,0.3663770746887969,5.650999999999999,yaw towards left
18:03:32.243528,26.97,661.36,5.5920000000000005,15.38349999999998,0.3635063542106808,5.5920000000000005,yaw towards left
18:03:32.256740,29.08,658.4,5.5855,15.293499999999984,0.3652205185209406,5.5855,yaw towards left
18:03:32.265492,35.92,654.97,5.911,15.250499999999988,0.3875938493819877,5.911,yaw towards left
18:03:32.277213,29.96,652.02,5.554499999999999,15.180499999999984,0.3658970389644613,5.554499999999999,yaw towards left
18:03:32.290112,24.53,648.14,6.053999999999999,15.176999999999987,0.398893061869935,6.053999999999999,yaw towards left
18:03:32.300740,23.12,644.82,6.7655,15.161999999999978,0.4462142197599268,6.7655,yaw towards left
18:03:32.309796,36.61,641.97,5.741999999999999,15.137999999999977,0.3793103448275867,5.741999999999999,yaw towards left
18:03:32.321170,61.51,638.19,7.022499999999999,15.151499999999976,0.4634854634854641,7.022499999999999,yaw towards left
18:03:32.331951,53.74,635.86,8.461500000000001,15.038999999999977,0.5626371434270905,8.461500000000001,yaw towards left
18:03:32.345577,44.49,632.51,9.2965,14.93349999999998,0.6225265343020733,9.2965,yaw towards left
18:03:32.355038,41.18,629.65,9.7445,14.743999999999982,0.6609129137276187,9.7445,yaw towards left
18:03:32.364231,38.05,626.32,9.754499999999998,14.593499999999985,0.6684140199403851,9.754499999999998,yaw towards left
18:03:32.380006,44.86,623.47,9.668,14.434499999999993,0.6697841975821821,9.668,yaw towards left
18:03:32.390770,37.66,620.15,9.8345,14.356499999999984,0.6850207223209008,9.8345,yaw towards left
18:03:32.397284,31.28,616.88,10.096,14.25649999999997,0.7081682039771346,10.096,yaw towards left
18:03:32.410753,33.89,614.1,9.9555,14.138999999999976,0.7041162741353715,9.9555,yaw towards left
18:03:32.423971,40.18,610.39,9.3695,14.117999999999984,0.6636563252585358,9.3695,yaw towards left
18:03:32.437820,37.9,607.69,6.364999999999999,13.999499999999978,0.4546590949676781,6.364999999999999,yaw towards left
18:03:32.448104,30.66,604.5,4.747499999999998,13.978999999999983,0.3396165677087061,4.747499999999998,yaw towards left
18:03:32.457689,25.96,601.8,4.774499999999998,13.950999999999988,0.3422335316464771,4.774499999999998,yaw towards left
18:03:32.464841,30.4,599.06,4.820499999999998,13.894999999999992,0.3469233537243613,4.820499999999998,yaw towards left
18:03:32.480219,38.4,595.85,5.010999999999998,13.837999999999989,0.362118803295274,5.010999999999998,yaw towards left
18:03:32.494524,46.28,593.14,5.536999999999997,13.777999999999986,0.401872550442735,5.536999999999997,yaw towards left
18:03:32.502725,40.52,589.95,5.803999999999999,13.694499999999982,0.4238197816641723,5.803999999999999,yaw towards left
18:03:32.514724,34.87,587.26,5.122,13.591499999999986,0.3768531802965092,5.122,yaw towards left
18:03:32.526728,28.54,584.09,5.3340000000000005,13.539499999999975,0.3939584179622593,5.3340000000000005,yaw towards left
18:03:32.532818,41.69,581.42,5.8145,13.39649999999998,0.4340312768260372,5.8145,yaw towards left
18:03:32.541401,49.56,578.28,6.9855,13.311000000000002,0.5247915258057245,6.9855,yaw towards left
18:03:32.557730,47.31,575.64,7.0390000000000015,13.206000000000008,0.5330152960775404,7.0390000000000015,yaw towards left
18:03:32.572381,39.16,572.98,5.9250000000000025,13.106499999999992,0.4520657688932976,5.9250000000000025,yaw towards left
18:03:32.582703,32.03,569.85,6.168500000000003,13.078499999999986,0.4716519478533478,6.168500000000003,yaw towards left
18:03:32.593071,31.02,567.22,6.788000000000002,13.02249999999998,0.5212516797849885,6.788000000000002,yaw towards left
18:03:32.599610,27.76,564.12,6.663000000000002,13.010999999999978,0.5121051418030907,6.663000000000002,yaw towards left
18:03:32.617068,28.63,561.53,6.682500000000002,12.968999999999983,0.5152671755725199,6.682500000000002,yaw towards left
18:03:32.628605,29.19,558.47,6.764500000000003,12.94649999999998,0.5224964276059176,6.764500000000003,yaw towards left
18:03:32.638311,23.66,555.9,6.766500000000002,12.873500000000002,0.5256146347147241,6.766500000000002,yaw towards left
18:03:32.645794,29.81,553.32,6.296500000000002,12.800999999999998,0.491875634716038,6.296500000000002,yaw towards left
18:03:32.659579,37.88,550.27,5.750500000000002,12.729999999999997,0.4517282010997647,5.750500000000002,yaw towards left
18:03:32.674292,30.67,547.73,5.008500000000001,12.66049999999999,0.395600489712097,5.008500000000001,yaw towards left
18:03:32.683303,25.48,544.72,5.3425,12.637499999999989,0.4227497527200795,5.3425,yaw towards left
18:03:32.694514,20.63,542.66,5.389500000000001,12.541999999999996,0.4297161537234892,5.389500000000001,yaw towards left
18:03:32.707639,20.28,539.62,5.299,12.496500000000015,0.424038730844636,5.299,yaw towards left
18:03:32.714478,21.1,537.09,4.968999999999999,12.403500000000008,0.4006127302777438,4.968999999999999,yaw towards left
18:03:32.724318,18.13,534.55,5.131,12.293000000000015,0.417392011713983,5.131,yaw towards left
18:03:32.739719,24.45,531.55,4.937,12.212500000000034,0.4042579324462629,4.937,yaw towards left
18:03:32.751051,32.74,529.51,4.928,12.112000000000023,0.406869220607661,4.928,yaw towards left
18:03:32.757473,27.94,526.49,5.165000000000001,12.063500000000024,0.428151034111161,5.165000000000001,yaw towards left
18:03:32.772680,23.58,523.99,4.462000000000001,11.991000000000009,0.372112417646568,4.462000000000001,yaw towards left
18:03:32.780104,19.42,521.04,4.711,11.965000000000009,0.3937317175094021,4.711,yaw towards left
18:03:32.793080,17.34,518.6,4.661500000000001,11.911500000000013,0.391344499013558,4.661500000000001,yaw towards left
18:03:32.808780,17.99,516.14,4.103500000000001,11.902500000000009,0.344759504305818,4.103500000000001,yaw towards left
18:03:32.817238,18.42,513.23,3.496000000000001,11.886,0.2941275450109373,3.496000000000001,yaw towards left
18:03:32.830152,14.9,510.83,3.302500000000001,11.863500000000004,0.2783748472204661,3.302500000000001,yaw towards left
18:03:32.842697,15.02,507.97,3.0485000000000015,11.88099999999999,0.2565861459473111,3.0485000000000015,yaw towards left
18:03:32.853652,16.04,505.62,3.225500000000001,11.84199999999998,0.2723779766931267,3.225500000000001,yaw towards left
18:03:32.863053,17.35,502.8,2.4800000000000013,11.867499999999971,0.2089740888982521,2.4800000000000013,yaw towards left
18:03:32.874215,21.21,500.49,2.536500000000001,11.834999999999969,0.2143219264892275,2.536500000000001,yaw towards left
18:03:32.888737,19.19,497.72,2.6450000000000005,11.81999999999997,0.2237732656514388,2.6450000000000005,yaw towards left
18:03:32.899497,26.95,495.44,3.281,11.754499999999974,0.2791271427963765,3.281,yaw towards left
18:03:32.907187,22.33,493.15,3.341,11.667499999999984,0.2863509749303625,3.341,yaw towards left
18:03:32.915139,18.63,490.39,3.0814999999999997,11.606999999999982,0.2654863444473166,3.0814999999999997,yaw towards left
18:03:32.932036,16.51,488.13,3.0454999999999997,11.503499999999985,0.2647455122354069,3.0454999999999997,yaw towards left
18:03:32.943561,19.86,485.41,2.7384999999999997,11.451999999999988,0.2391285365001748,2.7384999999999997,yaw towards left
18:03:32.951822,18.19,483.2,2.4204999999999997,11.376499999999991,0.2127631521118095,2.4204999999999997,yaw towards left
18:03:32.965727,14.65,480.51,2.63,11.327499999999992,0.2321783270801149,2.63,yaw towards left
18:03:32.974239,21.82,478.33,2.8274999999999997,11.232,0.2517361111111111,2.8274999999999997,yaw towards left
18:03:32.990438,18.73,476.12,2.4965,11.143,0.2240419994615453,2.4965,yaw towards left
18:03:32.994004,15.5,473.45,2.6625,11.060500000000008,0.240721486370417,2.6625,yaw towards left
18:03:33.010704,21.72,471.29,2.0385,10.981500000000006,0.1856303783636114,2.0385,yaw towards left
18:03:33.023393,18.28,468.65,1.6434999999999995,10.952499999999995,0.1500570645971239,1.6434999999999995,yaw towards left
18:03:33.034847,19.03,466.52,1.6854999999999998,10.897500000000004,0.1546685019499884,1.6854999999999998,yaw towards left
18:03:33.043861,17.96,463.92,1.5919999999999996,10.886499999999996,0.1462361640564001,1.5919999999999996,yaw towards left
18:03:33.055479,22.34,461.83,1.8804999999999992,10.823499999999996,0.1737423199519563,1.8804999999999992,yaw towards left
18:03:33.065203,24.51,459.7,2.3714999999999997,10.741000000000003,0.2207894981845264,2.3714999999999997,yaw towards left
18:03:33.080699,21.41,457.12,2.0645,10.6615,0.1936406696993856,2.0645,yaw towards left
18:03:33.091999,20.07,455.04,1.887,10.5865,0.1782458791857554,1.887,yaw towards left
18:03:33.100692,16.11,452.48,2.2079999999999993,10.561000000000002,0.2090711106902754,2.2079999999999993,yaw towards left
18:03:33.113251,14.12,450.44,2.4329999999999994,10.508,0.231537875904073,2.4329999999999994,yaw towards left
18:03:33.125664,16.56,447.92,2.3385,10.500499999999994,0.222703680777106,2.3385,yaw towards left
18:03:33.134969,13.7,445.9,2.8005000000000004,10.4415,0.2682085907197242,2.8005000000000004,yaw towards left
18:03:33.145331,13.46,443.86,3.128,10.360999999999995,0.3019013608725028,3.128,yaw towards left
18:03:33.157847,24.78,441.35,3.72,10.285500000000004,0.3616742015458655,3.72,yaw towards left
18:03:33.163864,23.14,439.35,3.8190000000000017,10.214499999999996,0.3738802682461209,3.8190000000000017,yaw towards left
18:03:33.182387,18.82,436.88,3.369000000000001,10.190499999999991,0.3306020313036655,3.369000000000001,yaw towards left
18:03:33.190332,16.52,434.91,3.252000000000001,10.140999999999991,0.3206784340794797,3.252000000000001,yaw towards left
18:03:33.203344,19.94,432.47,3.540000000000002,10.13649999999999,0.3492329699600459,3.540000000000002,yaw towards left
18:03:33.214135,16.07,430.52,3.243000000000001,10.079999999999997,0.3217261904761908,3.243000000000001,yaw towards left
18:03:33.227790,17.44,428.11,2.744000000000001,10.047999999999996,0.2730891719745225,2.744000000000001,yaw towards left
18:03:33.235323,25.92,426.2,3.3135000000000003,9.9685,0.3323970507097357,3.3135000000000003,yaw towards left
18:03:33.247304,24.3,424.26,3.3260000000000005,9.8935,0.336180320412392,3.3260000000000005,yaw towards left
18:03:33.259332,19.98,421.86,2.948000000000001,9.867,0.2987736900780379,2.948000000000001,yaw towards left
18:03:33.272775,18.39,419.95,2.4005000000000005,9.7925,0.2451365841205004,2.4005000000000005,yaw towards left
18:03:33.281583,19.41,417.58,1.9475,9.767,0.1993959250537524,1.9475,yaw towards left
18:03:33.293323,16.8,415.71,2.0445,9.716000000000008,0.2104261012762451,2.0445,yaw towards left
18:03:33.303583,15.13,413.37,2.4194999999999993,9.688000000000011,0.249741948802642,2.4194999999999993,yaw towards left
18:03:33.317075,15.53,411.53,2.317999999999999,9.612000000000013,0.2411568872243025,2.317999999999999,yaw towards left
18:03:33.324687,13.77,409.66,2.6854999999999993,9.539500000000004,0.2815137061690862,2.6854999999999993,yaw towards left
18:03:33.338880,14.4,407.32,2.9609999999999994,9.471500000000002,0.3126220767565854,2.9609999999999994,yaw towards left
18:03:33.346924,13.66,405.49,2.4324999999999988,9.407,0.2585840331667906,2.4324999999999988,yaw towards left
18:03:33.360351,24.78,403.19,2.8019999999999996,9.389999999999992,0.2984025559105434,2.8019999999999996,yaw towards left
18:03:33.370033,19.87,401.39,3.1704999999999997,9.346999999999998,0.3391997432331229,3.1704999999999997,yaw towards left
18:03:33.380404,24.77,399.12,3.931999999999999,9.347499999999997,0.420647231880182,3.931999999999999,yaw towards left
18:03:33.395814,35.57,397.34,5.842999999999999,9.296499999999998,0.6285161082127683,5.842999999999999,yaw towards left
18:03:33.407114,30.36,395.55,6.898999999999999,9.223499999999996,0.7479807014690738,6.898999999999999,yaw towards left
18:03:33.415957,33.81,393.28,7.671000000000001,9.155499999999996,0.837857025831468,7.671000000000001,yaw towards left
18:03:33.425765,34.02,391.52,8.357000000000001,9.091499999999996,0.919210251333664,8.357000000000001,yaw towards left
18:03:33.439156,34.49,389.29,8.634500000000001,9.075,0.951460055096419,8.634500000000001,yaw towards left
18:03:33.452703,38.1,387.55,8.916500000000003,9.032,0.9872121346324184,8.916500000000003,yaw towards left
18:03:33.458943,38.43,385.35,9.1175,9.033499999999998,1.009298721425804,9.033499999999998,yaw towards left
18:03:33.473373,34.13,383.65,8.261500000000002,8.982499999999998,0.9197328138046204,8.261500000000002,yaw towards left
18:03:33.484660,32.8,381.92,8.018500000000001,8.91049999999999,0.8998933842096415,8.018500000000001,yaw towards left
18:03:33.497450,28.7,379.72,7.695500000000001,8.843499999999988,0.8701871430994529,7.695500000000001,yaw towards left
18:03:33.502941,23.6,378.02,6.786500000000001,8.779999999999996,0.7729498861047841,6.786500000000001,yaw towards left
18:03:33.518647,19.43,375.86,6.969000000000003,8.764999999999992,0.7950941243582441,6.969000000000003,yaw towards left
18:03:33.529915,19.61,374.19,7.200000000000001,8.72349999999999,0.8253567948644476,7.200000000000001,yaw towards left
18:03:33.542375,23.46,372.06,7.004500000000002,8.725999999999994,0.8027160210864093,7.004500000000002,yaw towards left
18:03:33.546462,20.56,370.42,6.8715,8.676999999999992,0.7919211709116061,6.8715,yaw towards left
18:03:33.563459,16.46,368.75,6.977000000000001,8.606499999999993,0.810666356823332,6.977000000000001,yaw towards left
18:03:33.574346,19.03,367.07,6.823500000000001,8.495499999999998,0.803189924077453,6.823500000000001,yaw towards left
18:03:33.585178,16.53,365.37,7.1735000000000015,8.395999999999997,0.8543949499761796,7.1735000000000015,yaw towards left
18:03:33.595685,13.71,363.21,7.627000000000001,8.350500000000006,0.9133584815280515,7.627000000000001,yaw towards left
18:03:33.608456,18.5,361.56,7.1625,8.28300000000001,0.8647229264759134,7.1625,yaw towards left
18:03:33.621523,16.3,359.45,6.3774999999999995,8.286000000000001,0.7696717354573979,6.3774999999999995,yaw towards left
18:03:33.633272,17.45,357.84,4.9815,8.260000000000009,0.6030871670702173,4.9815,yaw towards left
18:03:33.643800,23.16,356.21,4.119999999999999,8.20850000000001,0.5019187427666436,4.119999999999999,yaw towards left
18:03:33.651435,22.26,354.56,3.8194999999999992,8.115000000000004,0.4706715958102276,3.8194999999999992,yaw towards left
18:03:33.666243,22.39,352.9,3.701999999999999,8.030500000000007,0.4609924662225261,3.701999999999999,yaw towards left
18:03:33.677948,21.65,350.79,3.283499999999999,7.997000000000003,0.4105914718019255,3.283499999999999,yaw towards left
18:03:33.683880,20.4,349.18,3.0805,7.9860000000000015,0.3857375406962183,3.0805,yaw towards left
18:03:33.698527,16.83,347.12,2.9869999999999997,8.037,0.3716560905810625,2.9869999999999997,yaw towards left
18:03:33.708925,25.72,346.01,2.8754999999999997,8.006,0.3591681239070696,2.8754999999999997,yaw towards left
18:03:33.722372,36.2,343.91,4.227,7.996999999999997,0.5285732149556086,4.227,yaw towards left
18:03:33.731371,30.75,342.33,4.823,7.916500000000002,0.6092338786079706,4.823,yaw towards left
18:03:33.740926,26.35,340.73,5.128,7.820499999999993,0.6557125503484438,5.128,yaw towards left
18:03:33.754898,26.32,338.68,4.836,7.800999999999993,0.6199205230098711,4.836,yaw towards left
18:03:33.765010,23.85,337.14,4.501,7.8005,0.5770142939555157,4.501,yaw towards left
18:03:33.780186,22.4,335.13,4.298,7.838999999999999,0.5482842199260111,4.298,yaw towards left
18:03:33.788874,19.96,333.63,4.492,7.843500000000001,0.5727035124625486,4.492,yaw towards left
18:03:33.795390,22.79,331.67,4.596500000000001,7.862500000000006,0.5846104928457866,4.596500000000001,yaw towards left
18:03:33.812514,22.72,330.2,4.541000000000001,7.807000000000005,0.5816574868707568,4.541000000000001,yaw towards left
18:03:33.824663,26.71,328.72,4.234,7.776499999999999,0.5444608757152962,4.234,yaw towards left
18:03:33.830246,27.97,326.77,3.098,7.744,0.400051652892562,3.098,yaw towards left
18:03:33.843676,22.38,325.77,2.3495000000000004,7.6664999999999965,0.3064631839822607,2.3495000000000004,yaw towards left
18:03:33.858074,23.78,323.78,2.0415,7.640000000000003,0.2672120418848167,2.0415,yaw towards left
18:03:33.868581,33.26,322.31,2.8125,7.566500000000008,0.3717042225599679,2.8125,yaw towards left
18:03:33.878505,29.38,320.37,3.3284999999999996,7.522000000000003,0.4425019941504917,3.3284999999999996,yaw towards left
18:03:33.891857,24.9,318.94,3.146,7.456,0.4219420600858369,3.146,yaw towards left
18:03:33.905051,29.52,317.04,3.0349999999999997,7.439499999999998,0.4079575240271524,3.0349999999999997,yaw towards left
18:03:33.913592,35.97,315.65,3.6985,7.3754999999999935,0.5014575283031664,3.6985,yaw towards left
18:03:33.922883,30.88,314.24,3.7125,7.314499999999998,0.5075534896438583,3.7125,yaw towards left
18:03:33.935502,27.34,312.35,3.6835,7.303499999999997,0.5043472307797633,3.6835,yaw towards left
18:03:33.949150,22.7,310.98,3.9609999999999994,7.243499999999995,0.5468350935321326,3.9609999999999994,yaw towards left
18:03:33.974050,23.23,309.13,4.38,7.276999999999998,0.6018963858732995,4.38,yaw towards left
18:03:33.978075,20.62,307.79,5.104499999999999,7.276999999999992,0.7014566442215204,5.104499999999999,yaw towards left
18:03:33.981596,18.62,306.42,4.856999999999999,7.249499999999989,0.669977239809643,4.856999999999999,yaw towards left
18:03:33.993377,21.09,305.03,4.544999999999999,7.175499999999994,0.6334053376071358,4.544999999999999,yaw towards left
18:03:34.012151,31.97,303.63,5.157499999999999,7.084999999999996,0.7279463655610446,5.157499999999999,yaw towards left
18:03:34.014160,26.66,301.77,4.957499999999999,6.980500000000006,0.7101926796074771,4.957499999999999,yaw towards left
18:03:34.026957,30.62,300.41,4.661999999999999,6.910500000000008,0.6746255697851087,4.661999999999999,yaw towards left
18:03:34.038788,28.91,298.6,4.837999999999999,6.913000000000006,0.6998408795023862,4.837999999999999,yaw towards left
18:03:34.048813,28.63,297.28,5.072999999999999,6.887500000000012,0.7365517241379296,5.072999999999999,yaw towards left
18:03:34.058481,28.1,295.5,4.578999999999999,6.906500000000011,0.6629986244841803,4.578999999999999,yaw towards left
18:03:34.064933,23.27,294.22,4.476999999999999,6.872000000000009,0.6514842840512214,4.476999999999999,yaw towards left
18:03:34.083728,27.04,292.92,3.7559999999999993,6.815000000000009,0.5511371973587665,3.7559999999999993,yaw towards left
18:03:34.093933,24.0,291.15,3.3629999999999995,6.806500000000011,0.4940865349298455,3.3629999999999995,yaw towards left
18:03:34.099609,26.87,289.88,3.1355,6.794000000000006,0.4615101560200172,3.1355,yaw towards left
18:03:34.116301,22.8,288.14,2.8825,6.823500000000007,0.4224371656774378,2.8825,yaw towards left
18:03:34.128824,24.22,286.91,2.9844999999999997,6.8205000000000044,0.4375778901840038,2.9844999999999997,yaw towards left
18:03:34.140584,25.28,285.2,2.4965,6.834500000000003,0.3652790986904674,2.4965,yaw towards left
18:03:34.147796,23.06,283.99,2.269,6.774500000000001,0.3349324673407631,2.269,yaw towards left
18:03:34.158344,19.78,282.75,2.3335,6.695499999999998,0.3485176611156748,2.3335,yaw towards left
18:03:34.173542,22.42,281.49,2.383,6.578999999999996,0.3622131022951818,2.383,yaw towards left
18:03:34.185576,19.7,280.21,2.3549999999999995,6.476499999999999,0.3636223268740832,2.3549999999999995,yaw towards left
18:03:34.192349,29.26,278.47,2.8749999999999996,6.4305,0.4470880957934841,2.8749999999999996,yaw towards left
18:03:34.206452,36.05,277.69,3.758999999999999,6.3195,0.5948255399952527,3.758999999999999,yaw towards left
18:03:34.217992,30.56,275.93,4.3809999999999985,6.2875,0.6967793240556658,4.3809999999999985,yaw towards left
18:03:34.230476,26.71,274.67,4.161499999999999,6.233499999999998,0.6676024705221787,4.161499999999999,yaw towards left
18:03:34.234600,39.47,273.41,5.235499999999999,6.160499999999996,0.8498498498498502,5.235499999999999,yaw towards left
18:03:34.251766,53.82,272.13,7.7395,6.072000000000003,1.2746212121212117,6.072000000000003,yaw towards left
18:03:34.263538,43.69,270.85,8.9485,6.015500000000003,1.487573767766602,6.015500000000003,yaw towards left
18:03:34.275777,44.33,269.56,9.618,5.963500000000005,1.6128112685503464,5.963500000000005,yaw towards left
18:03:34.281995,39.21,268.27,9.6545,5.937000000000012,1.6261579922519758,5.937000000000012,yaw towards left
18:03:34.297128,37.69,266.53,9.3475,5.97650000000001,1.5640424997908449,5.97650000000001,yaw towards left
18:03:34.308575,30.43,265.31,9.5765,5.982000000000011,1.6008859913072522,5.982000000000011,yaw towards left
18:03:34.313851,25.84,264.07,9.5965,6.027500000000015,1.5921194525093283,6.027500000000015,yaw towards left
18:03:34.326994,23.32,262.83,10.417500000000002,6.017000000000013,1.731344523849091,6.017000000000013,yaw towards left
18:03:34.342194,23.7,261.58,11.696500000000002,5.981000000000011,1.955609429861224,5.981000000000011,yaw towards left
18:03:34.354199,21.56,259.88,11.599000000000002,5.992000000000007,1.9357476635514,5.992000000000007,yaw towards left
18:03:34.363970,28.23,258.7,9.125500000000002,5.996000000000004,1.5219312875250162,5.996000000000004,yaw towards left
18:03:34.374558,25.34,257.05,7.917000000000002,6.040000000000004,1.310761589403973,6.040000000000004,yaw towards left
18:03:34.386817,27.1,255.92,6.877500000000003,6.094500000000002,1.1284764952005908,6.094500000000002,yaw towards left
18:03:34.399062,23.81,254.77,6.897500000000003,6.113499999999999,1.1282407786047275,6.113499999999999,yaw towards left
18:03:34.411046,25.84,253.6,6.846500000000003,6.058499999999995,1.130065197656187,6.058499999999995,yaw towards left
18:03:34.414585,25.19,252.42,6.052000000000001,5.985999999999995,1.0110257266956242,5.985999999999995,yaw towards left
18:03:34.430229,42.8,251.24,6.544500000000001,5.896999999999991,1.109801594030865,5.896999999999991,yaw towards left
18:03:34.444378,52.03,250.5,7.6755,5.7729999999999935,1.3295513597782795,5.7729999999999935,yaw towards left
18:03:34.456700,43.76,248.79,7.9295,5.730499999999995,1.383736148678127,5.730499999999995,yaw towards left
18:03:34.461183,38.2,247.6,7.733000000000001,5.667499999999999,1.3644464049404506,5.667499999999999,yaw towards left
18:03:34.475320,36.63,245.97,8.0995,5.654499999999996,1.432398974268283,5.654499999999996,yaw towards left
18:03:34.488106,36.29,244.85,7.947,5.616499999999999,1.4149381287278555,5.616499999999999,yaw towards left
18:03:34.497345,33.95,243.71,8.135000000000002,5.581499999999997,1.4574935053301097,5.581499999999997,yaw towards left
18:03:34.507034,46.67,242.57,8.882499999999999,5.5479999999999965,1.6010273972602749,5.5479999999999965,yaw towards left
18:03:34.521512,47.61,241.43,9.568499999999998,5.514499999999998,1.7351527790370844,5.514499999999998,yaw towards left
18:03:34.532962,47.57,240.28,9.99,5.481999999999997,1.8223276176577905,5.481999999999997,yaw towards left
18:03:34.543816,40.53,239.13,8.398,5.472499999999997,1.53458200091366,5.472499999999997,yaw towards left
18:03:34.557486,42.48,237.52,5.8515,5.5499999999999945,1.0543243243243252,5.5499999999999945,yaw towards left
18:03:34.565182,41.18,236.44,4.154999999999999,5.566499999999993,0.7464295338183786,4.154999999999999,yaw towards left
18:03:34.575804,32.95,235.34,3.8919999999999986,5.5769999999999955,0.6978662363277751,3.8919999999999986,yaw towards left
18:03:34.589841,26.95,234.24,4.805999999999999,5.537499999999994,0.8679006772009037,4.805999999999999,yaw towards left
18:03:34.602311,30.38,233.13,5.836499999999999,5.454999999999993,1.0699358386801112,5.454999999999993,yaw towards left
18:03:34.612151,29.78,231.57,6.6930000000000005,5.402499999999998,1.2388708931050445,5.402499999999998,yaw towards left
18:03:34.623745,24.48,230.53,6.9935,5.375999999999996,1.300874255952382,5.375999999999996,yaw towards left
18:03:34.630408,22.47,229.02,7.202000000000001,5.417499999999999,1.3293954776188284,5.417499999999999,yaw towards left
18:03:34.648152,21.38,228.02,7.643000000000001,5.470999999999998,1.3970023761652357,5.470999999999998,yaw towards left
18:03:34.657505,19.06,227.01,8.412,5.4899999999999975,1.5322404371584708,5.4899999999999975,yaw towards left
18:03:34.663890,16.57,225.98,9.229000000000005,5.435000000000002,1.6980680772769088,5.435000000000002,yaw towards left
18:03:34.680423,16.66,224.94,9.878000000000004,5.3625000000000025,1.842051282051282,5.3625000000000025,yaw towards left
18:03:34.693446,20.79,223.45,9.201000000000002,5.318000000000003,1.7301617149304245,5.318000000000003,yaw towards left
18:03:34.697730,22.17,222.91,7.850000000000001,5.232000000000005,1.5003822629969408,5.232000000000005,yaw towards left
18:03:34.713663,31.71,221.84,7.796000000000001,5.178000000000006,1.5056006179992258,5.178000000000006,yaw towards left
18:03:34.726127,25.79,220.77,7.090000000000002,5.106,1.3885624755189976,5.106,yaw towards left
18:03:34.738400,31.63,219.7,6.849500000000001,5.0195000000000025,1.3645781452335886,5.0195000000000025,yaw towards left
18:03:34.746937,26.29,218.63,6.381500000000001,4.897500000000003,1.303011740684022,4.897500000000003,yaw towards left
18:03:34.759795,23.17,217.56,5.5615000000000006,4.812500000000003,1.1556363636363631,4.812500000000003,yaw towards left
18:03:34.772246,19.97,216.05,4.901000000000001,4.804000000000002,1.0201915070774352,4.804000000000002,yaw towards left
18:03:34.782536,27.96,215.05,4.334500000000001,4.8155,0.9001142145156268,4.334500000000001,yaw towards left
18:03:34.792563,27.08,213.6,3.757000000000001,4.888499999999999,0.7685384064641508,3.757000000000001,yaw towards left
18:03:34.805238,23.51,212.66,3.896500000000001,4.924999999999997,0.7911675126903559,3.896500000000001,yaw towards left
18:03:34.817487,18.85,211.26,4.5760000000000005,5.019,0.9117354054592548,4.5760000000000005,yaw towards left
18:03:34.827939,16.8,210.36,4.3675,5.0725,0.8610152784622966,4.3675,yaw towards left
18:03:34.837256,24.1,209.45,3.9955,5.091000000000003,0.7848163425653109,3.9955,yaw towards left
18:03:34.848886,22.95,208.07,3.0490000000000004,5.147500000000003,0.5923263720252547,3.0490000000000004,yaw towards left
18:03:34.861277,20.77,207.19,2.8265,5.169499999999999,0.5467646774349552,2.8265,yaw towards left
18:03:34.874182,20.13,206.29,2.9495000000000005,5.140000000000001,0.5738326848249028,2.9495000000000005,yaw towards left
18:03:34.880406,17.2,205.38,3.1455,5.067000000000002,0.6207815275310833,3.1455,yaw towards left
18:03:34.894363,17.39,204.01,3.1035,5.023500000000001,0.6177963571215287,3.1035,yaw towards left
18:03:34.907708,15.12,203.14,3.4365,4.916000000000002,0.6990439381611063,3.4365,yaw towards left
18:03:34.915257,20.91,202.26,3.3255000000000003,4.8205000000000044,0.6898661964526496,3.3255000000000003,yaw towards left
18:03:34.926203,17.72,201.36,2.7270000000000003,4.713499999999999,0.578550970616315,2.7270000000000003,yaw towards left
18:03:34.940291,16.73,200.44,2.1615,4.619999999999999,0.4678571428571429,2.1615,yaw towards left
18:03:34.952061,21.46,199.07,2.3855000000000004,4.582999999999998,0.5205105825878248,2.3855000000000004,yaw towards left
18:03:34.964598,19.84,198.21,2.4524999999999997,4.525999999999996,0.5418692001767569,2.4524999999999997,yaw towards left
18:03:34.972952,22.01,197.34,2.5464999999999995,4.495999999999998,0.5663923487544485,2.5464999999999995,yaw towards left
18:03:34.980344,20.41,196.45,2.5364999999999993,4.488999999999999,0.5650478948540878,2.5364999999999993,yaw towards left
18:03:34.997661,24.95,195.55,2.5529999999999995,4.456999999999996,0.5728068207314341,2.5529999999999995,yaw towards left
18:03:35.007699,27.97,194.19,2.9779999999999993,4.426999999999995,0.6726903094646494,2.9779999999999993,yaw towards left
18:03:35.017786,23.35,193.35,2.757499999999999,4.420499999999995,0.6237982128718476,2.757499999999999,yaw towards left
18:03:35.030366,20.21,192.04,2.6879999999999997,4.457999999999993,0.6029609690444154,2.6879999999999997,yaw towards left
18:03:35.042731,20.62,191.24,2.6094999999999997,4.486499999999995,0.5816337902596684,2.6094999999999997,yaw towards left
18:03:35.054463,20.37,189.97,2.4569999999999994,4.550999999999997,0.5398813447593939,2.4569999999999994,yaw towards left
18:03:35.061589,17.74,189.21,2.480999999999999,4.556499999999994,0.5444968725995836,2.480999999999999,yaw towards left
18:03:35.074173,28.06,188.41,3.0494999999999997,4.535999999999996,0.6722883597883603,3.0494999999999997,yaw towards left
18:03:35.087579,36.49,187.6,4.177,4.492999999999995,0.929668373024706,4.177,yaw towards left
18:03:35.099417,29.43,186.78,4.542,4.430499999999995,1.0251664597675216,4.430499999999995,yaw towards left
18:03:35.108288,24.49,185.94,4.116499999999999,4.374999999999997,0.940914285714286,4.116499999999999,yaw towards left
18:03:35.120491,26.4,185.09,3.6334999999999993,4.301999999999998,0.8446071594607162,3.6334999999999993,yaw towards left
18:03:35.132133,25.62,184.23,3.4735,4.236999999999997,0.8198017465187638,3.4735,yaw towards left
18:03:35.141464,31.38,183.37,3.938,4.133499999999998,0.9527035200193544,3.938,yaw towards left
18:03:35.150078,30.9,182.5,4.263,4.0435,1.0542846543835789,4.0435,yaw towards left
18:03:35.164618,32.76,181.63,4.5975,3.941999999999999,1.1662861491628618,3.941999999999999,yaw towards left
18:03:35.178078,30.09,181.21,4.353,3.831,1.1362568519968674,3.831,yaw towards left
18:03:35.189098,29.64,180.26,3.701000000000001,3.7565000000000026,0.9852256089444956,3.701000000000001,yaw towards left
18:03:35.193897,25.9,179.78,2.614,3.668000000000004,0.7126499454743722,2.614,yaw towards left
18:03:35.209602,39.91,178.79,3.0904999999999996,3.613000000000002,0.8553833379463044,3.0904999999999996,yaw towards left
18:03:35.223176,50.16,177.81,5.0,3.609000000000003,1.3854253255749502,3.609000000000003,yaw towards left
18:03:35.231527,41.08,176.86,5.746,3.6245000000000034,1.5853221133949498,3.6245000000000034,yaw towards left
18:03:35.243175,34.38,175.91,5.9205,3.6580000000000017,1.618507381082558,3.6580000000000017,yaw towards left
18:03:35.255469,40.16,174.99,6.0424999999999995,3.7055000000000007,1.6306841182026712,3.7055000000000007,yaw towards left
18:03:35.266718,35.01,173.62,5.706999999999999,3.7875,1.5067986798679864,3.7875,yaw towards left
18:03:35.277486,35.54,172.79,5.331999999999999,3.8535000000000026,1.3836771765927067,3.8535000000000026,yaw towards left
18:03:35.288842,28.7,171.5,5.956499999999998,3.9970000000000026,1.4902426820115071,3.9970000000000026,yaw towards left
18:03:35.298204,25.57,170.73,6.904499999999999,4.115,1.677885783718104,4.115,yaw towards left
18:03:35.312850,21.84,169.51,7.884499999999997,4.279000000000002,1.842603412012151,4.279000000000002,yaw towards left
18:03:35.324391,21.41,168.79,8.208499999999999,4.393000000000001,1.868540860459822,4.393000000000001,yaw towards left
18:03:35.333560,17.97,168.06,7.598999999999999,4.4404999999999974,1.711293773223737,4.4404999999999974,yaw towards left
18:03:35.345976,19.32,167.32,7.3865,4.432499999999999,1.66644106034969,4.432499999999999,yaw towards left
18:03:35.358258,25.01,167.01,7.183499999999998,4.332500000000001,1.6580496249278698,4.332500000000001,yaw towards left
18:03:35.368673,22.99,165.73,6.625499999999998,4.245000000000002,1.5607773851590094,4.245000000000002,yaw towards left
18:03:35.382248,25.44,164.97,6.7379999999999995,4.122500000000002,1.634445118253486,4.122500000000002,yaw towards left
18:03:35.390537,22.27,164.2,6.7475,4.017000000000001,1.6797361214836937,4.017000000000001,yaw towards left
18:03:35.396467,24.4,163.43,6.267,3.902000000000001,1.6060994361865706,3.902000000000001,yaw towards left
18:03:35.414633,21.85,162.66,5.3175,3.801000000000002,1.3989739542225723,3.801000000000002,yaw towards left
18:03:35.424561,21.07,161.88,4.073,3.6685,1.1102630502930353,3.6685,yaw towards left
18:03:35.434828,21.57,161.1,2.7935000000000003,3.5754999999999995,0.7812893301636137,2.7935000000000003,yaw towards left
18:03:35.443200,24.22,160.32,1.5955,3.516500000000002,0.4537181856960043,1.5955,yaw towards left
18:03:35.459294,22.09,159.54,0.8680000000000003,3.487500000000003,0.2488888888888887,0.8680000000000003,yaw towards left
18:03:35.472306,25.01,158.76,1.0780000000000007,3.5275000000000007,0.3055988660524452,1.0780000000000007,yaw towards left
18:03:35.480154,21.91,158.43,1.004000000000001,3.491500000000002,0.2875554919089217,1.004000000000001,yaw towards left
18:03:35.493418,26.25,157.58,1.2670000000000006,3.4589999999999974,0.3662908355015905,1.2670000000000006,yaw towards left
18:07:48.784870,12.74,260.69,2.157000000000001,13.108,0.1645559963381142,2.157000000000001,down
18:07:48.785834,10.6,259.37,3.108000000000001,22.600500000000004,0.1375190814362514,3.108000000000001,down
18:07:48.785834,8.89,258.07,4.372000000000002,31.9655,0.1367724578060722,4.372000000000002,up
18:07:48.788255,9.27,256.77,5.520000000000001,41.224500000000006,0.1339009569552086,5.520000000000001,up
18:07:48.790285,8.94,255.48,6.309500000000001,45.634,0.1382631371345926,6.309500000000001,up
18:07:48.792223,12.77,253.74,6.152000000000001,45.371500000000005,0.1355917260835546,6.152000000000001,up
18:07:48.800642,10.43,252.99,6.222,45.18300000000001,0.1377066595843569,6.222,up
18:07:48.813809,13.25,251.71,6.142,45.12200000000001,0.1361198528434023,6.142,up
18:07:48.826059,13.65,250.88,6.313000000000001,45.18900000000001,0.1397021399013034,6.313000000000001,up
18:07:48.838788,15.67,249.1,6.306000000000001,45.42700000000001,0.1388161225702776,6.306000000000001,up
18:07:48.847729,16.6,247.86,5.871500000000001,35.97950000000001,0.1631901499464973,5.871500000000001,up
18:07:48.857963,19.03,246.62,5.3455,26.686500000000013,0.2003072714668464,5.3455,down
18:07:48.872095,23.8,245.39,5.0955,17.54100000000001,0.2904908500085512,5.0955,down
18:07:48.883959,25.09,244.61,4.891500000000001,8.47300000000001,0.5773043786144217,4.891500000000001,down
18:07:48.892602,34.24,242.87,5.8635,4.2760000000000105,1.3712581852198282,4.2760000000000105,down
18:07:48.905273,38.92,242.12,7.972500000000001,4.70100000000001,1.6959157626036978,4.70100000000001,down
18:07:48.914711,44.78,240.85,10.185000000000002,5.05450000000001,2.0150361064398026,5.05450000000001,down
18:07:48.927407,53.32,239.59,12.9145,5.305500000000009,2.4341720855715727,5.305500000000009,down
18:07:48.933473,56.86,238.35,15.436000000000002,5.471500000000009,2.821164214566385,5.471500000000009,down
18:07:48.949909,66.46,237.13,18.024,5.457000000000008,3.3029136888400172,5.457000000000008,down
18:07:48.961880,70.19,235.91,20.3665,5.46400000000001,3.727397510980959,5.46400000000001,down
18:07:48.974847,78.72,234.26,22.7315,5.487000000000009,4.1427920539456835,5.487000000000009,down
18:07:48.983083,82.15,233.58,24.402499999999996,5.435500000000005,4.489467390304475,5.435500000000005,down
18:07:48.993930,90.98,232.38,26.291500000000003,5.433500000000007,4.838777951596572,5.433500000000007,down
18:07:49.006822,96.95,231.19,27.3435,5.4055000000000035,5.058458976967899,5.4055000000000035,down
18:07:49.019215,103.01,230.02,28.088500000000003,5.4,5.201574074074075,5.4,down
18:07:49.025384,107.93,228.85,28.501500000000004,5.391500000000002,5.2863767040712215,5.391500000000002,down
18:07:49.040036,109.6,227.69,27.9175,5.379500000000005,5.1896086996932755,5.379500000000005,down
18:07:49.050618,115.76,226.09,27.377500000000005,5.410000000000002,5.0605360443622915,5.410000000000002,down
18:07:49.061954,116.01,225.02,25.9925,5.432000000000002,4.785069955817376,5.432000000000002,down
18:07:49.073253,119.85,223.49,24.5965,5.468999999999999,4.497440117023222,5.468999999999999,down
18:07:49.084339,120.63,222.48,22.816000000000003,5.451999999999998,4.184886280264125,5.451999999999998,down
18:07:49.095528,120.16,221.46,20.858,5.455999999999998,3.822947214076248,5.455999999999998,down
18:07:49.108872,121.08,220.43,18.4455,5.432499999999996,3.395398067188222,5.432499999999996,down
18:07:49.120390,117.79,219.4,15.672,5.384999999999996,2.910306406685239,5.384999999999996,down
18:07:49.125257,120.62,217.91,12.9965,5.386000000000001,2.4130152246565166,5.386000000000001,down
18:07:49.141081,117.06,217.38,10.422999999999998,5.337999999999999,1.9526039715249155,5.337999999999999,down
18:07:49.156161,119.1,215.88,8.157,5.3154999999999974,1.5345687141378994,5.3154999999999974,down
18:07:49.166463,114.92,214.89,6.432999999999997,5.248500000000002,1.2256835286272258,5.248500000000002,down
18:07:49.175031,114.13,213.9,5.364499999999997,5.1655,1.0385248281870094,5.1655,down
18:07:49.185859,113.06,212.89,4.464999999999996,5.0465,0.8847716238977502,4.464999999999996,down
18:07:49.198687,107.05,211.89,4.315999999999998,4.941500000000002,0.8734190023272278,4.315999999999998,down
18:07:49.208998,106.63,210.88,4.504,4.849000000000004,0.9288513095483598,4.504,down
18:07:49.219045,101.75,209.86,5.262000000000002,4.790000000000001,1.0985386221294366,4.790000000000001,down
18:07:49.232829,102.81,208.4,6.251500000000002,4.803999999999999,1.3013114071607,4.803999999999999,down
18:07:49.245180,98.52,207.46,7.225000000000001,4.789499999999995,1.5085081950099195,4.789499999999995,down
18:07:49.256729,97.12,206.5,8.021000000000003,4.818999999999994,1.664453206059351,4.818999999999994,down
18:07:49.261120,94.46,205.54,9.009500000000005,4.795499999999995,1.8787404858721743,4.795499999999995,down
18:07:49.276962,90.82,204.57,9.700000000000005,4.748999999999993,2.0425352705832847,4.748999999999993,down
18:07:49.290878,90.54,203.6,10.125000000000004,4.706499999999994,2.1512801444810403,4.706499999999994,down
18:07:49.301880,84.67,202.62,10.901500000000002,4.666999999999996,2.3358688665095375,4.666999999999996,down
18:07:49.309839,85.02,201.2,10.941,4.6749999999999945,2.3403208556149764,4.6749999999999945,down
18:07:49.322594,80.25,200.29,11.243999999999998,4.700999999999996,2.391831525207404,4.700999999999996,down
18:07:49.333741,78.54,198.92,11.1805,4.7639999999999985,2.3468723761544923,4.7639999999999985,down
18:07:49.344932,75.12,198.07,11.368,4.768500000000003,2.383978190206562,4.768500000000003,down
18:07:49.351670,70.38,197.2,11.660999999999998,4.746500000000006,2.4567576108711644,4.746500000000006,down
18:07:49.366737,69.9,196.31,11.944999999999997,4.701500000000007,2.5406785068595084,4.701500000000007,down
18:07:49.380032,63.96,195.41,12.462499999999997,4.638000000000005,2.6870418283742956,4.638000000000005,down
18:07:49.393230,64.34,194.06,12.565499999999997,4.625500000000005,2.716571181493889,4.625500000000005,down
18:07:49.395567,58.5,193.67,13.031,4.589000000000004,2.839616474177378,4.589000000000004,down
18:07:49.412426,57.8,191.84,12.95,4.6445000000000025,2.788244159758853,4.6445000000000025,down
18:07:49.424947,52.91,191.05,13.294000000000002,4.643500000000003,2.86292667169161,4.643500000000003,down
18:07:49.429967,49.45,190.24,13.525000000000002,4.616500000000002,2.9297086537420114,4.616500000000002,down
18:07:49.443633,47.12,189.41,13.722000000000005,4.545500000000004,3.018809811901879,4.545500000000004,down
18:07:49.458080,41.59,188.57,14.112000000000004,4.460000000000003,3.1641255605381153,4.460000000000003,down
18:07:49.468810,40.61,187.72,14.140000000000004,4.361500000000001,3.242003897741603,4.361500000000001,down
18:07:49.480295,35.56,186.85,14.446000000000003,4.297500000000002,3.361489237929028,4.297500000000002,down
18:07:49.490991,36.75,185.09,14.056000000000004,4.3515000000000015,3.2301505228082266,4.3515000000000015,down
18:07:49.499411,31.07,184.35,14.135500000000002,4.3720000000000026,3.23318847209515,4.3720000000000026,down
18:07:49.510330,30.02,183.14,13.818500000000004,4.476000000000002,3.0872430741733687,4.476000000000002,down
18:07:49.524645,25.55,182.43,13.897500000000004,4.4700000000000015,3.1090604026845634,4.4700000000000015,down
18:07:49.539233,21.95,181.69,13.897,4.417000000000002,3.146253112972605,4.417000000000002,down
18:07:49.544997,20.79,180.93,13.6795,4.346500000000001,3.147244909697457,4.346500000000001,down
18:07:49.558700,19.34,180.15,13.389,4.260499999999999,3.1425888980166654,4.260499999999999,down
18:07:49.573079,19.88,178.91,12.5235,4.229499999999999,2.960988296488947,4.229499999999999,down
18:07:49.580310,20.99,178.17,11.325,4.246,2.667216203485633,4.246,down
18:07:49.593595,17.68,176.97,10.142,4.3004999999999995,2.3583304266945704,4.3004999999999995,down
18:07:49.605382,16.8,176.26,9.397500000000004,4.255000000000004,2.2085781433607505,4.255000000000004,down
18:07:49.613496,17.22,175.54,8.380500000000001,4.190000000000003,2.0001193317422423,4.190000000000003,down
18:07:49.626778,15.72,174.79,7.661500000000001,4.064500000000004,1.884979702300404,4.064500000000004,down
18:07:49.635003,18.01,174.03,6.415000000000001,3.933000000000004,1.6310704296974303,3.933000000000004,down
18:07:49.650080,15.61,172.8,5.218000000000001,3.886500000000004,1.342596166216389,3.886500000000004,down
18:07:49.660083,18.37,172.53,4.018,3.8445000000000022,1.0451294056444265,3.8445000000000022,down
18:07:49.673795,16.35,170.83,3.0075000000000003,3.9185,0.7675130789843052,3.0075000000000003,down
18:07:49.680335,19.4,170.16,2.412,3.956,0.6097067745197168,2.412,down
18:07:49.694987,19.95,169.02,2.386,4.0065,0.5955322600773743,2.386,down
18:07:49.707603,23.83,168.37,2.6285,4.002000000000001,0.6567966016991503,2.6285,down
18:07:49.712866,25.02,167.7,2.902499999999999,3.972,0.730740181268882,2.902499999999999,down
18:07:49.725086,25.84,166.56,3.2864999999999993,3.966499999999999,0.8285642253876213,3.2864999999999993,down
18:07:49.740488,29.33,165.92,3.862999999999999,3.958500000000001,0.9758747000126308,3.862999999999999,down
18:07:49.752711,29.0,164.35,4.507499999999999,4.0390000000000015,1.115994057935132,4.0390000000000015,down
18:07:49.761420,34.51,163.8,5.2924999999999995,4.081,1.2968635138446456,4.081,down
18:07:49.773699,34.58,162.77,6.154999999999999,4.1800000000000015,1.4724880382775112,4.1800000000000015,down
18:07:49.785239,35.67,162.22,6.869999999999999,4.148500000000004,1.65602024828251,4.148500000000004,down
18:07:49.798011,38.73,161.63,7.631499999999998,4.074000000000003,1.8732204221894924,4.074000000000003,down
18:07:49.808439,37.45,161.01,7.9345,3.9410000000000025,2.0133214920071034,3.9410000000000025,down
18:07:49.813006,42.76,160.37,8.1345,3.803000000000003,2.1389692348146183,3.803000000000003,down
18:07:49.830100,42.05,159.26,8.144,3.7285000000000026,2.1842564033793734,3.7285000000000026,down
18:07:49.841658,45.45,159.09,8.3375,3.618500000000003,2.3041315462208076,3.618500000000003,down
18:07:49.855515,44.39,156.15,8.001999999999999,3.7685,2.1233912697359685,3.7685,down
18:07:49.858484,50.45,155.78,8.297,3.825,2.1691503267973857,3.825,down
18:07:49.875369,48.53,155.35,7.900999999999999,3.8480000000000016,2.053274428274427,3.8480000000000016,down
18:07:49.888663,48.0,154.87,7.4285,3.842500000000004,1.9332465842550404,3.842500000000004,down
18:07:49.897807,52.1,153.9,7.3215,3.812500000000002,1.9203934426229496,3.812500000000002,down
18:07:49.907990,51.58,152.97,6.850499999999999,3.761500000000004,1.821214940848064,3.761500000000004,down
18:07:49.920436,55.08,152.51,6.978999999999999,3.760500000000005,1.8558702300226009,3.760500000000005,down
18:07:49.931692,52.9,460.08,6.498499999999998,33.920500000000004,0.1915803127902005,6.498499999999998,down
18:07:49.942722,56.27,415.1,6.331499999999999,59.550500000000014,0.106321525427998,6.331499999999999,up
18:07:49.948368,61.04,376.29,6.362499999999999,81.3395,0.0782215282857652,6.362499999999999,up
18:07:49.965283,58.66,343.64,6.348499999999999,99.63,0.0637207668372979,6.348499999999999,down
18:07:49.977540,58.9,315.76,5.833499999999999,107.1595,0.0544375440348265,5.833499999999999,down
18:07:49.989648,55.92,291.5,5.262999999999999,107.92600000000002,0.0487648944647258,5.262999999999999,down
18:07:49.998369,58.65,271.21,5.075999999999999,110.7375,0.0458381307145275,5.075999999999999,down
18:07:50.009321,57.03,295.87,4.395999999999999,111.36,0.0394755747126436,4.395999999999999,down
18:07:50.023372,60.24,275.13,4.150499999999999,114.129,0.0363667428961964,4.150499999999999,down
18:07:50.033973,57.22,256.49,3.5404999999999993,118.756,0.0298132304894068,3.5404999999999993,down
18:07:50.043223,55.79,241.43,3.414,93.53,0.0365016572222816,3.414,up
18:07:50.055227,57.4,228.07,2.9509999999999996,73.101,0.0403688048043118,2.9509999999999996,up
18:07:50.067421,53.72,216.59,2.390000000000001,56.68649999999999,0.0421617139883393,2.390000000000001,up
18:07:50.079917,54.15,207.17,2.0715000000000012,43.547,0.0475692929478494,2.0715000000000012,up
18:07:50.084912,51.33,197.71,2.095000000000001,40.6515,0.0515356136919917,2.095000000000001,up
18:07:50.100618,54.8,190.9,2.214000000000001,43.8235,0.050520839275731,2.214000000000001,up
18:07:50.112585,52.59,492.36,2.2290000000000005,66.3425,0.0335983720842597,2.2290000000000005,up
18:07:50.125251,51.24,442.89,2.5145000000000004,86.162,0.0291833987140502,2.5145000000000004,up
18:07:50.131199,51.73,400.27,2.495000000000001,99.6455,0.0250387624127532,2.495000000000001,down
18:07:50.145892,50.15,364.37,2.724000000000001,107.675,0.0252983515207801,2.724000000000001,down
18:07:50.158441,51.07,333.73,2.6185,107.7325,0.0243055716705729,2.6185,down
18:07:50.167820,48.05,307.13,2.904000000000001,103.538,0.0280476733180088,2.904000000000001,down
18:07:50.178261,51.96,284.84,2.588,101.439,0.0255128698035272,2.588,down
18:07:50.191657,50.12,571.28,2.407,117.994,0.0203993423394409,2.407,down
18:07:50.203434,49.06,510.9,2.101999999999999,125.727,0.0167187636704924,2.101999999999999,down
18:07:50.212930,45.68,459.0,2.4339999999999997,125.08400000000002,0.0194589236033385,2.4339999999999997,down
18:07:50.223818,45.78,415.21,2.5989999999999993,100.07,0.0259718197261916,2.5989999999999993,down
18:07:50.236082,48.63,377.41,2.3715,80.399,0.0294966355302926,2.3715,up
18:07:50.246728,48.31,345.17,2.2044999999999995,66.41900000000001,0.0331908038362516,2.2044999999999995,up
18:07:50.259015,49.63,318.08,1.9824999999999997,57.778000000000006,0.0343123680293537,1.9824999999999997,up
18:07:50.264931,44.59,599.08,2.2614999999999994,72.772,0.031076512944539,2.2614999999999994,up
18:07:50.280695,46.92,535.43,2.068499999999999,81.27450000000002,0.0254507871472601,2.068499999999999,up
18:07:50.292803,47.98,515.45,2.041999999999999,80.7655,0.0252830725990676,2.041999999999999,up
18:07:50.306021,45.09,464.51,2.161499999999999,58.818000000000005,0.0367489544017137,2.161499999999999,up
18:07:50.313953,44.99,420.64,2.0879999999999987,47.87800000000001,0.0436108442290822,2.0879999999999987,up
18:07:50.324991,44.73,383.21,1.7569999999999992,47.6075,0.0369059496928004,1.7569999999999992,up
18:07:50.338692,47.3,351.27,1.3404999999999994,51.926,0.0258155837152871,1.3404999999999994,up
18:07:50.349261,46.17,381.52,1.2819999999999994,52.8235,0.0242695012636421,1.2819999999999994,up
18:07:50.357827,44.52,350.57,1.3394999999999997,55.387,0.0241843753949482,1.3394999999999997,up
18:07:50.371656,40.7,625.11,1.6949999999999996,69.31949999999999,0.0244519940276545,1.6949999999999996,up
18:07:50.383070,43.42,559.13,1.4690000000000003,60.698,0.0242017858908036,1.4690000000000003,up
18:07:50.395430,41.26,502.46,1.6740000000000008,56.854,0.0294438386041439,1.6740000000000008,up
18:07:50.407863,39.99,454.15,2.121000000000001,55.47950000000001,0.0382303373318072,2.121000000000001,up
18:07:50.415931,42.36,413.4,2.0460000000000007,55.56599999999999,0.0368210776374041,2.0460000000000007,up
18:07:50.428696,41.11,377.73,2.088000000000001,55.70549999999999,0.0374828338314888,2.088000000000001,up
18:07:50.440303,37.62,348.17,2.345000000000001,57.16299999999999,0.041023039378619,2.345000000000001,up
18:07:50.449754,34.14,622.7,3.0305000000000013,70.99000000000001,0.0426891111424144,3.0305000000000013,up
18:07:50.459575,36.56,557.9,3.427500000000001,76.90900000000002,0.0445656555149592,3.427500000000001,up
18:07:50.474392,34.21,502.23,3.930000000000001,71.78500000000001,0.0547468134011283,3.930000000000001,up
18:07:50.484933,34.57,455.21,3.9195000000000007,55.88250000000001,0.070138236478325,3.9195000000000007,up
18:07:50.492249,32.96,415.11,4.1705000000000005,48.184000000000005,0.0865536277602523,4.1705000000000005,up
18:07:50.506714,28.62,379.98,4.505,47.6605,0.0945227179740036,4.505,up
18:07:50.518279,30.98,350.89,4.3825,52.3215,0.0837609778007129,4.3825,up
18:07:50.530296,29.18,623.77,4.721,70.82050000000001,0.0666614892580538,4.721,up
18:07:50.541378,27.07,559.59,5.191,76.85000000000001,0.0675471698113207,5.191,up
18:07:50.545940,24.13,741.03,5.555999999999999,93.0175,0.0597306958368048,5.555999999999999,down
18:07:50.563423,21.72,660.44,5.687499999999998,87.1625,0.065251685070988,5.687499999999998,up
18:07:50.575501,23.87,591.35,5.7559999999999985,85.24699999999999,0.0675214377045526,5.7559999999999985,up
18:07:50.588400,21.93,532.46,5.733999999999999,86.592,0.0662185883222468,5.733999999999999,up
18:07:50.594863,25.02,482.71,5.412999999999999,90.5725,0.059764277236468,5.412999999999999,down
18:07:50.609265,22.64,733.16,5.1934999999999985,102.3845,0.0507254516064443,5.1934999999999985,down
18:07:50.616556,25.98,654.77,4.6395,101.64050000000002,0.0456461745072092,4.6395,down
18:07:50.629781,21.31,878.41,4.5675,119.218,0.0383121676256941,4.5675,down
18:07:50.641657,23.59,779.68,4.081999999999999,112.5645,0.0362636532832287,4.081999999999999,down
18:07:50.648495,22.93,695.15,3.467,106.213,0.0326419553162042,3.467,down
18:07:50.662886,20.56,623.13,2.9055,88.56400000000001,0.0328067837947698,2.9055,up
18:07:50.675640,23.91,562.2,2.1345,83.20150000000001,0.0256545855543469,2.1345,up
18:07:50.685130,21.15,517.58,1.7950000000000006,89.2945,0.020102021961039,1.7950000000000006,up
18:07:50.698927,22.43,472.52,1.2390000000000008,104.581,0.0118472762738929,1.2390000000000008,up
18:07:50.707632,20.99,722.5,1.2910000000000008,103.0035,0.0125335546850349,1.2910000000000008,down
18:07:50.722652,19.19,648.15,1.3655000000000004,87.5655,0.0155940410321416,1.3655000000000004,up
18:07:50.731476,17.11,827.81,1.637,98.4605,0.016625956601886,1.637,down
18:07:50.743697,15.41,738.88,1.934,81.2695,0.0237973655553436,1.934,up
18:07:50.755984,16.96,663.1,2.3015,69.8095,0.0329682922811365,2.3015,up
18:07:50.762059,13.99,597.63,2.857,71.87500000000003,0.0397495652173912,2.857,up
18:07:50.777229,17.49,542.7,2.7195,76.44650000000001,0.0355738980855892,2.7195,up
18:07:50.789491,14.88,779.58,2.896499999999999,81.167,0.0356856850690551,2.896499999999999,up
18:07:50.796597,14.56,698.77,2.9804999999999993,70.81350000000002,0.0420894320998114,2.9804999999999993,up
18:07:50.809223,11.9,911.28,3.373499999999999,74.23500000000001,0.0454435239442311,3.373499999999999,up
18:07:50.815170,14.47,812.13,3.286499999999999,78.8115,0.0417007670200414,3.286499999999999,up
18:07:50.833790,12.9,727.21,3.2004999999999995,79.06400000000001,0.0404798644136395,3.2004999999999995,up
18:07:50.841433,10.79,654.85,3.161,69.26200000000001,0.0456383009442407,3.161,up
18:07:50.855496,12.29,593.6,2.789,71.2725,0.0391315023325967,2.789,up
18:07:50.863163,10.95,820.59,2.657,81.285,0.0326874577105247,2.657,up
18:07:50.874965,14.72,735.88,2.1720000000000006,77.91749999999999,0.0278756376937145,2.1720000000000006,up
18:07:50.892236,12.4,940.14,2.1120000000000005,88.1395,0.0239620147606918,2.1120000000000005,up
18:07:50.903325,10.48,838.88,2.0565000000000007,82.23149999999998,0.02500866456285,2.0565000000000007,up
18:07:50.912871,9.01,752.16,2.1175,83.44649999999999,0.0253755400166573,2.1175,up
18:07:50.923745,7.82,678.7,2.069,69.91399999999999,0.0295935005864347,2.069,up
18:07:50.935897,9.19,616.06,2.1695,72.13199999999999,0.0300768036377751,2.1695,up
18:07:50.945180,9.18,529.45,2.133,89.33249999999998,0.0238770884056754,2.133,up
18:07:50.956174,12.02,489.04,1.8909999999999996,105.3435,0.017950799052623,1.8909999999999996,down
18:07:50.967599,11.5,730.15,1.7755,96.8965,0.0183236752617483,1.7755,down
18:07:50.979912,10.88,661.01,1.5459999999999998,90.47799999999998,0.017087026680519,1.5459999999999998,down
18:07:50.993320,10.0,875.4,1.4664999999999997,107.142,0.0136874428328759,1.4664999999999997,up
18:07:51.002499,12.61,785.83,1.6784999999999997,97.0415,0.0172967235667214,1.6784999999999997,up
18:07:51.012582,12.25,709.05,1.6729999999999996,92.0715,0.018170660845104,1.6729999999999996,down
18:07:51.025835,12.38,643.12,1.4834999999999998,91.7465,0.0161695541519295,1.4834999999999998,down
18:07:51.039210,14.43,587.78,1.3704999999999998,91.643,0.0149547701406544,1.3704999999999998,down
18:07:51.045765,11.86,812.42,1.2105,92.8335,0.0130394738968152,1.2105,down
18:07:51.059127,11.56,733.04,1.1029999999999998,76.39350000000002,0.0144384011728746,1.1029999999999998,up
18:07:51.071692,10.75,934.08,1.0684999999999998,74.81700000000002,0.0142815135597524,1.0684999999999998,up
18:07:51.083632,10.66,837.8,1.095,82.36700000000003,0.013294159068559,1.095,up
18:07:51.091378,9.96,755.29,1.2499999999999998,79.55250000000004,0.015712894000817,1.2499999999999998,up
18:07:51.104271,8.92,684.94,1.505,68.37750000000001,0.0220101641621878,1.505,up
18:07:51.116724,9.14,624.93,1.4695,69.84850000000002,0.0210383902302841,1.4695,up
18:07:51.128479,10.05,841.5,1.354,78.06450000000002,0.0173446316827751,1.354,up
18:07:51.136688,11.83,759.79,1.3475,75.61600000000001,0.0178203025814642,1.3475,up
18:07:51.148332,10.45,954.8,1.0910000000000002,86.05699999999999,0.012677643887191,1.0910000000000002,up
18:07:51.161740,10.33,857.42,1.0890000000000002,79.18050000000001,0.0137533862504025,1.0890000000000002,up
18:07:51.172769,10.2,862.75,1.0575000000000006,80.1465,0.0131945874118021,1.0575000000000006,up
18:07:51.180135,10.05,779.17,0.9690000000000004,62.8295,0.0154226915700427,0.9690000000000004,up
18:07:51.194810,11.07,707.89,0.9585000000000002,61.15199999999999,0.0156740580847723,0.9585000000000002,up
18:07:51.205036,12.94,635.89,1.0510000000000002,72.98400000000001,0.0144004165296503,1.0510000000000002,up
18:07:51.219243,13.99,586.16,1.132,85.3935,0.0132562782881601,1.132,up
18:07:51.226630,12.92,806.09,1.1465,77.12800000000001,0.0148648999066486,1.1465,up
18:07:51.233451,12.76,732.13,1.2120000000000002,71.12950000000002,0.0170393437322067,1.2120000000000002,up
18:07:51.251576,10.23,928.41,1.1525,84.4825,0.0136418784955464,1.1525,up
18:07:51.261557,8.21,836.96,1.3909999999999998,72.04600000000002,0.0193071093468061,1.3909999999999998,up
18:07:51.272803,8.94,758.99,1.5559999999999998,67.19250000000002,0.0231573464300331,1.5559999999999998,up
18:07:51.281218,7.77,692.47,1.8375,70.19149999999999,0.0261783834224941,1.8375,up
18:07:51.294896,7.38,636.15,2.157,75.64600000000002,0.0285143960024323,2.157,up
18:07:51.308988,7.7,846.24,2.251,79.55500000000002,0.0282948903274464,2.251,up
18:07:51.316314,9.69,768.14,2.021,66.6535,0.030320988395208,2.021,up
18:07:51.330051,10.17,957.61,1.7465000000000004,65.37100000000001,0.0267167398387664,1.7465000000000004,up
18:07:51.341696,11.06,863.63,1.7050000000000003,70.133,0.0243109520482511,1.7050000000000003,up
18:07:51.352780,9.35,783.05,1.5945000000000005,69.09349999999999,0.0230774240702815,1.5945000000000005,up
18:07:51.361482,9.34,714.77,1.5615,61.598,0.0253498490210721,1.5615,up
18:07:51.374859,9.77,656.93,1.3550000000000004,67.8285,0.0199768533875878,1.3550000000000004,up
18:07:51.383163,8.5,664.18,1.2685000000000002,74.54700000000003,0.0170161106416086,1.2685000000000002,up
18:07:51.397259,9.07,614.21,1.008,81.96250000000002,0.0122983071526612,1.008,up
18:07:51.407335,8.56,826.39,0.7594999999999998,78.65600000000002,0.0096559703010577,0.7594999999999998,up
18:07:51.413790,8.51,753.36,0.6544999999999996,69.327,0.0094407662238377,0.6544999999999996,up
18:07:51.431540,9.88,942.96,0.6704999999999999,86.34500000000003,0.0077653598934506,0.6704999999999999,up
18:07:51.444306,8.57,853.7,0.6484999999999997,77.84500000000003,0.0083306570749566,0.6484999999999997,up
18:07:51.452001,9.15,777.13,0.4779999999999997,72.92550000000003,0.0065546345242747,0.4779999999999997,up
18:07:51.463285,8.01,711.78,0.5384999999999998,72.45850000000003,0.0074318402947894,0.5384999999999998,up
18:07:51.477577,8.67,656.42,0.5234999999999997,73.99100000000003,0.0070751848197753,0.5234999999999997,up
18:07:51.488603,9.43,860.08,0.5619999999999996,72.811,0.007718613945695,0.5619999999999996,up
18:07:51.496771,10.39,783.73,0.6294999999999996,65.41350000000003,0.0096233957822162,0.6294999999999996,up
18:07:51.508781,9.64,967.49,0.6749999999999998,68.93200000000004,0.0097922590378924,0.6749999999999998,up
18:07:51.523396,10.18,875.83,0.6855,69.56400000000004,0.0098542349491116,0.6855,up
18:07:51.534267,8.8,797.2,0.651,71.65000000000005,0.0090858339148639,0.651,up
18:07:51.542411,7.69,730.55,0.7259999999999999,60.16600000000003,0.0120666156965728,0.7259999999999999,up
18:07:51.550746,9.05,673.64,0.6675,62.29550000000004,0.0107150596752574,0.6675,up
18:07:51.567565,7.93,748.54,0.763,62.866500000000045,0.0121368296310435,0.763,up
18:07:51.575348,12.72,689.99,1.03,68.25250000000003,0.0150910223068752,1.03,up
18:07:51.588433,13.92,886.3,1.4635000000000002,70.22100000000003,0.0208413437575653,1.4635000000000002,up
18:07:51.596794,13.35,808.32,1.7265,62.523000000000025,0.0276138381075764,1.7265,up
18:07:51.608819,14.39,985.66,2.0225,80.48300000000002,0.0251295304598486,2.0225,up
18:07:51.624177,12.21,893.54,2.051,73.31800000000001,0.0279740309337406,2.051,up
18:07:51.665139,12.02,814.96,1.9715000000000005,68.82650000000001,0.0286444901309815,1.9715000000000005,up
18:07:51.702726,9.76,747.45,2.1580000000000004,69.0995,0.0312303272816735,2.1580000000000004,up
18:07:51.715039,13.55,690.68,2.138000000000001,71.88300000000001,0.0297427764561857,2.138000000000001,up
18:07:51.715039,19.33,885.28,2.7625,68.56800000000001,0.0402884727569711,2.7625,up
18:07:51.716751,15.96,809.05,2.9140000000000006,67.104,0.0434251311397234,2.9140000000000006,up
18:07:51.716751,14.04,984.24,2.5965000000000003,72.90150000000001,0.0356165510997716,2.5965000000000003,up
18:07:51.716751,14.69,894.37,2.2475,67.74300000000001,0.03317685960173,2.2475,up
18:07:51.716751,12.48,817.24,2.035,69.3595,0.0293398885516764,2.035,up
18:07:51.722972,12.46,751.39,1.6425,57.54050000000002,0.0285451117039302,1.6425,up
18:07:51.735100,12.25,695.59,1.6175000000000002,60.10400000000002,0.0269116864102222,1.6175000000000002,up
18:07:51.744803,9.92,887.91,1.9175,66.3605,0.0288952012115641,1.9175,up
18:07:51.757100,10.4,812.82,1.9435,63.48350000000001,0.0306142540975213,1.9435,up
18:07:51.766459,13.1,986.36,1.866,68.21849999999999,0.0273532839332439,1.866,up
18:07:51.778209,11.09,897.7,1.3745,65.367,0.0210274297428365,1.3745,up
18:07:51.792726,10.65,841.06,1.294,67.41399999999999,0.019194826000534,1.294,up
18:07:51.799249,10.31,773.84,1.3995000000000002,59.532999999999994,0.0235079703693749,1.3995000000000002,up
18:07:51.813413,8.85,716.41,1.512,64.96999999999998,0.0232722795136216,1.512,up
18:07:51.822986,10.02,660.29,1.4310000000000005,74.872,0.0191126188695373,1.4310000000000005,up
18:07:51.835832,9.25,620.3,1.4860000000000009,85.704,0.0173387473163446,1.4860000000000009,up
18:07:51.849502,7.44,821.33,1.6820000000000004,74.48800000000001,0.0225808183868542,1.6820000000000004,up
18:07:51.857332,5.99,758.36,1.7899999999999998,70.5085,0.0253870100767992,1.7899999999999998,up
18:07:51.865987,5.93,937.95,1.899,84.32400000000003,0.0225202789241497,1.899,up
18:07:51.882319,9.39,858.65,1.875,76.92050000000002,0.0243758165898557,1.875,up
18:07:51.890882,7.95,790.49,1.847,73.24050000000003,0.0252182876960151,1.847,up
18:07:51.901946,8.55,732.26,1.6915,74.28200000000001,0.022771330874236,1.6915,up
18:07:51.914788,8.22,682.9,1.5719999999999998,74.99200000000003,0.0209622359718369,1.5719999999999998,up
18:07:51.927761,10.52,873.56,1.5834999999999997,75.04350000000002,0.0211010946984082,1.5834999999999997,up
18:07:51.935759,12.2,804.17,1.9144999999999992,62.42350000000001,0.030669539516368,1.9144999999999992,up
18:07:51.947513,14.87,975.48,2.4524999999999992,61.39350000000002,0.0399472256835006,2.4524999999999992,up
18:07:51.959354,13.38,891.96,2.6209999999999996,67.02300000000002,0.0391059785446786,2.6209999999999996,up
18:07:51.971834,12.19,819.75,2.4269999999999996,65.47100000000003,0.0370698477188373,2.4269999999999996,up
18:07:51.980096,10.03,758.52,2.080999999999999,56.77850000000003,0.0366511971961217,2.080999999999999,up
18:07:51.991844,8.89,706.16,2.212499999999999,59.78900000000003,0.0370051347237785,2.212499999999999,up
18:07:52.005528,9.79,891.95,2.150999999999999,66.95550000000003,0.0321258149069157,2.150999999999999,up
18:07:52.015000,9.91,821.17,2.1724999999999985,63.64250000000002,0.0341359940291471,2.1724999999999985,up
18:07:52.024694,8.25,988.57,2.3584999999999985,71.52200000000002,0.0329758675652246,2.3584999999999985,up
18:07:52.035028,9.81,904.44,2.1609999999999987,66.39650000000003,0.0325468962972445,2.1609999999999987,up
18:07:52.049724,8.23,1058.21,1.942499999999999,82.33800000000004,0.0235917802229832,1.942499999999999,up
18:07:52.061583,7.98,964.76,1.475999999999999,73.34550000000002,0.0201239339836799,1.475999999999999,up
18:07:52.068707,7.75,884.56,1.193999999999999,67.66000000000001,0.0176470588235293,1.193999999999999,up
18:07:52.083077,7.8,815.61,1.047499999999999,72.9795,0.0143533458025883,1.047499999999999,up
18:07:52.095707,9.38,757.58,1.1039999999999994,80.703,0.0136797888554328,1.1039999999999994,up
18:07:52.107345,9.13,933.23,1.0094999999999994,75.0895,0.0134439568781254,1.0094999999999994,up
18:07:52.110723,11.59,858.68,1.2509999999999994,70.67250000000001,0.0177013689907672,1.2509999999999994,up
18:07:52.123760,10.95,1018.04,1.4404999999999994,80.522,0.0178895208762822,1.4404999999999994,up
18:07:52.140250,16.52,931.89,1.9644999999999997,67.774,0.0289860418449552,1.9644999999999997,up
18:07:52.151908,13.26,857.43,2.3489999999999993,68.0655,0.0345108755536945,2.3489999999999993,up
18:07:52.160840,11.74,794.26,2.3434999999999997,59.17599999999997,0.0396022035960524,2.3434999999999997,up
18:07:52.173811,11.68,740.24,2.2024999999999997,63.67699999999998,0.0345886269767734,2.2024999999999997,up
18:07:52.184823,11.81,916.79,2.0609999999999995,69.18099999999997,0.0297914167184631,2.0609999999999995,up
18:07:52.193437,12.91,845.95,2.1039999999999996,63.126999999999974,0.0333296370808053,2.1039999999999996,up
18:07:52.203804,10.46,1006.44,2.1479999999999997,61.92999999999999,0.0346843210075892,2.1479999999999997,up
18:07:52.213334,11.77,923.25,2.1054999999999997,61.977999999999994,0.0339717319048694,2.1054999999999997,up
18:07:52.230356,9.61,1070.15,2.03,73.40900000000002,0.027653285019548,2.03,up
18:07:52.242056,9.26,978.5,2.0534999999999997,69.33650000000003,0.0296164357877885,2.0534999999999997,up
18:07:52.250612,7.63,899.8,1.735,68.81350000000002,0.0252130759226023,1.735,up
18:07:52.263702,9.85,822.72,1.4565,72.29150000000001,0.0201475968820677,1.4565,up
18:07:52.275217,8.91,767.2,1.4235000000000002,78.665,0.0180957223669993,1.4235000000000002,up
18:07:52.282189,14.35,937.84,1.802,68.66550000000002,0.0262431643256074,1.802,up
18:07:52.292471,24.4,866.15,3.2089999999999996,67.32950000000002,0.0476611292227032,3.2089999999999996,up
18:07:52.308556,30.97,1021.31,5.1705,75.19550000000001,0.0687607636095244,5.1705,up
18:07:52.318370,31.88,938.18,7.152499999999999,64.0885,0.1116034858047855,7.152499999999999,up
18:07:52.332271,26.0,866.72,8.541,65.74699999999999,0.1299070680031028,8.541,up
18:07:52.340532,27.75,805.63,9.164,58.49699999999996,0.1566576063729765,9.164,up
18:07:52.353184,28.91,753.81,9.2855,63.911499999999954,0.1452868419611495,9.2855,up
18:07:52.365973,25.0,925.34,8.927499999999998,68.95249999999996,0.1294731880642471,8.927499999999998,up
18:07:52.376767,22.87,856.64,9.0685,61.37449999999997,0.1477568045360859,9.0685,up
18:07:52.385023,28.16,1011.67,9.0725,58.82899999999997,0.1542181577113329,9.0725,up
18:07:52.398200,24.56,931.08,8.8845,60.55199999999998,0.1467251288149029,8.8845,up
18:07:52.406951,22.22,1050.15,7.9255,68.20849999999999,0.1161951956134499,7.9255,up
18:07:52.422551,22.65,964.29,6.129,62.73999999999999,0.0976888747210711,6.129,up
18:07:52.430122,21.57,891.39,4.343,63.674,0.0682068034048434,4.343,up
18:07:52.443514,19.17,1039.57,3.4075,69.6,0.0489583333333333,3.4075,up
18:07:52.455183,16.61,956.43,3.185,63.10450000000001,0.0504718363983551,3.185,up
18:07:52.467403,22.19,1093.81,2.8385,65.18700000000001,0.0435439581511651,2.8385,up
18:07:52.480418,19.03,1003.58,3.105999999999999,61.26100000000001,0.0507010985782145,3.105999999999999,up
18:07:52.488391,17.5,1133.29,3.281,72.848,0.0450389852844278,3.281,up
18:07:52.494815,14.47,1037.72,3.7425,62.99100000000001,0.059413249511835,3.7425,up
18:07:52.513234,13.8,956.12,4.0409999999999995,65.93900000000001,0.0612839139204416,4.0409999999999995,up
18:07:52.523715,12.97,868.42,4.1049999999999995,65.2965,0.0628670755706661,4.1049999999999995,up
18:07:52.530274,11.69,812.56,4.3565,78.43300000000002,0.0555442224573839,4.3565,up
18:07:52.541795,12.18,970.36,4.371499999999999,78.39650000000002,0.0557614179204428,4.371499999999999,up
18:07:52.558318,12.85,900.24,4.0455,73.57600000000002,0.0549839621615744,4.0455,up
18:07:52.568616,12.15,1042.98,3.554,77.90950000000002,0.045617030015595,3.554,up
18:07:52.579007,13.31,962.98,3.5465000000000004,64.93350000000002,0.0546174162797323,3.5465000000000004,up
18:07:52.591804,13.0,893.7,3.2305000000000006,69.554,0.0464459269057135,3.2305000000000006,up
18:07:52.597133,10.93,834.88,2.9905,66.31750000000002,0.0450936781392543,2.9905,up
18:07:52.615069,14.56,784.51,2.565500000000001,75.85650000000003,0.0338204372730089,2.565500000000001,up
18:07:52.623490,13.01,945.17,2.0455000000000005,74.22350000000002,0.0275586572985644,2.0455000000000005,up
18:07:52.633006,17.31,879.73,1.9545,64.396,0.0303512640536679,1.9545,up
18:07:52.647995,14.73,1025.1,1.5905000000000002,57.891000000000005,0.0274740460520633,1.5905000000000002,up
18:07:52.661110,17.98,948.66,1.7365000000000002,58.82550000000001,0.0295195110963782,1.7365000000000002,up
18:07:52.668089,15.95,882.42,1.8095,56.2115,0.0321909217864671,1.8095,up
18:07:52.680352,13.72,826.62,1.7280000000000002,56.75450000000001,0.0304469249134429,1.7280000000000002,down
18:07:52.694425,13.57,778.81,1.768,66.61200000000001,0.0265417642466822,1.768,up
18:07:52.702913,13.02,939.46,1.8784999999999996,65.86550000000003,0.0285202420083351,1.8784999999999996,up
18:07:52.713186,14.76,875.73,1.6920000000000002,57.07000000000001,0.0296478009462064,1.6920000000000002,up
18:07:52.726747,12.54,1020.84,1.6955000000000002,56.81400000000001,0.0298429964445383,1.6955000000000002,up
18:07:52.739588,13.69,945.9,1.7390000000000008,55.49000000000001,0.0313389799963957,1.7390000000000008,up
18:07:52.748252,13.95,1069.2,1.3120000000000005,66.418,0.0197536812309916,1.3120000000000005,up
18:07:52.760137,14.69,987.49,1.225,60.6595,0.020194693329157,1.225,up
18:07:52.771911,18.15,917.65,1.1745,59.154500000000006,0.0198547870407154,1.1745,up
18:07:52.783262,17.26,804.2,1.3155,67.8885,0.0193773614087805,1.3155,up
18:07:52.795451,23.55,762.03,2.1965000000000003,78.39700000000002,0.0280176537367501,2.1965000000000003,up
18:07:52.803033,18.97,922.93,2.564,68.997,0.0371610359870719,2.564,up
18:07:52.810813,21.78,863.93,3.029,68.79450000000001,0.0440296826054408,3.029,up
18:07:52.827877,20.37,1008.13,3.2840000000000003,75.6315,0.0434210613302658,3.2840000000000003,up
18:07:52.841538,20.36,937.32,3.2954999999999997,65.36100000000002,0.0504199752145774,3.2954999999999997,up
18:07:52.851079,23.2,876.29,3.5955,66.26500000000003,0.0542594129631026,3.5955,up
18:07:52.859125,22.99,824.01,3.8465,60.909000000000034,0.063151586793413,3.8465,up
18:07:52.874139,23.32,779.63,3.9855,65.47600000000003,0.0608696316207465,3.9855,up
18:07:52.886879,20.55,937.58,3.6155,71.13250000000002,0.0508276807366534,3.6155,up
18:07:52.896855,22.99,877.14,3.3334999999999995,58.73950000000004,0.0567505681866545,3.3334999999999995,up
18:07:52.903880,25.99,1019.05,2.771,53.98850000000002,0.0513257452976096,2.771,up
18:07:52.917509,24.72,947.35,2.5195,57.17400000000002,0.0440672333578199,2.5195,up
18:07:52.930411,23.62,885.56,1.995,54.12600000000005,0.0368584414144773,1.995,up
18:07:52.943501,23.83,832.63,1.7854999999999996,51.62650000000003,0.0345849515268321,1.7854999999999996,up
18:07:52.944766,25.09,787.25,1.7674999999999996,59.85350000000001,0.0295304368165604,1.7674999999999996,up
18:07:52.964444,23.03,942.88,1.4579999999999995,61.606500000000025,0.0236663339095712,1.4579999999999995,up
18:07:52.976086,24.85,882.37,1.3079999999999998,54.470000000000006,0.0240132182852946,1.3079999999999998,up
18:07:52.988760,21.47,1023.22,1.3090000000000004,56.58700000000003,0.0231325216039019,1.3090000000000004,up
18:07:52.996692,26.38,951.62,1.4580000000000006,53.58000000000002,0.0272116461366181,1.4580000000000006,up
18:07:53.009342,24.25,1061.87,1.4210000000000005,65.213,0.0217901338690138,1.4210000000000005,up
18:07:53.023226,23.07,984.88,1.1575000000000002,57.28799999999999,0.020204929479123,1.1575000000000002,up
18:07:53.030054,24.99,919.04,1.0795,54.468,0.0198189762796504,1.0795,up
18:07:53.040669,21.69,1005.07,1.2619999999999998,57.66199999999999,0.0218861641982588,1.2619999999999998,up
18:07:53.048365,23.72,937.35,1.2314999999999998,53.779999999999994,0.0228988471550762,1.2314999999999998,up
18:07:53.065120,23.46,1067.85,1.0824999999999996,54.793499999999995,0.0197559929553687,1.0824999999999996,up
18:07:53.077729,27.27,991.65,1.3669999999999998,48.97899999999999,0.0279099205782069,1.3669999999999998,up
18:07:53.086154,28.97,1112.62,1.7529999999999997,60.24549999999999,0.029097608950046,1.7529999999999997,up
18:07:53.097750,25.49,1030.63,1.6144999999999996,52.30749999999998,0.0308655546527744,1.6144999999999996,up
18:07:53.111351,23.24,960.08,1.4784999999999997,52.39549999999999,0.0282180721626857,1.4784999999999997,up
18:07:53.122201,19.33,899.24,1.881,49.622499999999995,0.0379061917476951,1.881,up
18:07:53.130361,24.74,848.0,1.835,58.432500000000005,0.0314037564711419,1.835,up
18:07:53.143270,21.87,990.84,1.912,57.28099999999999,0.0333793055288839,1.912,up
18:07:53.157324,20.75,926.8,1.9610000000000003,56.36499999999999,0.0347910937638605,1.9610000000000003,up
18:07:53.168991,17.53,1056.89,2.5165,61.939499999999995,0.040628355088433,2.5165,up
18:07:53.177033,17.82,983.42,2.9770000000000003,52.35050000000001,0.0568666965931557,2.9770000000000003,up
18:07:53.190726,14.45,920.54,3.3345000000000007,57.13300000000002,0.0583638177585633,3.3345000000000007,up
18:07:53.197717,11.75,866.66,3.665000000000001,53.38500000000003,0.0686522431394586,3.665000000000001,up
18:07:53.213851,13.11,820.9,4.1245,60.43500000000004,0.0682468768097956,4.1245,up
18:07:53.223194,12.14,967.23,4.6035,60.96300000000004,0.0755130160917277,4.6035,up
18:07:53.230060,13.97,907.3,4.3795,53.69750000000003,0.0815587317845336,4.3795,up
18:07:53.246642,18.18,1040.19,4.5475,50.22850000000005,0.0905362493405137,4.5475,up
18:07:53.259060,17.68,970.25,4.5445,52.51150000000005,0.0865429477352579,4.5445,up
18:07:53.267143,15.77,1003.68,4.3265,51.13950000000004,0.0846019221932165,4.3265,up
18:07:53.279887,14.21,939.22,3.7565,45.975500000000025,0.0817065611031962,3.7565,up
18:07:53.292023,14.51,884.01,3.3009999999999997,50.191500000000026,0.0657681081458015,3.3009999999999997,up
18:07:53.304007,12.33,1018.55,2.7909999999999995,51.60300000000002,0.0540860027517779,2.7909999999999995,up
18:07:53.316296,11.17,952.79,2.254,44.647000000000006,0.050484914999888,2.254,up
18:07:53.324286,12.95,1076.56,1.8214999999999997,45.152,0.0403415131112685,1.8214999999999997,up
18:07:53.333530,11.36,1002.55,1.541,42.410999999999994,0.0363349131121643,1.541,up
18:07:53.343793,12.42,1117.96,1.4549999999999998,52.258500000000005,0.0278423605729211,1.4549999999999998,up
18:07:53.359005,12.61,1039.07,1.253,46.53649999999998,0.0269251018018114,1.253,up
18:07:53.370332,12.17,971.13,1.1185,47.41149999999998,0.0235913227803381,1.1185,up
18:07:53.381267,14.17,885.18,1.218,54.08349999999998,0.0225207318313348,1.218,up
18:07:53.392488,14.05,839.59,1.3595000000000002,67.40799999999997,0.0201682292902919,1.3595000000000002,up
18:07:53.406931,13.9,979.73,1.48,63.96199999999997,0.0231387386260592,1.48,up
18:07:53.414729,14.98,921.29,1.5240000000000002,62.84349999999999,0.0242507180535775,1.5240000000000002,up
18:07:53.427439,16.35,1048.74,1.5245000000000002,67.88149999999999,0.0224582544581366,1.5245000000000002,up
18:07:53.438859,13.84,980.39,1.4135000000000004,57.13250000000001,0.0247407342580842,1.4135000000000004,up
18:07:53.445228,11.22,921.4,1.4055000000000004,60.92050000000002,0.0230710516164509,1.4055000000000004,up
18:07:53.458409,13.83,871.27,1.2935000000000003,56.935500000000005,0.022718690447963,1.2935000000000003,up
18:07:53.474538,11.6,828.21,1.5035000000000005,62.65350000000001,0.0239970632127494,1.5035000000000005,up
18:07:53.480406,12.16,969.61,1.6400000000000006,64.28150000000001,0.0255127836158148,1.6400000000000006,up
18:07:53.496874,16.31,913.14,1.7185,54.936000000000014,0.0312818552497451,1.7185,up
18:07:53.500986,18.33,1040.92,2.011,49.75250000000004,0.0404200793929952,2.011,up
18:07:53.516304,14.78,974.63,1.9195000000000004,51.52400000000004,0.0372544833475661,1.9195000000000004,up
18:07:53.530301,16.42,985.3,1.9105000000000003,47.428000000000026,0.0402821118326726,1.9105000000000003,up
18:07:53.541881,14.1,927.24,1.6310000000000002,43.78650000000002,0.0372489237550386,1.6310000000000002,up
18:07:53.546964,11.51,877.89,1.8735000000000004,48.39650000000001,0.0387114770696228,1.8735000000000004,up
18:07:53.561975,12.37,1010.2,1.768,49.17100000000001,0.0359561530170222,1.768,up
18:07:53.575451,17.38,949.28,2.0580000000000003,42.688,0.0482102698650674,2.0580000000000003,up
18:07:53.584906,19.48,1070.45,2.2245000000000004,43.20750000000001,0.0514841173407394,2.2245000000000004,up
18:07:53.595022,17.76,1001.36,2.1930000000000005,40.52050000000002,0.0541207536925753,2.1930000000000005,up
18:07:53.604803,17.36,1112.96,1.996,51.66300000000003,0.0386349999032189,1.996,up
18:07:53.618847,16.98,1038.35,1.5780000000000003,46.62350000000002,0.0338455928877068,1.5780000000000003,up
18:07:53.632221,14.67,974.01,1.7340000000000004,45.643000000000015,0.037990491422562,1.7340000000000004,up
18:07:53.643665,13.02,901.27,1.8035000000000003,52.96650000000002,0.0340498239453239,1.8035000000000003,up
18:07:53.651191,22.1,857.86,2.2835,63.83050000000001,0.0357744338521553,2.2835,up
18:07:53.664258,32.11,991.14,3.5120000000000005,59.69850000000001,0.0588289488010586,3.5120000000000005,up
18:07:53.675748,28.01,935.09,4.3965000000000005,58.269500000000015,0.0754511365294021,4.3965000000000005,up
18:07:53.688986,23.07,1056.39,4.547500000000001,63.26700000000003,0.0718779142364897,4.547500000000001,up
18:07:53.694542,19.69,991.4,4.250500000000001,53.447000000000024,0.0795273822665444,4.250500000000001,up
18:07:53.709093,16.31,935.25,4.3325000000000005,56.040000000000006,0.0773108493932905,4.3325000000000005,up
18:07:53.723040,13.68,887.05,4.751,50.83500000000001,0.0934592308448903,4.751,up
18:07:53.730264,14.44,846.07,5.079000000000001,55.24300000000001,0.0919392502217475,5.079000000000001,up
18:07:53.742178,21.44,980.82,4.963500000000001,57.87600000000002,0.0857609371760315,4.963500000000001,up
18:07:53.756561,25.1,926.62,5.016,50.08950000000003,0.1001407480609708,5.016,up
18:07:53.767140,21.99,1048.44,4.5504999999999995,46.14750000000003,0.0986077252288855,4.5504999999999995,up
18:07:53.776065,21.6,984.94,3.0844999999999994,48.32700000000003,0.0638256047344134,3.0844999999999994,up
18:07:53.784133,20.03,929.6,2.1109999999999993,46.42200000000003,0.0454741286459006,2.1109999999999993,up
18:07:53.795031,18.03,882.55,1.8489999999999995,45.39550000000002,0.0407309094513773,1.8489999999999995,up
18:07:53.812472,18.93,842.54,1.8074999999999992,53.939500000000024,0.0335097655706856,1.8074999999999992,up
18:07:53.818270,17.79,977.52,1.7549999999999997,54.148000000000025,0.0324111693876043,1.7549999999999997,up
18:07:53.830454,30.94,924.11,2.3099999999999996,47.79000000000001,0.0483364720652856,2.3099999999999996,up
18:07:53.845503,36.6,1046.02,3.461999999999999,48.12600000000002,0.0719361675601545,3.461999999999999,up
18:07:53.857783,31.78,982.72,4.372999999999999,46.477000000000025,0.094089549669729,4.372999999999999,up
18:07:53.865038,26.7,1094.55,4.530499999999999,57.06500000000001,0.0793919214930342,4.530499999999999,up
18:07:53.877449,24.37,1024.81,4.641499999999999,52.49350000000002,0.0884204711059463,4.641499999999999,up
18:07:53.890183,20.1,965.05,4.8469999999999995,50.42650000000002,0.0961200955846627,4.8469999999999995,up
18:07:53.902014,16.66,1079.63,5.334,57.53400000000001,0.0927103973302742,5.334,up
18:07:53.915009,18.63,1012.92,5.5115,54.05650000000003,0.1019581363943281,5.5115,up
18:07:53.925314,24.22,1119.49,5.464,55.56200000000001,0.098340592491271,5.464,up
18:07:53.933940,24.95,1047.63,5.324,51.84250000000005,0.1026956647538215,5.324,up
18:07:53.947640,20.13,1148.18,4.720000000000001,61.578000000000046,0.0766507518919094,4.720000000000001,up
18:07:53.958618,19.47,1072.37,3.4825000000000004,53.56900000000003,0.0650096137691575,3.4825000000000004,up
18:07:53.965571,20.63,1007.45,2.5090000000000003,55.908000000000015,0.0448772984188309,2.5090000000000003,up
18:07:53.980649,17.43,923.13,2.2870000000000004,55.77400000000002,0.0410047692473195,2.2870000000000004,up
18:07:53.992373,20.68,880.22,2.2050000000000005,66.31050000000002,0.0332526522948854,2.2050000000000005,up
18:07:54.005434,17.86,1006.38,2.1855,68.07650000000004,0.0321035893443405,2.1855,up
18:07:54.013061,22.04,951.8,1.7939999999999998,63.964000000000034,0.0280470264523794,1.7939999999999998,up
18:07:54.024874,23.56,1065.96,1.7239999999999998,66.29600000000002,0.0260045854953541,1.7239999999999998,up
18:07:54.035966,21.86,1002.8,1.8369999999999993,56.645000000000024,0.0324300467825933,1.8369999999999993,up
18:07:54.048401,21.62,948.18,1.9044999999999992,61.064500000000024,0.031188333647209,1.9044999999999992,up
18:07:54.057495,17.36,901.28,1.8174999999999992,58.53100000000002,0.0310519212041482,1.8174999999999992,up
18:07:54.067816,16.76,861.38,1.9364999999999992,66.15500000000002,0.0292721638576071,1.9364999999999992,up
18:07:54.080409,15.05,990.18,2.3334999999999995,64.91900000000003,0.0359447927417242,2.3334999999999995,up
18:07:54.091529,17.76,938.21,2.215999999999999,54.78800000000001,0.0404468131707672,2.215999999999999,up
18:07:54.105810,16.83,1054.23,2.2574999999999994,48.10650000000001,0.0469271304293598,2.2574999999999994,up
18:07:54.114074,16.19,993.46,2.2005,47.964000000000006,0.0458781586189642,2.2005,up
18:07:54.126610,14.44,940.41,2.3,45.002500000000005,0.0511082717626798,2.3,up
18:07:54.140193,13.03,895.3,2.386,46.059999999999995,0.0518019973947025,2.386,up
18:07:54.150909,14.85,856.47,2.428000000000001,53.93249999999998,0.0450192370092245,2.428000000000001,up
18:07:54.159079,13.42,986.28,2.5515000000000008,52.9885,0.0481519575002123,2.5515000000000008,up
18:07:54.173759,13.35,934.62,2.382000000000001,45.85549999999999,0.0519457862197555,2.382000000000001,up
18:07:54.182899,10.88,1051.9,2.3690000000000007,45.849999999999994,0.0516684841875681,2.3690000000000007,up
18:07:54.190770,14.78,991.65,1.9640000000000009,44.6615,0.0439752359414708,1.9640000000000009,up
18:07:54.206544,15.87,1098.69,1.9390000000000007,54.45600000000002,0.0356067283678566,1.9390000000000007,up
18:07:54.217266,13.71,1031.76,1.8775,50.41150000000002,0.0372434861093202,1.8775,up
18:07:54.230453,14.67,974.38,1.8,48.75950000000001,0.0369158830586859,1.8,up
18:07:54.241803,13.4,971.77,1.5510000000000004,46.7385,0.0331846336531981,1.5510000000000004,up
18:07:54.254289,12.62,924.07,1.2690000000000003,47.46499999999999,0.0267354893079111,1.2690000000000003,up
18:07:54.262602,10.58,1041.16,1.3895000000000002,44.400500000000015,0.0312946926273352,1.3895000000000002,up
18:07:54.273473,12.69,983.84,1.238,40.09400000000001,0.0308774380206514,1.238,up
18:07:54.283046,10.18,1091.18,1.3645,47.57250000000003,0.0286825371800935,1.3645,up
18:07:54.295399,8.17,1026.69,1.4755000000000005,40.46900000000002,0.0364600064246707,1.4755000000000005,up
18:07:54.305644,11.85,971.37,1.539,41.028000000000034,0.0375109681193331,1.539,up
18:07:54.313245,11.92,923.41,1.4480000000000002,35.62550000000003,0.0406450435783357,1.4480000000000002,up
18:07:54.330638,10.09,882.61,1.5910000000000004,40.39250000000003,0.0393885003404097,1.5910000000000004,up
18:07:54.344246,12.23,1005.83,1.5660000000000005,42.60000000000003,0.0367605633802816,1.5660000000000005,up
18:07:54.351877,11.0,953.9,1.5920000000000003,44.114500000000035,0.0360879076040757,1.5920000000000003,up
18:07:54.365033,11.72,1065.64,1.5335000000000003,45.56900000000006,0.0336522636002545,1.5335000000000003,up
18:07:54.377595,9.45,1005.52,1.4415000000000002,41.43350000000003,0.0347906886939312,1.4415000000000002,up
18:07:54.388497,11.61,953.02,1.4035000000000002,44.58550000000003,0.0314788440187953,1.4035000000000002,up
18:07:54.394423,11.48,908.35,1.1235000000000002,42.06650000000001,0.0267077127880855,1.1235000000000002,up
18:07:54.410256,13.5,870.34,0.8195000000000002,48.626500000000014,0.0168529505516539,0.8195000000000002,up
18:07:54.423224,15.98,995.31,1.1705000000000003,49.422,0.0236837845493909,1.1705000000000003,up
18:07:54.434747,13.59,945.04,1.3280000000000003,44.694,0.0297131606032129,1.3280000000000003,up
18:07:54.442069,15.96,1058.03,1.5470000000000004,43.989999999999995,0.0351670834280518,1.5470000000000004,up
18:07:54.455595,13.06,999.13,1.5795000000000003,43.63999999999999,0.0361938588450962,1.5795000000000003,up
18:07:54.467986,13.08,1082.63,1.5380000000000005,49.8105,0.0308770239206593,1.5380000000000005,up
18:07:54.477436,11.87,1020.26,1.6220000000000003,45.033999999999985,0.0360172314251454,1.6220000000000003,up
18:07:54.485761,9.88,966.75,1.75,45.37799999999999,0.038564943364626,1.75,up
18:07:54.493193,9.88,1071.95,2.0385,49.308499999999995,0.0413417564922883,2.0385,up
18:07:54.512993,8.66,1011.89,2.473,44.518,0.055550563816883,2.473,up
18:07:54.523366,17.67,1113.16,2.7495000000000003,45.9145,0.0598830434829955,2.7495000000000003,up
18:07:54.532596,14.78,1047.67,2.489,43.10000000000001,0.0577494199535962,2.489,up
18:07:54.542314,15.31,1142.81,2.5205,51.254,0.0491766496273461,2.5205,up
18:07:54.557660,13.89,1073.19,2.2039999999999997,44.24950000000002,0.0498084724121176,2.2039999999999997,up
18:07:54.569898,12.44,1013.5,2.169,46.42800000000001,0.0467174980615145,2.169,up
18:07:54.578288,12.77,961.8,2.1845,45.103500000000025,0.0484330484330484,2.1845,up
18:07:54.589625,12.39,918.26,2.086,54.03200000000004,0.0386067515546342,2.086,up
18:07:54.628924,15.57,1033.13,1.9910000000000003,53.33100000000004,0.0373328833136449,1.9910000000000003,up
18:07:54.657110,12.79,979.64,1.7270000000000003,50.22550000000004,0.0343849239927924,1.7270000000000003,up
18:07:54.664928,16.37,1085.44,1.4895,54.09150000000004,0.0275366739691078,1.4895,up
18:07:54.666941,13.82,1024.87,1.033,44.79600000000004,0.0230600946513081,1.033,up
18:07:54.667948,14.12,972.42,0.8885,48.10200000000005,0.0184711654401064,0.8885,up
18:07:54.684539,17.24,926.88,1.0029999999999997,46.07500000000004,0.0217688551275094,1.0029999999999997,up
18:07:54.684539,13.85,888.57,0.9224999999999997,53.48300000000002,0.0172484714769178,0.9224999999999997,up
18:07:54.684539,16.9,1008.34,1.1819999999999995,52.08300000000004,0.0226945452450895,1.1819999999999995,up
18:07:54.691289,16.29,958.58,1.3099999999999996,46.61150000000001,0.0281046522853802,1.3099999999999996,up
18:07:54.704476,19.27,1067.54,1.6224999999999994,42.733999999999995,0.0379674264052042,1.6224999999999994,up
18:07:54.715009,18.0,1009.65,1.5654999999999997,43.57299999999999,0.0359282124251256,1.5654999999999997,up
18:07:54.724599,20.46,959.03,1.893,42.34049999999999,0.0447089665922698,1.893,up
18:07:54.732174,17.02,915.96,1.6954999999999998,42.81299999999998,0.0396024571975801,1.6954999999999998,up
18:07:54.745037,20.72,878.84,2.0509999999999997,50.396499999999975,0.0406972706437947,2.0509999999999997,up
18:07:54.761835,22.95,1000.07,2.5575,49.84649999999998,0.0513075140681893,2.5575,up
18:07:54.763315,20.49,951.54,2.4045000000000005,43.60399999999999,0.055144023484084,2.4045000000000005,up
18:07:54.779930,22.01,1060.66,2.6175000000000006,42.96900000000001,0.0609160092159463,2.6175000000000006,up
18:07:54.794144,19.58,1003.8,2.370000000000001,42.163,0.0562104214595735,2.370000000000001,up
18:07:54.804608,23.48,1104.33,2.5260000000000007,50.65750000000001,0.0498642846567635,2.5260000000000007,up
18:07:54.813083,18.8,1041.21,2.3595000000000006,47.230000000000025,0.0499576540334533,2.3595000000000006,up
18:07:54.825375,20.35,987.5,2.2050000000000005,46.29250000000003,0.0476319058162769,2.2050000000000005,up
18:07:54.840186,25.6,968.46,2.3220000000000005,45.69000000000004,0.0508207485226526,2.3220000000000005,up
18:07:54.851923,22.55,925.34,2.4345000000000008,47.55800000000006,0.0511901257412001,2.4345000000000008,up
18:07:54.861179,25.37,1038.17,2.3845000000000005,43.185000000000066,0.0552159314576819,2.3845000000000005,up
18:07:54.871879,22.77,985.8,1.9005000000000003,40.043500000000066,0.0474608862861637,1.9005000000000003,up
18:07:54.885041,23.58,1087.92,1.807,46.010500000000064,0.039273644059508,1.807,up
18:07:54.896626,21.18,1028.37,1.7405000000000002,39.12800000000005,0.0444822122265384,1.7405000000000002,up
18:07:54.909490,20.98,977.23,1.8645,39.77350000000004,0.0468779463713276,1.8645,up
18:07:54.917351,23.68,933.25,1.666,34.87400000000004,0.0477719791248494,1.666,up
18:07:54.930255,21.0,895.35,1.6645,39.56300000000003,0.042072138108839,1.6645,up
18:07:54.941903,25.87,1012.74,1.9215000000000004,42.05700000000002,0.0456879948641129,1.9215000000000004,up
18:07:54.953227,22.52,964.11,1.436,41.265000000000015,0.0347994668605355,1.436,up
18:07:54.963679,23.93,1070.0,1.3930000000000002,41.49350000000001,0.0335715232506296,1.3930000000000002,up
18:07:54.975083,22.58,1013.08,1.0935,39.251000000000005,0.0278591628238771,1.0935,up
18:07:54.988585,20.85,963.72,1.2145,41.3925,0.0293410642024521,1.2145,up
18:07:54.998859,20.0,921.7,1.3075000000000003,39.596,0.0330210122234569,1.3075000000000003,up
18:07:55.006303,16.89,885.92,1.6465,46.167,0.0356640024259752,1.6465,up
18:07:55.020647,21.45,1004.35,1.532,47.140000000000015,0.0324989393296563,1.532,up
18:07:55.030467,19.06,956.91,1.6465000000000003,42.50050000000002,0.0387407206974035,1.6465000000000003,up
18:07:55.041700,19.46,1063.95,1.6495000000000002,41.85600000000002,0.0394089258409785,1.6495000000000002,up
18:07:55.052064,20.28,1008.31,1.4084999999999996,41.141500000000015,0.0342355042961486,1.4084999999999996,up
18:07:55.065482,21.43,1083.17,1.4809999999999994,47.08500000000003,0.0314537538494212,1.4809999999999994,up
18:07:55.077838,18.72,1024.37,1.5474999999999994,41.816000000000024,0.0370073656016835,1.5474999999999994,up
18:07:55.086042,15.2,974.32,1.9909999999999997,41.93650000000002,0.0474765419145612,1.9909999999999997,up
18:07:55.097765,16.65,1077.91,2.082,45.96800000000003,0.0452923773059519,2.082,up
18:07:55.110123,15.36,1021.0,2.25,41.70550000000003,0.0539497188620205,2.25,up
18:07:55.123087,14.3,1117.32,2.2220000000000004,43.36950000000003,0.0512341622568855,2.2220000000000004,up
18:07:55.135028,11.82,1055.23,2.755,40.869000000000035,0.0674105067410506,2.755,up
18:07:55.143472,17.9,1145.24,2.601,48.73350000000002,0.0533719104927821,2.601,up
18:07:55.156619,18.48,1079.22,2.5525,42.026500000000006,0.0607354883228439,2.5525,up
18:07:55.162702,17.09,1022.58,2.5460000000000003,44.01750000000003,0.0578406315669903,2.5460000000000003,up
18:07:55.180340,17.7,950.3,2.542500000000001,45.28350000000001,0.0561462784457915,2.542500000000001,up
18:07:55.191489,15.76,913.32,2.4450000000000003,56.03800000000001,0.0436311074627931,2.4450000000000003,up
18:07:55.199768,17.7,1024.11,2.0750000000000006,56.092500000000015,0.0369924677987253,2.0750000000000006,up
18:07:55.211889,14.44,976.77,2.0125000000000006,53.592000000000006,0.0375522466039707,2.0125000000000006,up
18:07:55.224622,13.6,1077.34,1.9420000000000008,56.72449999999999,0.0342356477359871,1.9420000000000008,up
18:07:55.237747,16.41,1022.27,1.5170000000000008,47.3685,0.0320255021797186,1.5170000000000008,up
18:07:55.246254,16.78,974.93,0.946000000000001,50.575,0.0187048937221947,0.946000000000001,up
18:07:55.257973,15.25,933.72,1.018000000000001,48.59,0.02095081292447,1.018000000000001,up
18:07:55.269169,12.22,899.05,1.2840000000000007,55.00500000000002,0.023343332424325,1.2840000000000007,up
18:07:55.281650,13.91,1012.6,1.4215000000000004,54.28100000000002,0.0261878005195188,1.4215000000000004,up
18:07:55.290540,14.0,966.82,1.423,46.233999999999995,0.0307782151663278,1.423,up
18:07:55.302277,14.61,1069.05,1.3870000000000002,41.11200000000001,0.0337371083868456,1.3870000000000002,up
18:07:55.313628,13.85,1015.51,1.341,41.63849999999999,0.0322057711012644,1.341,up
18:07:55.323844,12.61,968.57,1.277,39.50049999999998,0.0323287046999405,1.277,up
18:07:55.333037,12.18,928.59,1.172,40.049499999999995,0.0292637860647448,1.172,up
18:07:55.348341,12.96,894.53,1.2299999999999998,47.2585,0.026027063914428,1.2299999999999998,up
18:07:55.360367,17.06,1008.92,1.5324999999999995,46.63149999999999,0.03286405112424,1.5324999999999995,up
18:07:55.371891,14.74,963.53,1.4839999999999998,40.468,0.0366709498863299,1.4839999999999998,up
18:07:55.380335,18.95,1067.31,1.5969999999999998,40.6445,0.0392919091143943,1.5969999999999998,up
18:07:55.393275,15.71,1013.87,1.5779999999999998,39.481999999999985,0.0399675801631123,1.5779999999999998,up
18:07:55.405711,16.05,1105.36,1.6310000000000002,47.9755,0.0339965190566018,1.6310000000000002,up
18:07:55.415170,15.66,1046.45,1.6685000000000003,44.0445,0.0378821419246444,1.6685000000000003,up
18:07:55.425472,14.12,995.84,1.7395000000000005,42.61599999999999,0.0408180026281209,1.7395000000000005,up
18:07:55.439738,16.38,1093.01,1.6744999999999997,48.258,0.0346989100252807,1.6744999999999997,up
18:07:55.446633,15.76,1036.57,1.4994999999999998,45.07699999999999,0.0332653015950484,1.4994999999999998,up
18:07:55.461433,21.18,1127.39,1.935,46.348499999999994,0.0417489239133952,1.935,up
18:07:55.475108,17.1,1066.48,1.7365000000000002,43.22749999999999,0.0401711873228847,1.7365000000000002,up
18:07:55.483287,16.78,1151.68,1.707,51.2895,0.033281665838037,1.707,up
18:07:55.496290,13.52,1087.36,1.4460000000000002,44.47699999999998,0.0325111855565798,1.4460000000000002,up
18:07:55.508028,13.27,1032.16,1.5690000000000004,46.44049999999998,0.033785165965052,1.5690000000000004,up
18:07:55.514965,14.77,925.79,1.5255000000000003,50.11150000000001,0.0304421140855891,1.5255000000000003,up
18:07:55.526132,12.37,894.97,1.7690000000000006,62.2615,0.0284124218015948,1.7690000000000006,up
18:07:55.541681,13.38,1006.49,1.8495000000000004,66.11100000000002,0.0279756772700458,1.8495000000000004,up
18:07:55.550664,12.58,964.25,1.9365000000000008,64.96100000000001,0.0298101938085928,1.9365000000000008,up
18:07:55.564973,17.63,1064.25,2.2825,65.43050000000002,0.0348843429287564,2.2825,up
18:07:55.573192,16.81,1013.58,2.0215000000000005,57.77150000000004,0.0349913019395376,2.0215000000000005,up
18:07:55.585690,15.5,969.97,2.0375000000000005,60.776500000000055,0.033524470806973,2.0375000000000005,up
18:07:55.594608,16.86,931.9,2.2525000000000004,57.93100000000004,0.038882463620514,2.2525000000000004,up
18:07:55.608511,14.41,899.46,2.032,63.652000000000065,0.0319235844906679,2.032,up
18:07:55.614258,15.33,1011.01,1.7965000000000004,63.56600000000005,0.0282619639429883,1.7965000000000004,up
18:07:55.631067,12.65,967.85,1.9244999999999997,50.60450000000005,0.0380302147042258,1.9244999999999997,up
18:07:55.643459,13.27,1068.45,1.795,42.971000000000046,0.0417723581019757,1.795,up
18:07:55.656476,12.52,1017.35,1.8415,41.15350000000004,0.0447471053494842,1.8415,up
18:07:55.661873,12.47,972.48,1.925,36.06850000000003,0.0533706696979358,1.925,up
18:07:55.676132,13.56,934.25,1.6190000000000002,38.16150000000003,0.042424957090261,1.6190000000000002,up
18:07:55.686638,11.45,901.66,1.5490000000000002,43.95750000000003,0.0352385827219473,1.5490000000000002,up
18:07:55.697261,15.04,1013.12,1.576,44.24650000000003,0.0356186365023221,1.576,up
18:07:55.710247,13.33,969.4,1.3075,38.767500000000034,0.03372670406913,1.3075,up
18:07:55.714138,12.92,1069.56,1.307,39.784000000000034,0.0328524029760707,1.307,up
18:07:55.732979,10.78,1018.06,1.4795000000000005,37.92000000000003,0.0390163502109704,1.4795000000000005,up
18:07:55.744923,9.65,1110.24,1.5645,47.314500000000024,0.0330659734330913,1.5645,up
18:07:55.753432,8.48,1052.87,1.806,43.05600000000001,0.0419453734671125,1.806,up
18:07:55.762345,9.29,1003.56,1.838,40.848000000000006,0.0449960830395612,1.838,up
18:07:55.768810,13.21,1097.77,1.7005000000000003,47.13950000000001,0.0360737810116781,1.7005000000000003,up
18:07:55.790740,11.38,1042.85,1.6615000000000002,44.681500000000014,0.0371854123071069,1.6615000000000002,up
18:07:55.798619,11.83,1130.5,1.4875,46.22050000000001,0.0321826894992481,1.4875,up
18:07:55.811210,12.08,1071.35,1.3725,42.938500000000005,0.0319643210638471,1.3725,up
18:07:55.822644,9.87,1154.05,1.4905000000000002,51.144,0.0291432035038323,1.4905000000000002,up
18:07:55.835777,8.87,1091.58,1.6185000000000005,44.37400000000001,0.0364740613872988,1.6185000000000005,up
18:07:55.843546,7.91,1037.93,1.6030000000000002,46.2015,0.0346958432085538,1.6030000000000002,up
18:07:55.855104,6.53,990.87,1.6010000000000002,43.82499999999998,0.036531660011409,1.6010000000000002,up
18:07:55.862806,7.19,951.68,1.4385,50.60349999999999,0.0284268874682581,1.4385,up
18:07:55.881104,10.29,1053.31,1.1924999999999997,51.02749999999999,0.0233697516045269,1.1924999999999997,up
18:07:55.892789,10.25,1005.43,1.1089999999999995,47.074499999999986,0.023558402107298,1.1089999999999995,up
18:07:55.901528,9.75,1098.78,1.1114999999999997,49.47999999999999,0.0224636216653193,1.1114999999999997,up
18:07:55.908941,10.99,1044.74,1.207,41.64449999999999,0.0289834191790032,1.207,up
18:07:55.925055,10.15,997.36,1.1935,45.028499999999994,0.0265054354464394,1.1935,up
18:07:55.936547,8.27,956.54,1.1765,43.183,0.0272445175184679,1.1765,up
18:07:55.942973,10.88,921.75,1.124,50.136,0.0224190202648795,1.124,up
18:07:55.955320,8.77,1028.17,1.057,48.46000000000002,0.021811803549319,1.057,up
18:07:55.963552,10.61,983.76,0.7930000000000003,43.09950000000003,0.0183992853745403,0.7930000000000003,up
18:07:55.983258,10.83,1080.2,0.6100000000000005,38.89750000000004,0.015682241789318,0.6100000000000005,up
18:07:55.991043,9.79,1028.66,0.6300000000000004,39.18150000000006,0.0160790168829677,0.6300000000000004,up
18:07:56.003401,9.67,1117.25,0.6410000000000002,43.80000000000006,0.014634703196347,0.6410000000000002,up
18:07:56.014412,9.46,1060.37,0.6860000000000002,43.35050000000005,0.0158245002941142,0.6860000000000002,up
18:07:56.027026,8.67,1011.46,0.674,43.75750000000004,0.0154030737587841,0.674,up
18:07:56.031223,8.8,1102.97,0.7164999999999999,46.81550000000005,0.0153047601755828,0.7164999999999999,up
18:07:56.049142,10.51,1048.79,0.6904999999999999,41.30800000000004,0.0167158903844291,0.6904999999999999,up
18:07:56.061053,10.63,1134.49,0.6874999999999998,41.334500000000055,0.0166325950477204,0.6874999999999998,up
18:07:56.072769,8.92,1076.23,0.6504999999999999,39.45000000000005,0.0164892268694549,0.6504999999999999,up
18:07:56.080108,7.31,1156.71,0.8350000000000002,45.53600000000005,0.018337139845397,0.8350000000000002,up
18:07:56.090073,7.44,1095.78,0.954,40.17350000000002,0.0237469973987827,0.954,up
18:07:56.106628,8.68,1042.97,0.931,43.29100000000001,0.0215056247256935,0.931,up
18:07:56.117365,8.44,997.08,0.9310000000000004,41.5295,0.0224177993956103,0.9310000000000004,up
18:07:56.127016,14.69,958.41,1.4750000000000003,48.744000000000014,0.0302601345806663,1.4750000000000003,up
18:07:56.138820,11.89,1057.58,1.6720000000000006,48.841000000000015,0.0342335333019389,1.6720000000000006,up
18:07:56.152010,9.97,1010.5,1.6480000000000004,45.654,0.036097603714899,1.6480000000000004,up
18:07:56.162240,8.42,1101.2,1.6080000000000003,48.077000000000005,0.0334463464858456,1.6080000000000003,up
18:07:56.172006,9.24,1048.23,1.5620000000000005,40.55349999999999,0.038517020725708,1.5620000000000005,up
18:07:56.180007,7.88,998.17,1.5490000000000002,44.50349999999998,0.0348062511937263,1.5490000000000002,up
18:07:56.192044,6.78,958.66,1.5014999999999998,43.46150000000001,0.0345478181839098,1.5014999999999998,up
18:07:56.208393,10.25,925.43,1.4554999999999998,50.374500000000026,0.0288935870331219,1.4554999999999998,up
18:07:56.211547,11.12,1029.88,1.5889999999999995,48.62550000000003,0.0326783272151442,1.5889999999999995,up
18:07:56.228439,9.4,986.62,1.5874999999999997,43.27500000000004,0.0366839976891969,1.5874999999999997,up
18:07:56.240662,9.78,1081.23,1.0114999999999996,38.96900000000004,0.0259565295491287,1.0114999999999996,up
18:07:56.252429,11.49,1030.93,0.8984999999999996,39.11050000000003,0.0229733703225476,0.8984999999999996,up
18:07:56.260520,9.72,1118.24,0.8619999999999995,43.62550000000002,0.0197590858557494,0.8619999999999995,up
18:07:56.274391,8.43,1063.04,0.9369999999999996,43.459499999999984,0.0215603032708613,0.9369999999999996,up
18:07:56.286905,10.34,1015.11,0.9519999999999996,43.7305,0.021769703067653,0.9519999999999996,up
18:07:56.298365,8.85,927.84,0.9739999999999996,48.45300000000002,0.0201019544713433,0.9739999999999996,up
18:07:56.307431,11.17,899.96,0.9115,53.899,0.0169112599491641,0.9115,up
18:07:56.313652,10.8,1007.06,0.8565000000000002,47.552000000000014,0.0180118606998654,0.8565000000000002,up
18:07:56.330400,10.93,968.39,0.7920000000000004,49.26700000000001,0.0160756693121156,0.7920000000000004,up
18:07:56.342545,10.39,1064.13,0.7660000000000003,51.606500000000025,0.0148430914710356,0.7660000000000003,up
18:07:56.351169,8.46,1017.54,0.9375000000000004,45.62400000000002,0.020548395581273,0.9375000000000004,up
18:07:56.364026,7.5,976.93,1.0005000000000004,47.96550000000003,0.0208587422209713,1.0005000000000004,up
18:07:56.374874,6.46,941.86,1.2980000000000005,44.19550000000003,0.0293695059451754,1.2980000000000005,up
18:07:56.388853,9.73,911.93,1.2155,47.00500000000006,0.0258589511754068,1.2155,up
18:07:56.394585,10.37,1017.62,1.1885,50.76250000000005,0.0234129524747598,1.1885,up
18:07:56.409045,12.82,976.99,1.3425,41.30000000000004,0.0325060532687651,1.3425,up
18:07:56.422817,12.88,1072.71,1.4770000000000003,37.11500000000004,0.0397952310386635,1.4770000000000003,up
18:07:56.431193,13.03,1024.02,1.6680000000000004,38.24700000000002,0.0436112636285198,1.6680000000000004,up
18:07:56.441497,11.28,961.59,1.671,37.54500000000001,0.0445065920894926,1.671,up
18:07:56.452994,10.45,929.46,1.6725,38.184,0.0438010685103708,1.6725,up
18:07:56.466303,9.31,901.59,1.592,44.8295,0.0355123300505247,1.592,up
18:07:56.476864,7.69,1008.19,1.611,45.304,0.0355597739713932,1.611,up
18:07:56.481957,10.03,969.16,1.3355,40.68200000000002,0.0328277862445307,1.3355,up
18:07:56.496929,8.93,1065.42,1.453,41.892000000000024,0.0346844266208345,1.453,up
18:07:56.510479,7.43,1018.9,1.7020000000000004,40.027000000000015,0.0425212981237664,1.7020000000000004,up
18:07:56.524387,6.23,1106.62,1.8020000000000005,49.3315,0.0365283845007753,1.8020000000000005,up
18:07:56.530108,5.26,1054.1,1.938,45.31849999999998,0.0427639926299414,1.938,up
18:07:56.543723,5.7,1008.9,1.934,42.67849999999997,0.0453155570134845,1.934,up
18:07:56.557409,5.45,946.19,2.0549999999999997,45.34649999999998,0.0453177202209652,2.0549999999999997,up
18:07:56.563865,8.17,916.61,2.1119999999999997,49.78999999999998,0.0424181562562763,2.1119999999999997,up
18:07:56.575314,7.51,1020.6,2.006,43.69299999999999,0.0459112443640857,2.006,up
18:07:56.589829,9.17,980.51,1.9040000000000004,43.14199999999998,0.0441333271521951,1.9040000000000004,up
18:07:56.601253,8.35,1073.83,1.954,48.15849999999996,0.0405743534370879,1.954,up
18:07:56.614167,12.16,1026.39,2.275,41.53949999999997,0.054767149339785,2.275,up
18:07:56.622150,11.57,984.6,2.367,41.923499999999976,0.056459980679094,2.367,up
18:07:56.630101,9.8,948.97,2.1770000000000005,37.39399999999999,0.0582178959191314,2.1770000000000005,up
18:07:56.646930,9.07,918.13,1.8270000000000004,39.78100000000001,0.0459264472989618,1.8270000000000004,up
18:07:56.657560,8.4,1021.84,1.5995,43.67400000000002,0.0366236204606859,1.5995,up
18:07:56.665177,11.48,981.16,1.6244999999999998,37.610500000000016,0.043192725435716,1.6244999999999998,up
18:07:56.673974,9.72,1075.23,1.591,35.680000000000014,0.0445908071748878,1.591,up
18:07:56.690969,11.25,1027.19,1.736,37.40700000000001,0.0464084262303846,1.736,up
18:07:56.703895,10.3,1113.71,1.5909999999999995,43.02750000000002,0.0369763523328103,1.5909999999999995,up
18:07:56.712346,9.32,1060.08,1.5759999999999998,41.216000000000015,0.0382375776397515,1.5759999999999998,up
18:07:56.724845,10.86,1013.93,1.1879999999999995,40.947500000000005,0.0290127602417729,1.1879999999999995,up
18:07:56.735041,11.82,1101.92,0.9919999999999995,45.67300000000001,0.0217196155277735,0.9919999999999995,up
18:07:56.742346,12.85,1050.58,1.0649999999999995,42.0645,0.0253182612416645,1.0649999999999995,up
18:07:56.760119,11.65,1132.89,1.0884999999999996,43.378000000000014,0.0250933653003826,1.0884999999999996,up
18:07:56.762881,12.68,1077.09,1.1864999999999997,40.393000000000015,0.0293739014185626,1.1864999999999997,up
18:07:56.781200,11.67,1154.35,0.9724999999999998,48.04000000000001,0.0202435470441298,0.9724999999999998,up
18:07:56.794577,9.61,1095.94,1.1289999999999998,41.71950000000003,0.0270616857824278,1.1289999999999998,up
18:07:56.806436,9.78,1045.73,1.1275,43.40100000000002,0.0259786640860809,1.1275,up
18:07:56.809589,9.89,999.79,1.2389999999999997,41.32100000000002,0.0299847535151617,1.2389999999999997,up
18:07:56.826774,11.18,963.32,1.1894999999999996,47.776000000000025,0.0248974380442062,1.1894999999999996,up
18:07:56.840570,9.2,1059.17,1.3299999999999996,48.27650000000003,0.0275496359512391,1.3299999999999996,up
18:07:56.849138,11.73,1014.42,1.1845,44.581500000000034,0.0265693168691048,1.1845,up
18:07:56.858722,12.16,1101.97,1.032,46.796000000000035,0.022053166937345,1.032,up
18:07:56.872658,11.13,1050.99,0.975,39.449000000000005,0.0247154553981089,0.975,up
18:07:56.880362,10.27,1006.64,0.8865000000000001,42.67750000000002,0.0207720695917052,0.8865000000000001,up
18:07:56.896216,10.15,968.82,0.8705,40.98400000000002,0.0212399960960374,0.8705,up
18:07:56.909061,10.01,936.55,0.7065000000000001,47.4395,0.0148926527471832,0.7065000000000001,up
18:07:56.914458,10.86,1036.85,0.5885000000000001,45.99300000000001,0.0127954253908203,0.5885000000000001,up
18:07:56.926927,12.36,995.02,0.5885000000000001,40.6645,0.0144720825289872,0.5885000000000001,up
18:07:56.934668,9.97,1085.91,0.6245,36.64050000000002,0.0170439813867168,0.6245,up
18:07:56.947043,13.34,1036.91,0.6375,36.87200000000002,0.0172895422000433,0.6375,up
18:07:56.962404,11.81,1054.17,0.6874999999999998,34.55550000000001,0.0198955303786661,0.6874999999999998,up
18:07:56.974139,10.1,1010.22,0.6594999999999998,32.503000000000014,0.0202904347291019,0.6594999999999998,up
18:07:56.985697,8.62,972.29,0.8159999999999998,35.708000000000034,0.0228520219558642,0.8159999999999998,up
18:07:56.994184,8.61,887.59,0.9245,43.039000000000016,0.0214805176700202,0.9245,up
18:07:57.007595,10.91,867.79,0.9614999999999998,50.39650000000002,0.0190787058625102,0.9614999999999998,up
18:07:57.012401,11.25,977.23,0.9779999999999998,45.537500000000016,0.021476804831183,0.9779999999999998,up
18:07:57.030066,9.47,945.06,1.0519999999999996,47.01200000000003,0.0223772653790521,1.0519999999999996,up
18:07:57.039672,9.47,1042.73,0.9719999999999998,50.36150000000003,0.0193004576908948,0.9719999999999998,up
18:07:57.049573,8.66,1000.92,1.025,45.51850000000001,0.0225183167283631,1.025,up
18:07:57.060833,9.76,964.36,0.8049999999999999,45.431,0.0177191785344808,0.8049999999999999,up
18:07:57.076398,8.81,933.16,0.7895,47.21850000000001,0.0167201414699746,0.7895,up
18:07:57.083867,8.04,906.08,0.8530000000000001,50.750000000000014,0.016807881773399,0.8530000000000001,up
18:07:57.096899,6.64,1010.22,0.9440000000000002,52.68700000000001,0.0179171332586786,0.9440000000000002,up
18:07:57.108973,9.22,972.66,0.805,41.599,0.0193514267169883,0.805,up
18:07:57.118174,8.27,1066.18,0.8365000000000002,37.239500000000014,0.0224627076088561,0.8365000000000002,up
18:07:57.130107,8.09,1020.41,0.8644999999999999,38.062500000000014,0.0227126436781609,0.8644999999999999,up
18:07:57.141186,6.79,980.48,0.9285000000000002,34.978000000000016,0.0265452570186974,0.9285000000000002,up
18:07:57.154770,5.74,946.43,1.116,33.09150000000001,0.03372467249898,1.116,up
18:07:57.165919,6.08,916.92,1.2020000000000002,37.066000000000024,0.0324286408028921,1.2020000000000002,up
18:07:57.174940,6.31,890.37,1.298,42.94350000000002,0.0302257617567268,1.298,up
18:07:57.182678,5.88,868.15,1.3155,48.56650000000001,0.0270865720198078,1.3155,up
18:07:57.199736,10.82,979.53,1.616,44.04700000000001,0.0366880831838717,1.616,up
18:07:57.211179,15.23,944.59,2.1450000000000005,39.9915,0.0536363977345185,2.1450000000000005,up
18:07:57.217304,15.69,1044.3,2.9575000000000005,47.7085,0.0619910498129264,2.9575000000000005,up
18:07:57.231923,21.86,1000.29,4.325,42.31599999999998,0.1022072029492391,4.325,up
18:07:57.244520,18.97,962.31,5.276999999999999,39.74799999999998,0.132761396799839,5.276999999999999,up
18:07:57.249855,23.69,929.48,6.176,40.32899999999998,0.1531404200451289,6.176,down
18:07:57.258624,20.02,901.01,6.388,40.91749999999999,0.1561190199792265,6.388,up
18:07:57.276914,23.2,1008.29,6.7765,41.24249999999998,0.1643086621810027,6.7765,up
18:07:57.288413,20.34,968.65,6.7505,34.64199999999998,0.1948646152069743,6.7505,down
18:07:57.301211,18.64,1065.13,6.7525,34.6065,0.195122303613483,6.7525,down
18:07:57.303359,20.77,1018.07,6.401000000000001,37.623000000000005,0.1701352895834994,6.401000000000001,down
18:07:57.323517,20.87,976.61,5.6535,37.31150000000002,0.1515216488214089,5.6535,up
18:07:57.331914,22.52,940.81,4.9985,32.36150000000003,0.15445822968651,4.9985,up
18:07:57.342639,19.96,910.27,3.616,34.15150000000004,0.1058811472409702,3.616,up
18:07:57.354869,35.23,1016.53,4.0405,37.74750000000003,0.1070402013378368,4.0405,up
18:07:57.367595,34.13,975.74,4.305,36.18800000000003,0.1189620868796285,4.305,up
18:07:57.380397,49.6,1071.52,6.6395,40.492500000000014,0.1639686361671914,6.6395,down
18:07:57.391215,53.29,1022.69,9.212,37.620500000000035,0.2448664956606103,9.212,down
18:07:57.395688,65.97,977.79,12.892,39.24050000000004,0.3285381175061476,12.892,up
18:07:57.412972,76.23,943.01,16.9615,33.55550000000002,0.5054760024437124,16.9615,down
18:07:57.424163,63.98,912.88,19.059,36.52500000000002,0.5218069815195069,19.059,down
18:07:57.436534,84.11,905.17,22.294,40.76150000000002,0.5469376740306414,22.294,down
18:07:57.444595,69.13,880.81,23.173499999999997,45.43600000000002,0.5100250902368163,23.173499999999997,down
18:07:57.457725,81.73,990.66,24.789499999999997,41.30450000000001,0.6001646309724119,24.789499999999997,down
18:07:57.464280,71.28,954.13,23.7215,37.99500000000001,0.6243321489669691,23.7215,down
18:07:57.481148,72.22,1052.33,22.592,46.5885,0.4849265376648743,22.592,down
18:07:57.493121,74.43,1007.19,20.0695,42.80450000000001,0.4688642549264678,20.0695,up
18:07:57.503113,65.28,968.26,17.557,40.89900000000001,0.4292769994376389,17.557,down
18:07:57.514519,78.42,931.92,14.302000000000003,40.627,0.3520318999680016,14.302000000000003,down
18:07:57.527816,69.4,903.18,10.382,41.1925,0.2520361716331856,10.382,up
18:07:57.563695,76.63,1010.04,8.556000000000001,39.74750000000001,0.2152588213095163,8.556000000000001,down
18:07:57.564437,73.55,970.23,5.356000000000001,34.42550000000001,0.155582344483014,5.356000000000001,up
18:07:57.576558,59.19,1065.94,5.676,35.11850000000001,0.1616242151572532,5.676,up
18:07:57.576558,55.83,1018.39,5.592499999999999,36.69700000000001,0.1523966536774122,5.592499999999999,up
18:07:57.609475,51.79,976.97,7.1215,37.12750000000001,0.1918119991919735,7.1215,down
18:07:57.611536,49.6,941.21,8.693999999999999,31.729500000000023,0.2740036874202238,8.693999999999999,down
18:07:57.611536,51.21,910.7,9.5285,33.46100000000002,0.2847643525298106,9.5285,down
18:07:57.617193,42.02,1016.8,10.4305,37.07450000000001,0.2813389256766779,10.4305,down
18:07:57.627785,41.99,976.06,11.102999999999998,35.45500000000001,0.3131575236214918,11.102999999999998,up
18:07:57.633296,37.14,1071.71,12.303999999999998,39.29100000000001,0.3131505942836781,12.303999999999998,up
18:07:57.650196,33.88,1022.94,13.626,37.012000000000015,0.3681508699881118,13.626,up
18:07:57.661745,30.6,877.94,15.080499999999995,48.80800000000001,0.3089759875430256,15.080499999999995,down
18:07:57.674532,26.73,857.63,15.238500000000002,52.147000000000006,0.2922219878420619,15.238500000000002,down
18:07:57.682136,26.53,839.82,14.95,61.060500000000005,0.2448391349563138,14.95,up
18:07:57.692431,27.94,955.95,13.804999999999998,60.2865,0.2289899065296541,13.804999999999998,down
18:07:57.707523,25.77,924.04,12.678,58.64300000000001,0.2161894855310949,12.678,up
18:07:57.715259,21.97,1027.78,12.3055,58.96600000000001,0.2086880575246751,12.3055,up
18:07:57.725521,18.01,985.75,11.689,56.620500000000014,0.2064446622689661,11.689,down
18:07:57.741532,19.54,1078.69,11.216,67.35900000000001,0.1665107854926587,11.216,up
18:07:57.748408,17.71,1029.67,10.624,65.42050000000002,0.1623955793673236,10.624,up
18:07:57.765033,17.98,987.44,9.5605,64.474,0.1482845798306294,9.5605,up
18:07:57.773408,14.77,849.34,8.638000000000002,64.7305,0.1334455936536872,8.638000000000002,up
18:07:57.783479,16.14,833.99,7.374,66.52800000000002,0.1108405483405483,7.374,up
18:07:57.793172,15.98,950.23,6.272,56.70850000000003,0.1106007035982259,6.272,down
18:07:57.808895,22.25,919.94,5.9405,60.77650000000001,0.0977433712043306,5.9405,up
18:07:57.810912,22.97,1023.09,5.7909999999999995,62.83050000000001,0.0921686123777464,5.7909999999999995,up
18:07:57.829989,24.02,982.52,5.663499999999999,56.814500000000024,0.0996840595270572,5.663499999999999,up
18:07:57.842711,25.34,947.48,5.388999999999999,56.72950000000001,0.0949946676773107,5.388999999999999,up
18:07:57.856717,25.1,916.68,5.178499999999999,49.16300000000002,0.105333279092,5.178499999999999,up
18:07:57.861472,27.75,890.39,4.8485,47.613000000000014,0.1018314325919391,4.8485,up
18:07:57.876030,22.33,999.45,4.2915,52.52800000000002,0.0816992841912884,4.2915,up
18:07:57.889594,30.67,961.4,4.4105,41.63150000000001,0.1059414145538834,4.4105,up
18:07:57.894699,27.1,1058.71,4.401,38.23500000000001,0.1151039623381718,4.401,up
18:07:57.911904,24.19,1012.42,4.245,40.219,0.1055471294661727,4.245,up
18:07:57.912908,22.98,972.07,3.9860000000000007,35.93650000000001,0.110917869018964,3.9860000000000007,up
18:07:57.932394,25.41,937.21,3.5075000000000003,35.23950000000001,0.0995331942848224,3.5075000000000003,up
18:07:57.942543,21.68,907.47,3.2590000000000012,39.775000000000006,0.0819358893777498,3.2590000000000012,up
18:07:57.957170,24.84,1013.89,2.6140000000000008,42.601000000000006,0.0613600619703762,2.6140000000000008,up
18:07:57.964238,23.7,973.31,2.197000000000001,39.44549999999999,0.0556971010634927,2.197000000000001,up
18:07:57.978046,24.03,1069.19,1.6910000000000007,43.39449999999999,0.03896807199069,1.6910000000000007,up
18:07:57.991224,20.67,1021.42,2.003000000000001,39.67599999999998,0.0504839197499748,2.003000000000001,up
18:07:58.001804,19.12,1096.01,1.7600000000000002,46.70699999999999,0.0376817179437771,1.7600000000000002,up
18:07:58.009534,19.6,1043.89,1.88,39.491,0.0476057835962624,1.88,up
18:07:58.023602,16.76,999.47,2.3914999999999997,36.16600000000001,0.0661256428689929,2.3914999999999997,up
18:07:58.035104,16.47,956.89,2.6954999999999996,40.62250000000002,0.0663548526063142,2.6954999999999996,up
18:07:58.047614,17.82,925.51,2.9079999999999995,45.78700000000003,0.0635114770568064,2.9079999999999995,up
18:07:58.056767,19.11,1027.92,2.5789999999999997,42.11650000000004,0.061234907933945,2.5789999999999997,up
18:07:58.064557,16.41,986.97,2.8365,39.74850000000003,0.0713611834408845,2.8365,up
18:07:58.080254,17.91,1079.08,2.8149999999999995,45.127500000000026,0.0623788155780842,2.8149999999999995,up
18:07:58.092499,16.07,1030.64,2.9865,37.44350000000002,0.0797601719924686,2.9865,up
18:07:58.100678,13.39,988.91,3.0325,37.06650000000003,0.0818124182213048,3.0325,up
18:07:58.113085,15.36,951.97,2.6835,33.003000000000036,0.0813107899281882,2.6835,up
18:07:58.125806,17.15,920.91,2.363,36.63250000000003,0.0645055620009553,2.363,up
18:07:58.138485,19.54,1024.42,2.079,39.55950000000003,0.0525537481515185,2.079,up
18:07:58.143887,18.75,983.15,1.735,35.05950000000003,0.0494873001611545,1.735,up
18:07:58.158508,21.35,1076.68,1.8855,33.94400000000003,0.055547372142352,1.8855,up
18:07:58.167344,25.66,1028.2,2.6735,35.07100000000003,0.0762310741068118,2.6735,up
18:07:58.180478,28.94,985.99,3.464,34.79100000000004,0.0995659797073954,3.464,up
18:07:58.194442,28.45,949.55,4.3345,33.14000000000006,0.1307936028968012,4.3345,up
18:07:58.202913,27.56,918.46,4.866499999999999,39.154000000000046,0.1242912601522192,4.866499999999999,up
18:07:58.211299,32.04,1022.28,5.33,40.44650000000004,0.1317790167257981,5.33,up
18:07:58.224421,35.24,980.94,6.0675,36.58750000000003,0.1658353262726339,6.0675,up
18:07:58.239588,32.3,1074.74,6.4435,36.94500000000002,0.1744079036405466,6.4435,up
18:07:58.249037,30.05,1026.17,6.306,35.50050000000003,0.1776313009675918,6.306,up
18:07:58.258644,26.99,901.49,6.35,45.286000000000016,0.1402199355209114,6.35,up
18:07:58.272466,22.13,877.75,6.6245,48.85600000000001,0.1355923530374979,6.6245,up
18:07:58.280319,19.4,857.47,6.741000000000001,57.48,0.1172755741127349,6.741000000000001,down
18:07:58.292647,17.97,970.85,6.6835,56.477500000000006,0.1183391616130317,6.6835,down
18:07:58.306539,25.5,937.25,5.9305,54.36749999999999,0.1090817124201039,5.9305,up
18:07:58.317744,20.67,1038.02,5.7764999999999995,53.96900000000001,0.1070336674757731,5.7764999999999995,up
18:07:58.330215,25.68,995.0,4.932,52.10850000000001,0.0946486657647024,4.932,up
18:07:58.335045,20.68,1086.01,4.3824999999999985,62.054000000000016,0.0706239726689657,4.3824999999999985,up
18:07:58.348346,27.86,1036.43,4.3575,60.34400000000003,0.0722109903221529,4.3575,up
18:07:58.361009,28.67,993.26,4.7075000000000005,59.26100000000001,0.0794367290460842,4.7075000000000005,up
18:07:58.374486,33.3,941.23,5.4855,53.07900000000002,0.1033459560278075,5.4855,up
18:07:58.384351,35.63,911.75,5.833,49.53800000000002,0.117747991440914,5.833,up
18:07:58.395672,41.42,1016.67,6.3685,41.01450000000001,0.1552743541918101,6.3685,up
18:07:58.408613,55.21,976.52,8.0595,41.71050000000002,0.1932247275865788,8.0595,down
18:07:58.419696,46.39,1071.08,9.4225,46.555000000000014,0.2023950166469766,9.4225,down
18:07:58.424629,59.87,1023.41,11.4055,42.10000000000001,0.2709144893111638,11.4055,down
18:07:58.441346,58.44,981.88,13.388,42.498,0.3150265894865641,13.388,up
18:07:58.453476,65.32,946.02,15.216,36.34449999999999,0.4186603199933966,15.216,down
18:07:58.460380,72.81,915.43,17.012499999999996,37.37099999999999,0.4552326670412887,17.012499999999996,down
18:07:58.473570,67.21,1020.64,17.565499999999997,40.39449999999999,0.4348488036737675,17.565499999999997,down
18:07:58.480010,76.08,979.51,18.309499999999996,36.43049999999998,0.5025871179368937,18.309499999999996,down
18:07:58.497650,78.02,1074.0,18.847999999999995,36.872499999999974,0.5111668587700864,18.847999999999995,up
18:07:58.510510,79.82,1025.52,18.738499999999995,37.04449999999998,0.5058375737288938,18.738499999999995,down
18:07:58.522998,72.68,983.29,16.3175,37.15099999999997,0.439221016930904,16.3175,down
18:07:58.530868,69.14,946.85,14.954,34.19999999999998,0.4372514619883043,14.954,down
18:07:58.541832,74.91,915.76,12.63,38.935999999999986,0.3243784672282721,12.63,down
18:07:58.556428,73.26,1020.84,10.661,40.5715,0.2627706641361547,10.661,down
18:07:58.566167,79.9,979.31,9.101,36.6255,0.2484880752481195,9.101,down
18:07:58.574236,67.15,1073.75,7.593500000000001,37.42700000000001,0.2028882892029818,7.593500000000001,down
18:07:58.589560,69.81,1025.38,6.982500000000002,35.614500000000014,0.1960577854525544,6.982500000000002,down
18:07:58.601292,57.72,1014.66,6.815000000000002,35.80500000000002,0.1903365451752548,6.815000000000002,down
18:07:58.608551,57.28,974.41,6.669000000000002,30.789000000000016,0.2166033323589593,6.669000000000002,down
18:07:58.622531,61.42,940.09,6.1190000000000015,32.48400000000001,0.1883696589090013,6.1190000000000015,down
18:07:58.630149,54.43,820.36,7.217,46.2665,0.1559875936152507,7.217,down
18:07:58.646200,69.52,808.47,7.158499999999999,59.532,0.1202462541154337,7.158499999999999,up
18:07:58.658134,56.04,929.41,7.766500000000001,57.78349999999998,0.1344068808569921,7.766500000000001,down
18:07:58.667118,62.64,901.83,7.805,59.38149999999998,0.1314382425502892,7.805,down
18:07:58.677192,50.88,1007.67,8.0925,64.21449999999997,0.1260229387443646,8.0925,up
18:07:58.691702,48.77,968.99,8.271999999999998,58.48099999999997,0.1414476496639934,8.271999999999998,up
18:07:58.702733,53.98,935.1,8.112499999999999,56.39899999999996,0.1438412028582067,8.112499999999999,down
18:07:58.710118,46.67,905.74,7.443999999999998,58.74149999999995,0.1267247176187193,7.443999999999998,down
18:07:58.723929,54.87,880.68,6.069499999999998,59.97449999999996,0.1012013439044927,6.069499999999998,up
18:07:58.734913,44.94,990.71,6.190499999999998,63.16699999999999,0.0980021213608371,6.190499999999998,up
18:07:58.747752,43.16,953.56,5.745999999999998,49.64749999999999,0.1157359383654765,5.745999999999998,up
18:07:58.757760,35.7,1052.01,7.039999999999999,43.5765,0.1615549665530733,7.039999999999999,up
18:07:58.765656,35.64,1006.31,7.423499999999999,43.33500000000001,0.1713049498096226,7.423499999999999,down
18:07:58.780636,32.16,966.46,8.727,37.91950000000001,0.2301454396814303,8.727,down
18:07:58.793156,29.88,932.04,9.275,35.674500000000016,0.2599896284460888,9.275,up
18:07:58.800214,24.54,902.67,9.891,38.39550000000001,0.2576083134742352,9.891,down
18:07:58.811129,30.77,1010.21,10.113,43.16600000000001,0.2342816105268034,10.113,up
18:07:58.824355,25.46,969.78,10.1005,40.68050000000001,0.2482884920293506,10.1005,down
18:07:58.838454,28.36,1066.59,10.389,45.625499999999995,0.2277016142288851,10.389,down
18:07:58.845924,30.52,1018.36,9.475,41.3435,0.2291775006953934,9.475,up
18:07:58.858228,26.81,1105.0,8.887,48.88700000000001,0.1817865690265305,8.887,down
18:07:58.870527,33.78,1051.64,7.8325,42.45700000000001,0.1844807687778222,7.8325,down
18:07:58.883438,27.28,1005.73,6.8085,38.177500000000016,0.1783380263244056,6.8085,down
18:07:58.892489,35.1,1096.42,6.042,46.26450000000001,0.1305968939467626,6.042,up
18:07:58.897138,34.61,1044.44,5.142,44.77150000000001,0.114849848676055,5.142,up
18:07:58.916437,32.33,1128.68,3.8215,48.66950000000002,0.0785194012677343,3.8215,up
18:07:58.929039,28.06,1072.5,3.469499999999999,44.988000000000014,0.077120565484129,3.469499999999999,up
18:07:58.940107,30.48,1151.9,2.6275,53.057500000000026,0.0495217452763511,2.6275,up
18:07:58.946848,28.73,1092.87,2.494,45.441500000000026,0.0548837516367197,2.494,up
18:07:58.959287,26.96,1041.68,2.746,46.51050000000001,0.0590404317304694,2.746,up
18:07:58.973560,37.08,910.71,2.9745,51.97250000000001,0.0572321901005339,2.9745,up
18:07:58.983277,36.81,886.86,3.1569999999999996,64.79550000000002,0.0487225193107545,3.1569999999999996,up
18:07:58.992918,41.26,994.91,3.752,70.92750000000001,0.0528990870959782,3.752,up
18:07:59.008028,40.83,959.07,3.8899999999999992,71.11300000000001,0.0547016719868378,3.8899999999999992,up
18:07:59.014727,42.64,1054.76,4.18,70.46300000000001,0.059321913628429,4.18,up
18:07:59.029981,36.1,1010.57,4.046999999999999,63.95449999999998,0.0632793626718995,4.046999999999999,up
18:07:59.038623,33.18,971.99,4.2364999999999995,65.69099999999999,0.0644913306236775,4.2364999999999995,up
18:07:59.051488,35.85,938.64,4.294999999999999,61.9365,0.0693452164717089,4.294999999999999,up
18:07:59.060538,29.57,910.62,4.806499999999998,66.40899999999999,0.0723772380249664,4.806499999999998,up
18:07:59.072729,33.94,1015.53,4.793499999999999,67.30850000000001,0.071216859683398,4.793499999999999,up
18:07:59.080372,31.78,976.18,4.6455,52.38199999999999,0.0886850444809285,4.6455,up
18:07:59.096371,29.37,1070.17,4.657499999999999,43.683499999999995,0.1066192040472947,4.657499999999999,up
18:07:59.107751,30.8,1023.25,4.154499999999999,40.31499999999999,0.1030509735830336,4.154499999999999,up
18:07:59.120876,30.42,1109.55,3.624499999999999,41.566,0.0871986719915315,3.624499999999999,up
18:07:59.133328,28.08,1056.91,3.138499999999999,45.298000000000016,0.0692856196741577,3.138499999999999,up
18:07:59.142244,28.79,1012.04,3.2849999999999993,43.91700000000002,0.0748001912698954,3.2849999999999993,up
18:07:59.148476,26.87,1099.96,3.2699999999999996,48.89900000000003,0.0668725331806375,3.2699999999999996,up
18:07:59.165663,28.21,1049.72,3.3354999999999997,45.741500000000016,0.0729206519244012,3.3354999999999997,up
18:07:59.174912,28.55,1131.36,2.6999999999999997,48.055,0.0561856206430132,2.6999999999999997,up
18:07:59.185037,28.74,1077.03,2.4509999999999996,44.404,0.0551977299342401,2.4509999999999996,up
18:07:59.194645,29.56,1154.4,2.111,52.27450000000003,0.0403829783163875,2.111,up
18:07:59.210721,31.91,1096.78,1.873,44.799500000000016,0.0418085023270348,1.873,up
18:07:59.223807,33.31,1047.23,2.0515,45.77950000000001,0.0448126344761301,2.0515,up
18:07:59.231409,28.43,1129.03,1.867,40.34200000000001,0.0462793118833969,1.867,up
18:07:59.244080,28.05,1075.7,1.6054999999999997,37.0765,0.0433023613339986,1.6054999999999997,up
18:07:59.249785,24.12,1152.17,1.8604999999999996,42.28200000000001,0.044002175866799,1.8604999999999996,up
18:07:59.266272,21.77,1095.99,2.22,34.264500000000005,0.0647900888674867,2.22,up
18:07:59.275887,28.51,1168.81,2.096,38.53150000000001,0.0543970517628433,2.096,up
18:07:59.286083,28.4,1110.28,2.0500000000000003,31.402000000000022,0.0652824660849627,2.0500000000000003,up
18:07:59.301036,29.59,1059.5,2.1595000000000004,34.456000000000024,0.0626741351288599,2.1595000000000004,up
18:07:59.309282,27.52,1074.64,2.1695,28.550499999999992,0.0759881613281729,2.1695,up
18:07:59.324927,25.89,1029.94,2.0885000000000007,33.153499999999994,0.0629948572548901,2.0885000000000007,up
18:07:59.330120,23.97,1112.81,2.0155000000000003,30.15349999999999,0.0668413285356592,2.0155000000000003,up
18:07:59.345858,21.2,1062.99,2.5445,28.22649999999999,0.0901457849892831,2.5445,up
18:07:59.358658,22.03,1140.3,2.7825000000000006,30.8225,0.0902749614729499,2.7825000000000006,up
18:07:59.364032,33.23,1086.96,2.998,25.893999999999966,0.1157797173090292,2.998,down
18:07:59.376826,35.4,943.42,3.07,39.59249999999999,0.0775399381195933,3.07,up
18:07:59.391790,33.79,918.48,3.651,49.0355,0.0744562612800929,3.651,up
18:07:59.404522,33.57,897.14,4.1455,64.77099999999999,0.0640024084852789,4.1455,up
18:07:59.412680,28.09,999.54,4.061999999999999,65.0605,0.0624341958638497,4.061999999999999,up
18:07:59.424430,27.14,966.65,4.0200000000000005,67.69500000000002,0.0593840017726567,4.0200000000000005,up
18:07:59.436438,21.84,1058.47,4.364,65.05100000000002,0.0670858249681019,4.364,up
18:07:59.444577,33.23,1017.34,4.2395000000000005,64.97350000000002,0.0652496787151684,4.2395000000000005,up
18:07:59.458561,30.55,1100.52,3.823,71.896,0.0531740291532213,3.823,up
18:07:59.468107,28.78,1053.67,3.8365,72.70250000000001,0.0527698497300642,3.8365,up
18:07:59.480230,26.41,1013.25,3.5095,72.93650000000002,0.0481171978364741,3.5095,up
18:07:59.491581,26.63,1097.04,2.9460000000000006,67.373,0.0437267154498092,2.9460000000000006,up
18:07:59.505072,22.58,1051.16,2.866500000000001,54.0305,0.0530533680051082,2.866500000000001,up
18:07:59.513473,18.58,1128.68,3.195500000000001,45.24650000000002,0.0706242471793398,3.195500000000001,up
18:07:59.525314,20.24,1078.64,3.795000000000001,42.81099999999999,0.0886454415921142,3.795000000000001,up
18:07:59.540096,22.09,1151.45,3.988000000000001,46.29149999999999,0.0861497251115216,3.988000000000001,up
18:07:59.550714,28.94,1098.12,3.6525000000000007,44.372999999999976,0.0823135690622676,3.6525000000000007,up
18:07:59.559223,25.64,1052.19,3.434,47.04799999999999,0.0729892875361333,3.434,up
18:07:59.572410,22.19,1129.0,3.492,41.955999999999975,0.0832300505291258,3.492,up
18:07:59.580358,19.05,1079.01,3.5144999999999995,38.334499999999984,0.0916798184403083,3.5144999999999995,up
18:07:59.595272,19.44,1151.67,3.4590000000000005,43.058,0.0803335036462446,3.4590000000000005,up
18:07:59.608261,26.13,1098.86,3.6774999999999993,34.92050000000002,0.1053106341547227,3.6774999999999993,up
18:07:59.615039,30.53,1167.51,4.013,38.60350000000001,0.1039543046614944,4.013,up
18:07:59.624368,28.52,1112.9,3.6429999999999993,31.679,0.114997316834496,3.6429999999999993,up
18:07:59.640877,25.27,1065.42,3.033499999999999,33.46800000000001,0.0906388191705509,3.033499999999999,up
18:07:59.653282,22.51,1139.13,3.087499999999999,28.503500000000013,0.1083200308734014,3.087499999999999,up
18:07:59.661227,22.61,1089.18,2.9784999999999986,29.145500000000045,0.1021941637645603,2.9784999999999986,up
18:07:59.674183,20.64,1159.21,3.131999999999999,29.406500000000033,0.1065070647645927,3.131999999999999,up
18:07:59.686263,16.95,1106.37,3.500999999999999,25.617000000000058,0.136667057032439,3.500999999999999,down
18:07:59.698149,20.77,1172.8,3.3465000000000003,29.39400000000003,0.1138497652582158,3.3465000000000003,up
18:07:59.707025,20.72,1118.48,3.2605000000000004,24.264000000000017,0.1343760303330035,3.2605000000000004,down
18:07:59.715028,23.73,1071.25,2.9785000000000004,28.67100000000001,0.1038854591747758,2.9785000000000004,up
18:07:59.731271,26.09,1013.04,2.4925,32.95650000000001,0.0756299971174123,2.4925,up
18:07:59.741482,26.25,980.96,2.401,43.93600000000002,0.0546476693372177,2.401,up
18:07:59.755647,22.78,1067.37,2.4044999999999996,42.93050000000004,0.0560091310373743,2.4044999999999996,up
18:07:59.760710,24.68,1027.71,2.3085,44.85600000000005,0.0514646869983948,2.3085,up
18:07:59.774907,28.71,1106.54,2.721,44.959000000000046,0.0605218087590915,2.721,up
18:07:59.789568,27.11,1062.01,2.8195,41.86300000000004,0.0673506437665718,2.8195,up
18:07:59.797627,32.33,1048.72,2.953,43.13350000000003,0.0684618683853616,2.953,up
18:07:59.808458,31.31,1012.09,3.2879999999999994,42.78250000000004,0.0768538537953601,3.2879999999999994,up
18:07:59.820480,32.64,980.8,3.6999999999999984,48.24500000000007,0.0766918851694474,3.6999999999999984,up
18:07:59.834190,30.43,1066.59,3.834999999999998,46.63850000000003,0.0822282020219345,3.834999999999998,up
18:07:59.841713,29.76,1028.14,3.5345,38.00800000000003,0.0929935802988843,3.5345,up
18:07:59.850147,36.73,1106.26,3.8289999999999993,31.416000000000025,0.121880570409982,3.8289999999999993,up
18:07:59.867059,37.35,1061.96,4.455,29.03749999999999,0.1534222987516143,4.455,up
18:07:59.878990,35.01,1023.26,4.5755,26.994999999999997,0.1694943508057047,4.5755,down
18:07:59.892039,29.51,989.75,4.261,30.090000000000003,0.1416085078099036,4.261,up
18:07:59.899204,30.37,961.12,4.1155,35.81800000000001,0.1149003294432966,4.1155,up
18:07:59.910618,29.43,1050.1,3.564999999999999,36.660999999999994,0.0972423010828946,3.564999999999999,up
18:07:59.922804,28.51,1013.43,3.2399999999999993,33.560500000000005,0.0965420658214269,3.2399999999999993,up
18:07:59.930084,26.17,1094.9,3.033499999999999,33.397000000000006,0.0908315118124382,3.033499999999999,up
18:07:59.945993,24.11,1051.62,3.3339999999999996,31.809500000000032,0.1048114556971972,3.3339999999999996,up
18:07:59.956207,21.47,1095.9,4.0815,35.28450000000005,0.1156740211707688,4.0815,up
18:07:59.962843,25.79,1052.88,3.7359999999999993,30.397000000000077,0.1229068658091255,3.7359999999999993,up
18:07:59.980561,25.72,1015.71,3.25,31.83200000000007,0.1020985172153805,3.25,up
18:07:59.992689,34.99,1095.58,3.6959999999999993,33.09600000000005,0.111675126903553,3.6959999999999993,up
18:08:00.002282,35.03,1052.56,4.233999999999999,28.275000000000052,0.1497435897435894,4.233999999999999,up
18:08:00.013405,29.36,1126.79,4.2909999999999995,29.22400000000004,0.1468313714754993,4.2909999999999995,up
18:08:00.026396,24.21,1079.64,4.324,28.122000000000043,0.1537586231420238,4.324,down
18:08:00.033442,22.43,1148.37,4.467499999999999,33.005000000000024,0.1353582790486288,4.467499999999999,up
18:08:00.046696,19.06,1098.53,4.6685,28.518999999999988,0.1636978856201129,4.6685,up
18:08:00.059365,15.33,1055.1,5.0794999999999995,30.52000000000001,0.1664318479685451,5.0794999999999995,up
18:08:00.073133,19.4,965.2,4.836,36.232999999999976,0.1334694891397345,4.836,up
18:08:00.081370,19.7,941.27,4.88,48.64099999999995,0.1003268847268766,4.88,up
18:08:00.091869,23.42,1032.66,4.767499999999999,50.014999999999944,0.0953214035789264,4.767499999999999,up
18:11:27.065009,11.61,1114.77,4.947999999999999,50.28299999999995,0.0984030388003898,4.947999999999999,yaw towards right
18:11:27.075979,10.79,1071.34,5.054999999999999,50.65099999999996,0.0998005962369943,5.054999999999999,yaw towards right
18:11:27.085024,9.52,977.83,5.824,51.782999999999944,0.1124693432207482,5.824,yaw towards right
18:11:27.100164,7.92,953.53,6.5745000000000005,59.479999999999976,0.1105329522528581,6.5745000000000005,yaw towards right
18:11:27.106635,10.15,932.71,6.574,60.62349999999999,0.1084397964485719,6.574,yaw towards right
18:11:27.115089,9.68,1024.48,6.135499999999999,61.86400000000001,0.0991772274667011,6.135499999999999,yaw towards right
18:11:27.131923,10.92,993.57,5.1785,59.39999999999998,0.0871801346801347,5.1785,yaw towards right
18:11:27.145370,9.15,1075.21,4.754,55.80149999999999,0.0851948424325511,4.754,yaw towards right
18:11:27.156580,11.62,1037.23,4.507,44.05749999999999,0.1022981331214889,4.507,yaw towards right
18:11:27.165036,9.39,1111.79,4.51,48.68,0.0926458504519309,4.51,yaw towards right
18:11:27.176937,8.59,1068.41,3.6654999999999993,47.6955,0.0768521139310836,3.6654999999999993,yaw towards right
18:11:27.188664,9.35,1030.92,2.7999999999999994,47.60249999999999,0.0588204401029357,2.7999999999999994,yaw towards right
18:11:27.197218,9.17,932.61,1.8489999999999995,48.57250000000002,0.0380668073498378,1.8489999999999995,yaw towards right
18:11:27.211035,10.38,915.04,1.0059999999999998,50.803500000000014,0.0198017853100672,1.0059999999999998,yaw towards right
18:11:27.218677,12.38,1008.46,0.9585,45.474,0.0210779786251484,0.9585,yaw towards right
18:11:27.234716,11.79,980.05,0.9969999999999996,47.10550000000001,0.0211652567109997,0.9969999999999996,yaw towards right
18:11:27.247024,10.52,1063.62,1.0539999999999996,49.273,0.0213910255109289,1.0539999999999996,yaw towards right
18:11:27.255202,8.9,1027.48,1.0204999999999995,42.8265,0.0238287041901626,1.0204999999999995,yaw towards right
18:11:27.262469,7.82,995.69,1.0604999999999998,44.18850000000002,0.0239994568722631,1.0604999999999998,yaw towards right
18:11:27.280211,7.92,968.07,1.142,39.49550000000002,0.0289146864832702,1.142,yaw towards right
18:11:27.297307,8.82,943.97,1.085,40.13000000000001,0.0270371293296785,1.085,yaw towards right
18:11:27.299291,11.09,1034.24,1.206,44.44500000000001,0.0271346608167397,1.206,yaw towards right
18:11:27.313397,10.8,1001.23,1.221,35.21300000000001,0.0346746940050549,1.221,yaw towards right
18:11:27.325827,10.87,1082.36,1.1574999999999998,31.698499999999985,0.03651592346641,1.1574999999999998,yaw towards right
18:11:27.333318,9.45,1042.67,0.9264999999999995,32.60599999999999,0.028415015641293,0.9264999999999995,yaw towards right
18:11:27.343681,8.58,1116.6,0.7955,37.21599999999996,0.0213752149613069,0.7955,yaw towards right
18:11:27.358485,8.45,1071.86,0.7730000000000002,38.36149999999995,0.0201504112195821,0.7730000000000002,yaw towards right
18:11:27.367297,8.15,1033.23,0.7295,38.23999999999996,0.0190768828451883,0.7295,yaw towards right
18:11:27.377846,8.69,922.38,0.5809999999999998,47.14749999999997,0.0123230287926189,0.5809999999999998,yaw towards right
18:11:27.389629,9.53,906.22,0.4864999999999998,56.49849999999999,0.0086108480756126,0.4864999999999998,yaw towards right
18:11:27.397801,10.98,1001.53,0.5915000000000001,55.32899999999999,0.0106905962515136,0.5915000000000001,yaw towards right
18:11:27.414882,11.37,974.04,0.6480000000000002,55.026,0.0117762512266928,0.6480000000000002,yaw towards right
18:11:27.426033,11.26,1058.63,0.7900000000000003,56.81700000000001,0.0139042892092155,0.7900000000000003,yaw towards right
18:11:27.431579,9.24,1023.12,0.7795000000000002,49.57100000000002,0.0157249198119868,0.7795000000000002,yaw towards right
18:11:27.447914,7.62,991.42,0.8605,48.83000000000003,0.0176223633012492,0.8605,yaw towards right
18:11:27.460683,7.64,964.32,0.9335,43.471500000000034,0.0214738391819927,0.9335,yaw towards right
18:11:27.467796,8.13,941.12,0.976,43.532500000000056,0.0224200310113133,0.976,yaw towards right
18:11:27.480340,10.99,1031.94,1.0815,48.40300000000005,0.0223436563849348,1.0815,yaw towards right
18:11:27.493826,10.27,999.15,1.1120000000000003,37.65400000000004,0.0295320550273543,1.1120000000000003,yaw towards right
18:11:27.504980,11.47,1080.71,1.1570000000000005,32.93950000000004,0.0351250018974179,1.1570000000000005,yaw towards right
18:11:27.513589,10.11,1041.16,1.0160000000000002,32.721500000000034,0.0310499213055635,1.0160000000000002,yaw towards right
18:11:27.525793,8.94,1115.87,0.9015000000000002,37.22150000000002,0.0242198729229074,0.9015000000000002,yaw towards right
18:11:27.538624,8.58,1071.14,0.7755000000000001,39.51450000000003,0.0196257070189424,0.7755000000000001,yaw towards right
18:11:27.546781,8.4,1032.5,0.8010000000000002,39.03700000000003,0.0205189947998053,0.8010000000000002,yaw towards right
18:11:27.560531,9.92,1108.13,0.7155000000000002,44.07650000000004,0.0162331401086746,0.7155000000000002,yaw towards right
18:11:27.571943,10.68,1064.93,0.6495000000000001,42.04950000000005,0.0154460814040594,0.6495000000000001,yaw towards right
18:11:27.583264,12.32,1135.61,0.7790000000000002,44.64600000000003,0.0174483716346369,0.7790000000000002,yaw towards right
18:11:27.594886,11.45,1088.83,0.7445000000000002,41.0155,0.0181516743670075,0.7445000000000002,yaw towards right
18:11:27.608106,10.54,1155.84,0.7290000000000001,47.736,0.0152714932126696,0.7290000000000001,yaw towards right
18:11:27.616260,9.19,1106.56,0.7270000000000001,40.58549999999998,0.0179128013699474,0.7270000000000001,yaw towards right
18:11:27.628333,7.51,1063.6,0.9235,40.99249999999998,0.022528511313045,0.9235,yaw towards right
18:11:27.640682,8.52,1026.02,0.9535,37.555,0.0253894288377047,0.9535,yaw towards right
18:11:27.652702,8.47,994.36,1.011,41.446,0.0243931863147227,1.011,yaw towards right
18:11:27.661213,10.44,1076.4,1.001,42.03949999999999,0.0238109397114618,1.001,yaw towards right
18:11:27.698594,10.05,1037.73,0.9715,38.20299999999997,0.0254299400570636,0.9715,yaw towards right
18:11:27.732749,10.49,1112.72,0.9295,40.02499999999997,0.0232229856339787,0.9295,yaw towards right
18:11:27.741443,8.44,1069.14,0.8345,33.63049999999998,0.0248137851057819,0.8345,yaw towards right
18:11:27.748973,7.39,1100.83,0.8550000000000001,35.146,0.0243270926990269,0.8550000000000001,yaw towards right
18:11:27.748973,8.3,1058.93,0.8530000000000001,28.782999999999987,0.0296355487614216,0.8530000000000001,yaw towards right
18:11:27.748973,7.83,1022.7,0.8330000000000002,31.752999999999968,0.0262337416936982,0.8330000000000002,yaw towards right
18:11:27.748973,9.8,1099.23,0.7590000000000001,31.86299999999996,0.023820732511063,0.7590000000000001,yaw towards right
18:11:27.750980,11.43,1057.94,0.8849999999999998,27.075999999999947,0.0326857733786379,0.8849999999999998,yaw towards right
18:11:27.762565,12.1,1129.1,0.9939999999999998,24.45699999999993,0.0406427607637896,0.9939999999999998,yaw towards right
18:11:27.774294,10.31,1083.86,1.0064999999999995,24.57149999999993,0.040962090226482,1.0064999999999995,yaw towards right
18:11:27.782933,10.57,1151.05,1.0384999999999998,27.22849999999992,0.0381401839983841,1.0384999999999998,yaw towards right
18:11:27.795066,10.14,1103.05,1.031,25.36849999999991,0.0406409523621815,1.031,yaw towards right
18:11:27.806737,9.4,1061.17,0.97,28.04299999999992,0.0345897371893165,0.97,yaw towards right
18:11:27.819404,10.96,964.96,0.8969999999999999,35.99249999999991,0.0249218587205668,0.8969999999999999,yaw towards right
18:11:27.830333,10.69,943.32,0.9024999999999996,48.16799999999991,0.0187365055638598,0.9024999999999996,yaw towards right
18:11:27.840218,12.55,1032.16,1.0319999999999996,48.34699999999991,0.0213456884605043,1.0319999999999996,yaw towards right
18:11:27.847050,11.41,1000.97,0.9599999999999996,50.685999999999915,0.0189401412618869,0.9599999999999996,yaw towards right
18:11:27.863629,11.31,1080.64,0.7790000000000001,51.049999999999905,0.0152595494613124,0.7790000000000001,yaw towards right
18:11:27.873363,9.42,1042.71,0.6825000000000001,46.33999999999991,0.0147280966767371,0.6825000000000001,yaw towards right
18:11:27.889190,8.35,1008.95,0.8720000000000001,48.452499999999915,0.0179970073783602,0.8720000000000001,yaw towards right
18:11:27.895038,8.83,979.64,0.979,46.593499999999935,0.0210115144816337,0.979,yaw towards right
18:11:27.910915,9.66,954.57,1.0135,50.48199999999994,0.0200764628976665,1.0135,yaw towards right
18:11:27.922842,11.65,1042.95,1.039,51.24349999999995,0.0202757422892659,1.039,yaw towards right
18:11:27.934887,12.53,1009.37,1.1185,40.50899999999995,0.0276111481399195,1.1185,yaw towards right
18:11:27.944301,12.76,1088.99,1.2335000000000005,34.41199999999996,0.0358450540509125,1.2335000000000005,yaw towards right
18:11:27.956110,11.06,1049.05,1.054,32.67749999999998,0.0322546094407467,1.054,yaw towards right
18:11:27.965233,9.19,1121.73,1.1125,34.70899999999999,0.0320522054798467,1.1125,yaw towards right
18:11:27.980157,8.27,1077.41,1.1909999999999998,37.193500000000014,0.0320217242260072,1.1909999999999998,yaw towards right
18:11:27.985044,9.24,1038.67,1.0909999999999995,36.4845,0.0299031095396675,1.0909999999999995,yaw towards right
18:11:28.001176,10.11,1112.99,0.8854999999999998,40.33500000000001,0.0219536382794099,0.8854999999999998,yaw towards right
18:11:28.010980,11.31,1069.45,0.7994999999999999,37.26350000000001,0.0214553114978464,0.7994999999999999,yaw towards right
18:11:28.025348,11.19,1138.62,0.7544999999999998,38.74349999999999,0.0194742343877037,0.7544999999999998,yaw towards right
18:11:28.034464,10.97,1092.22,0.6764999999999997,35.846499999999985,0.018872135354916,0.6764999999999997,yaw towards right
18:11:28.042391,9.74,1157.44,0.6034999999999997,42.509,0.0141969935778305,0.6034999999999997,yaw towards right
18:11:28.057715,8.02,1108.29,0.6539999999999997,36.489999999999995,0.0179227185530282,0.6539999999999997,yaw towards right
18:11:28.069619,7.82,1065.89,0.8084999999999998,37.625499999999995,0.0214880865370559,0.8084999999999998,yaw towards right
18:11:28.079332,7.82,1028.79,0.8584999999999997,35.337999999999994,0.0242939611749391,0.8584999999999997,yaw towards right
18:11:28.091996,9.43,997.53,0.7469999999999999,40.21049999999998,0.0185772372887678,0.7469999999999999,yaw towards right
18:11:28.097904,10.31,1078.28,0.7645,40.6935,0.0187867841301436,0.7645,yaw towards right
18:11:28.113788,11.41,1040.13,0.8805,37.36799999999999,0.023562941554271,0.8805,yaw towards right
18:11:28.124600,10.15,1113.96,0.8285,39.21899999999999,0.0211249649404625,0.8285,yaw towards right
18:11:28.130190,9.47,1071.0,0.8355,33.06399999999999,0.0252691749334623,0.8355,yaw towards right
18:11:28.146716,7.73,1040.27,1.003,34.979500000000016,0.0286739375920181,1.003,yaw towards right
18:11:28.159139,7.21,1007.93,1.0745,32.81100000000001,0.0327481637255798,1.0745,yaw towards right
18:11:28.163577,8.29,979.83,0.941,38.04450000000002,0.0247341928531062,0.941,yaw towards right
18:11:28.181135,10.04,1062.76,0.8329999999999999,36.86400000000002,0.0225965711805555,0.8329999999999999,yaw towards right
18:11:28.192813,11.75,1027.42,0.8655000000000002,32.539500000000004,0.0265984418936984,0.8655000000000002,yaw towards right
18:11:28.205382,11.05,1102.68,0.9455000000000002,29.325500000000016,0.032241564508704,0.9455000000000002,yaw towards right
18:11:28.214188,11.34,1061.88,1.0315,29.70900000000002,0.0347201184826146,1.0315,yaw towards right
18:11:28.225258,9.56,1131.0,0.917,33.20350000000001,0.0276175704368515,0.917,yaw towards right
18:11:28.238684,7.76,1086.47,1.0720000000000005,32.747499999999995,0.0327353233071226,1.0720000000000005,yaw towards right
18:11:28.250646,9.25,1047.54,1.0740000000000005,33.10050000000002,0.0324466397788553,1.0740000000000005,yaw towards right
18:11:28.258235,8.53,893.83,0.9895000000000008,46.370999999999995,0.0213387677643354,0.9895000000000008,yaw towards right
18:11:28.264729,9.83,883.61,0.8515000000000008,58.96600000000001,0.0144405250483329,0.8515000000000008,yaw towards right
18:11:28.284041,10.8,980.66,0.8810000000000009,60.33400000000002,0.0146020485961481,0.8810000000000009,yaw towards right
18:11:28.293748,11.64,957.95,0.9545000000000008,66.03100000000002,0.0144553315866789,0.9545000000000008,yaw towards right
18:11:28.300540,10.49,1043.32,0.7880000000000008,64.96400000000001,0.0121297949633643,0.7880000000000008,yaw towards right
18:11:28.308511,9.59,1011.73,0.7045000000000007,61.427,0.0114688980415778,0.7045000000000007,yaw towards right
18:11:28.329098,8.86,983.35,0.6515000000000006,61.765499999999975,0.0105479596214715,0.6515000000000006,yaw towards right
18:11:28.339850,7.69,959.07,0.8005000000000007,57.19099999999999,0.0139969575632529,0.8005000000000007,yaw towards right
18:11:28.344691,9.09,938.25,0.6580000000000005,57.9375,0.0113570658036677,0.6580000000000005,yaw towards right
18:11:28.359272,7.92,1028.36,0.7845000000000003,63.06999999999998,0.0124385603297923,0.7845000000000003,yaw towards right
18:11:28.372841,10.4,997.69,0.7660000000000001,48.55049999999999,0.0157773864326835,0.7660000000000001,yaw towards right
18:11:28.380560,10.81,1077.9,0.834,40.1785,0.0207573702353248,0.834,yaw towards right
18:11:28.393191,10.33,1040.33,0.7844999999999998,36.33549999999998,0.0215904556150321,0.7844999999999998,yaw towards right
18:11:28.405680,8.97,1113.16,0.6889999999999998,37.694,0.0182787711572133,0.6889999999999998,yaw towards right
18:11:28.413108,7.28,1070.38,0.8309999999999998,42.51650000000002,0.0195453529806075,0.8309999999999998,yaw towards right
18:11:28.429913,8.07,1033.4,0.9034999999999996,41.189000000000014,0.0219354682075311,0.9034999999999996,yaw towards right
18:11:28.438443,8.37,955.58,0.8619999999999998,47.300000000000026,0.0182241014799154,0.8619999999999998,yaw towards right
18:11:28.450354,10.11,936.03,0.7969999999999996,54.491500000000045,0.014626134351229,0.7969999999999996,yaw towards right
18:11:28.462960,11.21,1025.73,0.9309999999999998,51.84500000000005,0.0179573729385668,0.9309999999999998,yaw towards right
18:11:28.474769,11.2,996.19,0.8869999999999998,49.33300000000007,0.0179798512152108,0.8869999999999998,yaw towards right
18:11:28.480075,11.47,1075.89,0.943,51.66700000000007,0.0182514951516441,0.943,yaw towards right
18:11:28.493014,9.88,1038.9,0.873,43.20400000000006,0.0202064623645958,0.873,yaw towards right
18:11:28.508391,8.39,1006.4,0.9395000000000004,41.95850000000008,0.0223911722297031,0.9395000000000004,yaw towards right
18:11:28.522934,8.58,978.59,0.9675000000000004,36.394500000000065,0.0265836870955775,0.9675000000000004,yaw towards right
18:11:28.530124,9.15,954.35,0.8290000000000003,36.05550000000006,0.0229923312670743,0.8290000000000003,yaw towards right
18:11:28.541433,10.96,1041.64,0.8410000000000004,39.838000000000065,0.0211104975149354,0.8410000000000004,yaw towards right
18:11:28.554075,11.67,1008.93,0.9245000000000004,32.43450000000006,0.0285035995621945,0.9245000000000004,yaw towards right
18:11:28.562760,11.2,1087.5,0.8285000000000003,29.96650000000005,0.0276475397527238,0.8285000000000003,yaw towards right
18:11:28.574623,10.07,1048.44,0.7060000000000002,31.90400000000005,0.0221288866599799,0.7060000000000002,yaw towards right
18:11:28.586399,8.14,1120.11,0.7915000000000003,36.55050000000004,0.0216549705202391,0.7915000000000003,yaw towards right
18:11:28.598540,7.18,1076.23,0.9000000000000001,36.244000000000035,0.0248316962807636,0.9000000000000001,yaw towards right
18:11:28.608565,8.62,1038.32,0.9150000000000004,36.13500000000004,0.025321710253217,0.9150000000000004,yaw towards right
18:11:28.617825,9.96,1111.6,0.8520000000000003,40.47450000000003,0.021050290923915,0.8520000000000003,yaw towards right
18:11:28.632598,11.43,1069.35,0.9285000000000002,37.77250000000002,0.0245813753392017,0.9285000000000002,yaw towards right
18:11:28.642996,11.04,1137.91,0.9445,39.590000000000025,0.0238570346046981,0.9445,yaw towards right
18:11:28.656935,10.5,1092.24,0.8695,36.593000000000025,0.0237613751263902,0.8695,yaw towards right
18:11:28.665223,9.12,1156.84,0.8455000000000001,43.16350000000003,0.019588309567111,0.8455000000000001,yaw towards right
18:11:28.675680,7.41,1108.84,1.0465000000000002,36.976500000000016,0.028301759225454,1.0465000000000002,yaw towards right
18:11:28.684234,7.58,1066.97,1.131,37.881,0.0298566563712679,1.131,yaw towards right
18:11:28.701200,7.39,1030.76,1.0955,35.24450000000002,0.0310828639929634,1.0955,yaw towards right
18:11:28.713668,9.32,999.81,0.8719999999999999,39.74700000000003,0.0219387626739124,0.8719999999999999,yaw towards right
18:11:28.720273,10.58,1079.17,0.9395,40.23450000000001,0.0233506070660751,0.9395,yaw towards right
18:11:28.730687,11.87,1041.49,1.0949999999999995,36.85550000000001,0.0297106266364585,1.0949999999999995,yaw towards right
18:11:28.747049,10.28,1114.52,1.0014999999999996,38.691500000000026,0.0258842381401599,1.0014999999999996,yaw towards right
18:11:28.758133,9.81,1072.06,0.9734999999999996,32.53500000000002,0.0299216228676809,0.9734999999999996,yaw towards right
18:11:28.765495,8.81,1020.44,0.9929999999999995,36.405,0.0272764730119489,0.9929999999999995,yaw towards right
18:11:28.776414,7.28,991.56,1.0819999999999994,35.97500000000001,0.0300764419735927,1.0819999999999994,yaw towards right
18:11:28.791640,9.13,966.4,0.8784999999999996,42.117500000000014,0.020858313052769,0.8784999999999996,yaw towards right
18:11:28.802328,9.94,1050.42,0.7869999999999996,40.190000000000026,0.0195819855685493,0.7869999999999996,yaw towards right
18:11:28.812186,11.25,1017.4,0.7764999999999996,36.19900000000003,0.0214508688085305,0.7764999999999996,yaw towards right
18:11:28.825133,12.24,1094.14,0.9794999999999996,32.91900000000003,0.0297548528205595,0.9794999999999996,yaw towards right
18:11:28.836197,11.32,1055.09,1.0064999999999995,33.179000000000045,0.0303354531480755,1.0064999999999995,yaw towards right
18:11:28.848197,9.32,1125.21,0.8659999999999997,37.14750000000004,0.023312470556565,0.8659999999999997,yaw towards right
18:11:28.855265,7.72,1082.01,1.0025,37.191500000000026,0.0269550838229165,1.0025,yaw towards right
18:11:28.863721,8.86,1044.22,1.0145000000000004,37.14600000000003,0.0273111505949496,1.0145000000000004,yaw towards right
18:11:28.882575,8.57,963.12,1.0390000000000006,40.65850000000007,0.0255543121364536,1.0390000000000006,yaw towards right
18:11:28.892703,9.52,942.61,0.8705000000000004,44.862500000000075,0.0194037336305377,0.8705000000000004,yaw towards right
18:11:28.901582,11.48,1030.71,1.0360000000000005,39.55100000000009,0.0261940279638946,1.0360000000000005,yaw towards right
18:11:28.912816,11.28,1000.59,1.0880000000000003,41.80900000000009,0.0260231050730703,1.0880000000000003,yaw towards right
18:11:28.925157,11.67,1079.46,1.0775000000000008,43.43300000000008,0.0248083254668109,1.0775000000000008,yaw towards right
18:11:28.938983,9.58,1042.1,0.8675000000000006,38.72050000000006,0.0224041528389354,0.8675000000000006,yaw towards right
18:11:28.946684,8.6,1009.28,0.8285000000000003,40.51950000000006,0.0204469452979429,0.8285000000000003,yaw towards right
18:11:28.960234,9.49,980.76,0.7745000000000004,37.19750000000006,0.020821291753478,0.7745000000000004,yaw towards right
18:11:28.972149,9.15,956.35,0.6255000000000001,39.13050000000007,0.0159849733583777,0.6255000000000001,yaw towards right
18:11:28.983529,11.68,1043.18,0.8019999999999998,42.64500000000007,0.0188064251377652,0.8019999999999998,yaw towards right
18:11:28.992515,12.72,1010.4,0.9654999999999998,34.281000000000056,0.0281642892564393,0.9654999999999998,yaw towards right
18:11:28.999724,10.98,1089.04,0.9704999999999996,30.658500000000032,0.0316551690395811,0.9704999999999996,yaw towards right
18:11:29.016966,10.93,1049.91,0.7979999999999997,31.363500000000027,0.025443588885169,0.7979999999999997,yaw towards right
18:11:29.027216,9.58,1121.65,0.7759999999999996,35.57700000000004,0.0218118447311464,0.7759999999999996,yaw towards right
18:11:29.035483,9.66,1077.7,0.6529999999999994,36.10250000000005,0.0180873900699397,0.6529999999999994,yaw towards right
18:11:29.047578,9.3,1039.72,0.6819999999999995,36.169500000000056,0.0188556656851766,0.6819999999999995,yaw towards right
18:11:29.061509,10.6,1112.64,0.6469999999999996,40.06650000000006,0.0161481536944828,0.6469999999999996,yaw towards right
18:11:29.072822,10.68,1070.39,0.6494999999999995,37.16700000000006,0.0174751795948018,0.6494999999999995,yaw towards right
18:11:29.083087,12.27,1138.63,0.7604999999999997,38.76700000000007,0.0196172001960429,0.7604999999999997,yaw towards right
18:11:29.094964,10.28,1093.01,0.5834999999999999,35.906500000000065,0.0162505395958948,0.5834999999999999,yaw towards right
18:11:29.106959,10.71,1157.34,0.3614999999999998,42.48200000000004,0.0085094863706981,0.3614999999999998,yaw towards right
18:11:29.119977,9.24,1109.43,0.4664999999999999,36.45450000000006,0.0127967740608155,0.4664999999999999,yaw towards right
18:11:29.127605,7.91,1067.63,0.6699999999999997,37.44750000000004,0.0178917150677615,0.6699999999999997,yaw towards right
18:11:29.139724,9.35,1031.47,0.6644999999999998,34.93500000000002,0.0190210390725633,0.6644999999999998,yaw towards right
18:11:29.146921,9.81,1000.57,0.6839999999999998,39.542,0.0172980628192807,0.6839999999999998,yaw towards right
18:11:29.164371,11.45,1080.11,0.7529999999999998,40.014,0.0188184135552556,0.7529999999999998,yaw towards right
18:11:29.177094,10.92,1042.44,0.7499999999999997,36.6855,0.0204440446497935,0.7499999999999997,yaw towards right
18:11:29.182979,11.71,1114.73,0.8674999999999997,38.4785,0.0225450576295853,0.8674999999999997,yaw towards right
18:11:29.196290,9.4,1072.39,0.7854999999999996,32.40599999999999,0.0242393383941245,0.7854999999999996,yaw towards right
18:11:29.210104,8.08,1089.07,0.9019999999999996,32.723999999999975,0.0275638674978609,0.9019999999999996,yaw towards right
18:11:29.222149,8.19,1050.39,1.0134999999999996,28.0545,0.0361261116754887,1.0134999999999996,yaw towards right
18:11:29.230705,8.39,1016.89,0.9919999999999995,31.44550000000002,0.0315466441939227,0.9919999999999995,yaw towards right
18:11:29.242738,10.79,1093.3,0.9044999999999996,31.277500000000018,0.0289185516745263,0.9044999999999996,yaw towards right
18:11:29.255180,11.69,1054.34,0.9814999999999996,26.791500000000024,0.0366347535598976,0.9814999999999996,yaw towards right
18:11:29.266988,12.24,1125.05,1.0964999999999996,23.55850000000002,0.0465437103380944,1.0964999999999996,yaw towards right
18:11:29.275726,11.67,1081.85,1.0769999999999995,23.38650000000002,0.0460522096081071,1.0769999999999995,yaw towards right
18:11:29.280123,10.43,1147.03,1.0509999999999995,26.262500000000017,0.0400190385530699,1.0509999999999995,yaw towards right
18:11:29.300280,8.84,1100.59,1.0369999999999997,24.958499999999997,0.0415489712923452,1.0369999999999997,yaw towards right
18:11:29.311954,9.53,1060.48,1.0174999999999996,27.07050000000001,0.0375870412441587,1.0174999999999996,yaw towards right
18:11:29.313819,9.92,930.18,0.8904999999999997,39.887000000000015,0.0223255697344999,0.8904999999999997,yaw towards right
18:11:29.331226,10.39,915.61,0.7739999999999997,53.480500000000006,0.0144725647665971,0.7739999999999997,yaw towards right
18:11:29.342670,11.2,1006.76,0.7344999999999997,55.70899999999997,0.0131845841784989,0.7344999999999997,yaw towards right
18:11:29.355375,11.42,981.22,0.6764999999999999,60.136999999999965,0.0112493140662154,0.6764999999999999,yaw towards right
18:11:29.363966,10.84,1062.02,0.558,59.31149999999995,0.0094079562985255,0.558,yaw towards right
18:11:29.376489,8.77,1028.7,0.5835000000000001,56.02049999999997,0.0104158299194045,0.5835000000000001,yaw towards right
18:11:29.390260,7.7,998.85,0.7475000000000003,57.435499999999976,0.0130145989849483,0.7475000000000003,yaw towards right
18:11:29.401479,7.25,972.86,0.9770000000000004,54.27299999999998,0.018001584581652,0.9770000000000004,yaw towards right
18:11:29.410239,9.43,951.04,0.8990000000000002,56.6595,0.0158667125548231,0.8990000000000002,yaw towards right
18:11:29.417414,11.04,1037.72,0.9425,58.92999999999999,0.0159935516714746,0.9425,yaw towards right
18:11:29.435155,11.29,1006.7,0.9845,45.224,0.0217694144701928,0.9845,yaw towards right
18:11:29.445757,11.92,1084.96,1.0805,37.4915,0.0288198658362562,1.0805,yaw towards right
18:11:29.456480,9.64,1047.37,1.0814999999999997,34.01799999999999,0.0317919924745722,1.0814999999999997,yaw towards right
18:11:29.466870,9.37,1118.56,1.0375,34.934,0.0296988607087651,1.0375,yaw towards right
18:11:29.478873,8.53,1076.0,1.104,39.136,0.0282093213409648,1.104,yaw towards right
18:11:29.492084,8.75,1039.21,1.0049999999999997,37.621499999999976,0.0267134484270962,1.0049999999999997,yaw towards right
18:11:29.496519,9.82,1111.28,0.7879999999999996,42.53249999999998,0.0185270087580085,0.7879999999999996,yaw towards right
18:11:29.512116,10.39,1070.15,0.6064999999999996,40.67699999999998,0.014910145782629,0.6064999999999996,yaw towards right
18:11:29.524864,11.71,1137.07,0.7374999999999996,43.17699999999996,0.0170808532320448,0.7374999999999996,yaw towards right
18:11:29.533686,11.92,1092.59,0.8304999999999998,39.61949999999995,0.0209619000744583,0.8304999999999998,yaw towards right
18:11:29.544611,9.97,1156.08,0.7705,45.95749999999994,0.0167654898547571,0.7705,yaw towards right
18:11:29.556856,8.72,1109.25,0.7735,38.96749999999993,0.0198498748957464,0.7735,yaw towards right
18:11:29.563421,8.88,1068.36,0.7849999999999998,39.25649999999997,0.0199966884464993,0.7849999999999998,yaw towards right
18:11:29.581520,8.18,1032.98,0.8854999999999998,35.85299999999998,0.0246980726856887,0.8854999999999998,yaw towards right
18:11:29.590633,9.61,1002.29,0.8089999999999999,39.48199999999998,0.0204903500329264,0.8089999999999999,yaw towards right
18:11:29.598160,10.56,1081.14,0.8105000000000002,39.979999999999976,0.020272636318159,0.8105000000000002,yaw towards right
18:11:29.614975,10.92,1044.19,0.8560000000000002,36.32649999999997,0.0235640648011782,0.8560000000000002,yaw towards right
18:11:29.627432,10.43,1115.79,0.8130000000000003,38.07999999999995,0.0213497899159664,0.8130000000000003,yaw towards right
18:11:29.633548,9.04,1074.16,0.7275000000000003,32.02949999999997,0.0227134360511403,0.7275000000000003,yaw towards right
18:11:29.646417,8.32,1139.41,0.6465000000000002,36.994499999999974,0.0174755706929408,0.6465000000000002,yaw towards right
18:11:29.659901,8.31,1094.29,0.7040000000000001,31.92799999999998,0.0220496116261588,0.7040000000000001,yaw towards right
18:11:29.667457,9.73,1055.31,0.6435000000000002,32.68999999999999,0.0196849189354542,0.6435000000000002,yaw towards right
18:11:29.680396,9.46,1124.41,0.5795000000000003,34.10999999999997,0.0169891527411316,0.5795000000000003,yaw towards right
18:11:29.694033,12.39,1081.87,0.7345000000000003,29.014999999999947,0.0253144925038773,0.7345000000000003,yaw towards right
18:11:29.706414,12.83,1146.93,0.9990000000000002,26.99199999999997,0.037010966212211,0.9990000000000002,yaw towards right
18:11:29.717073,11.52,1101.52,1.0765,26.780999999999977,0.0401964079011239,1.0765,yaw towards right
18:11:29.729906,10.34,1163.57,1.033,29.12699999999998,0.0354653757681876,1.033,yaw towards right
18:11:29.738300,8.78,1115.72,1.0915,26.9445,0.0405091948264024,1.0915,yaw towards right
18:11:29.749493,8.29,1074.41,1.1470000000000002,30.01649999999998,0.0382123165592257,1.1470000000000002,yaw towards right
18:11:29.759024,8.33,922.25,1.1730000000000005,41.40599999999998,0.0283292276481669,1.1730000000000005,yaw towards right
18:11:29.773978,9.11,909.74,1.1565000000000003,57.93749999999998,0.0199611650485437,1.1565000000000003,yaw towards right
18:11:29.783453,11.36,1000.91,1.2620000000000002,65.42099999999998,0.0192904419070329,1.2620000000000002,yaw towards right
18:11:29.794647,10.98,977.11,1.2865000000000004,70.84799999999996,0.0181585930442637,1.2865000000000004,yaw towards right
18:11:29.807519,10.46,1057.67,1.0205000000000004,71.64849999999997,0.0142431453554505,1.0205000000000004,yaw towards right
18:11:29.816999,9.08,1025.85,0.8100000000000003,67.35449999999996,0.0120259225441507,0.8100000000000003,yaw towards right
18:11:29.825634,7.96,997.28,0.7795000000000003,68.60299999999995,0.0113624768596125,0.7795000000000003,yaw towards right
18:11:29.839754,8.04,972.82,0.8380000000000003,65.73899999999996,0.0127473797897747,0.8380000000000003,yaw towards right
18:11:29.852457,8.91,951.85,0.7650000000000003,68.56349999999993,0.0111575400905729,0.7650000000000003,yaw towards right
18:11:29.860546,10.58,1037.57,0.7830000000000003,70.17999999999995,0.0111570247933884,0.7830000000000003,yaw towards right
18:11:29.873017,10.96,1007.4,0.7740000000000002,53.44499999999996,0.0144821779399382,0.7740000000000002,yaw towards right
18:11:29.884370,11.02,1084.73,0.7755000000000002,43.30699999999997,0.0179070358140716,0.7755000000000002,yaw towards right
18:11:29.897854,9.55,1048.0,0.6750000000000003,37.36599999999997,0.0180645506610287,0.6750000000000003,yaw towards right
18:11:29.908997,8.1,1117.83,0.7645000000000004,35.87499999999997,0.0213101045296167,0.7645000000000004,yaw towards right
18:11:29.918334,7.52,1076.19,0.9060000000000006,39.48599999999998,0.0229448412095426,0.9060000000000006,yaw towards right
18:11:29.930600,7.94,1040.17,0.8980000000000004,38.02499999999999,0.0236160420775805,0.8980000000000004,yaw towards right
18:11:29.943007,8.58,1111.74,0.8010000000000005,43.1805,0.0185500399485879,0.8010000000000005,yaw towards right
18:11:29.955506,8.79,1071.35,0.7180000000000006,41.7205,0.0172097649836411,0.7180000000000006,yaw towards right
18:11:29.963659,10.44,1137.74,0.8365000000000006,44.58300000000001,0.018762757104726,0.8365000000000006,yaw towards right
18:11:29.974136,9.72,1093.95,0.7430000000000004,40.89450000000001,0.0181687023927423,0.7430000000000004,yaw towards right
18:11:29.988263,9.37,1156.45,0.6545000000000004,46.775000000000006,0.0139925173703901,0.6545000000000004,yaw towards right
18:11:29.999793,7.7,1110.35,0.7030000000000003,39.53749999999998,0.0177805880493202,0.7030000000000003,yaw towards right
18:11:30.006694,7.53,1069.64,0.7385000000000003,39.65099999999998,0.0186250031525056,0.7385000000000003,yaw towards right
18:11:30.016463,8.8,1034.85,0.6285000000000003,36.06100000000002,0.0174288011979701,0.6285000000000003,yaw towards right
18:11:30.033715,9.61,1005.1,0.5625000000000001,39.36800000000002,0.0142882544198333,0.5625000000000001,yaw towards right
18:11:30.045105,11.63,1082.76,0.7605000000000002,39.79750000000001,0.019109240530184,0.7605000000000002,yaw towards right
18:11:30.050323,11.91,1046.34,0.9860000000000004,36.1035,0.0273103715706233,0.9860000000000004,yaw towards right
18:11:30.059753,12.27,1116.85,1.2405000000000004,37.7855,0.0328300538566381,1.2405000000000004,yaw towards right
18:11:30.077381,10.07,1075.82,1.1540000000000004,31.735499999999995,0.0363630634462983,1.1540000000000004,yaw towards right
18:11:30.090697,9.57,1141.41,1.1010000000000004,36.59850000000001,0.0300832001311529,1.1010000000000004,yaw towards right
18:11:30.097427,9.73,1096.75,1.0780000000000003,31.63350000000002,0.0340777972718794,1.0780000000000003,yaw towards right
18:11:30.111175,10.46,1058.16,1.0355000000000003,32.270500000000034,0.032088130025875,1.0355000000000003,yaw towards right
18:11:30.123003,11.63,1126.97,1.0910000000000006,33.78750000000004,0.0322900480947095,1.0910000000000006,yaw towards right
18:11:30.135046,11.4,1084.8,1.1265000000000005,28.867500000000017,0.039023122889062,1.1265000000000005,yaw towards right
18:11:30.143185,11.77,1149.11,1.0705000000000005,26.945999999999987,0.0397276033548579,1.0705000000000005,yaw towards right
18:11:30.156914,10.93,1104.12,0.8395000000000004,26.754999999999978,0.0313773126518408,0.8395000000000004,yaw towards right
18:11:30.166035,9.61,1165.04,0.7060000000000002,29.138999999999992,0.0242286969353787,0.7060000000000002,yaw towards right
18:11:30.179969,7.95,1118.16,0.6770000000000003,26.991500000000023,0.0250819702498934,0.6770000000000003,yaw towards right
18:11:30.192127,8.46,1077.22,0.8,30.036500000000007,0.0266342616483278,0.8,yaw towards right
18:11:30.201561,8.24,1010.89,0.9835,32.77899999999999,0.0300039659538119,0.9835,yaw towards right
18:11:30.214028,9.26,985.38,1.0550000000000002,41.94099999999999,0.0251543835387806,1.0550000000000002,yaw towards right
18:11:30.225666,11.26,1065.36,1.098,43.39400000000001,0.0253030372862607,1.098,yaw towards right
18:11:30.237503,11.7,1032.19,1.1045000000000005,43.508,0.0253861358830559,1.1045000000000005,yaw towards right
18:11:30.245829,11.42,1103.74,1.1725,44.732,0.0262116605562013,1.1725,yaw towards right
18:11:30.258004,9.47,1065.31,1.154,39.49650000000002,0.0292177787905257,1.154,yaw towards right
18:11:30.269562,7.9,920.52,1.277,53.609500000000025,0.0238204049655378,1.277,yaw towards right
18:11:30.282594,8.36,908.41,1.2185,62.18800000000003,0.0195938123110567,1.2185,yaw towards right
18:11:30.290819,8.81,897.49,1.0094999999999998,73.891,0.0136620156717326,1.0094999999999998,yaw towards right
18:11:30.303212,10.84,990.53,0.9934999999999998,71.51700000000002,0.0138918019491869,0.9934999999999998,yaw towards right
18:11:30.315739,10.83,968.25,0.8759999999999998,64.53300000000002,0.0135744502812514,0.8759999999999998,yaw towards right
18:11:30.327059,11.26,1050.62,0.8409999999999996,57.551,0.0146131257493353,0.8409999999999996,yaw towards right
18:11:30.335693,10.58,1019.83,0.7544999999999996,56.105999999999995,0.0134477595979039,0.7544999999999996,yaw towards right
18:11:30.347873,9.27,1093.51,0.6869999999999997,60.056999999999995,0.0114391328238173,0.6869999999999997,yaw towards right
18:11:30.360254,7.62,1056.35,0.7469999999999998,63.84799999999998,0.0116996616965292,0.7469999999999998,yaw towards right
18:11:30.372822,8.25,1024.12,0.8189999999999997,65.14399999999996,0.0125721478570551,0.8189999999999997,yaw towards right
18:11:30.410411,8.6,1086.54,0.7164999999999998,57.11899999999996,0.0125439871146203,0.7164999999999998,yaw towards right
18:11:30.412420,9.62,1050.68,0.6839999999999997,44.41599999999997,0.0153998559077809,0.6839999999999997,yaw towards right
18:11:30.413589,10.89,1119.87,0.7404999999999998,38.93299999999995,0.019019854622043,0.7404999999999998,yaw towards right
18:11:30.458506,10.88,1079.51,0.671,40.514499999999956,0.0165619716397833,0.671,yaw towards right
18:11:30.466306,10.11,1143.87,0.6275000000000002,46.13799999999997,0.0136005028393081,0.6275000000000002,yaw towards right
18:11:30.466306,9.65,1100.41,0.5865000000000002,43.950499999999984,0.0133445580823881,0.5865000000000002,yaw towards right
18:11:30.466306,11.6,1061.92,0.7705000000000003,44.59599999999999,0.0172773342900708,0.7705000000000003,yaw towards right
18:11:30.466306,10.18,1029.03,0.7250000000000003,39.931500000000014,0.0181560923080775,0.7250000000000003,yaw towards right
18:11:30.470328,11.37,1000.88,0.6725000000000001,41.798000000000044,0.0160892865687353,0.6725000000000001,yaw towards right
18:11:30.482758,13.58,1078.0,0.8985000000000001,39.97950000000007,0.0224740179341912,0.8985000000000001,yaw towards right
18:11:30.492722,12.94,1043.01,1.06,36.21800000000007,0.0292672151968633,1.06,yaw towards right
18:11:30.505226,13.02,1113.31,1.2315,38.34250000000004,0.0321184064680184,1.2315,yaw towards right
18:11:30.515711,10.68,1073.52,1.197,31.644500000000058,0.0378264785349744,1.197,yaw towards right
18:11:30.527624,9.97,1132.03,1.2244999999999997,34.67200000000004,0.0353166820489155,1.2244999999999997,yaw towards right
18:11:30.539396,9.97,1089.45,1.3054999999999994,28.44700000000004,0.0458923612331703,1.3054999999999994,yaw towards right
18:11:30.552928,10.73,1053.07,1.3359999999999994,28.173500000000057,0.0474204482936091,1.3359999999999994,yaw towards right
18:11:30.560784,12.35,1121.54,1.2694999999999994,30.641000000000048,0.0414314154237785,1.2694999999999994,yaw towards right
18:11:30.573535,11.48,1080.84,1.2449999999999992,26.614500000000017,0.0467790114411316,1.2449999999999992,yaw towards right
18:11:30.584648,13.5,1144.64,1.2809999999999993,25.58050000000001,0.0500772072477081,1.2809999999999993,yaw towards right
18:11:30.595021,11.27,1100.98,0.9864999999999996,26.081499999999988,0.0378237447999539,0.9864999999999996,yaw towards right
18:11:30.608658,10.32,1161.27,0.8489999999999996,28.798999999999985,0.0294801902843848,0.8489999999999996,yaw towards right
18:11:30.611901,9.53,1115.15,0.7774999999999996,26.052000000000003,0.0298441578381697,0.7774999999999996,yaw towards right
18:11:30.630929,8.73,1075.3,0.9124999999999996,29.104500000000012,0.0313525399852256,0.9124999999999996,yaw towards right
18:11:30.640309,9.43,1072.88,0.9165,25.71100000000002,0.0356462214616311,0.9165,yaw towards right
18:11:30.654074,8.67,1039.98,0.9965000000000002,29.434999999999995,0.0338542551384406,0.9965000000000002,yaw towards right
18:11:30.663482,11.71,1109.87,1.0560000000000005,28.414499999999983,0.0371641239507998,1.0560000000000005,yaw towards right
18:11:30.675663,10.57,1071.91,0.9385000000000004,25.73649999999996,0.0364657198919822,0.9385000000000004,yaw towards right
18:11:30.685041,11.39,1135.62,1.0275000000000003,28.61399999999997,0.0359089955965611,1.0275000000000003,yaw towards right
18:11:30.699067,9.64,1094.28,0.9030000000000002,22.999499999999973,0.0392617230809365,0.9030000000000002,yaw towards right
18:11:30.708791,8.22,1057.6,1.0290000000000004,25.14199999999999,0.0409275316203961,1.0290000000000004,yaw towards right
18:11:30.716611,9.02,1026.23,1.0070000000000003,24.515500000000003,0.0410760539250678,1.0070000000000003,yaw towards right
18:11:30.732223,9.6,999.38,0.8980000000000002,31.1085,0.0288667084558882,0.8980000000000002,yaw towards right
18:11:30.744651,13.57,1075.85,1.1135000000000002,28.17749999999998,0.0395173453996983,1.1135000000000002,yaw towards right
18:11:30.751705,12.14,1042.05,1.2075,28.21449999999999,0.0427971433128356,1.2075,yaw towards right
18:11:30.764353,12.73,1112.08,1.197,26.94149999999999,0.0444295974611658,1.197,yaw towards right
18:11:30.774382,11.93,1073.34,1.2005,26.56849999999999,0.0451850876037412,1.2005,yaw towards right
18:11:30.790558,12.43,1137.73,1.265,30.982000000000035,0.040830159447421,1.265,yaw towards right
18:11:30.798897,12.18,1095.18,1.1849999999999998,30.021000000000065,0.0394723693414608,1.1849999999999998,yaw towards right
18:11:30.811232,10.49,1058.83,1.3055,30.411500000000064,0.0429278397974449,1.3055,yaw towards right
18:11:30.815325,13.54,1126.0,1.3069999999999995,32.83300000000008,0.0398075107361495,1.3069999999999995,yaw towards right
18:11:30.835422,14.61,1085.51,1.4914999999999996,28.53000000000008,0.052278303540133,1.4914999999999996,yaw towards right
18:11:30.845741,15.04,1147.74,1.7289999999999996,26.96800000000008,0.0641130228418864,1.7289999999999996,yaw towards right
18:11:30.856128,14.62,1104.47,1.5379999999999996,27.087000000000085,0.0567800051685308,1.5379999999999996,yaw towards right
18:11:30.863182,17.76,1163.38,1.797,30.327000000000073,0.0592541299831831,1.797,yaw towards right
18:11:30.880657,19.57,1117.8,2.1714999999999995,27.17350000000009,0.0799124146687026,2.1714999999999995,yaw towards right
18:11:30.890719,26.19,1078.4,3.2340000000000004,30.375500000000084,0.1064673832529502,3.2340000000000004,yaw towards right
18:11:30.896834,29.52,1140.94,4.626,27.042500000000068,0.1710640658223163,4.626,yaw towards right
18:11:30.913321,39.07,1099.0,6.878500000000001,26.19750000000004,0.2625632216814578,6.878500000000001,yaw towards right
18:11:30.926190,41.1,1158.42,8.967500000000001,29.12400000000003,0.3079075676418071,8.967500000000001,yaw towards right
18:11:30.938376,49.59,1114.34,11.500500000000002,24.156500000000012,0.476083041831391,11.500500000000002,yaw towards right
18:11:30.945885,51.93,1171.43,13.6775,27.879500000000014,0.4905934467978261,13.6775,yaw towards right
18:11:30.957665,54.73,1125.87,15.475,22.5435,0.6864506398740212,15.475,yaw towards right
18:11:30.967863,59.65,1085.6,17.2275,25.702500000000015,0.6702655383717533,17.2275,yaw towards right
18:11:30.980073,59.15,1050.72,18.1455,26.727000000000004,0.6789201930631945,18.1455,yaw towards right
18:11:30.990936,64.41,1021.33,18.961,34.59450000000001,0.5480929049415367,18.961,yaw towards right
18:11:31.003557,61.8,1093.38,18.6505,32.65000000000002,0.5712251148545173,18.6505,yaw towards right
18:11:31.013712,64.21,1058.08,17.9085,33.48050000000002,0.5348934454383892,17.9085,yaw towards right
18:11:31.026781,61.14,1124.13,15.815499999999997,34.294000000000025,0.4611739662914791,15.815499999999997,yaw towards right
18:11:31.039816,62.02,1084.7,13.7345,31.12100000000002,0.4413257928729794,13.7345,yaw towards right
18:11:31.046531,64.22,1146.28,11.338499999999998,36.62700000000002,0.3095667130805142,11.338499999999998,yaw towards right
18:11:31.057273,61.58,1103.55,8.941999999999998,33.82699999999999,0.2643450498122801,8.941999999999998,yaw towards right
18:11:31.073450,62.2,1066.59,6.927499999999999,35.27950000000003,0.1963604926373671,6.927499999999999,yaw towards right
18:11:31.084920,57.73,1131.05,5.389,35.85700000000001,0.1502914354240454,5.389,yaw towards right
18:11:31.092914,61.64,1090.89,4.035500000000001,29.446500000000032,0.1370451496782299,4.035500000000001,yaw towards right
18:11:31.101135,57.4,1151.24,3.1025000000000005,26.190000000000015,0.1184612447499044,3.1025000000000005,yaw towards right
18:11:31.118025,59.73,1108.52,2.443500000000001,25.109500000000033,0.0973137657062067,2.443500000000001,yaw towards right
18:11:31.130219,58.38,1165.75,2.014500000000001,26.241000000000017,0.076769178003887,2.014500000000001,yaw towards right
18:11:31.138601,57.09,1120.88,2.1970000000000005,24.832000000000026,0.0884745489690721,2.1970000000000005,yaw towards right
18:11:31.151805,60.55,1082.08,2.0754999999999995,27.61500000000004,0.0751584283903674,2.0754999999999995,yaw towards right
18:11:31.163564,55.37,1143.46,2.1689999999999996,24.81200000000004,0.0874173786877315,2.1689999999999996,yaw towards right
18:11:31.174330,56.98,1102.2,2.2655000000000003,24.656000000000045,0.0918843283582088,2.2655000000000003,yaw towards right
18:11:31.180326,49.77,1160.09,3.015999999999999,26.21250000000001,0.1150596089651883,3.015999999999999,yaw towards right
18:11:31.192031,54.51,1116.8,2.8714999999999997,22.215500000000027,0.1292566001215365,2.8714999999999997,yaw towards right
18:11:31.207253,49.19,1172.04,3.629,26.078000000000003,0.1391594447426949,3.629,yaw towards right
18:11:31.217214,47.17,1127.41,4.097499999999999,21.127000000000027,0.1939461352771332,4.097499999999999,yaw towards right
18:11:31.230043,51.87,1088.38,4.216499999999999,24.455,0.172418728276426,4.216499999999999,yaw towards right
18:11:31.240914,44.17,1003.95,4.820499999999999,31.001500000000014,0.1554924761705077,4.820499999999999,yaw towards right
18:11:31.249335,46.19,982.84,4.927,43.04950000000001,0.1144496451759021,4.927,yaw towards right
18:11:31.263230,44.06,1059.41,5.428,44.79649999999999,0.1211701807060819,5.428,yaw towards right
18:11:31.275102,38.69,1030.45,6.0085,48.40449999999998,0.1241310208761582,6.0085,yaw towards right
18:11:31.281174,32.56,1099.41,7.313,47.70599999999999,0.1532930868234603,7.313,yaw towards right
18:11:31.299924,28.8,1064.92,8.1715,45.46650000000001,0.1797257321324491,8.1715,yaw towards right
18:11:31.310172,26.91,1034.05,9.6185,48.074,0.2000769646794525,9.6185,yaw towards right
18:11:31.322591,24.2,1007.62,10.5515,47.998000000000005,0.219832076336514,10.5515,yaw towards right
18:11:31.331264,22.03,984.96,11.0105,52.40049999999999,0.2101220408202212,11.0105,yaw towards right
18:11:31.341898,24.42,1062.2,11.3295,51.819,0.218636021536502,11.3295,yaw towards right
18:11:31.356274,20.52,1031.84,11.161,40.4405,0.2759857073972874,11.161,yaw towards right
18:11:31.367554,27.8,1102.02,10.7425,33.3035,0.3225636945065834,10.7425,yaw towards right
18:11:31.375326,33.98,1066.16,10.863,30.09800000000002,0.3609209914280016,10.863,yaw towards right
18:11:31.388803,39.27,1130.27,11.1055,30.285000000000032,0.366699686313356,11.1055,yaw towards right
18:11:31.395029,40.92,1090.2,11.05,32.39750000000003,0.3410757002855156,11.05,yaw towards right
18:11:31.412997,44.98,1055.49,11.1745,31.56000000000003,0.3540716096324457,11.1745,yaw towards right
18:11:31.424139,57.98,1121.81,12.162999999999998,34.51150000000002,0.352433246888718,12.162999999999998,yaw towards right
18:11:31.432975,57.36,1083.29,12.518999999999998,31.457000000000026,0.3979718345678224,12.518999999999998,yaw towards right
18:11:31.443183,71.93,1144.97,14.343,32.55050000000004,0.440638392651418,14.343,yaw towards right
18:11:31.457658,74.25,1103.45,16.847,30.289500000000025,0.5561993430066521,16.847,yaw towards right
18:11:31.470713,76.36,1161.63,18.6325,36.06850000000002,0.5165864951411894,18.6325,yaw towards right
18:11:31.477416,91.81,1118.08,22.002,31.271000000000033,0.7035911867225217,22.002,yaw towards right
18:11:31.491434,93.57,1079.51,24.201,32.59300000000001,0.7425214003006778,24.201,yaw towards right
18:11:31.503531,101.63,1141.02,25.8635,28.94750000000002,0.8934623024440791,25.8635,yaw towards right
18:11:31.512983,94.02,1100.37,26.378499999999995,27.323000000000008,0.9654320535812316,26.378499999999995,yaw towards right
18:11:31.524180,106.49,1158.29,26.856499999999993,30.82200000000001,0.8713418986438254,26.856499999999993,yaw towards right
18:11:31.537084,105.84,1115.51,25.4625,25.18750000000003,1.0109181141439194,25.18750000000003,yaw towards right
18:11:31.548508,112.56,1170.7,25.265499999999996,28.446000000000033,0.8881916613935164,25.265499999999996,yaw towards right
18:11:31.559029,115.02,1126.07,23.801499999999997,23.02300000000003,1.03381401207488,23.02300000000003,yaw towards right
18:11:31.572826,114.14,1087.04,21.712,25.792500000000025,0.8417950954734895,21.712,yaw towards right
18:11:31.581403,120.64,984.7,20.6405,33.112500000000026,0.6233446583616454,20.6405,yaw towards right
18:11:31.593543,109.37,966.82,17.3705,46.49300000000002,0.3736153829608756,17.3705,yaw towards right
18:11:31.606354,117.15,1045.9,15.1275,49.57150000000003,0.3051652663324691,15.1275,yaw towards right
18:11:31.617597,113.38,1019.31,12.3145,53.98550000000002,0.2281075473969861,12.3145,yaw towards right
18:11:31.625929,118.2,1089.6,10.887000000000004,53.07400000000003,0.205128688246599,10.887000000000004,yaw towards right
18:11:31.636217,118.56,1056.91,9.044500000000005,50.745999999999995,0.1782307965159816,9.044500000000005,yaw towards right
18:11:31.643587,108.38,1121.1,8.349500000000004,55.529999999999994,0.1503601656762111,8.349500000000004,yaw towards right
18:11:31.663105,106.43,1083.26,7.288000000000002,52.73249999999998,0.1382069881003177,7.288000000000002,yaw towards right
18:11:31.674802,105.06,1051.33,6.4385,52.611999999999966,0.1223770242530222,6.4385,yaw towards right
18:11:31.680109,104.16,1116.55,6.1195,55.35149999999999,0.1105570761406646,6.1195,yaw towards right
18:11:31.697947,103.03,1080.09,5.2565,43.30099999999997,0.1213944250710146,5.2565,yaw towards right
18:11:31.708854,107.62,1140.53,5.150499999999999,35.07449999999997,0.146844573693139,5.150499999999999,yaw towards right
18:11:31.719920,99.61,1100.94,5.2735,30.321499999999997,0.1739194960671471,5.2735,yaw towards right
18:11:31.728870,99.41,1157.8,5.866000000000001,29.135,0.2013385961901493,5.866000000000001,yaw towards right
18:11:31.741724,91.2,1115.62,6.763,29.740999999999993,0.2273965233179786,6.763,yaw towards right
18:11:31.753241,86.76,1079.55,8.048499999999999,31.10750000000001,0.2587318170859116,8.048499999999999,yaw towards right
18:11:31.763925,95.27,1139.82,8.033499999999998,29.349000000000007,0.273723125149068,8.033499999999998,yaw towards right
18:11:31.773838,86.87,1100.58,8.482499999999998,28.801500000000015,0.2945159106296545,8.482499999999998,yaw towards right
18:11:31.786455,86.4,1157.7,8.706499999999998,32.68400000000002,0.2663841635050787,8.706499999999998,yaw towards right
18:11:31.796907,78.04,1116.23,9.504499999999997,26.47150000000002,0.3590465217309178,9.504499999999997,yaw towards right
18:11:31.810213,74.12,1170.1,10.411499999999997,29.52000000000001,0.352693089430894,10.411499999999997,yaw towards right
18:11:31.822413,68.98,1126.76,12.156999999999996,24.16100000000002,0.5031662596746818,12.156999999999996,yaw towards right
18:11:31.830090,59.97,1089.27,14.0765,25.932499999999987,0.5428130723994989,14.0765,yaw towards right
18:11:31.842939,60.32,1147.4,15.632999999999996,22.27000000000001,0.7019757521329137,15.632999999999996,yaw towards right
18:11:31.856972,50.35,1107.7,16.865,22.9155,0.7359647400231283,16.865,yaw towards right
18:11:31.864152,51.74,1163.07,17.1625,23.0205,0.7455311570122284,17.1625,yaw towards right
18:11:31.874816,42.63,1121.47,18.7595,20.131,0.931871243356018,18.7595,yaw towards right
18:11:31.888747,40.01,1174.33,19.509,23.085999999999995,0.8450576106731355,19.509,yaw towards right
18:11:31.902027,32.68,1131.48,20.7325,19.16050000000001,1.0820437880013567,19.16050000000001,yaw towards right
18:11:31.913758,29.16,1093.95,21.4015,22.646999999999984,0.9450037532565028,21.4015,yaw towards right
18:11:31.921949,23.92,991.09,22.167000000000005,31.742,0.6983491903471742,22.167000000000005,yaw towards right
18:11:31.932820,27.37,974.1,21.7785,45.264,0.4811439554612938,21.7785,yaw towards right
18:11:31.946325,24.08,1049.8,20.344,48.52000000000001,0.4192910140148392,20.344,yaw towards right
18:11:31.955878,28.46,1024.45,18.4,53.566999999999986,0.3434950622584801,18.4,yaw towards right
18:11:31.963780,28.26,1092.15,15.882,52.27750000000001,0.3038018267897278,15.882,yaw towards right
18:11:31.974904,29.75,1060.89,13.995,50.8625,0.275153600393217,13.995,yaw towards right
18:11:31.989664,31.38,1032.77,12.05,52.855500000000006,0.2279800588396666,12.05,yaw towards right
18:11:31.998962,30.19,1008.66,10.1745,52.39300000000001,0.1941957895138663,10.1745,yaw towards right
18:11:32.009493,34.42,987.51,8.418,56.26700000000001,0.1496081184353173,8.418,yaw towards right
18:11:32.023503,27.61,1062.71,6.304499999999999,56.16000000000001,0.1122596153846153,6.304499999999999,yaw towards right
18:11:32.034232,30.39,1034.37,4.176,42.93750000000001,0.0972576419213973,4.176,yaw towards right
18:11:32.046415,30.09,1101.63,2.797999999999999,34.84350000000001,0.0803019214487637,2.797999999999999,yaw towards right
18:11:32.060444,33.27,1067.91,1.8844999999999996,30.393,0.0620044089099463,1.8844999999999996,yaw towards right
18:11:32.069285,32.69,1129.69,1.8784999999999992,29.54449999999999,0.063582054189443,1.8784999999999992,yaw towards right
18:11:32.081009,30.34,1091.76,1.8259999999999992,32.45049999999996,0.0562703194095623,1.8259999999999992,yaw towards right
18:11:32.090232,32.49,1058.86,1.8925,31.079999999999966,0.0608912483912484,1.8925,yaw towards right
18:11:32.105402,28.16,1121.75,1.8560000000000003,34.46649999999997,0.0538493899873791,1.8560000000000003,yaw towards right
18:11:32.113900,32.89,1085.26,1.8630000000000009,32.07149999999997,0.0580889574856181,1.8630000000000009,yaw towards right
18:11:32.125830,29.41,1144.19,1.3975000000000009,33.52949999999997,0.0416797148779433,1.3975000000000009,yaw towards right
18:11:32.140134,31.86,1104.78,1.3960000000000008,30.92799999999996,0.0451370926021728,1.3960000000000008,yaw towards right
18:11:32.148560,31.3,1159.88,1.2955000000000003,36.51549999999998,0.0354780846489847,1.2955000000000003,yaw towards right
18:11:32.157898,30.73,1118.56,1.3635000000000006,31.24999999999996,0.043632,1.3635000000000006,yaw towards right
18:11:32.166298,33.11,1082.33,1.2035000000000005,32.15599999999998,0.0374269187709914,1.2035000000000005,yaw towards right
18:11:32.183950,30.72,1141.46,0.9930000000000008,28.345999999999982,0.0350313977280745,0.9930000000000008,yaw towards right
18:11:32.195342,34.61,1102.69,1.2935000000000003,26.248000000000008,0.0492799451386772,1.2935000000000003,yaw towards right
18:11:32.207500,32.22,1158.78,1.1970000000000005,29.918000000000013,0.0400093589143659,1.1970000000000005,yaw towards right
18:11:32.211753,35.52,1117.85,1.3245000000000005,24.309500000000007,0.0544848721693165,1.3245000000000005,yaw towards right
18:11:32.226239,34.43,1171.22,1.4185000000000003,27.563000000000017,0.0514639190218771,1.4185000000000003,yaw towards right
18:11:32.240191,35.79,1128.87,1.6355000000000004,22.510500000000008,0.0726549832300482,1.6355000000000004,yaw towards right
18:11:32.250491,37.89,1091.76,1.9740000000000009,24.89750000000002,0.0792850687820062,1.9740000000000009,yaw towards right
18:11:32.258956,35.86,1059.11,2.0800000000000014,25.139500000000005,0.0827383201734322,2.0800000000000014,yaw towards right
18:11:32.273372,38.82,1031.59,2.370500000000002,32.31850000000002,0.0733480823676841,2.370500000000002,yaw towards right
18:11:32.285182,35.11,1098.99,2.2380000000000018,30.512500000000006,0.0733469889389594,2.2380000000000018,yaw towards right
18:11:32.295321,39.12,1065.94,2.555000000000001,31.02350000000002,0.0823569229777426,2.555000000000001,yaw towards right
18:11:32.307966,36.23,1127.73,2.2925000000000004,32.056500000000014,0.071514357462605,2.2925000000000004,yaw towards right
18:11:32.319031,37.34,1090.83,2.3580000000000005,28.64850000000002,0.0823079742394889,2.3580000000000005,yaw towards right
18:11:32.330413,37.48,1048.94,2.0795000000000003,32.848500000000016,0.0633057826080338,2.0795000000000003,yaw towards right
18:11:32.342975,35.67,1022.14,1.9519999999999995,34.35200000000002,0.0568234746157428,1.9519999999999995,yaw towards right
18:11:32.351672,38.81,999.15,1.7795,40.17400000000003,0.0442948175436849,1.7795,yaw towards right
18:11:32.363623,34.65,1072.42,1.5809999999999995,37.96800000000003,0.0416403286978507,1.5809999999999995,yaw towards right
18:11:32.374999,38.9,1042.35,1.5959999999999994,33.567500000000045,0.0475459894242942,1.5959999999999994,yaw towards right
18:11:32.388834,37.37,1109.14,1.2219999999999984,29.695500000000045,0.0411510161472275,1.2219999999999984,yaw towards right
18:11:32.400522,40.13,1074.02,1.471999999999999,29.05150000000004,0.0506686401734849,1.471999999999999,yaw towards right
18:11:32.408180,39.79,1135.15,1.3619999999999997,31.754500000000036,0.0428915586767229,1.3619999999999997,yaw towards right
18:11:32.416535,39.36,1096.14,1.4430000000000007,32.11550000000005,0.0449315750961373,1.4430000000000007,yaw towards right
18:11:32.433690,43.57,1062.32,1.785,32.16600000000004,0.0554933781011004,1.785,yaw towards right
18:11:32.445515,40.82,1125.4,1.8845000000000005,33.14850000000004,0.0568502345505829,1.8845000000000005,yaw towards right
18:11:32.453695,44.38,1088.1,2.253500000000001,28.228000000000037,0.0798320816210853,2.253500000000001,yaw towards right
18:11:32.460983,41.11,1146.86,2.2285000000000004,27.364500000000028,0.0814376290449304,2.2285000000000004,yaw towards right
18:11:32.478587,43.67,1106.8,2.3345000000000007,26.908000000000023,0.0867585848074921,2.3345000000000007,yaw towards right
18:11:32.492209,43.16,1162.3,2.405,30.832,0.0780033731188375,2.405,yaw towards right
18:11:32.499245,43.17,1120.37,2.507000000000001,27.51449999999998,0.0911155935961039,2.507000000000001,yaw towards right
18:11:32.510932,45.95,1083.62,2.515000000000001,30.027000000000005,0.0837579511772737,2.515000000000001,yaw towards right
18:11:32.522736,43.24,1010.08,2.282000000000001,32.973,0.0692081399933279,2.282000000000001,yaw towards right
18:11:32.535828,46.82,989.22,2.502,41.50399999999997,0.0602833461835004,2.502,yaw towards right
18:11:32.542407,42.97,1064.11,2.0540000000000007,44.33299999999996,0.0463311754223716,2.0540000000000007,yaw towards right
18:11:32.556406,45.07,1035.61,2.0465000000000004,44.13999999999996,0.0463638423198913,2.0465000000000004,yaw towards right
18:11:32.568615,43.01,1102.64,1.5855000000000004,44.38699999999996,0.0357199179940073,1.5855000000000004,yaw towards right
18:11:32.580045,43.58,1068.81,1.4875000000000007,39.65349999999996,0.0375124516120897,1.4875000000000007,yaw towards right
18:11:32.591567,45.02,1038.51,1.3290000000000013,41.915499999999966,0.0317066478987487,1.3290000000000013,yaw towards right
18:11:32.601338,41.86,1012.1,1.2645000000000015,40.403499999999966,0.0312967935946143,1.2645000000000015,yaw towards right
18:11:32.613323,43.33,989.9,1.173500000000001,44.44099999999998,0.0264057964492248,1.173500000000001,yaw towards right
18:11:32.625163,39.02,1065.72,1.3215000000000003,44.310499999999976,0.0298236309678293,1.3215000000000003,yaw towards right
18:11:32.638525,41.36,1035.95,1.499,35.29949999999997,0.0424651907250811,1.499,yaw towards right
18:11:32.641859,37.74,1103.95,1.6824999999999997,29.740500000000004,0.0565726870765454,1.6824999999999997,yaw towards right
18:11:32.658406,38.27,1068.91,2.0754999999999995,28.08600000000002,0.0738980274870041,2.0754999999999995,yaw towards right
18:11:32.666785,36.78,1131.05,2.3969999999999994,29.439500000000027,0.0814212197897381,2.3969999999999994,yaw towards right
18:11:32.682059,34.87,1091.96,2.909499999999999,30.958000000000045,0.0939821693907873,2.909499999999999,yaw towards right
18:11:32.690270,36.76,1058.08,3.0809999999999995,30.599500000000063,0.1006879197372503,3.0809999999999995,yaw towards right
18:11:32.704113,32.22,1122.04,3.498499999999999,33.27700000000005,0.1051326742194306,3.498499999999999,yaw towards right
18:11:32.716365,35.0,1084.56,3.5695,30.13850000000004,0.118436551255039,3.5695,yaw towards right
18:11:32.729176,31.16,1144.53,4.117999999999999,31.04950000000004,0.1326269344111819,4.117999999999999,yaw towards right
18:11:32.732511,32.72,1104.13,4.0075,28.80100000000005,0.1391444741502028,4.0075,yaw towards right
18:11:32.747332,30.29,1160.26,4.2909999999999995,34.29500000000006,0.1251202799241869,4.2909999999999995,yaw towards right
18:11:32.758523,28.85,1117.96,4.2605,29.722500000000043,0.1433425855833121,4.2605,yaw towards right
18:11:32.772620,30.55,1080.9,4.0360000000000005,31.057500000000033,0.1299525074458664,4.0360000000000005,yaw towards right
18:11:32.785491,27.06,1141.17,4.016000000000001,27.691500000000023,0.1450264521604101,4.016000000000001,yaw towards right
18:11:32.793525,29.5,1101.08,3.619500000000001,26.218500000000024,0.1380513759368384,3.619500000000001,yaw towards right
18:11:32.806140,24.24,1157.86,4.049000000000001,29.622499999999995,0.1366866402228037,4.049000000000001,yaw towards right
18:11:32.818396,25.31,1116.18,3.9290000000000007,24.239000000000015,0.1620941457980939,3.9290000000000007,yaw towards right
18:11:32.830713,21.35,1170.24,4.4855,27.52400000000003,0.1629668652812089,4.4855,yaw towards right
18:11:32.836157,19.92,1127.15,4.728,22.356500000000032,0.2114821192941647,4.728,yaw towards right
18:11:32.850926,22.24,1089.4,4.806500000000001,25.05450000000001,0.1918417849088985,4.806500000000001,yaw towards right
18:11:32.863513,20.45,1056.22,4.774500000000001,25.517500000000023,0.1871068874301948,4.774500000000001,yaw towards right
18:11:32.875826,21.32,1028.25,4.4719999999999995,32.86400000000004,0.1360759493670884,4.4719999999999995,yaw towards right
18:11:32.884415,18.08,1097.47,4.6515,30.96550000000005,0.1502155624808252,4.6515,yaw towards right
18:11:32.894905,18.16,1064.23,4.506,31.457500000000056,0.1432408805531269,4.506,yaw towards right
18:11:32.908623,14.63,1127.15,4.996,32.49350000000005,0.1537538276886144,4.996,yaw towards right
18:11:32.920627,14.15,1089.47,4.9815,29.107500000000055,0.1711414583870133,4.9815,yaw towards right
18:11:32.928098,12.55,966.78,5.171999999999999,41.28400000000004,0.1252785582792363,5.171999999999999,yaw towards right
18:11:32.941464,10.06,951.85,5.195499999999999,49.71300000000005,0.1045098867499445,5.195499999999999,yaw towards right
18:11:32.953490,11.6,938.95,4.8675,61.38100000000004,0.0792997833205714,4.8675,yaw towards right
18:11:32.960429,12.27,1021.7,4.685,60.11900000000005,0.0779287745970491,4.685,yaw towards right
18:11:32.976901,13.94,998.8,4.263,56.651500000000034,0.0752495520859994,4.263,yaw towards right
18:11:32.979887,12.99,1072.56,4.1185,51.573,0.0798576774668916,4.1185,yaw towards right
18:11:32.996516,12.12,1042.49,3.812,51.49649999999999,0.0740244482634742,3.812,yaw towards right
18:11:33.012042,10.35,1108.33,3.700499999999999,55.615499999999976,0.0665372063543436,3.700499999999999,yaw towards right
18:11:33.023251,9.51,1073.35,3.3435,57.70849999999996,0.0579377388079746,3.3435,yaw towards right
18:11:33.031201,9.93,1042.52,2.933,58.35099999999996,0.0502647769532656,2.933,yaw towards right
18:11:33.044383,10.96,1109.0,2.316,52.73499999999994,0.0439177017161278,2.316,yaw towards right
18:11:33.056097,11.69,1073.73,1.5145000000000004,41.857499999999945,0.0361822851340859,1.5145000000000004,yaw towards right
18:11:33.065268,11.78,1135.52,1.0435000000000003,35.986499999999964,0.0289969849804788,1.0435000000000003,yaw towards right
18:11:33.075314,11.16,1096.73,0.8580000000000002,36.25199999999996,0.023667659715326,0.8580000000000002,yaw towards right
18:11:33.088902,10.17,1154.17,0.9365000000000002,40.528499999999966,0.023107196170596,0.9365000000000002,yaw towards right
18:11:33.101198,8.17,1113.03,1.1375000000000004,38.618999999999986,0.0294544136305963,1.1375000000000004,yaw towards right
18:11:33.111955,7.68,1076.96,1.3305000000000002,40.136499999999984,0.0331493777484334,1.3305000000000002,yaw towards right
18:11:33.116653,7.96,1045.19,1.3335000000000004,36.67849999999999,0.0363564486006788,1.3335000000000004,yaw towards right
18:11:33.133806,8.7,1018.44,1.2000000000000004,39.3935,0.0304618782286417,1.2000000000000004,yaw towards right
18:11:33.146188,11.15,1089.13,1.0655000000000006,38.731,0.0275102630967442,1.0655000000000006,yaw towards right
18:11:33.159256,10.7,1056.25,1.0600000000000005,34.76100000000002,0.0304939443629354,1.0600000000000005,yaw towards right
18:11:33.164832,11.52,1120.8,1.1640000000000004,35.929,0.0323972278660692,1.1640000000000004,yaw towards right
18:11:33.178437,9.76,1083.63,1.1800000000000004,29.9475,0.0394022873361716,1.1800000000000004,yaw towards right
18:11:33.190848,8.94,1056.3,1.1945000000000003,30.028,0.0397795390968429,1.1945000000000003,yaw towards right
18:11:33.202205,10.02,1028.39,1.1725000000000003,26.958,0.0434935826099859,1.1725000000000003,yaw towards right
18:11:33.211200,8.73,1004.45,0.9860000000000004,31.0905,0.0317138675801289,0.9860000000000004,yaw towards right
18:11:33.224414,12.16,1076.94,0.955,30.600000000000005,0.0312091503267973,0.955,yaw towards right
18:11:33.236847,11.12,1046.19,0.8220000000000001,27.443000000000012,0.0299529934773894,0.8220000000000001,yaw towards right
18:11:33.248858,12.83,1111.95,0.8789999999999999,25.13550000000003,0.0349704601062242,0.8789999999999999,yaw towards right
18:11:33.260872,10.53,1076.41,0.829,25.76100000000004,0.0321804277784247,0.829,yaw towards right
18:11:33.265582,11.1,1137.18,0.8309999999999998,29.132000000000023,0.0285253329671838,0.8309999999999998,yaw towards right
18:11:33.280050,11.5,1098.31,0.7909999999999998,28.50850000000001,0.0277461108090569,0.7909999999999998,yaw towards right
18:11:33.292244,10.16,1064.16,0.8359999999999997,28.84600000000001,0.0289814879012687,0.8359999999999997,yaw towards right
18:11:33.305165,12.48,1126.97,0.9319999999999998,31.47599999999998,0.0296098614817638,0.9319999999999998,yaw towards right
18:11:33.314321,11.01,1089.43,0.8749999999999998,28.27649999999999,0.0309444238148285,0.8749999999999998,yaw towards right
18:11:33.326548,14.27,1147.99,1.109,28.506,0.0389040903669402,1.109,yaw towards right
18:11:33.338467,11.48,1107.75,0.9,26.911500000000007,0.0334429518978875,0.9,yaw towards right
18:11:33.349949,13.36,1163.12,1.011,31.23,0.0323727185398655,1.011,yaw towards right
18:11:33.358144,13.61,1121.05,1.031,27.361999999999973,0.0376799941524742,1.031,yaw towards right
18:11:33.371598,11.98,1084.19,1.0465,29.37749999999997,0.0356225002127478,1.0465,yaw towards right
18:11:33.384046,14.18,1051.75,1.213,28.454999999999977,0.0426287120014057,1.213,yaw towards right
18:11:33.420474,12.13,1024.42,1.1619999999999997,33.70850000000001,0.0344720174436714,1.1619999999999997,yaw towards right
18:11:33.442988,14.82,1094.25,1.2864999999999998,33.77100000000001,0.0380948150780255,1.2864999999999998,yaw towards right
18:11:33.462547,12.14,1061.01,1.2104999999999997,31.82450000000004,0.038036732705934,1.2104999999999997,yaw towards right
18:11:33.464554,14.72,1124.44,1.3239999999999998,33.54400000000003,0.0394705461483424,1.3239999999999998,yaw towards right
18:11:33.479036,13.17,1087.13,1.0375,28.488000000000017,0.0364188430216231,1.0375,yaw towards right
18:11:33.479036,11.31,1053.87,1.215,31.195000000000032,0.0389485494470267,1.215,yaw towards right
18:11:33.479036,12.15,1025.39,1.079,30.589000000000016,0.0352741181470463,1.079,yaw towards right
18:11:33.479036,10.2,1000.99,1.0615,35.56900000000003,0.0298434029632544,1.0615,yaw towards right
18:11:33.485281,14.16,1075.36,1.1875,34.34000000000002,0.0345806639487478,1.1875,yaw towards right
18:11:33.496013,11.33,1043.93,1.074,30.563000000000017,0.035140529398292,1.074,yaw towards right
18:11:33.506556,14.35,1110.49,1.2255,27.376500000000014,0.0447646704290175,1.2255,yaw towards right
18:11:33.516349,13.72,1074.26,1.1415000000000002,27.364000000000015,0.0417153924864785,1.1415000000000002,yaw towards right
18:11:33.529806,13.77,1135.36,1.113,30.335999999999995,0.036689082278481,1.113,yaw towards right
18:11:33.543269,15.51,1095.42,1.196,30.053000000000004,0.0397963597644161,1.196,yaw towards right
18:11:33.550690,13.28,1061.26,1.2085,30.34700000000001,0.0398227172372886,1.2085,yaw towards right
18:11:33.561550,17.95,1125.39,1.4334999999999998,32.226000000000006,0.0444827158195245,1.4334999999999998,yaw towards right
18:11:33.575106,15.66,1087.2,1.5519999999999998,28.09700000000003,0.0552372139374309,1.5519999999999998,yaw towards right
18:11:33.588550,18.51,1146.98,1.783,28.01900000000003,0.0636353902708875,1.783,yaw towards right
18:11:33.597304,16.55,1106.02,1.7950000000000004,26.757000000000044,0.067085248719961,1.7950000000000004,yaw towards right
18:11:33.608422,17.89,1162.52,1.9440000000000004,30.83250000000003,0.0630503527122354,1.9440000000000004,yaw towards right
18:11:33.621877,18.28,1119.68,1.9925000000000004,27.285000000000043,0.0730254718709912,1.9925000000000004,yaw towards right
18:11:33.633604,16.16,1082.16,1.906,29.691500000000023,0.0641934560396072,1.906,yaw towards right
18:11:33.644648,19.13,1035.42,2.0645,30.166500000000024,0.0684368421924982,2.0645,yaw towards right
18:11:33.653680,15.51,1010.91,2.0290000000000004,36.67550000000003,0.0553230358140993,2.0290000000000004,yaw towards right
18:11:33.666746,17.31,1082.4,2.0360000000000005,37.44650000000003,0.0543709024875488,2.0360000000000005,yaw towards right
18:11:33.677607,14.92,1051.31,1.816500000000001,35.73750000000004,0.050828961175236,1.816500000000001,yaw towards right
18:11:33.690013,16.18,1115.83,1.7220000000000006,37.30750000000002,0.0461569389532935,1.7220000000000006,yaw towards right
18:11:33.695528,16.51,1080.17,1.2985000000000002,31.951500000000028,0.0406397195749808,1.2985000000000002,yaw towards right
18:11:33.712057,15.53,1048.76,1.2180000000000002,34.66200000000003,0.0351393456811493,1.2180000000000002,yaw towards right
18:11:33.724391,17.64,1021.41,1.1170000000000004,33.668500000000044,0.0331764111855294,1.1170000000000004,yaw towards right
18:11:33.735047,14.51,997.96,1.0655000000000006,38.19300000000001,0.0278977823161312,1.0655000000000006,yaw towards right
18:11:33.744503,17.89,1071.98,1.2005000000000006,37.31850000000004,0.0321690314455296,1.2005000000000006,yaw towards right
18:11:33.755475,14.63,1041.41,1.1320000000000006,31.651000000000028,0.035765062715238,1.1320000000000006,yaw towards right
18:11:33.764045,16.09,1108.45,0.9655000000000004,27.76150000000002,0.0347783801307566,0.9655000000000004,yaw towards right
18:11:33.780306,14.24,1072.88,1.0935,27.464000000000027,0.039815758811535,1.0935,yaw towards right
18:11:33.792312,13.32,924.23,1.1415,37.72899999999999,0.0302552413263007,1.1415,yaw towards right
18:11:33.797039,14.9,915.13,1.098,48.56250000000001,0.0226100386100386,1.098,yaw towards right
18:11:33.813161,12.54,907.19,1.3185,60.77349999999999,0.0216953112787645,1.3185,yaw towards right
18:11:33.826760,15.35,995.25,1.2955,58.97649999999999,0.0219663764380728,1.2955,yaw towards right
18:11:33.831806,12.36,975.77,1.387,56.626999999999995,0.0244936161195189,1.387,yaw towards right
18:11:33.845473,14.52,1053.52,1.2264999999999997,54.9385,0.0223249633681298,1.2264999999999997,yaw towards right
18:11:33.858109,12.03,1025.77,1.3069999999999995,54.26999999999998,0.0240832872673668,1.3069999999999995,yaw towards right
18:11:33.867495,12.39,1094.66,1.3234999999999997,61.82250000000001,0.0214080634073355,1.3234999999999997,yaw towards right
18:11:33.883465,12.03,1060.75,1.4089999999999998,62.16600000000001,0.0226651224141813,1.4089999999999998,yaw towards right
18:11:33.892439,10.49,1031.28,1.4495,63.119499999999995,0.0229643770942418,1.4495,yaw towards right
18:11:33.903128,13.42,1099.98,1.296,56.651,0.0228769130288962,1.296,yaw towards right
18:11:33.916494,11.68,1065.54,1.334,45.96949999999999,0.0290192410185014,1.334,yaw towards right
18:11:33.928297,14.3,1129.08,1.304,40.741999999999976,0.0320062834421481,1.304,yaw towards right
18:11:33.934480,11.88,1090.74,1.277,42.057999999999986,0.0303628322792334,1.277,yaw towards right
18:11:33.948340,13.19,1150.03,1.154,47.16349999999999,0.0244680738282782,1.154,yaw towards right
18:11:33.960808,12.99,1109.01,1.2265,45.275499999999994,0.0270897063533257,1.2265,yaw towards right
18:11:33.972648,11.01,1073.03,1.1115,45.7165,0.0243128848446403,1.1115,yaw towards right
18:11:33.985405,12.36,1040.01,0.989,41.48899999999999,0.0238376437127913,0.989,yaw towards right
18:11:33.993192,10.52,1013.54,1.059,43.299499999999995,0.0244575572466194,1.059,yaw towards right
18:11:34.006518,13.67,1085.45,0.961,41.486999999999995,0.0231638826620387,0.961,yaw towards right
18:11:34.019132,11.67,1052.64,0.9105,37.00149999999999,0.0246071105225463,0.9105,yaw towards right
18:11:34.030604,12.15,1118.66,0.8514999999999999,37.744000000000014,0.0225598770665536,0.8514999999999999,yaw towards right
18:11:34.039772,10.12,1081.34,0.8484999999999999,30.755000000000024,0.0275890099170866,0.8484999999999999,yaw towards right
18:11:34.048910,8.5,1048.06,1.158,30.908000000000023,0.0374660282127604,1.158,yaw towards right
18:11:34.061582,9.54,1019.58,1.2400000000000002,28.04450000000001,0.0442154433133056,1.2400000000000002,yaw towards right
18:11:34.072754,9.06,995.18,1.3325000000000002,31.930500000000013,0.0417312600804873,1.3325000000000002,yaw towards right
18:11:34.084896,11.14,1070.84,1.2435000000000005,32.0125,0.0388442014837953,1.2435000000000005,yaw towards right
18:11:34.094925,9.8,1039.23,1.2790000000000004,28.93699999999999,0.044199467809379,1.2790000000000004,yaw towards right
18:11:34.109092,11.67,1107.8,1.2230000000000003,26.708499999999987,0.0457906658928805,1.2230000000000003,yaw towards right
18:11:34.119365,9.7,1071.12,1.1495000000000004,27.381999999999977,0.0419801329340443,1.1495000000000004,yaw towards right
18:11:34.128601,8.58,1134.44,1.2215000000000005,31.06799999999999,0.0393169821037723,1.2215000000000005,yaw towards right
18:11:34.141082,8.26,1093.79,1.3470000000000004,30.29249999999998,0.044466452092102,1.3470000000000004,yaw towards right
18:11:34.146970,8.77,1058.59,1.2105000000000004,30.699499999999972,0.0394306096190492,1.2105000000000004,yaw towards right
18:11:34.163963,10.19,1123.96,0.9265000000000004,33.08499999999997,0.0280036270213087,0.9265000000000004,yaw towards right
18:11:34.174353,10.33,1084.71,0.8045000000000003,29.438999999999982,0.0273276945548422,0.8045000000000003,yaw towards right
18:11:34.183899,12.01,1145.23,0.8355000000000002,29.51999999999999,0.0283028455284553,0.8355000000000002,yaw towards right
18:11:34.193944,11.82,1103.71,0.987,27.96699999999999,0.0352915936639611,0.987,yaw towards right
18:11:34.212695,10.23,1161.37,0.937,32.41649999999998,0.0289050329307605,0.937,yaw towards right
18:11:34.218748,8.35,1117.89,0.9925,28.519499999999976,0.0348007503637862,0.9925,yaw towards right
18:11:34.230232,7.69,1079.83,1.1454999999999995,30.678500000000017,0.0373388529426145,1.1454999999999995,yaw towards right
18:11:34.242155,8.69,1046.39,1.1075,29.5685,0.0374554001724808,1.1075,yaw towards right
18:11:34.256521,10.35,1017.77,0.9855,34.931500000000014,0.0282123584730114,0.9855,yaw towards right
18:11:34.259397,11.42,1090.24,1.0464999999999995,34.9925,0.0299064085161105,1.0464999999999995,yaw towards right
18:11:34.276717,11.94,1055.97,1.1494999999999995,32.844999999999985,0.0349977165474197,1.1494999999999995,yaw towards right
18:11:34.289077,11.51,1121.78,1.1539999999999997,34.64599999999999,0.0333083184205968,1.1539999999999997,yaw towards right
18:11:34.298093,10.81,1083.25,0.9755,29.397499999999972,0.0331830938004932,0.9755,yaw towards right
18:11:34.313037,9.05,1041.52,0.9169999999999998,32.903499999999966,0.0278693755983406,0.9169999999999998,yaw towards right
18:11:34.322865,8.03,1014.54,1.0819999999999996,32.678000000000004,0.0331109615031519,1.0819999999999996,yaw towards right
18:11:34.331354,9.18,991.41,0.981,37.94600000000002,0.0258525272756021,0.981,yaw towards right
18:11:34.345681,9.93,1067.57,0.8230000000000001,36.487999999999985,0.0225553606665205,0.8230000000000001,yaw towards right
18:11:34.356597,11.29,1036.96,0.8149999999999997,32.43049999999998,0.0251306640353987,0.8149999999999997,yaw towards right
18:11:34.365036,11.63,1105.81,0.8589999999999998,29.190499999999968,0.0294273821962625,0.8589999999999998,yaw towards right
18:11:34.380515,10.87,1069.94,0.7479999999999999,29.333999999999985,0.0254994204677166,0.7479999999999999,yaw towards right
18:11:34.391206,9.52,1132.48,0.673,32.55599999999999,0.0206720727362083,0.673,yaw towards right
18:11:34.402927,7.83,1092.63,0.8,32.46299999999998,0.0246434402242553,0.8,yaw towards right
18:11:34.412020,8.99,1058.1,0.813,32.587,0.0249485991346242,0.813,yaw towards right
18:11:34.423226,8.04,1003.05,0.8200000000000001,34.56350000000002,0.023724449202193,0.8200000000000001,yaw towards right
18:11:34.430119,10.31,982.28,0.7115000000000002,37.28300000000001,0.0190837647185044,0.7115000000000002,yaw towards right
18:11:34.446603,11.51,1058.72,0.792,31.748499999999996,0.0249460604438005,0.792,yaw towards right
18:11:34.456882,11.89,1030.08,0.901,32.9425,0.0273506868027623,0.901,yaw towards right
18:11:34.468904,11.59,1098.88,0.93,35.21900000000004,0.0264062011982168,0.93,yaw towards right
18:11:34.480667,10.17,1064.68,0.8790000000000001,31.11300000000004,0.0282518561373059,0.8790000000000001,yaw towards right
18:11:34.493692,13.14,1034.5,1.166,32.68700000000002,0.0356716737540918,1.166,yaw towards right
18:11:34.501952,11.3,1007.76,1.1305,30.168500000000023,0.0374728607653678,1.1305,yaw towards right
18:11:34.512959,11.58,985.28,0.9585,32.48200000000002,0.0295086509451388,0.9585,yaw towards right
18:11:34.527172,12.07,1062.27,0.9750000000000002,35.00650000000001,0.0278519703483638,0.9750000000000002,yaw towards right
18:11:34.539828,13.37,1032.09,1.0225,29.14850000000002,0.0350789920579103,1.0225,yaw towards right
18:11:34.545618,12.93,1102.04,1.0829999999999995,26.635999999999996,0.0406592581468688,1.0829999999999995,yaw towards right
18:11:34.560095,12.27,1066.37,0.973,27.99199999999999,0.034759931408974,0.973,yaw towards right
18:11:34.573640,10.53,1119.5,0.973,30.761500000000005,0.0316304471498463,0.973,yaw towards right
18:11:34.583227,8.9,1081.19,1.1654999999999998,29.078000000000003,0.040081848820414,1.1654999999999998,yaw towards right
18:11:34.595025,10.77,1047.98,1.2639999999999998,29.4945,0.0428554476258285,1.2639999999999998,yaw towards right
18:11:34.603779,10.92,1115.29,1.0259999999999998,32.20050000000002,0.0318628592723715,1.0259999999999998,yaw towards right
18:11:34.610834,12.35,1077.88,1.0289999999999997,28.922000000000033,0.0355784523891846,1.0289999999999997,yaw towards right
18:11:34.628181,12.22,1139.79,1.019,30.24650000000002,0.0336898484122129,1.019,yaw towards right
18:11:34.636508,11.6,1099.18,0.9975,28.14800000000003,0.0354376865141395,0.9975,yaw towards right
18:11:34.644761,9.84,1156.97,0.961,33.663500000000006,0.0285472395918427,0.961,yaw towards right
18:11:34.662638,7.91,1113.8,1.1355,28.851500000000016,0.0393567058905082,1.1355,yaw towards right
18:11:34.671106,7.54,1076.45,1.4175,30.057000000000023,0.0471603952490268,1.4175,yaw towards right
18:11:34.687438,7.2,1019.19,1.598,31.554,0.0506433415731761,1.598,yaw towards right
18:11:34.693243,10.5,996.35,1.319,39.0005,0.0338200792297534,1.319,yaw towards right
18:11:34.705681,10.81,1070.78,1.229,40.06100000000003,0.0306782157210254,1.229,yaw towards right
18:11:34.718106,12.17,1040.67,1.3284999999999996,38.613500000000016,0.0344050655858702,1.3284999999999996,yaw towards right
18:11:34.730309,10.4,1107.54,1.2809999999999997,40.01049999999999,0.0320165956436435,1.2809999999999997,yaw towards right
18:11:34.740756,8.84,1072.38,1.4014999999999995,34.18849999999999,0.0409933164660631,1.4014999999999995,yaw towards right
18:11:34.748191,8.76,1040.95,1.4284999999999994,36.35199999999997,0.0392963248239436,1.4284999999999994,yaw towards right
18:11:34.763895,7.12,1014.03,1.4544999999999997,34.89949999999998,0.041676814854081,1.4544999999999997,yaw towards right
18:11:34.776381,8.53,990.95,1.188,39.15449999999998,0.0303413400758533,1.188,yaw towards right
18:11:34.783688,9.34,1066.75,0.902,38.74449999999999,0.0232807237156241,0.902,yaw towards right
18:11:34.792874,11.47,1036.24,0.7515,32.10199999999999,0.0234097564014703,0.7515,yaw towards right
18:11:34.810020,11.72,1104.78,0.923,27.976999999999983,0.0329913857811774,0.923,yaw towards right
18:11:34.819969,11.0,1069.03,1.0204999999999995,27.719999999999963,0.0368145743145743,1.0204999999999995,yaw towards right
18:11:34.829873,8.98,1132.18,0.8870000000000001,30.49949999999999,0.0290824439744913,0.8870000000000001,yaw towards right
18:11:34.840848,8.53,1092.35,0.9200000000000004,30.97300000000001,0.0297032899622251,0.9200000000000004,yaw towards right
18:11:34.852912,9.62,1057.84,0.8379999999999999,31.21500000000004,0.0268460675957071,0.8379999999999999,yaw towards right
18:11:34.865631,9.66,1122.85,0.7979999999999999,33.64800000000005,0.0237161198288159,0.7979999999999999,yaw towards right
18:11:34.873607,11.68,1084.68,0.8339999999999999,30.247000000000053,0.0275729824445399,0.8339999999999999,yaw towards right
18:11:34.882201,11.94,1145.2,0.9679999999999996,30.929500000000083,0.0312969818458105,0.9679999999999996,yaw towards right
18:11:34.899085,12.89,1104.14,1.1084999999999998,28.925000000000097,0.0383232497839238,1.1084999999999998,yaw towards right
18:11:34.911211,11.16,1161.28,0.9564999999999998,34.1500000000001,0.0280087847730599,0.9564999999999998,yaw towards right
18:11:34.919499,9.86,1118.27,0.8284999999999998,29.763500000000096,0.0278361079846119,0.8284999999999998,yaw towards right
18:11:34.930225,9.39,1080.61,0.7524999999999998,31.305000000000092,0.0240376936591598,0.7524999999999998,yaw towards right
18:11:34.944136,8.98,1046.61,0.8124999999999998,30.03950000000007,0.0270477205013398,0.8124999999999998,yaw towards right
18:11:34.956802,10.45,1018.86,0.8039999999999997,35.14850000000008,0.0228743758624122,0.8039999999999997,yaw towards right
18:11:34.964665,10.45,1090.26,0.7579999999999998,35.39700000000006,0.0214142441449839,0.7579999999999998,yaw towards right
18:11:34.976554,10.43,1056.44,0.7419999999999998,33.00400000000006,0.0224821233789843,0.7419999999999998,yaw towards right
18:11:34.990424,9.84,1121.73,0.5979999999999999,34.67450000000005,0.0172461030440236,0.5979999999999999,yaw towards right
18:11:35.001905,8.76,1083.66,0.5754999999999999,29.33600000000003,0.0196175347695663,0.5754999999999999,yaw towards right
18:11:35.009234,7.87,964.41,0.6079999999999998,40.51900000000001,0.0150053061526691,0.6079999999999998,yaw towards right
18:11:35.023007,7.21,949.05,0.8404999999999998,46.78450000000003,0.0179653517724887,0.8404999999999998,yaw towards right
18:11:35.030357,8.99,935.8,0.8034999999999999,57.65050000000004,0.013937433326684,0.8034999999999999,yaw towards right
18:11:35.046337,9.33,1019.8,0.7834999999999999,55.93150000000003,0.0140082064668388,0.7834999999999999,yaw towards right
18:11:35.056819,11.25,996.41,0.8719999999999999,53.06000000000004,0.0164342254052016,0.8719999999999999,yaw towards right
18:11:35.065298,11.76,1071.29,1.0599999999999998,48.82200000000003,0.021711523493507,1.0599999999999998,yaw towards right
18:11:35.075692,11.99,1040.65,1.3004999999999998,49.17050000000005,0.0264487853489388,1.3004999999999998,yaw towards right
18:11:35.092103,10.37,1108.42,1.3769999999999996,53.88700000000006,0.0255534730083322,1.3769999999999996,yaw towards right
18:11:35.104678,8.46,1072.23,1.3869999999999996,55.634500000000074,0.0249305736548364,1.3869999999999996,yaw towards right
18:11:35.112968,9.29,1040.83,1.2504999999999995,56.36500000000008,0.022185753570478,1.2504999999999995,yaw towards right
18:11:35.124156,9.08,940.84,1.0754999999999997,53.53100000000006,0.0200911621303543,1.0754999999999997,yaw towards right
18:11:35.133242,10.94,929.22,0.9439999999999994,51.68400000000004,0.0182648401826483,0.9439999999999994,yaw towards right
18:11:35.149266,11.62,1014.26,1.0204999999999993,41.70800000000002,0.0244677280138102,1.0204999999999993,yaw towards right
18:11:35.155648,11.78,992.1,1.0719999999999994,43.90300000000001,0.0244174657768261,1.0719999999999994,yaw towards right
18:11:35.170771,10.52,1066.78,0.9264999999999995,44.21500000000002,0.0209544272305778,0.9264999999999995,yaw towards right
18:11:35.180274,9.69,1037.21,0.7844999999999998,41.07000000000001,0.0191015339663988,0.7844999999999998,yaw towards right
18:11:35.194132,9.59,1010.53,0.5879999999999997,41.54800000000001,0.0141523057668239,0.5879999999999997,yaw towards right
18:11:35.197008,8.22,987.21,0.6514999999999999,36.246999999999986,0.0179739012883824,0.6514999999999999,yaw towards right
18:11:35.215311,9.57,967.64,0.5885,35.41399999999998,0.0166177218049359,0.5885,yaw towards right
18:11:35.226870,10.02,1047.45,0.603,38.96699999999998,0.0154746323812456,0.603,yaw towards right
18:11:35.238768,11.58,1019.33,0.7110000000000001,30.722,0.023143024542673,0.7110000000000001,yaw towards right
18:11:35.245443,12.24,1090.91,0.7990000000000002,28.03300000000001,0.0285021224984839,0.7990000000000002,yaw towards right
18:11:35.257824,10.99,1056.74,0.7745000000000003,29.28350000000002,0.0264483412160431,0.7745000000000003,yaw towards right
18:11:35.272884,8.8,1121.79,0.8115000000000002,33.69400000000003,0.0240844067192971,0.8115000000000002,yaw towards right
18:11:35.283483,7.04,1083.01,1.0505000000000002,35.158000000000044,0.0298794015586779,1.0505000000000002,yaw towards right
18:11:35.292594,7.99,1049.41,1.134,35.084000000000046,0.0323224261771747,1.134,yaw towards right
18:11:35.304981,9.37,1116.17,1.1,39.87300000000003,0.0275875906001554,1.1,yaw towards right
18:11:35.317503,10.45,1078.52,1.0235,38.44350000000002,0.0266234864151286,1.0235,yaw towards right
18:11:35.333540,11.94,1140.44,1.187,41.04350000000004,0.0289205355293773,1.187,yaw towards right
18:11:35.338748,12.52,1099.62,1.3505000000000005,37.69600000000002,0.0358260823429541,1.3505000000000005,yaw towards right
18:11:35.344266,11.16,1157.91,1.2635,43.26700000000004,0.0292023944345574,1.2635,yaw towards right
18:11:35.362474,9.46,1114.93,1.116,36.62100000000003,0.030474318014254,1.116,yaw towards right
18:11:35.373305,9.27,1077.3,1.0585,36.771500000000046,0.0287858803693077,1.0585,yaw towards right
18:11:35.380798,9.86,1044.21,0.973,33.536000000000044,0.0290135973282442,0.973,yaw towards right
18:11:35.394968,10.19,1016.34,0.7295,36.74100000000003,0.0198552026346588,0.7295,yaw towards right
18:11:35.406628,11.78,1088.6,0.7164999999999999,37.194000000000024,0.0192638597623272,0.7164999999999999,yaw towards right
18:11:35.415288,11.75,1054.55,0.8009999999999999,33.78550000000002,0.0237083956135028,0.8009999999999999,yaw towards right
18:11:35.426640,11.82,1120.6,0.772,35.34550000000003,0.0218415356976135,0.772,yaw towards right
18:11:35.440168,10.02,1082.22,0.6670000000000001,29.696999999999996,0.0224601811630804,0.6670000000000001,yaw towards right
18:11:35.452063,8.05,955.83,0.6925000000000001,40.824000000000005,0.0169630609445424,0.6925000000000001,yaw towards right
18:11:35.462870,7.65,940.89,0.8774999999999998,47.06299999999998,0.0186452202367039,0.8774999999999998,yaw towards right
18:11:35.472117,8.46,928.0,0.9759999999999998,58.435500000000005,0.0167021759033464,0.9759999999999998,yaw towards right
18:11:35.480145,10.94,1014.03,1.0449999999999997,57.0625,0.0183132530120481,1.0449999999999997,yaw towards right
18:11:35.496059,11.13,990.65,1.0815,54.80549999999998,0.019733420915784,1.0815,yaw towards right
18:11:35.507713,11.28,1067.24,1.0894999999999997,50.8275,0.0214352466676503,1.0894999999999997,yaw towards right
18:11:35.520438,10.23,1036.37,0.979,51.39350000000002,0.019049101540078,0.979,yaw towards right
18:11:35.530658,9.94,1104.73,0.903,56.44550000000004,0.0159977323258718,0.903,yaw towards right
18:11:35.542708,9.09,1068.25,0.9555,58.10150000000006,0.0164453585535657,0.9555,yaw towards right
18:11:35.555509,9.1,1036.61,0.9319999999999998,58.92350000000008,0.0158171188065881,0.9319999999999998,yaw towards right
18:11:35.565899,9.6,1070.62,0.7434999999999998,49.94350000000009,0.0148868221089831,0.7434999999999998,yaw towards right
18:11:35.575112,10.7,1039.37,0.5759999999999998,37.5780000000001,0.0153281175155675,0.5759999999999998,yaw towards right
18:11:35.588148,12.66,1108.05,0.6475,30.914500000000107,0.020944864060554,0.6475,yaw towards right
18:11:35.597017,11.99,1071.66,0.7165000000000001,29.681500000000113,0.0241396155854656,0.7165000000000001,yaw towards right
18:11:35.608678,11.88,1134.12,0.8015000000000001,33.696500000000114,0.0237858531301469,0.8015000000000001,yaw towards right
18:11:35.615814,9.61,1094.29,0.8245000000000002,32.71650000000012,0.0252013510002597,0.8245000000000002,yaw towards right
18:11:35.632906,8.38,1058.88,0.9285,32.82550000000008,0.0282859362385949,0.9285,yaw towards right
18:11:35.643921,8.97,1028.59,0.9735,28.95700000000007,0.0336188141036708,0.9735,yaw towards right
18:11:35.653577,10.25,1002.65,0.9165,30.86200000000005,0.0296967144060656,0.9165,yaw towards right
18:11:35.660496,11.65,1077.38,0.992,30.345000000000063,0.0326907233481627,0.992,yaw towards right
18:11:35.676738,11.81,1044.6,1.0385,28.999000000000063,0.035811579709645,1.0385,yaw towards right
18:11:35.690762,11.71,1112.55,0.9800000000000002,32.66400000000005,0.0300024491795248,0.9800000000000002,yaw towards right
18:11:35.700155,9.51,1074.98,0.9045000000000002,27.355500000000024,0.0330646487909195,0.9045000000000002,yaw towards right
18:11:35.709289,8.65,1137.45,0.8800000000000001,33.091,0.0265933335347979,0.8800000000000001,yaw towards right
18:11:35.723308,7.94,1095.72,0.9004999999999999,28.576500000000003,0.031511906636572,0.9004999999999999,yaw towards right
18:11:35.734997,8.88,1060.05,0.8889999999999997,27.00799999999999,0.0329161729857819,0.8889999999999997,yaw towards right
18:11:35.745294,9.92,1125.38,0.7699999999999998,30.702000000000016,0.025079799361605,0.7699999999999998,yaw towards right
18:11:35.754024,11.64,1086.19,0.8619999999999998,27.05800000000001,0.031857491314953,0.8619999999999998,yaw towards right
18:11:35.766193,12.74,1147.56,1.0259999999999998,26.50850000000001,0.0387045664598147,1.0259999999999998,yaw towards right
18:11:35.780485,11.54,1105.52,0.9894999999999996,26.37449999999999,0.0375172989061403,0.9894999999999996,yaw towards right
18:11:35.792594,10.26,1163.08,0.9429999999999996,29.711999999999996,0.0317380183091006,0.9429999999999996,yaw towards right
18:11:35.798122,8.38,1118.73,1.0734999999999992,26.5695,0.0404034701443384,1.0734999999999992,yaw towards right
18:11:35.811583,8.63,1080.38,1.0064999999999995,29.578000000000003,0.0340286699574007,1.0064999999999995,yaw towards right
18:11:35.825132,9.13,988.03,0.9179999999999992,34.709999999999994,0.0264477095937769,0.9179999999999992,yaw towards right
18:11:35.837067,10.41,968.74,0.7879999999999996,45.4675,0.0173310606477153,0.7879999999999996,yaw towards right
18:11:35.845891,11.75,1047.99,0.8934999999999995,49.50750000000001,0.0180477705398171,0.8934999999999995,yaw towards right
18:11:35.858496,11.34,1020.18,0.9194999999999997,50.89800000000002,0.0180655428504066,0.9194999999999997,yaw towards right
18:11:35.863117,11.88,1091.24,0.8644999999999996,51.00050000000003,0.0169508142077038,0.8644999999999996,yaw towards right
18:11:35.881811,10.28,1057.41,0.6749999999999996,46.488500000000016,0.0145197199307355,0.6749999999999996,yaw towards right
18:11:35.894426,8.4,1027.57,0.7809999999999997,48.51150000000002,0.0160992754295373,0.7809999999999997,yaw towards right
18:11:35.900898,8.9,1001.55,0.8444999999999997,46.73000000000001,0.0180719024181467,0.8444999999999997,yaw towards right
18:11:35.910136,9.1,979.25,0.7714999999999999,50.53200000000001,0.0152675532335945,0.7714999999999999,yaw towards right
18:11:35.927623,10.63,1057.9,0.7230000000000001,50.76000000000003,0.0142434988179668,0.7230000000000001,yaw towards right
18:11:35.939419,11.69,1027.63,0.8005000000000001,39.50400000000006,0.0202637707573916,0.8005000000000001,yaw towards right
18:11:35.946739,12.11,1098.54,0.881,32.86550000000006,0.0268062253731115,0.881,yaw towards right
18:11:35.958393,9.93,1062.66,0.7920000000000001,30.093000000000067,0.0263184129199481,0.7920000000000001,yaw towards right
18:11:35.973417,9.47,1127.83,0.8090000000000002,30.80000000000003,0.0262662337662337,0.8090000000000002,yaw towards right
18:11:35.984935,9.08,1087.59,0.7705,33.250499999999995,0.0231725838709192,0.7705,yaw towards right
18:11:35.993175,8.73,1052.73,0.8195,32.36050000000001,0.0253240833732482,0.8195,yaw towards right
18:11:36.006771,10.25,1119.56,0.6875000000000002,35.77549999999997,0.0192170619558077,0.6875000000000002,yaw towards right
18:11:36.013423,10.88,1080.84,0.6860000000000003,33.06149999999996,0.0207492098059677,0.6860000000000003,yaw towards right
18:11:36.028404,11.96,1143.42,0.7775000000000002,34.51949999999998,0.0225235012094613,0.7775000000000002,yaw towards right
18:11:36.038453,11.08,1101.6,0.8004999999999999,31.97049999999995,0.0250387075585305,0.8004999999999999,yaw towards right
18:11:36.050676,11.5,1160.14,0.7769999999999998,37.97449999999995,0.0204610988953113,0.7769999999999998,yaw towards right
18:11:36.059856,9.56,1116.29,0.7174999999999997,32.63599999999995,0.0219849246231156,0.7174999999999997,yaw towards right
18:11:36.073959,9.18,1077.91,0.7374999999999998,33.725499999999926,0.0218677262012424,0.7374999999999998,yaw towards right
18:11:36.082685,9.96,1044.19,0.6884999999999998,31.74849999999993,0.0216860639085311,0.6884999999999998,yaw towards right
18:11:36.095042,10.7,1015.79,0.6489999999999998,36.29799999999994,0.0178797729902474,0.6489999999999998,yaw towards right
18:11:36.108183,11.76,1088.66,0.6904999999999999,36.68649999999994,0.0188216373870497,0.6904999999999999,yaw towards right
18:11:36.115020,12.74,1054.08,0.8114999999999999,33.82549999999997,0.0239907761895611,0.8114999999999999,yaw towards right
18:11:36.125376,12.81,1121.17,0.8844999999999998,35.52049999999998,0.0249011134415337,0.8844999999999998,yaw towards right
18:11:36.141010,10.62,1082.19,0.7595000000000001,29.923499999999972,0.02538138920915,0.7595000000000001,yaw towards right
18:11:36.153100,8.72,953.85,0.902,41.690000000000005,0.0216358839050131,0.902,yaw towards right
18:11:36.163518,7.78,939.04,1.0595000000000003,48.37849999999998,0.0219002242731792,1.0595000000000003,yaw towards right
18:11:36.172320,7.79,926.26,1.2565000000000002,59.931499999999986,0.0209656023960688,1.2565000000000002,yaw towards right
18:11:36.180521,9.99,1012.71,1.2155,58.556,0.0207579069608579,1.2155,yaw towards right
18:11:36.196967,10.77,989.37,1.212,56.00350000000001,0.0216415045488228,1.212,yaw towards right
18:11:36.210754,11.77,1065.87,1.297,51.70800000000001,0.0250831592790283,1.297,yaw towards right
18:11:36.212968,10.44,1035.04,1.209,52.17750000000001,0.0231709070001437,1.209,yaw towards right
18:11:36.230564,9.7,1104.21,1.0844999999999998,57.144000000000005,0.0189783704325913,1.0844999999999998,yaw towards right
18:11:36.242801,9.38,1068.1,0.9789999999999996,58.9625,0.0166037735849056,0.9789999999999996,yaw towards right
18:11:36.252288,11.44,1036.31,1.1114999999999997,59.88249999999998,0.0185613493090635,1.1114999999999997,yaw towards right
18:11:36.260858,11.76,986.8,1.0719999999999996,50.96999999999998,0.0210319795958406,1.0719999999999996,yaw towards right
18:11:36.275235,10.97,967.55,0.8574999999999997,43.90699999999999,0.0195299155032227,0.8574999999999997,yaw towards right
18:11:36.289275,13.13,1047.12,0.8334999999999997,32.76399999999998,0.0254395067757294,0.8334999999999997,yaw towards right
18:11:36.330450,12.71,1019.3,0.9525,32.67349999999998,0.0291520651292331,0.9525,yaw towards right
18:11:36.380393,12.71,1090.63,1.0525,35.077000000000005,0.030005416654788,1.0525,yaw towards right
18:11:36.385747,10.9,1056.76,0.9755,33.33400000000002,0.0292644147117057,0.9755,yaw towards right
18:11:36.385747,9.18,1026.86,1.169,33.703000000000024,0.0346853395840132,1.169,yaw towards right
18:11:36.387678,9.83,1000.81,1.255,28.747000000000032,0.0436567293978501,1.255,yaw towards right
18:11:36.388784,9.54,978.48,1.3750000000000004,28.78450000000003,0.0477687644391946,1.3750000000000004,yaw towards right
18:11:36.388784,11.28,1057.39,1.2310000000000003,30.972000000000055,0.0397455766498772,1.2310000000000003,yaw towards right
18:11:36.388784,11.33,1027.05,1.0970000000000002,27.27400000000005,0.0402214563320377,1.0970000000000002,yaw towards right
18:11:36.388784,12.69,1098.19,1.1990000000000005,27.75200000000005,0.0432040933986739,1.1990000000000005,yaw towards right
18:11:36.400156,10.72,1062.22,1.0100000000000002,28.63900000000006,0.0352665945039979,1.0100000000000002,yaw towards right
18:11:36.410926,9.19,1127.15,1.0215,34.009000000000064,0.0300361668969978,1.0215,yaw towards right
18:11:36.422654,9.14,1086.87,1.024,32.09700000000003,0.0319032931426612,1.024,yaw towards right
18:11:36.435041,9.09,1051.98,1.053,30.863000000000017,0.0341185237987233,1.053,yaw towards right
18:11:36.447604,10.82,1118.61,0.905,35.257999999999996,0.025667933518634,0.905,yaw towards right
18:11:36.455787,11.06,1079.9,0.7965,33.0645,0.0240892800435512,0.7965,yaw towards right
18:11:36.463814,11.78,1142.31,0.7139999999999997,34.49700000000001,0.0206974519523436,0.7139999999999997,yaw towards right
18:11:36.480091,11.25,1100.51,0.7294999999999996,31.863999999999994,0.0228941752447903,0.7294999999999996,yaw towards right
18:11:36.492370,10.15,1159.36,0.7709999999999996,37.85549999999999,0.0203669215833894,0.7709999999999996,yaw towards right
18:11:36.497290,8.66,1115.48,0.8099999999999996,32.4935,0.024928062535584,0.8099999999999996,yaw towards right
18:11:36.508948,8.16,1077.08,0.9239999999999996,33.55349999999999,0.0275381107783092,0.9239999999999996,yaw towards right
18:11:36.526184,8.85,973.06,0.8414999999999996,38.608999999999995,0.0217954362972363,0.8414999999999996,yaw towards right
18:11:36.534224,10.1,955.54,0.7304999999999996,49.09600000000001,0.0148790125468469,0.7304999999999996,yaw towards right
18:11:36.543139,11.59,1037.24,0.7814999999999998,54.122,0.0144395994235246,0.7814999999999998,yaw towards right
18:11:36.559335,11.12,1010.58,0.7784999999999996,55.03250000000003,0.0141461863444328,0.7784999999999996,yaw towards right
18:11:36.568793,11.79,1083.98,0.8649999999999995,54.49350000000002,0.0158734527971225,0.8649999999999995,yaw towards right
18:11:36.580194,9.91,1050.79,0.8024999999999997,49.915500000000016,0.0160771704180064,0.8024999999999997,yaw towards right
18:11:36.591245,8.05,1021.03,0.9669999999999996,51.41600000000001,0.0188073751361443,0.9669999999999996,yaw towards right
18:11:36.596427,9.26,995.55,0.9374999999999998,48.773500000000006,0.0192215034803735,0.9374999999999998,yaw towards right
18:11:36.614784,8.76,973.7,0.8424999999999999,52.2355,0.0161288778704137,0.8424999999999999,yaw towards right
18:11:36.625996,10.39,1053.63,0.7300000000000001,52.92650000000001,0.0137927125353083,0.7300000000000001,yaw towards right
18:11:36.631030,10.29,1023.56,0.6599999999999999,40.989999999999995,0.0161014881678458,0.6599999999999999,yaw towards right
18:11:36.646311,12.17,1095.96,0.8404999999999999,34.07949999999999,0.0246629205240687,0.8404999999999999,yaw towards right
18:11:36.660133,10.58,1060.03,0.7539999999999999,31.0685,0.0242689540853275,0.7539999999999999,yaw towards right
18:11:36.672780,9.99,1125.59,0.7175,31.61549999999999,0.0226945643750692,0.7175,yaw towards right
18:11:36.680195,8.9,1085.24,0.7070000000000001,34.57349999999998,0.0204491879618783,0.7070000000000001,yaw towards right
18:11:36.693085,8.58,1050.31,0.79,33.425,0.0236350037397157,0.79,yaw towards right
18:11:36.706490,10.14,1117.93,0.6020000000000001,37.23650000000002,0.0161669329824231,0.6020000000000001,yaw towards right
18:11:36.713937,10.78,1079.03,0.626,34.82800000000002,0.017974043872746,0.626,yaw towards right
18:11:36.730354,11.3,1141.41,0.6395,36.54500000000002,0.0174989738678341,0.6395,yaw towards right
18:11:36.740054,11.12,1099.46,0.6694999999999999,33.64850000000003,0.0198968750464359,0.6694999999999999,yaw towards right
18:11:36.749154,10.38,1158.75,0.6699999999999999,39.626000000000026,0.0169080906475546,0.6699999999999999,yaw towards right
18:11:36.763528,8.62,1114.68,0.6510000000000001,33.831000000000024,0.0192427063935443,0.6510000000000001,yaw towards right
18:11:36.772845,8.96,1076.12,0.7375000000000002,34.640500000000046,0.0212901083991281,0.7375000000000002,yaw towards right
18:11:36.780203,8.67,1042.7,0.8105000000000002,32.26750000000005,0.0251181529402649,0.8105000000000002,yaw towards right
18:11:36.796429,8.99,1014.1,0.7630000000000005,36.479000000000035,0.0209161435346363,0.7630000000000005,yaw towards right
18:11:36.808736,10.47,1087.65,0.6795000000000003,36.90350000000002,0.0184128876664814,0.6795000000000003,yaw towards right
18:11:36.813525,11.05,1052.79,0.7345000000000004,33.84850000000003,0.0216996321845871,0.7345000000000004,yaw towards right
18:11:36.825225,10.92,1120.5,0.7275000000000004,35.593000000000025,0.0204394122439805,0.7275000000000004,yaw towards right
18:11:36.840741,9.05,1081.2,0.6980000000000002,29.988000000000028,0.0232759770574896,0.6980000000000002,yaw towards right
18:11:36.853227,7.52,1047.0,0.7795000000000002,32.268,0.0241570596256353,0.7795000000000002,yaw towards right
18:11:36.865034,7.48,1018.28,0.9190000000000004,30.7815,0.0298555950814612,0.9190000000000004,yaw towards right
18:11:36.874269,8.08,993.67,0.8445000000000003,35.643000000000015,0.0236932918104536,0.8445000000000003,yaw towards right
18:11:36.886050,9.11,1069.95,0.7430000000000001,34.55349999999999,0.021502886827673,0.7430000000000001,yaw towards right
18:11:36.897895,10.58,1038.08,0.805,30.77000000000001,0.0261618459538511,0.805,yaw towards right
18:11:36.908980,10.53,1107.22,0.8215,27.84050000000004,0.0295073723532263,0.8215,yaw towards right
18:11:36.913191,11.1,1070.24,0.9285,28.13700000000005,0.0329992536517751,0.9285,yaw towards right
18:11:36.931810,9.2,1134.07,0.8705,31.479500000000023,0.0276529169777156,0.8705,yaw towards right
18:11:36.942303,7.67,1093.09,0.962,31.08450000000002,0.0309479000788174,0.962,yaw towards right
18:11:36.955989,8.18,1057.62,0.9420000000000002,31.378500000000003,0.0300205554758831,0.9420000000000002,yaw towards right
18:11:36.964495,8.07,924.28,0.8495000000000001,42.163,0.0201479970590328,0.8495000000000001,yaw towards right
18:11:36.976474,9.08,913.81,0.7014999999999999,52.543000000000006,0.0133509696819747,0.7014999999999999,yaw towards right
18:11:36.988939,9.99,1002.04,0.6954999999999998,53.094999999999985,0.0130991618796496,0.6954999999999998,yaw towards right
18:11:37.000797,11.2,980.38,0.8469999999999999,57.83649999999998,0.0146447312683167,0.8469999999999999,yaw towards right
18:11:37.009033,10.52,1058.59,0.7895,56.70349999999996,0.0139233027943601,0.7895,yaw towards right
18:11:37.022190,9.24,1028.94,0.7175,53.55249999999994,0.0133980673171187,0.7175,yaw towards right
18:11:37.034482,7.61,981.59,0.7425000000000002,56.05549999999992,0.0132458010364728,0.7425000000000002,yaw towards right
18:11:37.044994,7.05,961.86,0.8960000000000001,52.65349999999994,0.0170169124559621,0.8960000000000001,yaw towards right
18:11:37.053996,8.82,944.9,0.768,53.96249999999995,0.0142321056289089,0.768,yaw towards right
18:11:37.064378,10.41,1029.31,0.8465,58.17849999999994,0.0145500485574568,0.8465,yaw towards right
18:11:37.076805,12.1,1002.72,1.0375,45.31849999999996,0.0228935203062767,1.0375,yaw towards right
18:11:37.091242,11.86,1077.97,1.2020000000000002,37.87999999999997,0.0317317845828933,1.2020000000000002,yaw towards right
18:11:37.098267,10.88,1044.58,1.16,34.580499999999965,0.0335449169329535,1.16,yaw towards right
18:11:37.109016,9.69,1113.06,1.0355000000000003,36.22699999999997,0.0285836530764347,1.0355000000000003,yaw towards right
18:11:37.123405,8.14,1074.44,1.0755,40.70999999999999,0.026418570375829,1.0755,yaw towards right
18:11:37.135031,9.66,1041.41,1.075,39.880999999999986,0.0269551916952935,1.075,yaw towards right
18:11:37.144793,10.52,1110.53,0.9689999999999998,43.2445,0.0224074737827931,0.9689999999999998,yaw towards right
18:11:37.157600,10.97,1072.58,0.8615,41.648999999999994,0.0206847703426252,0.8615,yaw towards right
18:11:37.169052,12.74,1136.53,1.0525000000000002,44.34249999999999,0.0237356937475334,1.0525000000000002,yaw towards right
18:11:37.180233,12.78,1095.16,1.113,41.40550000000001,0.026880486891838,1.113,yaw towards right
18:11:37.192881,12.4,1155.25,1.012,47.18350000000001,0.0214481757394004,1.012,yaw towards right
18:11:37.197656,10.87,1111.55,0.8465000000000001,40.495,0.0209038152858377,0.8465000000000001,yaw towards right
18:11:37.211538,11.29,1073.31,0.842,40.57350000000002,0.0207524615820671,0.842,yaw towards right
18:11:37.223686,9.22,1040.16,0.9759999999999998,36.644000000000034,0.0266346468726121,0.9759999999999998,yaw towards right
18:11:37.231326,10.5,1011.79,0.8854999999999998,39.35700000000004,0.0224991742256777,0.8854999999999998,yaw towards right
18:11:37.245030,12.98,1085.38,1.069,39.241000000000035,0.0272419153436456,1.069,yaw towards right
18:11:37.258570,11.78,1050.72,1.0465,35.35000000000003,0.0296039603960395,1.0465,yaw towards right
18:11:37.269475,12.76,1118.44,1.063,36.76700000000004,0.0289117959039355,1.063,yaw towards right
18:11:37.280458,11.13,1079.3,0.8994999999999997,30.769000000000055,0.0292339692547693,0.8994999999999997,yaw towards right
18:11:37.292057,9.81,951.95,0.8539999999999999,41.30900000000002,0.0206734609891306,0.8539999999999999,yaw towards right
18:11:37.298882,9.91,936.87,0.8154999999999999,46.95500000000001,0.0173676924715152,0.8154999999999999,yaw towards right
18:11:37.318016,10.02,923.41,0.8945000000000001,58.28750000000002,0.0153463435556508,0.8945000000000001,yaw towards right
18:11:37.336739,10.67,1010.84,0.866,56.84750000000001,0.0152337393904745,0.866,yaw towards right
18:11:37.343657,12.41,987.23,0.8470000000000001,54.79200000000001,0.0154584610892101,0.8470000000000001,yaw towards right
18:11:37.348427,12.6,1064.6,0.9195,50.929499999999976,0.0180543692751745,0.9195,yaw towards right
18:11:37.358297,12.75,1033.41,0.8639999999999999,51.569,0.0167542515852547,0.8639999999999999,yaw towards right
18:11:37.373338,10.52,1102.92,0.8775000000000001,56.786000000000016,0.0154527524389814,0.8775000000000001,yaw towards right
18:11:37.381507,9.28,1066.02,0.942,58.35850000000001,0.0161416074779166,0.942,yaw towards right
18:11:37.391212,10.03,1034.01,0.926,59.24299999999998,0.0156305386290363,0.926,yaw towards right
18:11:37.405820,9.58,1104.03,0.8554999999999998,53.8395,0.0158898206706971,0.8554999999999998,yaw towards right
18:11:37.414761,12.02,1067.25,0.8889999999999999,43.11950000000002,0.0206171221836987,0.8889999999999999,yaw towards right
18:11:37.424734,11.23,1132.26,0.8374999999999998,37.61150000000002,0.0222671257461148,0.8374999999999998,yaw towards right
18:11:37.440137,12.69,1091.73,0.9355,38.60750000000003,0.0242310431910897,0.9355,yaw towards right
18:11:37.451668,10.26,1152.58,0.8459999999999999,43.508000000000024,0.0194446998253194,0.8459999999999999,yaw towards right
18:11:37.464304,10.07,1109.48,0.7635,41.341500000000025,0.0184681252494466,0.7635,yaw towards right
18:11:37.475767,11.06,1071.74,0.701,42.77150000000002,0.0163894181873443,0.701,yaw towards right
18:11:37.483502,8.86,1038.58,0.7934999999999999,39.00750000000003,0.0203422418765621,0.7934999999999999,yaw towards right
18:11:37.496416,11.79,1010.65,0.7749999999999998,41.72650000000005,0.0185733286999867,0.7749999999999998,yaw towards right
18:11:37.508639,11.29,1085.11,0.7649999999999999,40.86900000000007,0.0187183439770975,0.7649999999999999,yaw towards right
18:11:37.519731,13.68,1050.69,0.9375,36.610500000000066,0.0256074077109025,0.9375,yaw towards right
18:11:37.530219,11.09,1118.21,0.8019999999999999,37.79500000000005,0.02121973806059,0.8019999999999999,yaw towards right
18:11:37.542007,10.49,1079.31,0.8324999999999998,31.39000000000005,0.0265211850907932,0.8324999999999998,yaw towards right
18:11:37.554165,8.81,1026.09,0.9224999999999998,33.82400000000006,0.0272735335856196,0.9224999999999998,yaw towards right
18:11:37.563228,7.82,1000.45,1.1565,32.59150000000008,0.0354847122716044,1.1565,yaw towards right
18:11:37.574791,9.03,978.02,1.299,38.03750000000009,0.0341505093657574,1.299,yaw towards right
18:11:37.586612,10.38,1056.7,1.2374999999999998,36.68550000000009,0.0337326736721592,1.2374999999999998,yaw towards right
18:11:37.596613,12.26,1026.77,1.254,33.566000000000074,0.0373592325567537,1.254,yaw towards right
18:11:37.608766,12.99,1098.1,1.3610000000000002,30.89800000000003,0.044048158456858,1.3610000000000002,yaw towards right
18:11:37.617770,11.39,1062.44,1.4065000000000003,31.4415,0.0447338708394955,1.4065000000000003,yaw towards right
18:11:37.632241,10.49,1127.49,1.1645000000000003,35.459999999999994,0.0328398195149464,1.1645000000000003,yaw towards right
18:11:37.643481,9.73,1087.9,1.2280000000000002,35.31399999999999,0.0347737441241434,1.2280000000000002,yaw towards right
18:11:37.656515,9.41,1053.16,1.2340000000000004,35.20099999999998,0.0350558222777762,1.2340000000000004,yaw towards right
18:11:37.660996,10.64,1039.17,1.0580000000000005,31.833499999999965,0.0332354280867639,1.0580000000000005,yaw towards right
18:11:37.675255,11.34,1012.26,0.8400000000000002,30.02399999999996,0.0279776179056755,0.8400000000000002,yaw towards right
18:11:37.689810,12.77,1084.93,0.8435,25.89849999999995,0.0325694538293724,0.8435,yaw towards right
18:11:37.698461,11.89,1051.63,0.8905000000000001,25.30899999999995,0.0351851120154886,0.8905000000000001,yaw towards right
18:11:37.712897,11.4,1117.92,0.7470000000000001,28.53649999999996,0.0261770013841922,0.7470000000000001,yaw towards right
18:11:37.723230,9.21,1080.15,0.7049999999999998,24.98149999999999,0.0282208834537557,0.7049999999999998,yaw towards right
18:11:37.730542,9.04,1046.94,0.7975,26.078500000000012,0.0305807465920202,0.7975,yaw towards right
18:11:37.742926,9.12,1017.63,0.904,22.763000000000027,0.0397135702675393,0.904,yaw towards right
18:11:37.756728,10.74,992.97,0.8385,25.56150000000004,0.032803239246523,0.8385,yaw towards right
18:11:37.767797,11.1,1069.51,0.792,27.407000000000032,0.0288977268581019,0.792,yaw towards right
18:11:37.779569,11.72,1037.55,0.8215000000000001,27.004500000000046,0.0304208557832953,0.8215000000000001,yaw towards right
18:11:37.791602,11.3,1107.36,0.7540000000000004,27.416500000000013,0.0275016869403461,0.7540000000000004,yaw towards right
18:11:37.797578,10.68,1070.22,0.6000000000000005,25.84550000000001,0.023214872995299,0.6000000000000005,yaw towards right
18:11:37.810238,9.57,1131.51,0.6615000000000005,31.393,0.0210715764660911,0.6615000000000005,yaw towards right
18:11:37.824738,7.83,1090.76,0.8875000000000005,29.058999999999987,0.0305413125021508,0.8875000000000005,yaw towards right
18:11:37.830222,9.03,1055.92,0.8190000000000006,28.85299999999999,0.0283852632308599,0.8190000000000006,yaw towards right
18:11:37.848144,8.63,1122.23,0.8160000000000004,32.11799999999998,0.0254063142163273,0.8160000000000004,yaw towards right
18:11:37.857703,11.41,1083.15,0.7795000000000002,29.287999999999993,0.0266149959027588,0.7795000000000002,yaw towards right
18:11:37.864826,11.18,1144.89,0.8035000000000002,29.450000000000006,0.027283531409168,0.8035000000000002,yaw towards right
18:11:37.882027,12.22,1102.89,0.9145000000000004,28.03400000000002,0.0326211029464221,0.9145000000000004,yaw towards right
18:11:37.893946,10.09,1160.75,0.8940000000000001,32.42300000000001,0.0275730191530703,0.8940000000000001,yaw towards right
18:11:37.898768,8.35,1116.39,1.032,28.419000000000032,0.0363137337696611,1.032,yaw towards right
18:11:37.914276,8.72,1078.04,1.066,30.61400000000006,0.0348206702815704,1.066,yaw towards right
18:11:37.926407,7.92,955.68,1.0475,38.56400000000007,0.0271626387304221,1.0475,yaw towards right
18:11:37.938994,9.53,941.04,0.843,51.672500000000085,0.016314287096618,0.843,yaw towards right
18:11:37.947151,9.79,1024.65,0.7464999999999998,57.83000000000006,0.0129085249870309,0.7464999999999998,yaw towards right
18:11:37.959928,11.0,1000.14,0.703,60.63900000000005,0.0115931990962911,0.703,yaw towards right
18:11:37.972249,10.4,1074.4,0.679,60.17450000000004,0.0112838494711214,0.679,yaw towards right
18:11:37.984362,9.69,1042.9,0.655,55.95600000000002,0.0117056258488812,0.655,yaw towards right
18:11:37.992015,8.52,960.41,0.635,62.686000000000035,0.0101298535558178,0.635,yaw towards right
18:11:38.002415,7.83,944.55,0.735,63.90800000000004,0.0115009075546097,0.735,yaw towards right
18:11:38.017472,8.8,930.42,0.6234999999999997,68.21850000000003,0.0091397494814456,0.6234999999999997,yaw towards right
18:11:38.027082,9.85,1016.77,0.5894999999999998,68.70800000000001,0.0085797869243756,0.5894999999999998,yaw towards right
18:11:38.033045,11.0,992.75,0.6199999999999999,54.96300000000001,0.0112803158488437,0.6199999999999999,yaw towards right
18:11:38.048152,11.03,1068.81,0.7159999999999999,45.80050000000001,0.0156330171068001,0.7159999999999999,yaw towards right
18:11:38.060821,11.93,1037.47,0.8835,41.86500000000002,0.0211035471157291,0.8835,yaw towards right
18:11:38.074865,10.03,1106.34,0.7864999999999999,41.74150000000002,0.018842159481571,0.7864999999999999,yaw towards right
18:11:38.081378,9.09,1069.4,0.8084999999999998,45.78750000000005,0.0176576576576576,0.8084999999999998,yaw towards right
18:11:38.092554,9.76,1037.35,0.8079999999999998,45.241500000000045,0.0178597084535216,0.8079999999999998,yaw towards right
18:11:38.106417,10.07,1041.48,0.712,38.312000000000054,0.0185842555857172,0.712,yaw towards right
18:11:38.112997,11.72,1014.23,0.7494999999999999,33.84550000000003,0.0221447459780472,0.7494999999999999,yaw towards right
18:11:38.127529,11.67,1086.6,0.8265,33.57250000000003,0.0246183632437262,0.8265,yaw towards right
18:11:38.140629,12.38,1053.05,0.939,30.50150000000004,0.0307853712112518,0.939,yaw towards right
18:11:38.151740,11.62,1119.12,0.8424999999999999,35.95100000000005,0.0234346749742705,0.8424999999999999,yaw towards right
18:11:38.164343,9.38,1081.17,0.8679999999999998,31.910000000000064,0.0272015042306486,0.8679999999999998,yaw towards right
18:11:38.176305,9.34,1047.82,0.7585,30.349000000000053,0.0249925862466637,0.7585,yaw towards right
18:11:38.184928,7.51,1018.82,0.99,25.58850000000004,0.0386892549387419,0.99,yaw towards right
18:11:38.192400,11.34,993.98,0.9854999999999998,26.427500000000027,0.0372907009743637,0.9854999999999998,yaw towards right
18:11:38.206700,12.08,1069.92,1.041,27.347000000000044,0.0380663326873148,1.041,yaw towards right
18:11:38.218274,11.42,1037.9,1.0379999999999998,28.19350000000001,0.0368169968255094,1.0379999999999998,yaw towards right
18:11:38.229945,12.12,1107.22,0.9309999999999996,30.44900000000002,0.0305757167723077,0.9309999999999996,yaw towards right
18:11:38.242580,9.71,1070.09,0.9844999999999996,26.597,0.0370154528706244,0.9844999999999996,yaw towards right
18:11:38.255307,8.93,1134.09,1.0074999999999996,32.42699999999997,0.0310697875227434,1.0074999999999996,yaw towards right
18:11:38.263543,9.46,1092.96,0.9904999999999996,28.90349999999996,0.0342692061515041,0.9904999999999996,yaw towards right
18:11:38.274674,9.41,1057.35,0.8614999999999998,27.537499999999948,0.0312846118928734,0.8614999999999998,yaw towards right
18:11:38.283379,11.6,1123.43,0.8979999999999997,31.539499999999947,0.0284722332313448,0.8979999999999997,yaw towards right
18:11:38.294769,11.76,1084.19,0.6954999999999998,29.082999999999977,0.0239143142041742,0.6954999999999998,yaw towards right
18:11:38.311154,12.27,1145.77,0.7079999999999999,29.735499999999963,0.0238099241647189,0.7079999999999999,yaw towards right
18:11:38.320294,11.13,1103.64,0.6624999999999999,28.32099999999994,0.0233925355743088,0.6624999999999999,yaw towards right
18:11:38.330062,10.56,1161.83,0.6809999999999998,32.70749999999994,0.0208209126347168,0.6809999999999998,yaw towards right
18:11:38.344752,8.89,1117.32,0.7455,28.817999999999945,0.0258692483864252,0.7455,yaw towards right
18:11:38.355995,9.03,1078.84,0.6765000000000004,31.121499999999976,0.0217373841235159,0.6765000000000004,yaw towards right
18:11:38.364908,10.64,950.56,0.5210000000000002,39.487000000000016,0.0131942158178641,0.5210000000000002,yaw towards right
18:11:38.376397,11.04,936.72,0.5285000000000002,52.911000000000016,0.0099884712063654,0.5285000000000002,yaw towards right
18:11:38.389627,12.82,1020.93,0.6845000000000001,59.58100000000002,0.0114885617898323,0.6845000000000001,yaw towards right
18:11:38.397845,11.64,997.02,0.6325000000000001,62.68800000000001,0.0100896503318019,0.6325000000000001,yaw towards right
18:11:38.409135,12.07,1071.27,0.693,62.36149999999998,0.0111126255782814,0.693,yaw towards right
18:11:38.422538,9.9,1040.28,0.711,58.1915,0.0122182793019599,0.711,yaw towards right
18:11:38.434728,8.74,1012.39,0.8825000000000001,59.479,0.0148371694211402,0.8825000000000001,yaw towards right
18:17:55.423487,19.74,889.38,1.7439999999999998,66.56700000000001,0.0261991677557949,1.7439999999999998,yaw towards right
18:17:55.435056,17.7,816.16,2.2555,84.73750000000003,0.0266174952057825,2.2555,yaw towards right
18:17:55.449213,17.58,824.37,2.729999999999999,96.5155,0.0282856121555604,2.729999999999999,yaw towards right
18:17:55.460626,20.36,876.1,3.517499999999999,90.81849999999996,0.0387310955367023,3.517499999999999,yaw towards right
18:17:55.467767,18.93,875.99,3.8705,81.81999999999998,0.047305059887558,3.8705,yaw towards right
18:17:55.482325,16.67,965.43,3.7425,78.32399999999998,0.0477822889535774,3.7425,yaw towards right
18:17:55.492661,18.31,951.92,3.753999999999999,73.0015,0.0514236008849133,3.753999999999999,yaw towards right
18:17:55.506554,14.81,921.61,3.938499999999999,74.2345,0.0530548464662656,3.938499999999999,yaw towards right
18:17:55.518437,12.86,913.24,4.3225,73.878,0.0585086223232897,4.3225,yaw towards right
18:17:55.526991,14.59,906.81,4.4415,72.928,0.060902534006143,4.4415,yaw towards right
18:17:55.533156,15.1,856.7,3.753999999999999,63.675499999999985,0.0589551711411767,3.753999999999999,yaw towards right
18:17:55.551807,15.19,858.98,3.1919999999999993,48.06849999999998,0.0664052341970313,3.1919999999999993,yaw towards right
18:17:55.563310,15.57,951.48,2.6385,37.271999999999984,0.070790405666452,2.6385,yaw towards right
18:17:55.570654,18.51,939.55,2.16,30.407499999999988,0.0710351064704431,2.16,yaw towards right
18:17:55.583104,14.86,1013.7,1.8155000000000008,31.998499999999996,0.0567370345484944,1.8155000000000008,yaw towards right
18:17:55.593793,15.47,991.51,1.8025000000000009,34.289,0.0525678789116043,1.8025000000000009,yaw towards right
18:17:55.608072,16.51,960.81,1.8720000000000012,34.18500000000001,0.0547608600263273,1.8720000000000012,yaw towards right
18:17:55.617268,13.27,864.47,1.7765000000000009,38.766000000000005,0.0458262394882113,1.7765000000000009,yaw towards right
18:17:55.629317,23.03,865.46,2.068500000000001,43.344999999999985,0.0477217672165186,2.068500000000001,yaw towards right
18:17:55.641139,30.37,957.57,3.2485000000000013,43.679,0.0743721239039355,3.2485000000000013,yaw towards right
18:17:55.653390,24.93,945.05,3.935000000000001,40.52500000000002,0.0971005552128315,3.935000000000001,yaw towards right
18:17:55.658322,19.99,1024.31,4.109,44.256000000000014,0.0928461677512653,4.109,yaw towards right
18:17:55.674780,23.67,1001.78,4.532000000000001,44.3695,0.1021422373477276,4.532000000000001,yaw towards right
18:17:55.683403,21.17,912.69,4.2780000000000005,46.807,0.0913965859807293,4.2780000000000005,yaw towards right
18:17:55.693605,20.04,805.81,4.306000000000001,53.04499999999998,0.0811763596945989,4.306000000000001,yaw towards right
18:17:55.705062,27.69,815.56,4.8325000000000005,58.282999999999994,0.08291440042551,4.8325000000000005,yaw towards right
18:17:55.716798,32.48,914.3,5.609,55.34049999999998,0.1013543426604385,5.609,yaw towards right
18:17:55.730467,30.56,908.22,6.047499999999999,49.675499999999985,0.1217400932048998,6.047499999999999,yaw towards right
18:17:55.743966,28.35,992.61,5.4815,50.197,0.1091997529732852,5.4815,yaw towards right
18:17:55.747812,25.33,975.23,4.0165,53.547,0.0750088707117112,4.0165,yaw towards right
18:17:55.764794,22.27,859.73,3.3504999999999994,58.602,0.0571738165932903,3.3504999999999994,yaw towards right
18:17:55.774179,24.48,829.54,3.145,59.71500000000001,0.0526668341287783,3.145,yaw towards right
18:17:55.788863,22.46,835.63,2.9475,60.29050000000002,0.0488882991516076,2.9475,yaw towards right
18:17:55.797371,23.72,836.98,3.0069999999999997,56.77800000000002,0.0529606537743491,3.0069999999999997,yaw towards right
18:17:55.808430,22.16,842.38,3.225,43.09550000000003,0.0748337993526005,3.225,yaw towards right
18:17:55.822613,21.08,937.66,2.968,37.133000000000024,0.0799289042091939,2.968,yaw towards right
18:17:55.834151,32.39,928.41,2.8840000000000003,41.49600000000002,0.0695006747638326,2.8840000000000003,yaw towards right
18:17:55.842420,36.57,1002.28,3.5050000000000003,51.78950000000002,0.0676778111393235,3.5050000000000003,yaw towards right
18:17:55.855455,30.57,983.3,3.948,54.419000000000025,0.0725481908892114,3.948,yaw towards right
18:17:55.865213,31.05,966.51,4.623,57.10750000000003,0.0809525894147003,4.623,yaw towards right
18:17:55.875244,27.79,918.94,4.5655,52.20450000000001,0.0874541466731795,4.5655,yaw towards right
18:17:55.883660,24.04,911.64,4.710500000000001,45.316500000000005,0.1039466860856421,4.710500000000001,yaw towards right
18:17:55.899768,22.16,996.49,4.8415,46.8275,0.1033901019699962,4.8415,yaw towards right
18:17:55.911102,20.15,978.01,5.2995,48.2825,0.109760265106405,5.2995,yaw towards right
18:17:55.924650,23.75,1052.45,5.2415,55.43399999999999,0.0945538838979687,5.2415,yaw towards right
18:17:55.930043,21.52,1026.03,5.379,54.602999999999994,0.0985110708202846,5.379,yaw towards right
18:17:55.941623,26.75,933.96,4.685499999999999,54.82899999999999,0.0854566014335479,4.685499999999999,yaw towards right
18:17:55.955562,32.05,826.37,4.103999999999999,58.597,0.0700377152413946,4.103999999999999,yaw towards right
18:17:55.964970,26.08,833.05,3.5589999999999997,61.3925,0.0579712505599218,3.5589999999999997,yaw towards right
18:17:55.981338,21.3,896.01,3.1234999999999995,57.192499999999995,0.0546138042575512,3.1234999999999995,yaw towards right
18:17:55.989849,18.05,892.54,3.4484999999999992,59.745000000000005,0.0577203113231232,3.4484999999999992,yaw towards right
18:17:55.998993,18.97,979.42,3.547999999999999,60.88500000000001,0.0582737948591606,3.547999999999999,yaw towards right
18:17:56.013029,17.21,963.88,3.5925,56.0355,0.0641111438284658,3.5925,yaw towards right
18:17:56.026355,15.18,830.02,3.6389999999999993,61.939499999999995,0.0587508778727629,3.6389999999999993,yaw towards right
18:17:56.030547,12.34,787.38,4.202,64.60999999999999,0.0650363720786256,4.202,yaw towards right
18:17:56.047153,10.85,799.53,4.528499999999999,66.399,0.068201328333258,4.528499999999999,yaw towards right
18:17:56.059992,12.58,834.32,4.897999999999999,61.793000000000006,0.0792646416260741,4.897999999999999,yaw towards right
18:17:56.072321,14.48,839.55,4.403999999999999,47.46550000000001,0.0927831793618522,4.403999999999999,yaw towards right
18:17:56.080083,17.84,934.92,4.466499999999999,42.63450000000001,0.1047625749099906,4.466499999999999,yaw towards right
18:17:56.092728,18.13,925.52,4.400499999999999,45.538,0.0966335807457507,4.400499999999999,yaw towards right
18:17:56.105387,15.43,869.19,3.922499999999999,43.994000000000014,0.0891598854389234,3.922499999999999,yaw towards right
18:17:56.116292,12.62,868.06,3.8565,43.076000000000015,0.0895278113102423,3.8565,yaw towards right
18:17:56.125193,12.18,867.8,3.5735,42.99250000000002,0.0831191486887247,3.5735,yaw towards right
18:17:56.134221,15.9,870.71,3.1855,34.77400000000003,0.091605797434865,3.1855,yaw towards right
18:17:56.150395,22.56,870.52,3.1665,24.27400000000003,0.1304482161984014,3.1665,yaw towards right
18:17:56.161578,23.69,961.67,3.2030000000000003,27.129000000000023,0.1180655387224002,3.2030000000000003,yaw towards right
18:17:56.168925,27.53,948.28,3.764,34.83200000000001,0.1080615525953146,3.764,yaw towards right
18:17:56.180345,25.38,1027.31,4.331999999999999,47.49,0.0912192040429563,4.331999999999999,yaw towards right
18:17:56.192967,22.31,1002.74,4.3765,51.065000000000005,0.0857044942720062,4.3765,yaw towards right
18:17:56.207341,25.11,973.6,4.4505,51.528,0.0863705170004657,4.4505,yaw towards right
18:17:56.212196,22.97,911.52,4.458499999999999,51.88399999999999,0.0859320792537198,4.458499999999999,yaw towards right
18:17:56.226728,19.43,904.83,4.571000000000001,52.9655,0.0863014603845899,4.571000000000001,yaw towards right
18:17:56.238827,17.76,991.2,4.9345,55.175500000000014,0.0894328098521988,4.9345,yaw towards right
18:17:56.251144,19.68,973.02,5.008,55.46499999999999,0.0902911746146218,5.008,yaw towards right
18:17:56.260539,17.0,1048.26,4.8115000000000006,62.77049999999999,0.0766522490660421,4.8115000000000006,yaw towards right
18:17:56.272349,14.72,1021.97,4.6365,57.54600000000001,0.0805703263476175,4.6365,yaw towards right
18:17:56.284378,13.61,908.07,4.165,57.2125,0.0727987764911514,4.165,yaw towards right
18:17:56.296851,13.28,791.76,3.9569999999999994,62.448,0.0633647194465795,3.9569999999999994,yaw towards right
18:17:56.301593,12.99,803.19,4.186999999999999,65.89349999999999,0.0635419275042303,4.186999999999999,yaw towards right
18:17:56.318152,12.19,894.35,4.286499999999999,61.02750000000001,0.0702388267584285,4.286499999999999,yaw towards right
18:17:56.330414,12.1,890.81,4.472499999999999,60.75350000000001,0.0736171578592179,4.472499999999999,yaw towards right
18:17:56.341643,14.43,978.27,4.180000000000001,62.019000000000005,0.067398700398265,4.180000000000001,yaw towards right
18:17:56.346429,12.18,962.59,3.806,61.12249999999999,0.0622683954353961,3.806,yaw towards right
18:17:56.362414,13.24,913.46,3.4995,60.824499999999986,0.0575343817047407,3.4995,yaw towards right
18:17:56.374142,12.46,905.53,3.001,53.456499999999984,0.0561391037572605,3.001,yaw towards right
18:17:56.381492,10.03,899.93,2.643,49.7795,0.0530941451802448,2.643,yaw towards right
18:17:56.393192,8.09,920.13,2.472,44.086499999999994,0.0560715865400973,2.472,yaw towards right
18:17:56.407210,12.29,912.47,1.9455000000000005,26.2785,0.0740339060448656,1.9455000000000005,yaw towards right
18:17:56.420470,10.24,997.38,1.7009999999999998,20.812000000000005,0.0817316932538919,1.7009999999999998,yaw towards right
18:17:56.432628,10.14,979.03,1.534,25.490999999999993,0.0601781020752422,1.534,yaw towards right
18:17:56.441283,10.03,1035.15,1.4455000000000002,33.30599999999999,0.0434005884825557,1.4455000000000002,yaw towards right
18:17:56.448543,15.19,1010.15,1.8025,36.412499999999994,0.0495022313765877,1.8025,yaw towards right
18:17:56.465290,14.47,989.15,1.9965,37.6435,0.0530370449081514,1.9965,yaw towards right
18:17:56.476890,16.95,911.5,2.5629999999999997,41.182,0.0622359283181972,2.5629999999999997,yaw towards right
18:17:56.481739,14.12,905.0,2.783,45.51299999999999,0.0611473644892668,2.783,yaw towards right
18:17:56.495372,20.07,991.16,3.2,45.93999999999999,0.0696560731388768,3.2,yaw towards right
18:17:56.509836,20.39,973.62,3.386,45.246999999999986,0.0748336906314231,3.386,yaw towards right
18:17:56.521921,17.95,1048.58,3.693,50.74249999999998,0.0727792284574075,3.693,yaw towards right
18:17:56.534909,23.93,1020.64,4.2844999999999995,45.349499999999985,0.0944773371260984,4.2844999999999995,yaw towards right
18:17:56.541820,27.4,907.13,5.0795,47.42849999999999,0.1070980528585133,5.0795,yaw towards right
18:17:56.555691,22.06,825.23,5.266499999999999,53.664999999999985,0.0981365880927979,5.266499999999999,yaw towards right
18:17:56.566691,21.9,831.46,5.0355,57.89599999999998,0.086974920547188,5.0355,yaw towards right
18:17:56.580006,23.94,928.41,4.9945,54.78449999999998,0.0911662970365706,4.9945,yaw towards right
18:17:56.588698,19.91,920.07,4.5495,51.393499999999975,0.0885228676778192,4.5495,yaw towards right
18:17:56.598610,16.36,1003.73,4.7425,52.206999999999994,0.0908403087708544,4.7425,yaw towards right
18:17:56.608094,16.45,984.54,4.525499999999999,54.852499999999985,0.0825030764322501,4.525499999999999,yaw towards right
18:17:56.624764,15.16,839.07,4.4905,62.32249999999999,0.0720526294676882,4.4905,yaw towards right
18:17:56.660047,12.32,809.89,5.037000000000001,66.851,0.0753466664672181,5.037000000000001,yaw towards right
18:17:56.660781,12.6,818.63,4.809,69.24949999999998,0.0694445447259547,4.809,yaw towards right
18:17:56.663808,11.01,864.02,4.3535,62.19449999999999,0.0699981509619017,4.3535,yaw towards right
18:17:56.669853,22.6,864.38,4.668000000000001,46.59699999999999,0.1001781230551323,4.668000000000001,yaw towards right
18:17:56.703153,29.26,956.89,5.7865,41.95349999999999,0.1379265138784607,5.7865,yaw towards right
18:17:56.721513,23.62,943.78,6.2285,46.26349999999998,0.1346309725809764,6.2285,yaw towards right
18:17:56.721513,19.11,932.58,6.375500000000001,49.25649999999999,0.1294346938982672,6.375500000000001,yaw towards right
18:17:56.721513,18.61,922.68,6.005000000000001,46.899999999999984,0.1280383795309169,6.005000000000001,yaw towards right
18:17:56.722779,15.75,914.05,5.6785000000000005,46.03099999999999,0.1233625165649236,5.6785000000000005,yaw towards right
18:17:56.733949,13.52,900.79,5.47,38.17699999999999,0.1432799853314823,5.47,yaw towards right
18:17:56.744107,16.97,895.87,4.693499999999999,28.960999999999984,0.1620627740754809,4.693499999999999,yaw towards right
18:17:56.757080,17.54,983.43,4.189,30.020499999999977,0.139537982378708,4.189,yaw towards right
18:17:56.765040,18.97,966.57,3.667499999999999,32.66699999999999,0.1122692625585453,3.667499999999999,yaw towards right
18:17:56.780285,21.51,1043.07,3.3199999999999994,43.137999999999984,0.076962307014697,3.3199999999999994,yaw towards right
18:17:56.792722,19.82,1016.82,2.1375,44.535499999999985,0.0479954193845359,2.1375,yaw towards right
18:17:56.805382,17.23,981.77,1.5005,42.599499999999985,0.0352234181152361,1.5005,yaw towards right
18:17:56.817125,18.08,907.91,1.257,42.86099999999998,0.0293273605375516,1.257,yaw towards right
18:17:56.823706,16.91,901.51,1.1965,43.82599999999998,0.0273011454387806,1.1965,yaw towards right
18:17:56.834299,21.72,988.18,1.4445,42.74349999999997,0.033794612046276,1.4445,yaw towards right
18:17:56.845040,19.34,970.2,1.16,42.65899999999996,0.0271923861318831,1.16,yaw towards right
18:17:56.861725,17.07,1046.11,1.2235,47.85499999999997,0.025566816424616,1.2235,yaw towards right
18:17:56.870174,19.15,1019.9,1.1789999999999998,44.84099999999998,0.0262929015856024,1.1789999999999998,yaw towards right
18:17:56.882950,16.0,888.65,1.4225,50.57949999999997,0.0281240423491731,1.4225,yaw towards right
18:17:56.893123,13.31,762.83,1.5849999999999995,61.40599999999997,0.0258118099208546,1.5849999999999995,yaw towards right
18:17:56.906858,10.73,778.53,2.1239999999999997,69.5945,0.0305196531335091,2.1239999999999997,yaw towards right
18:17:56.915592,14.97,858.69,2.2414999999999994,70.977,0.0315806528875551,2.2414999999999994,yaw towards right
18:17:56.928031,16.89,860.34,2.2154999999999996,70.77949999999998,0.0313014361502977,2.2154999999999996,yaw towards right
18:17:56.940165,18.69,952.97,2.3389999999999995,70.1155,0.0333592429633961,2.3389999999999995,yaw towards right
18:17:56.950837,19.29,941.38,2.1789999999999994,71.351,0.0305391655337696,2.1789999999999994,yaw towards right
18:17:56.958406,19.42,821.71,2.3414999999999995,76.051,0.0307885497889574,2.3414999999999995,yaw towards right
18:17:56.967768,19.86,820.76,2.4029999999999996,73.5755,0.0326603285060923,2.4029999999999996,yaw towards right
18:17:56.985750,17.19,827.39,2.409,71.648,0.0336227110317105,2.409,yaw towards right
18:17:56.996491,15.02,880.89,2.3495,65.80050000000001,0.0357064156047446,2.3495,yaw towards right
18:17:57.005234,17.38,879.2,1.9244999999999997,46.45350000000001,0.041428525299493,1.9244999999999997,yaw towards right
18:17:57.011938,16.88,969.46,1.3230000000000002,40.37000000000001,0.0327718602922962,1.3230000000000002,yaw towards right
18:17:57.030501,21.17,954.49,1.4345000000000003,43.212500000000006,0.0331964130749204,1.4345000000000003,yaw towards right
18:17:57.042100,20.6,1024.05,1.5945000000000005,51.030000000000015,0.0312463256907701,1.5945000000000005,yaw towards right
18:17:57.050430,18.88,1000.86,1.4440000000000004,56.7865,0.0254285789756368,1.4440000000000004,yaw towards right
18:17:57.059028,20.39,980.94,1.3370000000000009,60.475,0.0221083092186854,1.3370000000000009,yaw towards right
18:17:57.074356,21.49,928.56,1.3050000000000008,56.49300000000001,0.023100207105305,1.3050000000000008,yaw towards right
18:17:57.087101,18.15,919.31,1.134500000000001,54.83900000000001,0.0206878316526559,1.134500000000001,yaw towards right
18:17:57.096094,18.99,1003.07,1.1250000000000009,57.383500000000005,0.0196049387018916,1.1250000000000009,yaw towards right
18:17:57.108456,20.81,983.54,1.0350000000000008,54.432500000000005,0.0190143756028108,1.0350000000000008,yaw towards right
18:17:57.119987,22.74,1057.21,1.2500000000000009,59.96100000000001,0.0208468838078084,1.2500000000000009,yaw towards right
18:17:57.132456,21.04,1029.57,1.2430000000000008,53.729,0.023134620037596,1.2430000000000008,yaw towards right
18:17:57.141131,19.04,931.99,1.0750000000000006,52.30550000000001,0.0205523319727371,1.0750000000000006,yaw towards right
18:17:57.147223,15.63,793.24,1.322500000000001,59.91400000000001,0.0220733050706012,1.322500000000001,yaw towards right
18:17:57.166127,21.12,804.7,1.3540000000000003,66.11800000000001,0.0204785383707916,1.3540000000000003,yaw towards right
18:17:57.175036,21.38,905.24,1.2755000000000003,62.296499999999995,0.0204746655109035,1.2755000000000003,yaw towards right
18:17:57.185041,26.82,899.9,1.653000000000001,63.575,0.02600078647267,1.653000000000001,yaw towards right
18:17:57.192101,27.81,986.16,2.2895000000000003,64.19299999999998,0.0356658825728662,2.2895000000000003,yaw towards right
18:17:57.209976,26.72,969.59,2.8310000000000004,61.9635,0.0456881874006471,2.8310000000000004,yaw towards right
18:17:57.222124,24.05,834.94,2.9180000000000006,69.497,0.0419874239175791,2.9180000000000006,yaw towards right
18:17:57.235028,19.56,806.42,2.8625000000000007,71.61499999999998,0.0399706765342456,2.8625000000000007,yaw towards right
18:17:57.242738,20.63,815.28,2.891000000000001,73.09200000000001,0.0395528922453893,2.891000000000001,yaw towards right
18:17:57.255703,18.45,892.02,3.025500000000001,69.925,0.0432677869145513,3.025500000000001,yaw towards right
18:17:57.265303,21.96,888.83,2.646000000000001,51.1845,0.051695337455675,2.646000000000001,yaw towards right
18:17:57.280280,30.5,977.03,3.343500000000001,44.114999999999995,0.075790547432846,3.343500000000001,yaw towards right
18:17:57.282046,29.36,961.54,3.695500000000001,48.169499999999985,0.0767186705280312,3.695500000000001,yaw towards right
18:17:57.300606,25.41,984.2,3.1740000000000004,51.3365,0.0618273548060347,3.1740000000000004,yaw towards right
18:17:57.310646,21.39,966.92,2.6625000000000005,52.51099999999999,0.0507036620898478,2.6625000000000005,yaw towards right
18:17:57.322945,21.36,952.03,2.1470000000000007,53.63149999999998,0.0400324436198875,2.1470000000000007,yaw towards right
18:17:57.331286,21.85,942.56,1.9710000000000008,45.7375,0.0430937414594151,1.9710000000000008,yaw towards right
18:17:57.341889,21.05,931.34,1.8590000000000004,37.71799999999999,0.0492868126623893,1.8590000000000004,yaw towards right
18:17:57.357506,17.4,1013.16,2.2190000000000003,38.14149999999998,0.0581780999698491,2.2190000000000003,yaw towards right
18:17:57.370200,18.66,992.25,2.2350000000000003,38.08949999999998,0.0586775883117395,2.2350000000000003,yaw towards right
18:17:57.378409,14.98,1061.35,2.8455000000000004,46.86749999999999,0.0607137141942711,2.8455000000000004,yaw towards right
18:17:57.391326,12.52,1032.31,2.9645,44.4355,0.0667146763286111,2.9645,yaw towards right
18:17:57.397298,12.9,1007.87,3.2625,39.842,0.081885949500527,3.2625,yaw towards right
18:17:57.413410,10.44,957.08,3.953500000000001,36.3505,0.1087605397449829,3.953500000000001,yaw towards right
18:17:57.424040,16.46,944.22,3.839,35.380999999999986,0.1085045645968175,3.839,yaw towards right
18:17:57.435597,16.39,1024.02,3.811000000000001,34.77649999999999,0.1095854959527267,3.811000000000001,yaw towards right
18:17:57.448396,13.92,1001.12,3.9645,34.64049999999999,0.1144469623706355,3.9645,yaw towards right
18:17:57.459491,12.51,1071.94,4.1015,39.18750000000001,0.1046634768740031,4.1015,yaw towards right
18:17:57.463726,15.13,1042.31,3.7475,36.18650000000001,0.1035607201580699,3.7475,yaw towards right
18:17:57.480304,12.38,919.75,3.5545,43.004000000000005,0.0826551018509905,3.5545,yaw towards right
18:17:57.491508,10.76,782.27,3.1100000000000003,56.28900000000001,0.0552505818188278,3.1100000000000003,yaw towards right
18:17:57.500154,19.53,795.26,2.8535000000000004,68.998,0.0413562711962665,2.8535000000000004,yaw towards right
18:17:57.511089,26.68,896.43,3.3735,72.45550000000003,0.0465596124517807,3.3735,yaw towards right
18:17:57.525586,25.21,893.2,3.5595,74.08350000000003,0.0480471360019437,3.5595,yaw towards right
18:17:57.538596,26.37,980.13,4.5735,74.05800000000002,0.0617556509762618,4.5735,yaw towards right
18:17:57.550332,24.42,964.34,5.279000000000001,73.89150000000002,0.0714425881190664,5.279000000000001,yaw towards right
18:17:57.558117,22.8,877.62,5.266,76.601,0.0687458388271693,5.266,yaw towards right
18:17:57.568325,21.51,865.2,5.1365,73.42,0.069960501225824,5.1365,yaw towards right
18:17:57.580021,23.41,865.68,5.098999999999999,72.7565,0.0700830853600709,5.098999999999999,yaw towards right
18:17:57.595881,23.82,909.34,5.016499999999999,65.53000000000002,0.076552723943232,5.016499999999999,yaw towards right
18:17:57.604252,23.47,903.42,4.839,44.168,0.1095589567107408,4.839,yaw towards right
18:17:57.615042,23.1,989.12,4.281499999999999,34.703500000000005,0.1233737231115016,4.281499999999999,yaw towards right
18:17:57.628450,23.65,972.13,3.0749999999999997,35.85649999999999,0.0857585096147142,3.0749999999999997,yaw towards right
18:17:57.641104,20.46,1022.89,2.4279999999999995,40.582999999999984,0.0598280068008772,2.4279999999999995,yaw towards right
18:17:57.653196,20.74,1000.72,1.6184999999999998,43.95199999999999,0.0368242628321805,1.6184999999999998,yaw towards right
18:17:57.658759,20.88,981.22,1.1165000000000005,45.771,0.0243931747176159,1.1165000000000005,yaw towards right
18:17:57.673694,17.21,953.48,1.4625,43.65650000000001,0.0335001660691993,1.4625,yaw towards right
18:17:57.682499,17.39,941.46,1.858,42.82950000000001,0.0433813142810446,1.858,yaw towards right
18:17:57.694224,15.06,1021.38,2.4025,45.327000000000005,0.0530037284620645,2.4025,yaw towards right
18:17:57.701141,16.8,999.62,2.7620000000000005,44.379000000000005,0.0622366434574911,2.7620000000000005,yaw towards right
18:17:57.715049,18.78,1070.37,2.8285000000000005,51.1185,0.0553322182771403,2.8285000000000005,yaw towards right
18:17:57.730361,17.91,1040.81,2.8175000000000003,46.262999999999984,0.0609018005749735,2.8175000000000003,yaw towards right
18:17:57.741844,14.44,1015.04,3.1295,40.40399999999998,0.0774552024552024,3.1295,yaw towards right
18:17:57.750753,12.62,888.9,3.2995000000000005,42.925999999999995,0.076864837161627,3.2995000000000005,yaw towards right
18:17:57.761216,11.4,885.84,3.6085000000000007,46.995999999999995,0.0767831304791897,3.6085000000000007,yaw towards right
18:17:57.774203,13.72,974.38,3.6225,44.2095,0.0819394021646931,3.6225,yaw towards right
18:17:57.788707,17.64,959.4,3.2840000000000003,46.03699999999999,0.0713339270586702,3.2840000000000003,yaw towards right
18:17:57.793993,20.52,1036.45,3.283,46.8145,0.0701278450052868,3.283,yaw towards right
18:17:57.808902,17.4,1012.16,2.7379999999999995,42.971,0.0637173907984454,2.7379999999999995,yaw towards right
18:17:57.821921,18.25,960.86,2.431,44.767,0.0543033931243996,2.431,yaw towards right
18:17:57.833944,22.7,850.03,2.865,48.926000000000016,0.0585578220169234,2.865,yaw towards right
18:17:57.841548,23.15,852.38,3.3845,55.63700000000003,0.060831820551072,3.3845,yaw towards right
18:17:57.850216,20.69,908.3,3.338,57.47600000000002,0.0580764145034449,3.338,yaw towards right
18:17:57.865154,18.67,902.62,2.8910000000000005,49.47200000000001,0.0584370957309185,2.8910000000000005,yaw towards right
18:17:57.878190,15.21,989.24,2.6555,41.925,0.0633392963625521,2.6555,yaw towards right
18:17:57.885047,21.84,971.44,2.659,41.79400000000001,0.0636215724745178,2.659,yaw towards right
18:17:57.899671,22.69,911.61,2.6964999999999995,41.49650000000001,0.0649813839721422,2.6964999999999995,yaw towards right
18:17:57.908529,20.33,898.06,2.2555,39.773999999999994,0.056707899632926,2.2555,yaw towards right
18:17:57.917357,17.66,893.09,2.5105000000000004,40.384,0.0621657091917591,2.5105000000000004,yaw towards right
18:17:57.930045,15.5,860.63,2.9385,41.11399999999999,0.0714720046699421,2.9385,yaw towards right
18:17:57.941457,13.15,861.13,3.055499999999999,33.27599999999998,0.0918229354489722,3.055499999999999,yaw towards right
18:17:57.956458,13.31,954.5,2.9779999999999993,27.40499999999998,0.1086663017697501,2.9779999999999993,yaw towards right
18:17:57.966369,13.21,941.38,3.0404999999999993,28.27649999999998,0.1075274521245557,3.0404999999999993,yaw towards right
18:17:57.980018,12.17,1007.92,3.3379999999999996,33.295999999999985,0.1002522825564632,3.3379999999999996,yaw towards right
18:17:57.985044,9.93,986.73,3.4604999999999997,36.40849999999999,0.0950464863974072,3.4604999999999997,yaw towards right
18:17:58.001574,11.29,968.52,3.433,39.479999999999976,0.0869554204660588,3.433,yaw towards right
18:17:58.012242,9.87,908.57,3.555499999999999,38.65799999999997,0.0919732008898546,3.555499999999999,yaw towards right
18:17:58.016634,11.66,901.86,3.6374999999999993,39.77999999999998,0.0914404223227752,3.6374999999999993,yaw towards right
18:17:58.030620,16.22,988.69,3.7085,42.61799999999998,0.0870172227697217,3.7085,yaw towards right
18:17:58.045916,14.45,970.87,3.3865000000000003,39.582999999999984,0.0855544046686709,3.3865000000000003,yaw towards right
18:17:58.058905,19.53,1047.34,3.4355,43.42649999999999,0.0791106812660472,3.4355,yaw towards right
18:17:58.072137,17.22,1020.74,3.403,42.7165,0.0796647665422026,3.403,yaw towards right
18:17:58.095987,14.76,903.44,3.211,46.82599999999999,0.0685730149916713,3.211,yaw towards right
18:17:58.099741,15.13,796.76,2.9450000000000003,55.977,0.0526108937599371,2.9450000000000003,yaw towards right
18:17:58.103453,13.56,807.06,2.602,63.102,0.04123482615448,2.602,yaw towards right
18:17:58.115440,12.86,878.77,2.5795,61.623000000000026,0.0418593706895152,2.5795,yaw towards right
18:17:58.124309,17.13,877.53,2.4669999999999996,62.49450000000004,0.039475473841698,2.4669999999999996,yaw towards right
18:17:58.134432,18.76,967.91,2.6754999999999995,63.40650000000003,0.0421959893701749,2.6754999999999995,yaw towards right
18:17:58.143148,15.25,953.76,2.3255,61.84750000000004,0.037600549739278,2.3255,yaw towards right
18:17:58.160825,14.2,818.22,2.2455,68.20000000000002,0.0329252199413489,2.2455,yaw towards right
18:17:58.167841,15.28,800.83,1.5704999999999998,68.16750000000002,0.0230388381560127,1.5704999999999998,yaw towards right
18:17:58.180307,20.18,810.59,1.6164999999999998,67.70200000000003,0.0238766949277716,1.6164999999999998,yaw towards right
18:17:58.193537,19.52,850.8,1.897,61.79500000000003,0.0306982765595921,1.897,yaw towards right
18:17:58.204325,16.42,852.78,1.9015,44.600500000000025,0.0426340511877669,1.9015,yaw towards right
18:17:58.212662,16.87,946.95,1.8194999999999992,39.631500000000024,0.0459104500208167,1.8194999999999992,yaw towards right
18:17:58.225298,18.66,934.97,1.8109999999999993,43.88950000000001,0.0412627165950853,1.8109999999999993,yaw towards right
18:17:58.238482,18.81,996.65,1.6969999999999992,51.654999999999994,0.0328525796147517,1.6969999999999992,yaw towards right
18:17:58.248918,19.47,977.57,1.558999999999999,56.801,0.0274466998820443,1.558999999999999,yaw towards right
18:17:58.259515,16.39,960.7,1.6904999999999994,60.967500000000015,0.0277278878090785,1.6904999999999994,yaw towards right
18:17:58.271170,17.61,948.52,1.643999999999999,54.43500000000002,0.0302011573436208,1.643999999999999,yaw towards right
18:17:58.282860,22.03,936.02,1.9644999999999997,47.24950000000002,0.0415771595466618,1.9644999999999997,yaw towards right
18:17:58.293183,23.37,1017.52,1.9289999999999996,50.49950000000002,0.0381983980039406,1.9289999999999996,yaw towards right
18:17:58.304099,20.71,995.58,1.7009999999999998,52.967500000000015,0.0321140321895501,1.7009999999999998,yaw towards right
18:17:58.314603,22.82,1067.69,2.0119999999999996,62.724000000000025,0.0320770359033224,2.0119999999999996,yaw towards right
18:17:58.328196,19.77,1037.79,2.0045,59.66600000000001,0.0335953474340495,2.0045,yaw towards right
18:17:58.341332,17.86,942.76,2.0145,57.06600000000001,0.0353012301545578,2.0145,yaw towards right
18:17:58.347639,15.81,831.9,2.2909999999999995,60.512000000000015,0.0378602591221575,2.2909999999999995,yaw towards right
18:17:58.360321,22.96,837.45,2.3924999999999996,63.85850000000001,0.0374656467032579,2.3924999999999996,yaw towards right
18:17:58.374081,32.37,934.08,3.3549999999999995,58.331999999999994,0.0575156003565795,3.3549999999999995,yaw towards right
18:17:58.385706,31.58,924.32,4.217999999999999,59.08299999999999,0.0713910938848738,4.217999999999999,yaw towards right
18:17:58.393099,29.69,1007.01,4.568499999999999,62.3205,0.0733065363724617,4.568499999999999,yaw towards right
18:17:58.407152,24.12,987.21,4.228,57.564499999999995,0.0734480452362132,4.228,yaw towards right
18:17:58.414634,19.52,886.89,4.3675,58.62049999999999,0.0745046528091708,4.3675,yaw towards right
18:17:58.430092,17.02,823.77,4.433999999999999,59.30799999999999,0.0747622580427598,4.433999999999999,yaw towards right
18:17:58.439733,17.54,829.77,4.789,61.77,0.0775295450866116,4.789,yaw towards right
18:17:58.448796,17.25,876.83,5.012,57.89149999999999,0.0865757494623563,5.012,yaw towards right
18:17:58.463604,14.17,875.52,5.338000000000001,44.80200000000001,0.1191464666755948,5.338000000000001,yaw towards right
18:17:58.476365,13.32,966.11,5.587000000000001,39.136500000000005,0.1427567615908423,5.587000000000001,yaw towards right
18:17:58.487933,12.24,951.87,5.0025,42.60700000000001,0.1174102846950031,5.0025,yaw towards right
18:17:58.496664,13.11,911.45,4.489500000000001,42.32800000000002,0.1060645435645435,4.489500000000001,yaw towards right
18:17:58.507151,15.47,901.69,3.887000000000001,39.284000000000034,0.0989461358313816,3.887000000000001,yaw towards right
18:17:58.520540,15.72,895.89,3.7765000000000017,37.51150000000003,0.1006757927568878,3.7765000000000017,yaw towards right
18:17:58.533485,16.35,898.21,3.515000000000001,32.47450000000003,0.1082387719595374,3.515000000000001,yaw towards right
18:17:58.540407,18.79,892.97,3.400000000000001,22.339500000000015,0.1521967814857091,3.400000000000001,yaw towards right
18:17:58.552216,17.67,981.22,3.2375000000000007,22.88300000000001,0.1414805750994187,3.2375000000000007,yaw towards right
18:17:58.566203,14.49,964.44,2.8875,28.167000000000012,0.10251357972095,2.8875,yaw towards right
18:17:58.577573,16.65,1041.51,2.286,38.518,0.0593488758502518,2.286,yaw towards right
18:17:58.583485,18.95,1014.35,2.0565,40.73649999999999,0.0504829820922268,2.0565,yaw towards right
18:17:58.595430,15.39,991.51,1.6054999999999997,41.46649999999999,0.0387180012781401,1.6054999999999997,yaw towards right
18:17:58.610345,15.61,939.78,1.2454999999999998,41.4715,0.0300326730405218,1.2454999999999998,yaw towards right
18:17:58.623690,14.55,928.42,1.3164999999999998,43.1005,0.030544889270426,1.3164999999999998,yaw towards right
18:17:58.630215,13.15,1011.24,1.5869999999999995,46.49149999999999,0.0341352720389748,1.5869999999999995,yaw towards right
18:17:58.643834,12.57,989.62,1.8044999999999995,46.795499999999976,0.0385614001346283,1.8044999999999995,yaw towards right
18:17:58.656100,15.1,1062.35,1.4994999999999998,53.56599999999996,0.0279935033416719,1.4994999999999998,yaw towards right
18:17:58.668803,19.49,1033.07,1.7164999999999997,48.60849999999997,0.0353127539422117,1.7164999999999997,yaw towards right
18:17:58.673631,20.09,906.34,2.1264999999999996,52.32499999999995,0.0406402293358815,2.1264999999999996,yaw towards right
18:17:58.689243,16.95,812.36,2.1659999999999995,59.16049999999998,0.0366122666306065,2.1659999999999995,yaw towards right
18:17:58.697844,16.77,820.02,2.0014999999999996,65.35949999999998,0.0306229392819712,2.0014999999999996,yaw towards right
18:17:58.713266,18.33,919.63,2.151,61.449999999999974,0.0350040683482506,2.151,yaw towards right
18:17:58.721831,15.36,911.67,2.1789999999999994,61.452499999999986,0.0354582807859729,2.1789999999999994,yaw towards right
18:17:58.729912,19.84,996.62,2.3284999999999996,63.28299999999997,0.0367950318410947,2.3284999999999996,yaw towards right
18:17:58.744615,17.88,978.02,2.0919999999999996,62.36149999999998,0.0335463386865293,2.0919999999999996,yaw towards right
18:17:58.756737,16.86,840.21,1.8544999999999991,69.48549999999997,0.0266890214505184,1.8544999999999991,yaw towards right
18:17:58.765436,15.1,833.18,2.0714999999999995,69.8895,0.0296396454403021,2.0714999999999995,yaw towards right
18:17:58.779293,12.86,837.8,2.0515,70.26750000000001,0.0291955740562849,2.0515,yaw towards right
18:17:58.790383,11.63,928.84,2.111,66.05400000000002,0.0319587004572016,2.111,yaw towards right
18:17:58.802209,12.1,919.1,2.3624999999999994,48.60500000000001,0.0486061104824606,2.3624999999999994,yaw towards right
18:17:58.811877,15.36,1003.34,2.2354999999999996,42.53450000000001,0.0525573358097544,2.2354999999999996,yaw towards right
18:17:58.823728,19.66,983.33,2.4514999999999993,47.02350000000002,0.0521335077142279,2.4514999999999993,yaw towards right
18:17:58.834680,20.26,1022.55,2.7960000000000003,52.7,0.0530550284629981,2.7960000000000003,yaw towards right
18:17:58.848064,16.54,999.05,2.557,53.0625,0.0481884570082449,2.557,yaw towards right
18:17:58.860980,17.03,979.32,2.6185,52.66700000000001,0.049718039759242,2.6185,yaw towards right
18:17:58.869009,15.78,993.53,2.584,46.3435,0.0557575496024253,2.584,yaw towards right
18:17:58.879864,12.86,974.79,2.6235,39.4145,0.0665617983229522,2.6235,yaw towards right
18:17:58.894168,15.35,1050.42,2.2409999999999997,42.06599999999999,0.0532734274711168,2.2409999999999997,yaw towards right
18:17:58.906084,14.37,1023.15,1.8425000000000005,39.462,0.0466904870508337,1.8425000000000005,yaw towards right
18:17:58.914615,14.15,1091.52,1.5880000000000003,48.123,0.0329987739750223,1.5880000000000003,yaw towards right
18:17:58.925776,11.57,1058.09,1.9875000000000007,44.45449999999999,0.0447086346714056,1.9875000000000007,yaw towards right
18:17:58.939396,10.78,1028.58,1.9655000000000005,39.09149999999999,0.0502794725196014,1.9655000000000005,yaw towards right
18:17:58.950108,10.66,969.61,1.9105000000000003,36.32849999999999,0.0525895646668593,1.9105000000000003,yaw towards right
18:17:58.959104,11.23,954.1,2.0789999999999997,37.19049999999999,0.0559013726623734,2.0789999999999997,yaw towards right
18:17:58.971847,19.27,1032.74,2.5475000000000003,35.35399999999999,0.0720569101091814,2.5475000000000003,yaw towards right
18:17:58.981976,18.86,1008.22,3.062,35.897999999999996,0.0852972310435121,3.062,yaw towards right
18:17:58.995220,15.53,1078.29,2.918,40.0075,0.0729363244391676,2.918,yaw towards right
18:17:59.002236,12.58,1047.39,2.9745,35.481500000000025,0.0838324197116806,2.9745,yaw towards right
18:17:59.017196,11.09,947.48,2.9529999999999994,41.1135,0.0718255560825519,2.9529999999999994,yaw towards right
18:17:59.027576,9.28,835.86,3.0229999999999997,50.334999999999994,0.0600576139862918,3.0229999999999997,yaw towards right
18:17:59.040466,13.71,840.23,2.804,60.47449999999999,0.0463666504063696,2.804,yaw towards right
18:17:59.043254,19.51,936.13,3.0325,62.474,0.0485401927201715,3.0325,yaw towards right
18:17:59.061529,18.1,926.37,3.0204999999999997,60.76700000000001,0.0497062550397419,3.0204999999999997,yaw towards right
18:17:59.073803,16.33,1008.89,2.8329999999999997,58.447,0.0484712645644772,2.8329999999999997,yaw towards right
18:17:59.086108,18.89,988.23,2.5525,59.797,0.0426860879308326,2.5525,yaw towards right
18:17:59.095078,16.12,862.66,2.0465000000000004,65.94700000000003,0.0310324957920754,2.0465000000000004,yaw towards right
18:17:59.107415,13.09,861.6,2.1020000000000003,68.149,0.0308441796651454,2.1020000000000003,yaw towards right
18:17:59.118851,14.99,861.84,2.0800000000000005,69.74349999999997,0.0298235677876791,2.0800000000000005,yaw towards right
18:17:59.131046,14.03,939.09,2.134000000000001,65.883,0.0323907533051014,2.134000000000001,yaw towards right
18:17:59.140232,15.58,928.55,1.949000000000001,47.73799999999999,0.0408270141187314,1.949000000000001,yaw towards right
18:17:59.151321,17.9,1011.08,1.9360000000000008,40.74350000000001,0.0475167818179586,1.9360000000000008,yaw towards right
18:17:59.163782,20.75,990.19,1.752,43.80800000000002,0.0399926953981007,1.752,yaw towards right
18:17:59.175672,17.94,1009.75,1.5755,45.975000000000016,0.034268624252311,1.5755,yaw towards right
18:17:59.188439,18.92,988.8,1.7265000000000004,45.385000000000005,0.0380412030406522,1.7265000000000004,yaw towards right
18:17:59.196756,17.72,970.34,1.5105,44.91000000000001,0.0336339345357381,1.5105,yaw towards right
18:17:59.208636,17.3,914.97,1.5019999999999996,40.97,0.0366609714425189,1.5019999999999996,yaw towards right
18:17:59.221966,16.66,907.39,1.4044999999999992,38.7375,0.0362568570506614,1.4044999999999992,yaw towards right
18:17:59.232523,19.97,993.3,1.5639999999999994,36.84300000000001,0.0424503976332003,1.5639999999999994,yaw towards right
18:17:59.240359,27.69,974.43,2.388499999999999,33.10400000000001,0.0721514016433058,2.388499999999999,yaw towards right
18:17:59.253538,31.25,1049.83,3.643499999999998,39.028500000000015,0.0933548560667204,3.643499999999998,yaw towards right
18:17:59.266293,28.43,1022.94,4.374499999999999,34.49900000000001,0.1268007768341111,4.374499999999999,yaw towards right
18:17:59.278162,25.26,998.98,4.5035,29.655,0.1518630922272803,4.5035,yaw towards right
18:17:59.287084,20.69,924.47,4.368,30.760500000000008,0.1420002925830204,4.368,yaw towards right
18:17:59.297605,17.01,915.46,4.5089999999999995,33.939000000000014,0.1328560063643595,4.5089999999999995,yaw towards right
18:17:59.310805,17.27,1000.17,4.734999999999999,34.00700000000001,0.1392360396388978,4.734999999999999,yaw towards right
18:17:59.323880,20.23,980.71,4.737,30.66200000000001,0.1544909007892505,4.737,yaw towards right
18:17:59.331982,16.58,1055.17,5.040000000000001,31.83250000000001,0.1583287520615722,5.040000000000001,yaw towards right
18:17:59.343185,18.75,1027.47,4.995,33.24900000000001,0.1502300821077325,4.995,yaw towards right
18:17:59.356729,15.09,940.59,4.458,38.429,0.1160061411954513,4.458,yaw towards right
18:17:59.368487,13.16,838.64,3.661000000000001,47.51600000000001,0.0770477312905126,3.661000000000001,yaw towards right
18:17:59.377525,12.78,842.23,3.198500000000001,56.01350000000002,0.057102305694163,3.198500000000001,yaw towards right
18:17:59.389510,12.42,870.58,3.0545,61.415499999999994,0.0497350017503724,3.0545,yaw towards right
18:17:59.401165,10.72,869.51,3.53,61.55250000000001,0.0573494171642094,3.53,yaw towards right
18:17:59.413594,9.57,961.25,3.6535,56.89300000000001,0.0642170390030408,3.6535,yaw towards right
18:17:59.421973,10.4,947.49,3.6045,55.60750000000003,0.0648203929326079,3.6045,yaw towards right
18:17:59.434002,14.45,914.24,3.7295,56.29550000000002,0.0662486344379213,3.7295,yaw towards right
18:17:59.446382,12.87,906.53,3.346,50.77800000000001,0.0658946787979045,3.346,yaw towards right
18:17:59.474407,13.72,899.77,3.2644999999999995,48.32650000000002,0.0675509296141868,3.2644999999999995,yaw towards right
18:17:59.479845,12.32,914.73,2.8525,43.58600000000002,0.0654453264809801,2.8525,yaw towards right
18:17:59.479845,16.77,907.3,2.7845,28.504000000000012,0.0976880437833286,2.7845,yaw towards right
18:17:59.493434,14.29,994.01,2.513,24.986000000000008,0.1005763227407347,2.513,yaw towards right
18:17:59.504503,17.58,974.7,2.503999999999999,24.812500000000018,0.1009168765743072,2.503999999999999,yaw towards right
18:17:59.512517,18.32,1034.27,2.4240000000000004,29.277000000000005,0.0827953683779075,2.4240000000000004,yaw towards right
18:17:59.523335,18.83,1009.3,2.4145,36.063,0.0669522779580179,2.4145,yaw towards right
18:17:59.536371,15.09,987.43,2.1895,39.98949999999999,0.0547518723664962,2.1895,yaw towards right
18:17:59.547136,14.4,893.12,2.0759999999999996,43.8315,0.047363197700284,2.0759999999999996,yaw towards right
18:17:59.558531,21.0,888.74,2.5784999999999996,49.0435,0.0525757745674758,2.5784999999999996,yaw towards right
18:17:59.568014,23.97,978.42,3.1685000000000003,48.8915,0.0648067660022703,3.1685000000000003,yaw towards right
18:17:59.580248,22.14,961.27,3.5595,49.2625,0.0722557726465364,3.5595,yaw towards right
18:17:59.593540,20.69,1039.6,3.3540000000000005,54.89149999999999,0.0611023564668482,3.3540000000000005,yaw towards right
18:17:59.606540,18.34,1013.73,3.214000000000001,49.648,0.0647357396068321,3.214000000000001,yaw towards right
18:17:59.613853,15.25,876.92,3.119000000000001,54.227,0.0575174728456304,3.119000000000001,yaw towards right
18:17:59.626950,17.47,757.42,2.799000000000001,65.15350000000001,0.0429600865648046,2.799000000000001,yaw towards right
18:17:59.639032,15.28,773.1,2.6155000000000013,72.744,0.0359548553832618,2.6155000000000013,yaw towards right
18:17:59.649466,15.26,879.53,2.848000000000001,69.61250000000003,0.0409121924941641,2.848000000000001,yaw towards right
18:17:59.658901,18.64,877.35,2.828500000000001,65.1315,0.0434275273869018,2.828500000000001,yaw towards right
18:17:59.668603,19.2,967.23,2.392500000000001,64.21700000000001,0.0372564897145615,2.392500000000001,yaw towards right
18:17:59.684527,22.92,952.36,2.156000000000001,67.67250000000001,0.0318593224722006,2.156000000000001,yaw towards right
18:17:59.694238,21.63,861.28,2.0509999999999997,67.85950000000003,0.0302242132641708,2.0509999999999997,yaw towards right
18:17:59.698014,21.71,858.78,2.1614999999999993,64.02750000000003,0.0337589317090312,2.1614999999999993,yaw towards right
18:17:59.717928,22.86,859.15,2.5309999999999997,61.94200000000003,0.0408608052694455,2.5309999999999997,yaw towards right
18:17:59.730298,22.9,894.11,2.4459999999999993,53.821000000000026,0.0454469445012169,2.4459999999999993,yaw towards right
18:17:59.740968,24.97,889.8,2.664499999999999,33.7145,0.0790312773435761,2.664499999999999,yaw towards right
18:17:59.751684,20.51,978.66,2.5179999999999985,27.704500000000017,0.0908877619159341,2.5179999999999985,yaw towards right
18:17:59.760350,22.35,962.13,2.285499999999998,33.58200000000001,0.0680572925972246,2.285499999999998,yaw towards right
18:17:59.775681,18.41,1009.23,2.632499999999999,41.503000000000014,0.0634291497000216,2.632499999999999,yaw towards right
18:17:59.786370,17.6,987.97,3.0044999999999993,43.29350000000001,0.0693984085370782,3.0044999999999993,yaw towards right
18:17:59.795232,19.83,969.25,2.7455,43.765,0.0627327773334856,2.7455,yaw towards right
18:17:59.807954,23.27,884.88,2.555499999999999,46.373,0.0551074978974834,2.555499999999999,yaw towards right
18:17:59.820349,27.63,881.28,2.7359999999999993,49.2215,0.0555854657009639,2.7359999999999993,yaw towards right
18:17:59.831915,31.53,971.64,3.2324999999999995,48.8215,0.0662105834519627,3.2324999999999995,yaw towards right
18:17:59.840917,27.99,955.5,3.502,47.361,0.0739426954667342,3.502,yaw towards right
18:17:59.849390,23.93,1030.67,3.284,52.24750000000004,0.0628546820422029,3.284,yaw towards right
18:17:59.865369,40.64,1006.12,4.872,46.41550000000004,0.1049649362820608,4.872,yaw towards right
18:17:59.875560,33.79,883.41,5.641,48.10150000000003,0.117272850119019,5.641,yaw towards right
18:17:59.884918,30.49,762.85,5.546999999999999,59.45450000000003,0.0932982364665415,5.546999999999999,yaw towards right
18:17:59.895964,32.48,778.02,5.427999999999999,67.19800000000002,0.080776213577785,5.427999999999999,yaw towards right
18:17:59.908639,34.5,883.85,5.592999999999999,63.13650000000003,0.0885858417872387,5.592999999999999,yaw towards right
18:17:59.919306,39.47,881.78,6.2155000000000005,58.99750000000004,0.105351921691597,6.2155000000000005,yaw towards right
18:17:59.929992,36.16,971.59,6.0155,59.50500000000004,0.1010923451810771,6.0155,yaw towards right
18:17:59.942394,40.47,956.82,5.7575,62.624500000000054,0.0919368617713514,5.7575,yaw towards right
18:17:59.955305,43.69,1034.47,6.0755,73.01900000000005,0.0832043714649611,6.0755,yaw towards right
18:17:59.965686,42.51,981.61,6.433,73.12400000000002,0.0879738526338821,6.433,yaw towards right
18:17:59.975702,53.18,964.83,6.2655,74.00600000000001,0.0846620544280193,6.2655,yaw towards right
18:17:59.981568,43.1,1041.78,5.777500000000001,73.39800000000002,0.0787146788740837,5.777500000000001,yaw towards right
18:18:00.000110,53.84,1016.43,6.744500000000002,58.26750000000002,0.1157506328570815,6.744500000000002,yaw towards right
18:18:00.011053,43.82,1085.19,6.522000000000003,54.9095,0.1187772607654413,6.522000000000003,yaw towards right
18:18:00.023053,61.66,1054.22,7.999500000000002,60.37800000000002,0.1324903110404451,7.999500000000002,yaw towards right
18:18:00.033395,54.23,1115.52,8.300500000000001,69.2,0.1199494219653179,8.300500000000001,yaw towards right
18:18:00.045257,47.6,1080.0,8.187000000000001,68.196,0.1200510293858877,8.187000000000001,yaw towards right
18:18:00.057925,40.45,1049.15,8.080500000000002,64.84999999999998,0.1246029298380879,8.080500000000002,yaw towards right
18:18:00.068085,33.5,1104.71,8.465500000000002,58.73899999999999,0.144120601304074,8.465500000000002,yaw towards right
18:18:00.077369,52.62,1071.0,8.247000000000002,53.45049999999999,0.1542922891273234,8.247000000000002,yaw towards right
18:18:00.089806,49.13,1130.5,6.787000000000002,54.500999999999976,0.1245298251408231,6.787000000000002,yaw towards right
18:18:00.101173,45.35,1093.36,6.775500000000001,47.48199999999998,0.142696179604903,6.775500000000001,yaw towards right
18:18:00.113649,38.59,1149.06,6.328999999999999,48.63849999999997,0.1301232562681826,6.328999999999999,yaw towards right
18:18:00.122591,36.25,1109.13,7.25,38.788999999999994,0.1869086596715564,7.25,yaw towards right
18:18:00.133183,34.9,1074.53,6.2235,35.719499999999975,0.1742325620459414,6.2235,yaw towards right
18:18:00.143580,31.54,1110.89,5.974000000000001,27.898000000000007,0.2141372141372141,5.974000000000001,yaw towards right
18:18:00.159800,35.21,1076.36,6.006000000000002,25.978,0.2311956270690585,6.006000000000002,yaw towards right
18:18:00.167841,31.47,1134.5,5.9060000000000015,28.3675,0.2081959989424518,5.9060000000000015,yaw towards right
18:18:00.179975,31.95,1097.31,5.063000000000002,23.656,0.2140260399053095,5.063000000000002,yaw towards right
18:18:00.192359,39.25,1151.88,5.1640000000000015,27.004,0.1912309287512961,5.1640000000000015,yaw towards right
18:18:00.204428,43.05,1112.06,5.819500000000001,21.708999999999975,0.2680685430005992,5.819500000000001,yaw towards right
18:18:00.212964,35.96,1007.72,5.5555,30.861500000000007,0.1800139332177632,5.5555,yaw towards right
18:18:00.223463,44.92,970.21,5.700500000000002,38.18400000000002,0.1492902786507437,5.700500000000002,yaw towards right
18:18:00.237625,55.88,957.86,6.707500000000001,50.072,0.1339571017734462,6.707500000000001,yaw towards right
18:18:00.249668,66.6,1032.7,8.806999999999999,53.03500000000001,0.166060148958235,8.806999999999999,yaw towards right
18:18:00.261543,54.16,1011.85,9.31,56.11749999999997,0.1659019022586537,9.31,yaw towards right
18:18:00.267237,57.13,1078.62,10.4035,56.14599999999998,0.1852936985715813,10.4035,yaw towards right
18:18:00.282882,60.4,1050.86,11.0635,54.29599999999998,0.2037627081184618,11.0635,yaw towards right
18:18:00.294990,72.13,1037.92,12.3965,53.96599999999999,0.2297094466886558,12.3965,yaw towards right
18:18:00.307214,76.34,941.54,14.028,57.852500000000006,0.2424787174279417,14.028,yaw towards right
18:18:00.314379,71.69,934.1,14.5885,65.21600000000005,0.2236951054955837,14.5885,yaw towards right
18:18:00.328234,78.93,1011.9,16.094,54.98950000000002,0.292674055956137,16.094,yaw towards right
18:18:00.340406,77.28,994.77,15.974,43.39900000000003,0.368072997073665,15.974,yaw towards right
18:18:00.352256,97.36,1063.51,16.4895,34.62250000000003,0.4762654343273878,16.4895,yaw towards right
18:18:00.360753,89.78,1039.05,15.144500000000004,30.62300000000002,0.4945465826339677,15.144500000000004,yaw towards right
18:18:00.369577,74.87,1065.36,13.917000000000002,29.0425,0.4791942842386159,13.917000000000002,yaw towards right
18:18:00.384576,92.19,1038.62,14.1405,26.781499999999987,0.5279950712245396,14.1405,yaw towards right
18:18:00.397086,75.42,1017.47,13.193500000000004,26.896000000000008,0.4905376264128495,13.193500000000004,yaw towards right
18:18:00.409338,68.44,1082.37,12.3195,32.06749999999998,0.3841740079519766,12.3195,yaw towards right
18:18:00.413864,75.04,1054.62,10.467,25.572499999999952,0.4093068726170698,10.467,yaw towards right
18:18:00.429851,81.9,1113.53,9.554000000000002,24.67349999999994,0.387217054734838,9.554000000000002,yaw towards right
18:18:00.439417,75.25,1081.52,8.121,26.916499999999935,0.3017108465067902,8.121,yaw towards right
18:18:00.454396,95.94,1135.98,9.0355,32.36049999999994,0.2792138563990055,9.0355,yaw towards right
18:18:00.463076,87.66,1100.57,7.3905,30.95249999999992,0.2387690816573788,7.3905,yaw towards right
18:18:00.475288,94.72,1072.06,7.441999999999998,30.011499999999938,0.2479716108824955,7.441999999999998,yaw towards right
18:18:00.487270,126.94,1127.3,11.584499999999998,31.85949999999996,0.3636121094179134,11.584499999999998,yaw towards right
18:18:00.499323,105.25,1095.17,12.0935,32.46449999999998,0.3725145928629736,12.0935,yaw towards right
18:18:00.508014,120.16,1146.1,14.851499999999998,36.26499999999997,0.409527092237695,14.851499999999998,yaw towards right
18:18:00.520346,99.11,1111.09,14.392499999999998,31.358499999999985,0.4589664684216402,14.392499999999998,yaw towards right
18:18:00.531654,132.82,1159.24,17.791,34.473000000000006,0.5160850520697357,17.791,yaw towards right
18:18:00.543891,136.37,1123.1,20.830499999999997,28.404000000000025,0.733365019011406,20.830499999999997,yaw towards right
18:18:00.556438,125.45,1091.25,21.994999999999997,28.743000000000013,0.7652297950805409,21.994999999999997,yaw towards right
18:18:00.565550,179.0,1114.46,25.8865,21.757,1.189800983591488,21.757,yaw towards right
18:18:00.575248,180.88,1084.6,30.454999999999995,21.861500000000028,1.393088305925941,21.861500000000028,yaw towards right
18:18:00.590111,174.57,1136.77,33.318,23.18750000000003,1.4368948787061977,23.18750000000003,yaw towards right
18:18:00.599731,212.43,1103.95,36.8855,19.53450000000003,1.8882233996262991,19.53450000000003,yaw towards right
18:18:00.609462,185.41,1123.73,37.8325,19.389500000000027,1.951184919673016,19.389500000000027,yaw towards right
18:18:00.622743,194.06,1093.11,36.663,16.533000000000044,2.217564870259475,16.533000000000044,yaw towards right
18:18:00.635037,210.06,1065.94,39.297,20.333500000000033,1.9326235030860377,20.333500000000033,yaw towards right
18:18:00.646530,215.3,1013.96,38.983,24.097500000000014,1.6177196804647775,24.097500000000014,yaw towards right
18:18:00.658523,192.08,998.97,35.8975,32.81799999999999,1.0938356999207757,32.81799999999999,yaw towards right
18:18:00.664177,182.52,1064.19,35.24550000000001,32.7,1.077844036697248,32.7,yaw towards right
18:18:00.679977,175.47,1042.05,30.95350000000001,35.85350000000001,0.8633327290222712,30.95350000000001,yaw towards right
18:18:00.689616,158.66,1100.42,28.493500000000004,35.125499999999995,0.8111912997679751,28.493500000000004,yaw towards right
18:18:00.703154,147.78,1073.24,28.121,33.69149999999998,0.8346615615214527,28.121,yaw towards right
18:18:00.712840,161.01,1048.99,22.633000000000006,34.41649999999998,0.6576206180175213,22.633000000000006,yaw towards right
18:18:00.723772,161.56,1003.52,21.382500000000007,39.22849999999999,0.5450756465324958,21.382500000000007,yaw towards right
18:18:00.737021,161.83,988.94,20.337000000000007,42.919999999999966,0.4738350419384907,20.337000000000007,yaw towards right
18:18:00.748771,179.63,1057.26,18.423000000000005,39.76749999999998,0.4632677437606089,18.423000000000005,yaw towards right
18:18:00.760618,189.92,1035.02,17.3345,32.36049999999999,0.5356684847267503,17.3345,yaw towards right
18:18:00.768917,159.56,1095.59,17.214499999999997,27.28599999999999,0.6308912995675439,17.214499999999997,yaw towards right
18:18:00.782495,168.98,1067.55,17.3205,26.261999999999993,0.6595270733379028,17.3205,yaw towards right
18:18:00.793289,162.16,1043.48,16.039499999999997,23.90449999999999,0.6709824510029493,16.039499999999997,yaw towards right
18:18:00.807113,243.78,1029.18,21.2095,23.5205,0.9017452860270828,21.2095,yaw towards right
18:18:00.814875,216.25,1010.9,22.180999999999997,25.990500000000015,0.8534272137896534,22.180999999999997,yaw towards right
18:18:00.826275,275.68,925.34,30.022999999999996,35.059,0.856356427736102,30.022999999999996,yaw towards right
18:18:00.839537,332.77,922.28,43.07899999999999,40.73399999999997,1.0575686158982671,40.73399999999997,yaw towards right
18:18:00.849791,316.22,1000.36,53.7105,38.24999999999997,1.4041960784313736,38.24999999999997,yaw towards right
18:18:00.859992,262.0,986.0,55.811,40.47999999999997,1.3787302371541512,40.47999999999997,yaw towards right
18:18:00.869265,270.14,973.13,55.409000000000006,42.67999999999997,1.2982427366447995,42.67999999999997,yaw towards right
18:18:00.885015,366.7,855.84,65.2585,52.167499999999976,1.250941678247952,52.167499999999976,yaw towards right
18:18:00.895445,300.43,861.66,67.28200000000001,62.5155,1.0762450912173784,62.5155,yaw towards right
18:18:00.909189,266.34,898.87,67.89250000000001,66.5875,1.019598272949127,66.5875,yaw towards right
18:18:00.912073,372.61,898.86,68.16950000000001,67.37699999999998,1.0117621740356506,67.37699999999998,yaw towards right
18:18:00.929889,306.85,981.37,63.422500000000014,70.29799999999997,0.9021949415346104,63.422500000000014,yaw towards right
18:18:00.942055,322.28,969.39,54.3595,61.977499999999985,0.8770844257996856,54.3595,yaw towards right
18:18:00.953606,329.55,958.09,41.36150000000001,51.560500000000005,0.8021935396282038,41.36150000000001,yaw towards right
18:18:00.962491,292.19,945.56,31.193,49.01300000000002,0.6364229898190273,31.193,yaw towards right
18:18:00.976323,281.13,936.51,30.2455,46.06150000000002,0.6566329798204572,30.2455,yaw towards right
18:18:00.984916,334.26,844.81,30.49,50.09950000000003,0.6085889080729345,30.49,yaw towards right
18:18:00.999987,275.49,850.89,23.241999999999997,43.04550000000003,0.5399402957335837,23.241999999999997,yaw towards right
18:18:01.006539,275.38,942.6,22.90399999999999,31.55950000000002,0.7257402683819444,22.90399999999999,yaw towards right
18:18:01.018693,288.31,934.45,23.367999999999988,27.03350000000002,0.8644089740507137,23.367999999999988,yaw towards right
18:18:01.031673,279.07,926.85,16.03049999999999,25.809000000000033,0.6211205393467383,16.03049999999999,yaw towards right
18:18:01.042655,277.17,918.39,16.464499999999987,21.76200000000003,0.7565710872162469,16.464499999999987,yaw towards right
18:18:01.056184,237.53,911.43,19.646999999999995,21.328500000000048,0.9211618257261388,19.646999999999995,yaw towards right
18:18:01.064482,245.69,825.91,21.088499999999996,30.434500000000053,0.6929142913469898,21.088499999999996,yaw towards right
18:18:01.076033,315.46,832.88,23.677499999999995,38.01100000000004,0.6229117886927461,23.677499999999995,yaw towards right
18:18:01.088580,298.13,929.23,23.427499999999995,38.99050000000005,0.6008514894653817,23.427499999999995,yaw towards right
18:18:01.102078,314.78,921.15,25.12399999999999,31.84050000000004,0.7890579607732279,25.12399999999999,yaw towards right
18:18:01.110444,282.91,866.8,22.501,30.45750000000003,0.7387671345317237,22.501,yaw towards right
18:18:01.122179,285.02,867.85,20.192499999999992,34.85900000000003,0.5792621704581306,20.192499999999992,yaw towards right
18:18:01.134837,306.7,777.64,21.34499999999999,45.54850000000003,0.4686213596496038,21.34499999999999,yaw towards right
18:18:01.146742,272.32,790.32,21.391499999999994,51.97850000000003,0.4115451580942116,21.391499999999994,yaw towards right
18:18:01.155212,313.73,801.34,22.851999999999997,55.119500000000016,0.4145901178348858,22.851999999999997,yaw towards right
18:18:01.159985,333.19,903.7,21.672499999999996,58.5835,0.3699420485290226,21.672499999999996,yaw towards right
18:18:01.179882,428.25,898.18,30.232999999999993,51.998000000000005,0.5814262087003345,30.232999999999993,yaw towards right
18:18:01.192161,352.89,892.39,30.76649999999999,45.022,0.6833659099995556,30.76649999999999,yaw towards right
18:18:01.201342,344.55,787.4,31.794999999999995,51.5825,0.6163912179518246,31.794999999999995,yaw towards right
18:18:01.212335,353.42,797.72,31.124999999999993,55.07949999999998,0.5650922757105639,31.124999999999993,yaw towards right
18:18:01.224462,314.85,804.07,31.849999999999987,49.91899999999999,0.6380336144554176,31.849999999999987,yaw towards right
18:18:01.237027,258.08,811.07,38.3385,46.049499999999995,0.8325497562405673,38.3385,yaw towards right
18:18:01.249008,339.75,913.92,36.392999999999994,45.48449999999998,0.8001187217623588,36.392999999999994,yaw towards right
18:18:01.258179,277.17,904.93,41.15849999999999,43.10399999999998,0.9548649777282852,41.15849999999999,yaw towards right
18:18:01.269141,246.46,896.2,47.944,38.44449999999999,1.247096463733434,38.44449999999999,yaw towards right
18:18:01.280628,254.32,888.14,52.16449999999999,33.27099999999997,1.5678669111238026,33.27099999999997,yaw towards right
18:18:01.293744,241.53,857.98,45.80899999999999,31.69349999999998,1.44537523466957,31.69349999999998,yaw towards right
18:18:01.299041,214.12,954.06,46.892,38.56649999999998,1.2158738801809867,38.56649999999998,yaw towards right
18:18:01.314979,200.79,938.78,49.403499999999994,35.234999999999964,1.402114374911311,35.234999999999964,yaw towards right
18:18:01.326254,179.36,1022.26,53.51049999999999,43.769499999999965,1.2225522338614796,43.769499999999965,yaw towards right
18:18:01.339631,257.44,997.23,53.2985,52.41349999999998,1.0168849628435428,52.41349999999998,yaw towards right
18:18:01.346612,257.74,957.85,47.439499999999995,54.726999999999975,0.8668390374038412,47.439499999999995,yaw towards right
18:18:01.356949,273.63,941.29,49.435500000000005,44.21749999999999,1.1180075761858996,44.21749999999999,yaw towards right
18:18:01.372232,248.07,926.13,43.586,40.288,1.0818606036536935,40.288,yaw towards right
18:18:01.384618,243.96,853.51,34.7905,48.74999999999999,0.7136512820512821,34.7905,yaw towards right
18:18:01.396098,245.05,851.0,27.546999999999997,57.44099999999999,0.4795703417419613,27.546999999999997,yaw towards right
18:18:01.405019,215.36,950.39,25.0135,56.38800000000001,0.4435961552103283,25.0135,yaw towards right
18:18:01.416933,194.17,933.86,24.6965,48.9055,0.5049841019926183,24.6965,yaw towards right
18:18:01.428558,250.27,856.89,19.5265,52.31300000000001,0.3732628600921376,19.5265,yaw towards right
18:18:01.440534,336.5,854.07,21.1565,47.73600000000002,0.4431980056980055,21.1565,yaw towards right
18:18:01.449437,289.7,759.82,24.5045,52.12450000000001,0.4701148212452876,24.5045,yaw towards right
18:18:01.458522,317.12,872.08,30.5645,49.733999999999995,0.6145594563075563,30.5645,yaw towards right
18:18:01.474776,257.07,867.21,29.030499999999996,50.124500000000005,0.5791678719987231,29.030499999999996,yaw towards right
18:18:01.483883,210.72,907.33,32.64399999999999,53.262000000000015,0.6128947467237427,32.64399999999999,yaw towards right
18:18:01.494664,280.56,897.84,35.1275,47.42900000000002,0.7406333677707727,35.1275,yaw towards right
18:18:01.507095,257.0,989.12,35.07649999999999,48.941500000000026,0.7167025939131406,35.07649999999999,yaw towards right
18:18:01.519894,232.21,967.86,34.64449999999998,56.77650000000001,0.6101908359972871,34.64449999999998,yaw towards right
18:18:01.531935,250.07,948.7,30.307499999999983,62.533000000000015,0.4846640973565953,30.307499999999983,yaw towards right
18:18:01.541688,319.91,1032.49,35.04599999999998,67.45500000000001,0.5195463642428282,35.04599999999998,yaw towards right
18:18:01.551610,286.06,1004.13,28.037499999999987,67.474,0.415530426534665,28.037499999999987,yaw towards right
18:18:01.564346,245.44,863.43,25.143999999999988,60.76350000000002,0.4138010483267089,25.143999999999988,yaw towards right
18:18:01.574887,226.13,860.2,21.08949999999999,66.78550000000003,0.3157796228223189,21.08949999999999,yaw towards right
18:18:01.588547,405.15,957.0,35.46099999999999,66.68450000000003,0.5317727507891635,35.46099999999999,yaw towards right
18:18:01.596844,408.95,940.24,45.783999999999985,63.41750000000002,0.7219458351401422,45.783999999999985,yaw towards right
18:18:01.609226,383.24,833.79,54.266,72.50400000000002,0.7484552576409575,54.266,yaw towards right
18:18:01.619727,408.04,832.81,64.768,73.25400000000002,0.8841564965735658,64.768,yaw towards right
18:18:01.630598,411.65,833.59,68.29299999999998,71.78850000000003,0.9513083571881285,68.29299999999998,yaw towards right
18:18:01.640199,391.63,832.28,68.01599999999999,68.36800000000002,0.9948513924643104,68.01599999999999,yaw towards right
18:18:01.654662,351.02,831.89,66.548,56.888000000000034,1.1698073407396985,56.888000000000034,yaw towards right
18:18:01.663596,332.05,836.26,70.362,49.40000000000005,1.4243319838056665,49.40000000000005,yaw towards right
18:18:01.676394,324.8,835.3,75.46599999999998,43.01700000000004,1.7543296836134532,43.01700000000004,yaw towards right
18:18:01.690615,421.19,833.41,75.0055,36.26350000000003,2.068346960442316,36.26350000000003,yaw towards right
18:18:01.699254,405.8,831.64,60.55250000000001,36.03450000000005,1.6804035021992794,36.03450000000005,yaw towards right
18:18:01.707697,413.27,829.51,47.99099999999999,35.13350000000003,1.3659612620433474,35.13350000000003,yaw towards right
18:18:01.724881,449.56,935.01,41.08399999999999,33.41750000000003,1.229415725293632,33.41750000000003,yaw towards right
18:18:01.730801,425.64,917.92,32.26999999999998,30.69350000000002,1.0513626663625837,30.69350000000002,yaw towards right
18:18:01.740453,341.1,1009.62,32.02399999999999,41.39550000000002,0.7736106581633262,32.02399999999999,yaw towards right
18:18:01.756718,301.1,981.86,39.33549999999998,53.050000000000026,0.74147973609802,39.33549999999998,yaw towards right
18:18:01.766229,369.64,1029.42,37.50199999999999,66.77250000000004,0.5616383990415211,37.50199999999999,yaw towards right
18:18:01.780223,317.12,999.05,39.02349999999999,73.90750000000003,0.5280046003450256,39.02349999999999,yaw towards right
18:18:01.789461,261.15,972.17,45.416999999999994,75.69000000000003,0.6000396353547361,45.416999999999994,yaw towards right
18:18:01.802408,242.11,947.36,54.46299999999999,76.90250000000003,0.7082084457592401,54.46299999999999,yaw towards right
18:18:01.813757,202.91,927.46,66.37449999999998,79.94700000000003,0.8302312782218214,66.37449999999998,yaw towards right
18:18:01.825110,183.14,1018.23,77.516,83.70850000000003,0.9260230442547648,77.516,yaw towards right
18:18:01.838978,367.41,988.24,79.08200000000001,73.83750000000002,1.0710275943795495,73.83750000000002,yaw towards right
18:18:01.847666,467.29,1049.66,93.20850000000002,70.99700000000004,1.312851247235798,70.99700000000004,yaw towards right
18:18:01.858128,453.83,1015.39,101.919,55.64500000000005,1.831593135052564,55.64500000000005,yaw towards right
18:18:01.871811,398.15,985.2,99.7765,41.88150000000003,2.382352590045723,41.88150000000003,yaw towards right
18:18:01.881662,380.57,1067.4,101.799,34.02400000000003,2.991976252057369,34.02400000000003,yaw towards right
18:18:01.891115,318.23,1030.39,97.198,29.62300000000003,3.281166661040405,29.62300000000003,yaw towards right
18:18:01.898789,255.73,1104.83,93.25000000000004,36.56700000000002,2.550113490305466,36.56700000000002,yaw towards right
18:18:01.913334,262.85,1062.73,89.92100000000002,39.16850000000004,2.2957478586108717,39.16850000000004,yaw towards right
18:18:01.928654,339.58,1131.8,78.69250000000002,45.115500000000026,1.7442453258857815,45.115500000000026,yaw towards right
18:18:01.939611,331.93,1086.18,68.25200000000002,43.992500000000014,1.5514462692504405,43.992500000000014,yaw towards right
18:18:01.948385,316.44,1046.34,64.35350000000001,44.659000000000034,1.4409973353635317,44.659000000000034,yaw towards right
18:18:01.961474,291.85,1010.97,51.858500000000014,43.414,1.1945109872391395,43.414,yaw towards right
18:18:01.973070,368.42,981.19,41.72050000000001,48.573999999999984,0.8589059990941661,41.72050000000001,yaw towards right
18:18:01.985677,339.48,1064.24,37.57200000000002,47.80499999999998,0.7859428930028247,37.57200000000002,yaw towards right
18:18:02.021798,347.1,1027.45,35.94350000000001,43.13799999999995,0.8332212898140862,35.94350000000001,yaw towards right
18:18:02.024818,333.63,1102.58,33.569500000000005,44.18999999999993,0.7596628196424544,33.569500000000005,yaw towards right
18:18:02.024818,369.07,1060.13,28.112,35.51799999999992,0.7914860070949958,28.112,yaw towards right
18:18:02.041568,335.41,1121.32,20.3185,37.58949999999992,0.5405365860147128,20.3185,yaw towards right
18:18:02.044754,316.0,1180.73,20.778999999999996,40.26649999999994,0.5160369041262596,20.778999999999996,yaw towards right
18:18:02.051982,320.15,1128.63,20.059499999999996,43.91249999999996,0.4568061485909482,20.059499999999996,yaw towards right
18:18:02.060318,320.36,1186.44,19.543999999999993,53.22999999999995,0.3671613751643812,19.543999999999993,yaw towards right
18:18:02.073066,299.17,1133.99,19.75599999999999,51.07749999999999,0.3867847878224265,19.75599999999999,yaw towards right
18:18:02.088486,256.11,1190.93,22.51049999999999,50.338500000000025,0.4471825739741942,22.51049999999999,yaw towards right
18:18:02.096527,257.78,1138.32,27.31799999999999,50.96400000000004,0.5360254297150925,27.31799999999999,yaw towards right
18:18:02.106462,234.54,1037.39,33.4695,57.64750000000003,0.5805889240643562,33.4695,yaw towards right
18:18:02.121867,218.32,1107.97,42.311,56.072000000000045,0.7545833927807098,42.311,yaw towards right
18:18:02.133320,181.04,1068.2,48.803,62.25300000000004,0.7839461552053711,48.803,yaw towards right
18:18:02.144301,293.81,1133.21,50.401,56.37850000000003,0.8939755403212213,50.401,yaw towards right
18:18:02.153041,248.16,1090.6,49.42750000000001,48.55600000000005,1.0179483482988707,48.55600000000005,yaw towards right
18:18:02.160424,231.95,1151.76,50.009,43.727500000000035,1.1436510205248405,43.727500000000035,yaw towards right
18:18:02.178786,185.73,1106.85,54.15500000000001,34.79850000000004,1.5562452404557652,34.79850000000004,yaw towards right
18:18:02.191337,154.04,1066.25,58.54050000000002,36.71050000000001,1.594652756023481,36.71050000000001,yaw towards right
18:18:02.196579,146.81,1031.57,59.284500000000016,36.83049999999999,1.6096577564790062,36.83049999999999,yaw towards right
18:18:02.206378,167.26,998.77,56.51350000000001,44.1925,1.2788029643038978,44.1925,yaw towards right
18:18:02.223428,177.31,1075.08,48.76750000000001,35.57650000000002,1.3707784633114553,35.57650000000002,yaw towards right
18:18:02.229935,172.12,1039.86,40.54650000000001,36.42050000000002,1.113287846130613,36.42050000000002,yaw towards right
18:18:02.248107,192.07,1109.95,31.858000000000004,32.820500000000045,0.9706738166694584,31.858000000000004,yaw towards right
18:18:02.256536,163.88,1070.45,31.139999999999997,33.01300000000004,0.9432647744827782,31.139999999999997,yaw towards right
18:18:02.264675,145.82,1001.76,32.6485,35.640000000000015,0.9160634118967448,32.6485,yaw towards right
18:18:02.281795,131.68,896.79,34.01899999999999,49.45049999999999,0.6879404657182434,34.01899999999999,yaw towards right
18:18:02.290579,163.54,887.94,28.473999999999997,62.85399999999995,0.4530181054507274,28.473999999999997,yaw towards right
18:18:02.296967,135.54,981.19,23.370499999999996,62.28549999999995,0.3752157404211255,23.370499999999996,yaw towards right
18:18:02.313452,157.32,959.74,16.176999999999996,59.62249999999997,0.2713237452304081,16.176999999999996,yaw towards right
18:18:02.324306,156.73,921.27,13.0705,58.57999999999995,0.2231222260157052,13.0705,yaw towards right
18:18:02.338488,142.12,909.15,13.953499999999996,63.935499999999955,0.2182433859123649,13.953499999999996,yaw towards right
18:18:02.346944,115.98,840.01,16.777499999999993,70.80699999999997,0.2369469120284717,16.777499999999993,yaw towards right
18:18:02.358373,105.83,839.11,19.536499999999993,75.70599999999995,0.2580574855361531,19.536499999999993,yaw towards right
18:18:02.371884,134.5,837.27,18.88599999999999,82.04449999999997,0.2301921518200488,18.88599999999999,yaw towards right
18:18:02.381303,129.97,738.72,17.003999999999987,90.74999999999996,0.1873719008264462,17.003999999999987,yaw towards right
18:18:02.391003,144.72,751.9,14.20399999999999,86.33099999999999,0.1645295432695091,14.20399999999999,yaw towards right
18:18:02.403587,120.54,867.23,15.634999999999993,72.91450000000002,0.2144292287542256,15.634999999999993,yaw towards right
18:18:02.413456,124.69,861.66,13.572499999999993,70.44950000000001,0.192655732120171,13.572499999999993,yaw towards right
18:18:02.425864,197.42,773.91,19.45199999999999,72.96200000000002,0.2666045338669442,19.45199999999999,yaw towards right
18:18:02.441503,203.34,781.51,26.19249999999999,71.60950000000003,0.3657685083683027,26.19249999999999,yaw towards right
18:18:02.449781,205.2,786.9,31.99849999999999,67.99650000000001,0.4705903980351927,31.99849999999999,yaw towards right
18:18:02.458079,182.32,789.08,32.739999999999995,58.05600000000002,0.5639382665013088,32.739999999999995,yaw towards right
18:18:02.473963,152.48,792.56,29.313999999999982,50.90300000000001,0.5758796141681233,29.313999999999982,yaw towards right
18:18:02.485384,149.64,903.92,29.022999999999996,55.926,0.518953617279977,29.022999999999996,yaw towards right
18:18:02.494076,143.29,890.73,29.294999999999995,50.552500000000016,0.5794965629790808,29.294999999999995,yaw towards right
18:18:02.507627,120.34,809.96,31.778,40.21500000000002,0.7902026606987439,31.778,yaw towards right
18:18:02.518854,133.01,810.51,32.135,39.77900000000001,0.807838306644209,32.135,yaw towards right
18:18:02.529857,143.01,810.37,32.1855,39.60750000000002,0.8126112478697212,32.1855,yaw towards right
18:18:02.539876,128.51,700.84,27.4625,43.08450000000002,0.6374102055263491,27.4625,yaw towards right
18:18:02.551677,184.84,716.48,24.1895,45.89450000000001,0.5270675135364803,24.1895,yaw towards right
18:18:02.564285,177.44,840.33,19.990500000000004,46.39250000000001,0.4308993910653661,19.990500000000004,yaw towards right
18:18:02.575045,177.66,835.6,18.83900000000001,48.79950000000001,0.3860490373876782,18.83900000000001,yaw towards right
18:18:02.588463,171.24,941.03,20.928500000000017,60.14000000000001,0.3479963418689726,20.928500000000017,yaw towards right
18:18:02.592019,150.82,921.74,21.16300000000001,58.415499999999994,0.3622839828470185,21.16300000000001,yaw towards right
18:18:02.609113,173.02,904.29,21.585000000000015,56.54799999999998,0.3817111126830307,21.585000000000015,yaw towards right
18:18:02.617286,143.28,888.85,20.28800000000001,60.76649999999997,0.3338681674936029,20.28800000000001,yaw towards right
18:18:02.630037,154.67,875.58,19.31150000000001,61.60399999999997,0.3134780209077335,19.31150000000001,yaw towards right
18:18:02.639755,141.82,976.72,20.620000000000005,70.14349999999997,0.293968792546708,20.620000000000005,yaw towards right
18:18:02.654389,165.86,950.83,19.09350000000001,65.52749999999999,0.2913814810575714,19.09350000000001,yaw towards right
18:18:02.662382,144.65,1040.12,16.817500000000006,69.75999999999999,0.2410765481651377,16.817500000000006,yaw towards right
18:18:02.676685,159.2,1005.27,13.946500000000004,74.13199999999998,0.1881306318458966,13.946500000000004,yaw towards right
18:18:02.680086,167.61,974.6,11.8945,74.48299999999998,0.1596941583985607,11.8945,yaw towards right
18:18:02.698674,165.9,942.55,10.313499999999996,63.09949999999999,0.1634482048193725,10.313499999999996,yaw towards right
18:18:02.710801,176.24,920.56,11.307999999999998,55.84400000000001,0.2024926581190458,11.307999999999998,yaw towards right
18:18:02.724754,167.76,1015.17,10.631999999999996,52.96600000000001,0.200732545406487,10.631999999999996,yaw towards right
18:18:02.731518,182.2,982.85,10.488999999999995,48.596500000000006,0.2158385891988105,10.488999999999995,yaw towards right
18:18:02.742593,168.68,1067.55,9.852999999999998,55.6105,0.1771787701962758,9.852999999999998,yaw towards right
18:18:02.756518,179.17,1027.49,8.887999999999996,49.503,0.1795446740601579,8.887999999999996,yaw towards right
18:18:02.768663,186.09,992.84,10.405999999999995,44.6985,0.2328042328042327,10.405999999999995,yaw towards right
18:18:02.781413,190.17,892.04,10.615499999999995,41.568500000000014,0.2553736603437698,10.615499999999995,yaw towards right
18:18:02.789538,202.62,877.32,12.8805,44.32050000000001,0.290621721325346,12.8805,yaw towards right
18:18:02.800590,197.45,911.11,13.489499999999998,46.61250000000002,0.2893966210780368,13.489499999999998,yaw towards right
18:18:02.812509,200.84,893.76,14.2625,51.99300000000001,0.2743157732771719,14.2625,yaw towards right
18:18:02.825876,192.11,992.46,13.2895,49.860499999999995,0.2665336288244201,13.2895,yaw towards right
18:18:02.834629,195.67,963.47,13.219500000000002,45.58400000000001,0.2900030712530712,13.219500000000002,yaw towards right
18:18:02.846624,197.09,926.14,11.907500000000004,46.731500000000025,0.2548067149567208,11.907500000000004,yaw towards right
18:18:02.858598,202.12,905.97,12.289000000000003,39.22050000000003,0.3133310386150099,12.289000000000003,yaw towards right
18:18:02.871769,204.66,888.22,11.879500000000007,37.90950000000002,0.3133647238818766,11.879500000000007,yaw towards right
18:18:02.883411,212.31,988.91,11.40900000000001,45.32500000000002,0.2517153888582461,11.40900000000001,yaw towards right
18:18:02.891595,218.63,959.31,11.353000000000009,39.813,0.2851581141838095,11.353000000000009,yaw towards right
18:18:02.903911,205.66,1048.76,9.279500000000004,40.27600000000002,0.2303977554871387,9.279500000000004,yaw towards right
18:18:02.916268,206.43,1010.75,7.907000000000008,40.05300000000001,0.1974134272089482,7.907000000000008,yaw towards right
18:18:02.927148,200.32,920.42,6.544500000000005,38.35550000000002,0.1706274197963786,6.544500000000005,yaw towards right
18:18:02.936555,213.55,901.37,6.9855000000000045,42.01050000000001,0.1662798586067769,6.9855000000000045,yaw towards right
18:18:02.948167,204.84,884.59,6.573500000000005,44.9105,0.1463688892352569,6.573500000000005,yaw towards right
18:18:02.956861,194.25,886.6,7.353500000000002,45.70349999999998,0.160895773846642,7.353500000000002,yaw towards right
18:18:02.973769,199.29,872.11,7.375500000000002,48.31649999999998,0.1526497159355501,7.375500000000002,yaw towards right
18:18:02.980267,193.03,974.87,7.858500000000001,49.78499999999998,0.1578487496233806,7.858500000000001,yaw towards right
18:18:02.991692,203.81,947.72,6.593499999999997,43.11299999999999,0.1529353095354069,6.593499999999997,yaw towards right
18:18:03.006212,189.7,1029.16,6.115,48.553500000000014,0.1259435468091898,6.115,yaw towards right
18:18:03.018450,186.69,994.38,7.008500000000003,43.98100000000001,0.1593529023896683,7.008500000000003,yaw towards right
18:18:03.030182,180.06,963.78,8.375499999999999,42.01600000000001,0.1993407273419648,8.375499999999999,yaw towards right
18:18:03.039718,170.03,984.68,10.4295,40.812000000000005,0.2555498382828579,10.4295,yaw towards right
18:18:03.051141,180.3,956.21,10.696999999999996,37.055000000000014,0.2886789906895154,10.696999999999996,yaw towards right
18:18:03.059297,167.05,1046.07,12.770499999999997,40.86050000000001,0.3125390046622041,12.770499999999997,yaw towards right
18:18:03.075521,174.22,1008.97,12.597999999999995,41.12050000000002,0.3063678700404905,12.597999999999995,yaw towards right
18:18:03.084272,169.15,1089.9,13.104999999999997,47.27900000000004,0.2771843736119627,13.104999999999997,yaw towards right
18:18:03.096950,166.26,1046.78,12.970999999999997,48.28900000000004,0.2686118991902915,12.970999999999997,yaw towards right
18:18:03.108957,170.97,1009.08,13.081999999999995,46.929500000000026,0.2787585633769801,13.081999999999995,yaw towards right
18:18:03.121315,159.29,1090.03,12.966499999999996,45.521,0.2848465543375584,12.966499999999996,yaw towards right
18:18:03.128411,161.83,1046.86,12.430999999999994,41.41849999999998,0.3001315837125922,12.430999999999994,yaw towards right
18:18:03.140227,147.9,1121.59,12.779999999999998,45.96399999999997,0.2780436863632409,12.779999999999998,yaw towards right
18:18:03.153453,154.6,1074.24,11.6245,45.81299999999998,0.2537380219588327,11.6245,yaw towards right
18:18:03.166180,143.37,1144.3,12.5855,53.80949999999998,0.2338899264999676,12.5855,yaw towards right
18:18:03.175867,138.69,1094.1,12.658000000000005,47.33799999999997,0.2673961722083741,12.658000000000005,yaw towards right
18:18:03.180172,136.23,1050.37,13.802000000000003,47.5885,0.290028052995997,13.802000000000003,yaw towards right
18:18:03.198739,130.82,1038.99,14.742000000000004,39.88299999999997,0.3696311711756893,14.742000000000004,yaw towards right
18:18:03.207974,130.76,1004.1,15.141500000000004,41.19299999999994,0.3675745879154231,15.141500000000004,yaw towards right
18:18:03.223239,120.19,1084.62,17.063000000000006,41.70649999999995,0.4091208804383016,17.063000000000006,yaw towards right
18:18:03.231989,119.66,1043.44,17.722,35.49249999999994,0.4993167570613518,17.722,yaw towards right
18:18:03.240605,109.94,1117.5,19.3045,37.370999999999974,0.5165636456075571,19.3045,yaw towards right
18:18:03.256058,114.23,1071.93,18.940499999999997,29.969999999999978,0.6319819819819823,18.940499999999997,yaw towards right
18:18:03.267999,110.67,954.23,19.2155,37.91999999999997,0.5067378691983125,19.2155,yaw towards right
18:18:03.280325,106.26,970.61,18.514499999999995,37.17449999999997,0.4980430133559296,18.514499999999995,yaw towards right
18:18:03.283009,112.96,947.04,16.725999999999992,45.38900000000002,0.3685033818766658,16.725999999999992,yaw towards right
18:18:03.298242,106.0,1035.05,15.413999999999993,42.41599999999999,0.3634006035458317,15.413999999999993,yaw towards right
18:18:03.314586,114.82,1002.36,13.493499999999994,41.80600000000001,0.3227646749270437,13.493499999999994,yaw towards right
18:18:03.325115,106.58,1081.98,12.529499999999992,40.25900000000004,0.3112223353784242,12.529499999999992,yaw towards right
18:18:03.334882,106.74,1042.79,10.801999999999994,40.127000000000024,0.2691953049069202,10.801999999999994,yaw towards right
18:18:03.348009,104.68,900.89,9.387999999999996,50.02200000000004,0.1876774219343486,9.387999999999996,yaw towards right
18:18:03.357615,99.12,770.12,7.7834999999999965,67.85150000000003,0.1147137498802531,7.7834999999999965,yaw towards right
18:18:03.372205,101.42,777.14,6.627499999999998,86.26400000000004,0.0768281090605582,6.627499999999998,yaw towards right
18:18:03.380173,88.12,890.13,6.947999999999998,82.44150000000005,0.0842779425410745,6.947999999999998,yaw towards right
18:18:03.392895,93.21,879.68,6.794499999999999,79.24050000000004,0.0857452943886017,6.794499999999999,yaw towards right
18:18:03.397734,83.31,976.75,8.370000000000001,73.61600000000003,0.1136981091067159,8.370000000000001,yaw towards right
18:18:03.413637,75.21,953.85,10.116500000000002,76.06700000000004,0.13299459686855,10.116500000000002,yaw towards right
18:18:03.424963,66.8,946.58,12.9305,76.63000000000002,0.1687393971029622,12.9305,yaw towards right
18:18:03.435040,62.87,903.19,15.1865,72.47150000000002,0.2095513408719289,15.1865,yaw towards right
18:18:03.442885,64.25,890.44,16.9765,72.60700000000001,0.2338135441486357,16.9765,yaw towards right
18:18:03.460943,54.49,986.24,19.0875,69.76800000000003,0.2735853113175093,19.0875,yaw towards right
18:18:03.463732,54.26,962.01,20.008,51.84400000000003,0.3859270118046444,20.008,yaw towards right
18:18:03.482060,47.65,1046.55,21.295499999999997,42.94950000000001,0.4958264939056332,21.295499999999997,yaw towards right
18:18:03.493187,50.43,1013.8,20.8075,41.66699999999999,0.4993760049919602,20.8075,yaw towards right
18:18:03.507015,42.39,1085.57,21.2235,48.85749999999999,0.4343959473980455,21.2235,yaw towards right
18:18:03.515383,37.2,1047.02,20.967,52.35399999999997,0.4004851587271271,20.967,yaw towards right
18:18:03.527086,36.5,1013.63,20.045499999999997,51.075499999999984,0.39246801303952,20.045499999999997,yaw towards right
18:18:03.539896,36.7,1089.58,18.342999999999996,56.37749999999998,0.3253602944437054,18.342999999999996,yaw towards right
18:18:03.551252,42.0,1050.77,15.8655,58.32199999999998,0.2720328520969789,15.8655,yaw towards right
18:18:03.563146,42.38,1121.08,13.7195,65.229,0.2103282282420396,13.7195,yaw towards right
18:18:03.572451,35.46,1078.07,11.9155,59.20399999999999,0.2012617390716843,11.9155,yaw towards right
18:18:03.580272,37.53,1143.32,10.464499999999996,63.38149999999998,0.165103381901659,10.464499999999996,yaw towards right
18:18:03.597394,31.36,1097.03,9.2775,55.268999999999984,0.1678608261412365,9.2775,yaw towards right
18:18:03.607965,29.34,1057.06,8.725499999999998,52.157999999999994,0.1672897733808811,8.725499999999998,yaw towards right
18:18:03.615040,38.22,1059.76,7.223499999999999,41.4545,0.1742512875562363,7.223499999999999,yaw towards right
18:18:03.630230,30.82,1026.01,6.083999999999999,38.4555,0.1582088387876896,6.083999999999999,yaw towards right
18:18:03.642082,45.58,1099.0,5.345999999999999,38.60350000000001,0.1384848524097555,5.345999999999999,yaw towards right
18:18:03.655057,38.3,1059.87,4.154499999999999,31.927000000000003,0.1301249725937294,4.154499999999999,yaw towards right
18:18:03.665396,50.6,1127.28,5.125,33.840500000000006,0.1514457528700817,5.125,yaw towards right
18:18:03.675145,48.87,1084.42,6.223999999999999,26.728500000000015,0.2328600557457394,6.223999999999999,yaw towards right
18:18:03.682455,51.43,967.2,6.867999999999999,34.30550000000001,0.2002011339289617,6.867999999999999,yaw towards right
18:18:03.693516,56.76,846.3,8.1265,47.76700000000004,0.1701279125756274,8.1265,yaw towards right
18:18:03.710036,55.42,844.4,8.3455,67.64700000000002,0.123368368146407,8.3455,yaw towards right
18:18:03.718213,69.43,944.36,9.554,75.02350000000001,0.1273467646804001,9.554,yaw towards right
18:18:03.730604,60.15,928.7,10.3405,80.89850000000001,0.1278206641655902,10.3405,yaw towards right
18:18:03.744416,74.39,1015.07,11.859,79.00150000000004,0.15011107384037,11.859,yaw towards right
18:18:03.755049,69.97,989.3,12.4005,78.58900000000001,0.1577892580386568,12.4005,yaw towards right
18:18:03.764992,83.27,976.53,14.8395,78.14550000000001,0.1898957713495978,14.8395,yaw towards right
18:18:03.774762,90.43,852.71,16.131000000000004,84.4795,0.1909457323966169,16.131000000000004,yaw towards right
18:18:03.788604,89.21,851.23,16.9825,92.69199999999998,0.1832143011263108,16.9825,yaw towards right
18:18:03.797975,99.66,949.24,18.4135,83.46849999999999,0.2206041800200075,18.4135,yaw towards right
18:18:03.808794,92.75,933.77,18.3235,62.64649999999999,0.2924904024965481,18.3235,yaw towards right
18:18:03.822332,108.13,1019.35,19.693,48.5005,0.406037051164421,19.693,yaw towards right
18:18:03.833088,102.71,993.87,19.012499999999996,41.74650000000001,0.4554274010994931,19.012499999999996,yaw towards right
18:18:03.844618,106.87,1043.97,19.627,41.06150000000002,0.4779903315758068,19.627,yaw towards right
18:18:03.855340,114.99,1010.22,19.409,41.39850000000002,0.4688334118385929,19.409,yaw towards right
18:18:03.864663,113.25,985.4,19.2275,40.73700000000003,0.471991064634116,19.2275,yaw towards right
18:18:03.880364,126.14,1063.0,18.881,47.607000000000035,0.3966013401390549,18.881,yaw towards right
18:18:03.892394,121.63,1031.2,17.729999999999997,40.215500000000034,0.4408747870845814,17.729999999999997,yaw towards right
18:18:03.900681,129.95,1100.99,17.705,40.30600000000003,0.4392646256140521,17.705,yaw towards right
18:18:03.911838,121.84,1063.98,15.729,42.905500000000025,0.3665963571103935,15.729,yaw towards right
18:18:03.923115,125.58,1127.92,15.063999999999998,51.40950000000002,0.2930197726101205,15.063999999999998,yaw towards right
18:18:03.934173,126.25,1086.45,13.3265,47.45100000000001,0.2808476112199953,13.3265,yaw towards right
18:18:03.947313,125.68,1051.46,12.2345,44.9295,0.2723043879856218,12.2345,yaw towards right
18:18:03.956602,138.25,1118.34,11.9685,44.30899999999998,0.2701144237062448,11.9685,yaw towards right
18:18:03.964862,134.03,1079.05,10.902,42.33199999999999,0.2575356704148163,10.902,yaw towards right
18:18:03.981451,146.07,1140.86,11.683,47.69949999999997,0.2449291921298966,11.683,yaw towards right
18:18:03.992452,138.45,1098.66,10.582999999999998,40.97349999999997,0.2582888940412707,10.582999999999998,yaw towards right
18:18:04.006380,146.63,1149.44,10.633999999999997,43.01949999999998,0.2471902276874441,10.633999999999997,yaw towards right
18:18:04.011614,143.04,1105.95,9.398,34.76349999999998,0.2703410185970919,9.398,yaw towards right
18:18:04.027489,139.66,1068.33,8.757,34.2905,0.2553768536475116,8.757,yaw towards right
18:18:04.037966,151.15,1131.93,9.2395,28.2195,0.3274154396782366,9.2395,yaw towards right
18:18:04.048532,142.5,1091.35,8.930000000000001,26.018500000000024,0.3432173261333279,8.930000000000001,yaw towards right
18:18:04.059890,153.38,1151.02,9.794000000000002,29.329000000000025,0.3339356950458588,9.794000000000002,yaw towards right
18:18:04.071860,145.42,1108.04,8.651000000000002,23.94850000000004,0.3612334801762109,8.651000000000002,yaw towards right
18:18:04.084100,148.59,1146.83,8.123500000000002,25.879500000000014,0.3138971000212522,8.123500000000002,yaw towards right
18:18:04.095082,144.01,1104.41,6.2065,20.327000000000005,0.3053328085797215,6.2065,yaw towards right
18:18:04.107600,142.79,1067.7,5.363999999999999,23.645999999999987,0.2268459781781274,5.363999999999999,yaw towards right
18:18:04.117659,150.67,1114.15,4.495500000000002,19.40000000000001,0.2317268041237113,4.495500000000002,yaw towards right
18:18:04.129925,141.54,1076.82,4.122999999999999,21.97600000000001,0.1876137604659628,4.122999999999999,yaw towards right
18:18:04.141992,153.81,1137.64,4.672499999999999,21.232999999999997,0.2200583996609052,4.672499999999999,yaw towards right
18:18:04.153367,136.95,1097.25,4.239499999999998,19.16799999999999,0.221175918196995,4.239499999999998,yaw towards right
18:18:04.161601,144.34,1152.75,4.151499999999996,22.23799999999997,0.1866849536828852,4.151499999999996,yaw towards right
18:18:04.174566,141.33,1110.09,3.3749999999999942,18.452999999999957,0.1828970899040807,3.3749999999999942,yaw towards right
18:18:04.185048,138.99,1073.63,3.696999999999991,21.71049999999994,0.170286267013657,3.696999999999991,yaw towards right
18:18:04.198843,146.6,1129.3,3.7324999999999937,21.230999999999955,0.1758042485045453,3.7324999999999937,yaw towards right
18:18:04.208726,135.52,1090.39,4.326499999999993,22.30049999999997,0.1940091029349117,4.326499999999993,yaw towards right
18:18:04.218596,146.86,1148.93,4.525999999999996,22.052000000000003,0.2052421549065842,4.525999999999996,yaw towards right
18:18:04.231151,138.71,1107.53,4.202999999999994,21.46449999999998,0.1958116890679959,4.202999999999994,yaw towards right
18:18:04.243581,140.58,1163.04,3.922999999999996,22.858499999999985,0.1716210599995624,3.922999999999996,yaw towards right
18:18:04.256360,135.01,1119.98,3.719999999999999,20.698499999999996,0.1797231683455322,3.719999999999999,yaw towards right
18:18:04.262264,134.82,1082.28,3.4400000000000035,23.076499999999992,0.1490693996056596,3.4400000000000035,yaw towards right
18:18:04.275933,133.53,981.93,3.9180000000000064,31.598999999999997,0.1239912655463782,3.9180000000000064,yaw towards right
18:18:04.288053,130.23,965.04,4.322000000000008,44.888500000000015,0.0962830123528299,4.322000000000008,yaw towards right
18:18:04.299094,140.64,1042.02,4.233500000000009,47.22050000000003,0.0896538579642317,4.233500000000009,yaw towards right
18:18:04.314184,131.78,1016.57,4.262000000000006,51.99200000000003,0.0819741498692107,4.262000000000006,yaw towards right
18:18:04.322355,133.71,1085.82,3.718000000000006,50.84100000000004,0.0731299541708464,3.718000000000006,yaw towards right
18:18:04.330326,130.58,1054.26,3.6945000000000023,48.56100000000002,0.0760795700253289,3.6945000000000023,yaw towards right
18:18:04.344475,118.19,1026.32,4.965000000000003,50.615000000000016,0.0980934505581349,4.965000000000003,yaw towards right
18:18:04.358009,130.94,896.4,5.099000000000004,60.057500000000026,0.0849019689464263,5.099000000000004,yaw towards right
18:18:04.366818,128.64,892.06,4.893500000000003,72.50150000000001,0.0674951552726495,4.893500000000003,yaw towards right
18:18:04.378026,134.57,980.26,4.717999999999998,71.12500000000003,0.0663339191564147,4.717999999999998,yaw towards right
18:18:04.392153,128.67,963.81,4.394999999999996,61.897500000000015,0.0710044832182236,4.394999999999996,yaw towards right
18:18:04.403202,135.3,1040.79,4.100499999999994,50.44000000000001,0.0812946074544011,4.100499999999994,yaw towards right
18:18:04.411382,133.49,1015.71,3.960999999999996,44.789000000000016,0.0884368929871172,3.960999999999996,yaw towards right
18:18:04.421977,130.94,993.28,3.612499999999997,38.93400000000002,0.0927852262803718,3.612499999999997,yaw towards right
18:18:04.436754,134.89,872.83,3.886999999999998,50.15100000000002,0.0775059320851029,3.886999999999998,yaw towards right
18:18:04.448993,126.86,871.49,3.9265,58.8045,0.0667721007746005,3.9265,yaw towards right
18:18:04.460055,130.65,963.31,2.4124999999999988,56.647500000000015,0.0425879341541991,2.4124999999999988,yaw towards right
18:18:04.465498,120.16,948.87,3.3045,44.3395,0.0745272274157354,3.3045,yaw towards right
18:18:04.480309,120.27,1028.62,4.084999999999999,37.0595,0.1102281466290694,4.084999999999999,yaw towards right
18:18:04.493212,118.7,1004.84,4.860000000000001,37.790000000000006,0.1286054511775602,4.860000000000001,yaw towards right
18:18:04.506268,114.64,982.18,6.0625,34.88450000000001,0.1737877854061258,6.0625,yaw towards right
18:18:04.514509,119.24,856.17,6.101000000000001,44.6075,0.1367707224121504,6.101000000000001,yaw towards right
18:18:04.526721,108.84,856.41,7.025500000000001,54.532499999999985,0.1288314307981479,7.025500000000001,yaw towards right
18:18:04.538388,111.42,946.93,7.8535,53.508,0.146772445241833,7.8535,yaw towards right
18:18:04.549949,101.24,934.46,9.2315,43.457999999999984,0.2124234893460353,9.2315,yaw towards right
18:18:04.557834,108.14,1016.86,9.6765,39.4805,0.2450956801458948,9.6765,yaw towards right
18:18:04.572332,101.95,994.36,10.7555,42.339000000000006,0.2540329247266114,10.7555,yaw towards right
18:18:04.583345,97.27,882.35,10.978,49.090500000000006,0.2236277894908383,10.978,yaw towards right
18:18:04.595474,95.57,815.61,11.2175,55.9405,0.2005255584058061,11.2175,yaw towards right
18:18:04.608002,93.85,822.13,11.241,61.9385,0.1814864744867893,11.241,yaw towards right
18:18:04.614975,99.19,922.08,10.070000000000002,63.36999999999998,0.1589080006312135,10.070000000000002,yaw towards right
18:18:04.628153,92.98,913.1,10.361,52.1615,0.1986330914563423,10.361,yaw towards right
18:18:04.641340,97.73,998.93,9.296500000000002,49.2595,0.1887250175093129,9.296500000000002,yaw towards right
18:18:04.652059,91.66,978.9,9.052500000000004,54.22549999999999,0.1669417524965192,9.052500000000004,yaw towards right
18:18:04.659179,90.06,910.21,7.9155000000000015,53.619499999999995,0.1476235324835181,7.9155000000000015,yaw towards right
18:18:04.675219,87.86,900.99,7.7475,48.60899999999999,0.1593840646793804,7.7475,yaw towards right
18:18:04.686473,81.67,894.75,7.814,46.81049999999998,0.1669283600901507,7.814,yaw towards right
18:18:04.697382,88.24,921.97,6.936,39.6215,0.1750564718650228,6.936,yaw towards right
18:18:04.707508,90.7,912.3,5.691999999999998,27.153000000000013,0.2096269288844693,5.691999999999998,yaw towards right
18:18:04.713669,92.26,998.51,4.680499999999998,26.623000000000008,0.1758066333621303,4.680499999999998,yaw towards right
18:18:04.731207,83.11,978.28,5.166999999999997,30.710999999999995,0.1682459053759238,5.166999999999997,yaw towards right
18:18:04.742798,86.2,1042.03,4.7384999999999975,39.45249999999999,0.1201064571319941,4.7384999999999975,yaw towards right
18:18:04.750799,80.04,1015.23,5.466499999999996,38.897,0.1405378306810293,5.466499999999996,yaw towards right
18:18:04.761872,82.53,991.8,5.332499999999996,38.00149999999999,0.1403234082865149,5.332499999999996,yaw towards right
18:18:04.776566,72.99,924.37,5.862999999999998,39.959,0.1467253935283665,5.862999999999998,yaw towards right
18:18:04.786272,80.5,914.33,5.409999999999998,42.592,0.1270191585274229,5.409999999999998,yaw towards right
18:18:04.796379,81.36,1000.69,4.381499999999998,43.07200000000001,0.1017250185735511,4.381499999999998,yaw towards right
18:18:04.807647,78.19,980.13,4.348999999999998,42.623999999999995,0.1020317192192191,4.348999999999998,yaw towards right
18:18:04.822068,78.91,1055.7,4.502999999999998,48.63849999999999,0.0925809800877905,4.502999999999998,yaw towards right
18:18:04.833593,72.7,1027.35,5.151999999999999,43.65149999999999,0.1180257264927894,5.151999999999999,yaw towards right
18:18:04.842768,84.59,910.81,4.856999999999999,46.12050000000001,0.1053110872605457,4.856999999999999,yaw towards right
18:18:04.854103,82.4,806.2,4.774999999999999,54.90650000000001,0.0869660240590822,4.774999999999999,yaw towards right
18:18:04.862510,76.23,813.83,4.321499999999999,62.237999999999985,0.0694350718210739,4.321499999999999,yaw towards right
18:18:04.878568,75.8,915.32,4.146499999999999,58.523,0.070852485347641,4.146499999999999,yaw towards right
18:18:04.885452,69.28,907.5,3.906999999999998,56.55999999999999,0.0690770862800565,3.906999999999998,yaw towards right
18:18:04.893814,80.35,994.47,3.854999999999998,57.53499999999999,0.0670026940123403,3.854999999999998,yaw towards right
18:18:04.911717,71.66,975.25,4.264,58.966499999999975,0.0723122450883129,4.264,yaw towards right
18:18:04.923522,74.56,834.24,4.034000000000001,66.2655,0.0608763232753091,4.034000000000001,yaw towards right
18:18:04.929947,75.35,828.53,3.854499999999999,68.27349999999998,0.0564567511552798,3.854499999999999,yaw towards right
18:18:04.942405,64.5,832.48,4.2049999999999965,69.002,0.0609402626010839,4.2049999999999965,yaw towards right
18:18:04.957089,69.85,888.52,4.283499999999998,63.17249999999999,0.0678064031026158,4.283499999999998,yaw towards right
18:18:04.966692,69.65,884.18,4.416499999999997,45.413,0.0972518882258383,4.416499999999997,yaw towards right
18:18:04.975838,71.56,974.74,4.073999999999998,39.244,0.1038120477015594,4.073999999999998,yaw towards right
18:18:04.990299,63.37,957.94,4.532499999999998,44.78450000000001,0.1012068907769428,4.532499999999998,yaw towards right
18:18:05.001969,74.92,943.39,3.9364999999999983,46.79550000000001,0.0841213364532914,3.9364999999999983,yaw towards right
18:18:05.012260,64.27,930.84,4.3999999999999995,44.23700000000001,0.0994642493839997,4.3999999999999995,yaw towards right
18:18:05.022058,66.84,919.53,4.1359999999999975,42.79100000000001,0.0966558388446167,4.1359999999999975,yaw towards right
18:18:05.030628,65.06,916.31,4.308999999999998,35.06950000000001,0.1228703004034844,4.308999999999998,yaw towards right
18:18:05.046983,62.81,907.21,4.6004999999999985,28.078000000000003,0.1638471401096943,4.6004999999999985,yaw towards right
18:18:05.059016,60.21,994.91,4.067,31.211500000000008,0.1303045351873508,4.067,yaw towards right
18:18:05.062273,53.23,974.95,4.699999999999999,32.28100000000001,0.1455964809020785,4.699999999999999,yaw towards right
18:18:05.080146,59.3,1051.56,4.805999999999999,42.153500000000015,0.1140118851340931,4.805999999999999,yaw towards right
18:18:05.092449,47.52,1023.12,6.358,41.72600000000001,0.1523750179744044,6.358,yaw towards right
18:18:05.103574,47.93,972.33,6.9825,37.180000000000014,0.1878025820333511,6.9825,yaw towards right
18:18:05.115985,52.18,856.4,7.409000000000001,43.95500000000001,0.1685587532703901,7.409000000000001,yaw towards right
18:18:05.123663,45.31,856.23,7.860999999999999,50.80900000000002,0.1547166840520379,7.860999999999999,yaw towards right
18:18:05.134606,40.32,918.5,8.808499999999999,51.950000000000024,0.1695572666025023,8.808499999999999,yaw towards right
18:18:05.148178,50.37,909.32,8.580499999999999,55.39850000000001,0.1548868651678294,8.580499999999999,yaw towards right
18:18:05.183300,55.1,996.01,8.649,56.564499999999995,0.1529050906487284,8.649,yaw towards right
18:18:05.213056,44.27,975.67,8.562999999999999,49.79499999999999,0.1719650567326037,8.562999999999999,yaw towards right
18:18:05.213056,45.23,845.36,7.669,56.01699999999998,0.1369048681650213,7.669,yaw towards right
18:18:05.213056,41.09,785.56,7.7495,58.7625,0.1318783237609019,7.7495,yaw towards right
18:18:05.213056,43.94,795.73,6.3255,60.23,0.1050224140793624,6.3255,yaw towards right
18:18:05.215065,54.29,900.04,5.8695,60.96499999999999,0.0962765521200689,5.8695,yaw towards right
18:18:05.225288,45.73,893.52,5.158,51.772499999999965,0.0996281809841132,5.158,yaw towards right
18:18:05.238528,38.25,982.68,4.7125,50.60249999999996,0.0931278098908157,4.7125,yaw towards right
18:18:05.248919,32.82,964.69,4.667000000000001,53.91199999999996,0.0865669980709304,4.667000000000001,yaw towards right
18:18:05.258909,29.61,917.34,6.026000000000002,51.16749999999997,0.1177700688913862,6.026000000000002,yaw towards right
18:18:05.267679,24.52,904.96,7.443,49.17649999999998,0.1513527802913994,7.443,yaw towards right
18:18:05.284173,24.55,897.39,8.467000000000002,49.10599999999999,0.1724229218425448,8.467000000000002,yaw towards right
18:18:05.296060,27.74,981.8,8.997000000000002,47.03049999999999,0.1913013895238197,8.997000000000002,yaw towards right
18:18:05.304249,31.31,963.16,8.540000000000001,39.39649999999996,0.216770525300471,8.540000000000001,yaw towards right
18:18:05.316269,26.7,1041.74,8.783000000000001,40.83249999999997,0.215098267311578,8.783000000000001,yaw towards right
18:18:05.329118,22.09,1014.58,8.5395,43.71599999999998,0.1953403788086742,8.5395,yaw towards right
18:18:05.341008,20.16,1080.5,9.1995,54.115499999999976,0.1699975053358096,9.1995,yaw towards right
18:18:05.349247,27.22,1047.97,8.5755,53.78799999999999,0.1594314717037257,8.5755,yaw towards right
18:18:05.359142,25.02,1019.67,7.466499999999999,49.93499999999999,0.149524381696205,7.466499999999999,yaw towards right
18:18:05.374350,22.61,980.25,6.2345,50.86399999999999,0.1225719565901227,6.2345,yaw towards right
18:18:05.386002,28.48,962.48,4.696999999999999,54.188999999999986,0.0866781081031205,4.696999999999999,yaw towards right
18:18:05.395250,31.41,1040.97,3.63,56.44100000000001,0.0643149483531475,3.63,yaw towards right
18:18:05.407771,39.61,1014.56,4.115499999999999,48.76750000000001,0.0843902188957809,4.115499999999999,yaw towards right
18:18:05.414772,42.78,1085.22,5.621999999999999,49.056500000000035,0.114602550120779,5.621999999999999,yaw towards right
18:18:05.432193,36.87,1052.19,6.147999999999999,41.094500000000046,0.1496063950163645,6.147999999999999,yaw towards right
18:18:05.444113,39.74,1023.47,6.468999999999999,36.90400000000004,0.1752926512031214,6.468999999999999,yaw towards right
18:18:05.452810,34.18,900.89,5.9014999999999995,38.24650000000003,0.1543017008092242,5.9014999999999995,yaw towards right
18:18:05.463748,30.29,894.37,6.1259999999999994,43.04850000000003,0.1423046099167217,6.1259999999999994,yaw towards right
18:18:05.476727,33.69,983.73,6.0665,42.44200000000003,0.1429362424013947,6.0665,yaw towards right
18:18:05.488905,35.33,965.26,5.9065,44.03650000000003,0.1341273716121852,5.9065,yaw towards right
18:18:05.497034,30.05,1043.06,6.115,42.87000000000002,0.142640541170982,6.115,yaw towards right
18:18:05.509186,32.27,1016.61,5.918499999999999,40.588000000000015,0.1458189612693406,5.918499999999999,yaw towards right
18:18:05.522324,28.58,896.85,5.189,50.66350000000001,0.1024208749888973,5.189,yaw towards right
18:18:05.534788,24.27,848.85,4.478,57.738000000000014,0.077557241331532,4.478,yaw towards right
18:18:05.541731,32.15,850.16,3.5820000000000007,63.842499999999994,0.0561068253906097,3.5820000000000007,yaw towards right
18:18:05.555264,28.21,943.89,2.9035,65.11749999999999,0.0445886282489346,2.9035,yaw towards right
18:18:05.563950,26.77,931.85,3.105000000000001,53.65150000000001,0.0578734984110416,3.105000000000001,yaw towards right
18:18:05.578112,23.18,1014.66,3.468000000000001,47.38549999999999,0.0731869453735847,3.468000000000001,yaw towards right
18:18:05.588775,26.74,992.47,3.609,49.6335,0.0727129861887636,3.609,yaw towards right
18:18:05.599650,26.48,952.44,3.6525,46.67250000000001,0.0782580748834966,3.6525,yaw towards right
18:18:05.612269,29.12,937.69,3.345,44.578,0.0750370137736103,3.345,yaw towards right
18:18:05.623538,24.34,925.86,3.338000000000001,45.3665,0.0735785215963321,3.338000000000001,yaw towards right
18:18:05.633231,25.5,921.19,2.9135000000000004,36.39249999999999,0.0800577041972934,2.9135000000000004,yaw towards right
18:18:05.643682,29.84,912.3,2.351,26.074999999999996,0.090162991371045,2.351,yaw towards right
18:18:05.659768,24.3,998.74,2.5759999999999996,23.57849999999999,0.1092520728629896,2.5759999999999996,yaw towards right
18:18:05.667876,25.74,978.25,2.3120000000000003,24.746999999999986,0.0934254657130157,2.3120000000000003,yaw towards right
18:18:05.678052,26.77,1053.88,2.038,32.99849999999999,0.0617603830477143,2.038,yaw towards right
18:18:05.690170,27.46,1025.58,1.5095000000000005,33.01349999999999,0.0457237190846169,1.5095000000000005,yaw towards right
18:18:05.701931,31.43,1000.87,1.8245,32.77649999999999,0.0556648818513264,1.8245,yaw towards right
18:18:05.714360,28.53,919.71,1.865,36.17499999999998,0.0515549412577747,1.865,yaw towards right
18:18:05.723043,32.02,911.03,2.1925,39.9675,0.0548570713704885,2.1925,yaw towards right
18:18:05.733881,35.22,997.68,2.6735,40.04800000000001,0.0667573911306432,2.6735,yaw towards right
18:18:05.747067,31.12,977.78,2.756,39.70850000000001,0.0694057947290882,2.756,yaw towards right
18:18:05.759083,30.14,1053.94,2.5279999999999996,43.03450000000001,0.0587435662085071,2.5279999999999996,yaw towards right
18:18:05.772125,32.18,1025.62,2.4519999999999995,39.873999999999995,0.0614937051712895,2.4519999999999995,yaw towards right
18:18:05.780337,33.07,975.82,2.5944999999999996,38.901,0.0666949435747153,2.5944999999999996,yaw towards right
18:18:05.792828,33.63,863.57,2.719,42.46349999999998,0.0640314623146938,2.719,yaw towards right
18:18:05.803171,38.64,862.91,3.2879999999999994,47.82899999999999,0.0687449037195007,3.2879999999999994,yaw towards right
18:18:05.814927,34.77,956.72,3.022,45.23149999999999,0.0668118457269823,3.022,yaw towards right
18:18:05.825017,31.01,942.56,3.042,43.77649999999999,0.0694893378867657,3.042,yaw towards right
18:18:05.836386,38.52,1023.51,3.0685,44.344999999999985,0.0691960762205434,3.0685,yaw towards right
18:18:05.849090,30.9,999.8,2.5185000000000004,45.67349999999998,0.055141383953496,2.5185000000000004,yaw towards right
18:18:05.862004,28.17,870.64,2.7705,54.21799999999998,0.0510992659264451,2.7705,yaw towards right
18:18:05.866082,34.14,861.49,2.769,57.459999999999994,0.0481900452488687,2.769,yaw towards right
18:18:05.882357,29.28,860.72,3.0210000000000004,59.41349999999998,0.0508470297154687,3.0210000000000004,yaw towards right
18:18:05.893047,30.64,955.28,3.0095,61.93599999999999,0.0485904804959958,3.0095,yaw towards right
18:18:05.906417,31.59,940.92,2.848,49.602,0.0574170396354985,2.848,yaw towards right
18:18:05.912341,31.62,1022.98,2.226,45.619000000000014,0.0487954580328371,2.226,yaw towards right
18:18:05.926495,35.63,998.93,2.4445,49.66500000000001,0.0492197724755864,2.4445,yaw towards right
18:18:05.939580,29.81,1035.56,2.4265,53.1395,0.0456628308508736,2.4265,yaw towards right
18:18:05.950678,32.78,1009.91,2.063,51.749,0.0398655046474328,2.063,yaw towards right
18:18:05.960329,29.09,987.46,2.0930000000000004,51.058,0.0409925966547847,2.0930000000000004,yaw towards right
18:18:05.973027,32.55,997.51,1.7420000000000002,41.997499999999995,0.0414786594440145,1.7420000000000002,yaw towards right
18:18:05.985179,36.31,977.06,2.1335000000000006,34.72500000000001,0.0614398848092152,2.1335000000000006,yaw towards right
18:18:05.995237,32.06,1053.9,1.7485000000000004,35.70500000000003,0.0489707323904214,1.7485000000000004,yaw towards right
18:18:06.003429,34.47,1025.47,1.7970000000000002,32.94200000000002,0.0545504219537368,1.7970000000000002,yaw towards right
18:18:06.017659,30.69,1094.57,1.9295,40.67250000000002,0.0474399164054336,1.9295,yaw towards right
18:18:06.029939,32.09,1060.51,1.9205,37.5485,0.0511471829766834,1.9205,yaw towards right
18:18:06.042503,31.88,1030.45,1.507,32.79650000000001,0.0459500251551232,1.507,yaw towards right
18:18:06.050828,35.71,899.3,1.7025,38.79000000000003,0.0438901778808971,1.7025,yaw towards right
18:18:06.062155,30.33,892.89,1.7235000000000005,47.36950000000003,0.0363841712494326,1.7235000000000005,yaw towards right
18:18:06.074825,26.65,982.59,2.0635000000000003,48.65050000000003,0.0424147747710711,2.0635000000000003,yaw towards right
18:18:06.082705,33.68,964.17,2.1295000000000006,52.13400000000003,0.0408466643649058,2.1295000000000006,yaw towards right
18:18:06.099016,33.18,1042.71,1.7695,52.06650000000002,0.0339853840761334,1.7695,yaw towards right
18:18:06.107060,30.3,1015.74,1.916,46.98500000000002,0.0407789720123443,1.916,yaw towards right
18:18:06.120446,33.22,869.94,1.823,57.80250000000001,0.0315384282686734,1.823,yaw towards right
18:18:06.132219,39.49,767.46,2.347,70.582,0.0332521039358476,2.347,yaw towards right
18:18:06.142634,31.89,780.96,2.3884999999999996,81.37749999999998,0.0293508647967804,2.3884999999999996,yaw towards right
18:18:06.151352,28.16,887.32,2.806499999999999,82.006,0.0342231056264175,2.806499999999999,yaw towards right
18:18:06.166241,36.4,883.77,2.853999999999999,70.80049999999999,0.0403104497849591,2.853999999999999,yaw towards right
18:18:06.178098,30.81,974.24,2.8519999999999985,63.789999999999985,0.0447092020692898,2.8519999999999985,yaw towards right
18:18:06.188151,30.05,957.67,2.5579999999999976,64.41749999999998,0.0397097062133736,2.5579999999999976,yaw towards right
18:18:06.197686,26.39,852.56,2.893499999999998,63.73,0.0454024792091636,2.893499999999998,yaw towards right
18:18:06.210803,29.3,848.86,2.9084999999999983,65.05449999999999,0.0447086673481465,2.9084999999999983,yaw towards right
18:18:06.221948,24.83,850.46,3.2999999999999985,65.64699999999998,0.0502688622480844,3.2999999999999985,yaw towards right
18:18:06.234919,24.38,901.31,3.705999999999998,56.03899999999999,0.0661325148557254,3.705999999999998,yaw towards right
18:18:06.242695,25.7,895.3,3.3234999999999992,36.422499999999985,0.0912485414235706,3.3234999999999992,yaw towards right
18:18:06.254919,23.69,984.4,3.6175,30.654000000000003,0.1180107000717687,3.6175,yaw towards right
18:18:06.262861,27.9,966.39,3.255499999999999,36.58500000000001,0.0889845565122317,3.255499999999999,yaw towards right
18:18:06.279913,25.31,1030.03,2.9425,46.0055,0.0639597439436589,2.9425,yaw towards right
18:18:06.284925,20.85,1005.57,3.2354999999999996,48.764,0.0663501763596095,3.2354999999999996,yaw towards right
18:18:06.300579,21.38,984.13,3.3560000000000003,50.27450000000002,0.0667535231578633,3.3560000000000003,yaw towards right
18:18:06.311956,21.71,958.06,3.1494999999999997,47.3925,0.0664556628158463,3.1494999999999997,yaw towards right
18:18:06.323571,19.53,943.71,3.4745,46.44449999999999,0.0748097191271302,3.4745,yaw towards right
18:18:06.333441,23.04,1025.37,2.947,50.37649999999998,0.05849949877423,2.947,yaw towards right
18:18:06.344973,21.58,1001.39,2.497,48.77449999999998,0.0511947841597556,2.497,yaw towards right
18:18:06.356620,22.41,1073.94,2.2289999999999996,55.90350000000001,0.0398722799109179,2.2289999999999996,yaw towards right
18:18:06.366923,21.11,1043.14,1.924,50.560500000000005,0.0380534211489205,1.924,yaw towards right
18:18:06.377057,20.02,1015.86,1.9944999999999995,44.2665,0.0450566455445991,1.9944999999999995,yaw towards right
18:18:06.391238,17.9,902.84,2.255499999999999,44.276500000000006,0.0509412442266213,2.255499999999999,yaw towards right
18:18:06.402159,24.99,896.6,2.1409999999999996,46.284499999999994,0.0462573863820501,2.1409999999999996,yaw towards right
18:18:06.410089,24.82,985.05,2.0894999999999997,42.0735,0.0496630895932118,2.0894999999999997,yaw towards right
18:18:06.426019,23.35,966.95,1.9355000000000004,44.284,0.0437065305753771,1.9355000000000004,yaw towards right
18:18:06.433822,20.93,1044.38,1.5915000000000004,46.008000000000024,0.0345918101199791,1.5915000000000004,yaw towards right
18:18:06.447543,19.83,1017.85,1.7105,41.919500000000035,0.0408043989074296,1.7105,yaw towards right
18:18:06.459336,16.37,903.3,2.0959999999999996,49.92250000000003,0.0419850768691471,2.0959999999999996,yaw towards right
18:18:06.472175,15.94,859.48,2.5145000000000004,53.47000000000003,0.0470263699270618,2.5145000000000004,yaw towards right
18:18:06.480765,14.36,859.38,3.0174999999999996,57.078500000000005,0.0528657900960957,3.0174999999999996,yaw towards right
18:18:06.492257,14.24,891.99,3.3340000000000005,57.672,0.0578096823415175,3.3340000000000005,yaw towards right
18:18:06.498593,23.5,887.18,3.3115,48.88500000000002,0.0677406157307967,3.3115,yaw towards right
18:18:06.515308,31.04,977.24,4.0265,43.48050000000002,0.0926047308563608,4.0265,yaw towards right
18:18:06.525732,34.59,960.11,5.130000000000001,45.504000000000026,0.1127373417721518,5.130000000000001,yaw towards right
18:18:06.535644,33.99,931.31,6.355500000000001,44.277500000000025,0.1435379142905538,6.355500000000001,yaw towards right
18:18:06.545007,28.65,920.1,6.947500000000001,41.542000000000016,0.1672403832266139,6.947500000000001,yaw towards right
18:18:06.562069,31.99,910.38,7.3875,40.973500000000016,0.1802994618472914,7.3875,yaw towards right
18:18:06.563326,26.11,936.31,7.0495,33.365000000000016,0.2112842799340625,7.0495,yaw towards right
18:18:06.582575,23.16,924.78,7.018000000000001,21.94700000000001,0.3197703558572924,7.018000000000001,yaw towards right
18:18:06.595158,18.65,1009.28,7.3345,22.49600000000001,0.3260357396870553,7.3345,yaw towards right
18:18:06.607986,17.4,987.27,7.87,26.73400000000002,0.2943816862422381,7.87,yaw towards right
18:18:06.614653,13.99,1062.37,8.897,36.873,0.2412876630596914,8.897,yaw towards right
18:18:06.626769,17.74,1032.43,8.5205,41.0835,0.2073946961675611,8.5205,yaw towards right
18:18:06.640558,23.54,1006.32,7.118499999999999,42.696,0.1667252201611392,7.118499999999999,yaw towards right
18:18:06.652339,26.13,969.49,6.035499999999999,42.1845,0.1430738778461283,6.035499999999999,yaw towards right
18:18:06.659278,22.77,953.2,5.356499999999999,43.8625,0.122120262182958,5.356499999999999,yaw towards right
18:18:06.673593,18.28,1033.22,5.007999999999999,47.15099999999998,0.1062119573285826,5.007999999999999,yaw towards right
18:18:06.685864,14.68,1007.84,5.259499999999999,45.11999999999999,0.1165669326241134,5.259499999999999,yaw towards right
18:18:06.694884,14.63,1079.19,5.1754999999999995,51.949,0.0996265568153381,5.1754999999999995,yaw towards right
18:18:06.702636,15.35,1047.38,4.524499999999999,46.55000000000002,0.0971965628356605,4.524499999999999,yaw towards right
18:18:06.712068,12.82,978.05,3.8989999999999982,45.412500000000016,0.0858574181117533,3.8989999999999982,yaw towards right
18:18:06.730640,19.02,865.4,2.660999999999999,48.16450000000004,0.0552481599518316,2.660999999999999,yaw towards right
18:18:06.740711,16.62,863.95,2.0544999999999995,52.56600000000003,0.0390841989118441,2.0544999999999995,yaw towards right
18:18:06.755456,22.32,958.12,2.5224999999999995,49.67800000000001,0.0507770039051491,2.5224999999999995,yaw towards right
18:18:06.761549,22.54,943.69,2.7535,51.22850000000001,0.0537493777877548,2.7535,yaw towards right
18:18:06.774289,28.5,1025.43,3.838999999999999,51.95900000000004,0.0738851786985892,3.838999999999999,yaw towards right
18:18:06.784259,30.77,1000.92,4.890999999999999,49.46000000000004,0.0988879902951879,4.890999999999999,yaw towards right
18:18:06.800524,26.54,863.48,5.099499999999998,59.84450000000004,0.0852125090860479,5.099499999999998,yaw towards right
18:18:06.808705,29.34,844.65,5.452499999999999,63.40700000000004,0.0859920828930559,5.452499999999999,yaw towards right
18:20:58.373274,51.93,1028.88,7.969499999999999,68.48000000000005,0.1163770443925232,7.969499999999999,up
18:20:58.386227,48.49,1003.89,9.694,69.57000000000002,0.1393416702601695,9.694,up
18:20:58.399565,47.27,981.11,11.428,56.55150000000003,0.202081288736815,11.428,up
18:20:58.406779,43.62,961.56,12.7015,44.70550000000004,0.2841149299303215,12.7015,up
18:20:58.418233,52.14,944.3,13.709,45.84400000000006,0.2990358607451353,13.709,up
18:20:58.432245,63.03,928.55,14.958499999999995,47.683000000000064,0.3137071912421613,14.958499999999995,down
18:20:58.441775,55.99,915.43,14.6645,48.18450000000006,0.3043406074567544,14.6645,down
18:20:58.447144,57.3,1005.86,14.0785,52.33400000000006,0.2690124966560932,14.0785,up
18:20:58.464842,57.1,981.65,13.998,42.90500000000005,0.3262556811560421,13.998,up
18:20:58.475254,49.35,959.09,13.575500000000002,33.50400000000005,0.4051904250238772,13.575500000000002,down
18:20:58.489524,46.47,940.64,11.264,27.67500000000004,0.4070099367660337,11.264,down
18:20:58.496946,42.67,923.88,9.9745,25.158000000000033,0.3964742825343822,9.9745,down
18:20:58.507415,44.63,909.01,8.751000000000001,27.354500000000037,0.3199108007823206,8.751000000000001,down
18:20:58.520153,46.0,896.2,7.8690000000000015,30.216500000000025,0.2604206311121405,7.8690000000000015,down
18:20:58.535343,43.17,819.77,6.848500000000001,38.15750000000001,0.1794797877219419,6.848500000000001,down
18:20:58.543579,41.82,819.44,5.531499999999999,43.900499999999994,0.1260008428150021,5.531499999999999,up
18:20:58.552205,45.29,927.33,4.756,40.32299999999999,0.1179475733452372,4.756,up
18:20:58.565040,55.8,911.41,5.062500000000002,35.653499999999994,0.1419916698220371,5.062500000000002,up
18:20:58.580022,58.39,896.36,5.830500000000001,36.007,0.1619268475574194,5.830500000000001,up
18:20:58.588688,62.63,883.41,7.260500000000002,36.709999999999994,0.1977798964859712,7.260500000000002,up
18:20:58.598356,62.73,872.25,8.541500000000003,37.14449999999999,0.2299532905275345,8.541500000000003,down
18:20:58.612226,56.04,861.25,8.248000000000001,37.2185,0.2216102207235649,8.248000000000001,down
18:20:58.625259,49.68,852.2,7.9425,36.43549999999998,0.2179879513112212,7.9425,up
18:20:58.630052,42.73,957.66,8.469,40.57899999999999,0.2087040094630227,8.469,down
18:20:58.644951,38.31,934.72,9.438,34.418,0.2742169794874775,9.438,up
18:20:58.657788,45.42,913.71,9.7285,25.379000000000012,0.3833287363568303,9.7285,down
18:20:58.663750,40.22,896.16,10.945,25.216500000000018,0.4340412031804569,10.945,down
18:20:58.680800,34.25,880.2,11.2595,25.551500000000004,0.440659061111872,11.2595,down
18:20:58.690801,39.42,866.03,10.450499999999998,25.74400000000001,0.4059392479801116,10.450499999999998,down
18:20:58.696808,37.39,853.86,9.160499999999995,26.053000000000015,0.3516101792499901,9.160499999999995,down
18:20:58.722302,37.11,931.02,7.722999999999996,27.934000000000008,0.2764731152001143,7.722999999999996,down
18:20:58.726277,38.51,909.98,7.254499999999997,25.76950000000001,0.2815149692465897,7.254499999999997,down
18:20:58.734888,31.57,889.71,7.632499999999998,24.54250000000001,0.310991137822145,7.632499999999998,down
18:20:58.743427,33.65,873.24,7.051499999999997,18.529000000000003,0.3805655998704731,7.051499999999997,down
18:20:58.760649,39.86,858.21,5.799499999999997,16.72,0.3468600478468898,5.799499999999997,down
18:20:58.772078,45.08,844.86,5.780499999999998,18.923499999999997,0.3054667476946653,5.780499999999998,down
18:20:58.779938,47.84,833.38,5.517499999999998,22.53899999999999,0.2447979058520786,5.517499999999998,down
18:20:58.790971,38.49,822.14,4.1884999999999994,25.5785,0.1637508063412631,4.1884999999999994,down
18:20:58.806253,38.65,813.37,3.737999999999998,28.2675,0.1322366675510745,3.737999999999998,down
18:20:58.816837,33.33,700.07,3.846499999999999,41.1775,0.0934126646833828,3.846499999999999,up
18:20:58.824445,26.68,709.08,4.7575,49.89750000000001,0.095345458189288,4.7575,up
18:20:58.834715,33.09,715.28,5.009999999999998,60.45450000000001,0.0828722427610847,5.009999999999998,up
18:20:58.846932,30.25,719.98,4.9079999999999995,68.896,0.0712378077101718,4.9079999999999995,up
18:20:58.857952,29.32,723.86,5.1469999999999985,71.40200000000002,0.072084815551385,5.1469999999999985,up
18:20:58.868700,23.77,726.15,5.8999999999999995,68.84200000000001,0.0857034949594724,5.8999999999999995,up
18:20:58.882333,22.26,728.0,6.127999999999998,65.9555,0.0929111294736602,6.127999999999998,up
18:20:58.894078,21.68,766.04,5.949499999999999,66.43350000000001,0.0895557211346684,5.949499999999999,up
18:20:58.906593,17.61,762.08,6.9875,66.143,0.1056423204269537,6.9875,up
18:20:58.915545,21.47,757.27,7.347999999999999,65.103,0.1128673025820622,7.347999999999999,up
18:20:58.927242,27.0,753.53,7.0085,52.602,0.1332363788449108,7.0085,up
18:20:58.939761,28.44,749.35,6.132000000000001,40.6655,0.1507912112232728,6.132000000000001,up
18:20:58.944517,34.27,745.25,6.722500000000001,29.622499999999995,0.2269389821925901,6.722500000000001,down
18:20:58.960832,39.65,742.12,7.567000000000002,20.362999999999992,0.3716053626675836,7.567000000000002,down
18:20:58.972263,35.02,737.13,7.871500000000002,16.90449999999999,0.4656452423910796,7.871500000000002,down
18:20:58.983886,31.84,733.7,7.339500000000001,18.149999999999984,0.4043801652892566,7.339500000000001,down
18:20:58.996979,26.86,729.35,6.484500000000002,19.645499999999977,0.3300755898297325,6.484500000000002,down
18:20:59.005052,24.83,726.02,5.963000000000002,17.308499999999974,0.344512811624347,5.963000000000002,down
18:20:59.018509,27.17,722.66,4.987500000000002,15.297499999999976,0.3260336656316398,4.987500000000002,down
18:20:59.030800,31.04,718.82,4.742000000000001,13.730499999999967,0.3453625141109218,4.742000000000001,down
18:20:59.038804,30.42,715.49,4.595500000000001,12.688499999999982,0.36217835047484,4.595500000000001,down
18:20:59.047165,26.87,711.24,4.676,13.26549999999997,0.3524933097131665,4.676,down
18:20:59.062151,21.62,708.01,4.505,14.693499999999966,0.3065981556470555,4.505,down
18:20:59.074437,23.31,703.4,3.4495000000000005,15.909499999999976,0.2168201389107141,3.4495000000000005,down
18:20:59.081967,27.46,700.77,2.53,16.530999999999977,0.1530457927530097,2.53,down
18:20:59.096045,29.79,696.67,2.394999999999999,16.84049999999999,0.1422166800273151,2.394999999999999,down
18:20:59.108310,25.57,693.58,2.4539999999999997,16.649999999999995,0.1473873873873874,2.4539999999999997,down
18:20:59.115437,31.1,690.44,2.543499999999999,16.409999999999986,0.1549969530773919,2.543499999999999,down
18:20:59.132829,27.97,686.83,2.5054999999999996,16.238999999999983,0.1542890572079563,2.5054999999999996,down
18:20:59.140116,27.58,683.7,2.3815,16.081499999999988,0.1480894195193235,2.3815,down
18:20:59.153229,28.34,679.2,2.4325,16.070499999999974,0.1513643010485052,2.4325,down
18:20:59.165166,25.29,676.68,2.2695,15.958999999999984,0.1422081584059152,2.2695,down
18:20:59.175379,23.98,673.14,1.906,15.875499999999994,0.1200592107335202,1.906,down
18:20:59.182806,23.44,670.09,1.9429999999999992,15.658999999999995,0.1240819975732805,1.9429999999999992,down
18:20:59.199808,27.04,666.56,1.9259999999999995,15.509500000000008,0.1241819529965504,1.9259999999999995,down
18:20:59.213929,22.11,663.07,2.0685,15.327000000000004,0.1349579174006654,2.0685,down
18:20:59.232258,29.33,660.08,2.1254999999999997,15.2055,0.1397849462365591,2.1254999999999997,down
18:20:59.237144,24.99,656.15,1.8644999999999996,15.225500000000016,0.122459032544087,1.8644999999999996,down
18:20:59.243800,22.61,653.23,2.0919999999999996,15.20950000000002,0.1375456129392811,2.0919999999999996,down
18:20:59.255492,34.77,649.38,3.0490000000000004,15.251000000000028,0.1999213166349744,3.0490000000000004,down
18:20:59.262651,38.52,646.53,4.305000000000001,15.16300000000004,0.2839147925872182,4.305000000000001,down
18:20:59.276549,38.55,643.19,5.335500000000001,15.12250000000003,0.3528186477103647,5.335500000000001,down
18:20:59.288630,36.08,639.88,5.770999999999999,15.054000000000036,0.3833532615916026,5.770999999999999,down
18:20:59.300174,36.93,637.05,5.851000000000001,14.96200000000004,0.3910573452746949,5.851000000000001,down
18:20:59.311353,30.98,633.28,6.0135000000000005,14.940500000000023,0.4024965697265815,6.0135000000000005,down
18:20:59.319843,29.13,630.52,5.968500000000001,14.887500000000028,0.400906801007556,5.968500000000001,down
18:20:59.332384,25.22,626.81,6.532000000000001,14.877000000000049,0.4390670161995012,6.532000000000001,down
18:20:59.345600,23.01,624.1,7.401000000000002,14.767000000000037,0.5011850748290095,7.401000000000002,down
18:20:59.358280,30.33,620.44,7.402500000000001,14.730000000000024,0.5025458248472497,7.402500000000001,down
18:20:59.364043,27.87,617.78,6.718000000000001,14.59850000000002,0.4601842655067296,6.718000000000001,down
18:20:59.377788,38.17,615.07,6.1315,14.453500000000002,0.4242225066592866,6.1315,down
18:20:59.391051,30.85,611.86,4.904000000000001,14.3205,0.3424461436402361,4.904000000000001,down
18:20:59.397179,29.07,609.14,4.1805,14.152499999999993,0.2953895071542132,4.1805,down
18:20:59.414912,36.38,605.49,4.3575,14.08899999999998,0.3092838384555331,4.3575,down
18:20:59.423933,30.21,603.28,4.222,13.935999999999984,0.3029563719862231,4.222,down
18:20:59.431544,30.54,599.63,3.8745,13.885499999999984,0.2790320838284544,3.8745,down
18:20:59.444831,27.14,596.98,3.4219999999999997,13.764999999999969,0.2486015256084277,3.4219999999999997,down
18:20:59.460242,28.49,593.84,2.6135000000000006,13.675999999999982,0.1911011991810473,2.6135000000000006,down
18:20:59.469209,30.26,590.75,2.3615000000000004,13.56699999999999,0.1740620623571904,2.3615000000000004,down
18:20:59.480067,32.18,588.13,2.261000000000001,13.487499999999985,0.167636700648749,2.261000000000001,down
18:20:59.493443,27.34,584.59,1.7990000000000006,13.499499999999994,0.1332641949701841,1.7990000000000006,down
18:20:59.505367,23.83,582.49,2.3540000000000005,13.432000000000013,0.1752531268612268,2.3540000000000005,down
18:20:59.512077,25.69,578.94,2.654000000000001,13.454500000000014,0.19725742316697,2.654000000000001,down
18:20:59.526036,26.41,576.39,2.1395000000000004,13.39750000000002,0.159693972756111,2.1395000000000004,down
18:20:59.538499,35.38,573.36,2.8320000000000007,13.38300000000002,0.2116117462452362,2.8320000000000007,down
18:20:59.548467,43.15,570.82,4.328500000000001,13.271500000000009,0.3261500207210939,4.328500000000001,down
18:20:59.558413,41.14,568.24,5.192000000000002,13.167000000000012,0.3943191311612362,5.192000000000002,down
18:20:59.570952,33.48,754.1,5.24,29.15800000000001,0.1797105425612181,5.24,down
18:20:59.583240,34.4,724.96,5.394500000000001,42.21900000000001,0.1277742248750562,5.394500000000001,up
18:20:59.593375,32.99,886.38,5.241,71.45300000000002,0.0733489146711824,5.241,up
18:20:59.602554,31.02,838.34,5.173,95.844,0.0539731229915278,5.173,down
18:20:59.614265,36.75,981.82,4.873,127.53900000000002,0.0382079207144481,4.873,down
18:20:59.623233,44.17,919.49,5.4350000000000005,144.1995,0.0376908380403538,5.4350000000000005,down
18:20:59.640469,40.85,866.08,5.763,149.8805,0.0384506323370952,5.763,down
18:20:59.642558,43.74,1004.9,5.510500000000001,163.84949999999998,0.033631472784476,5.510500000000001,down
18:20:59.661295,42.97,940.05,4.404000000000001,168.9595,0.0260654180439691,4.404000000000001,down
18:20:59.672679,39.49,1067.31,3.3645000000000005,184.1495,0.0182704813208833,3.3645000000000005,down
18:20:59.683480,38.37,994.01,3.194500000000001,173.235,0.0184402689987589,3.194500000000001,down
18:20:59.692820,31.46,1111.82,3.7845000000000018,173.899,0.0217626323325608,3.7845000000000018,down
18:20:59.706411,35.91,1210.18,4.062000000000002,165.55900000000003,0.0245350600088186,4.062000000000002,down
18:20:59.714443,36.43,1117.67,4.090500000000001,151.61800000000002,0.0269789866638525,4.090500000000001,down
18:20:59.730317,39.83,1214.72,3.8265000000000016,136.49250000000004,0.0280345073905159,3.8265000000000016,down
18:20:59.738687,34.33,1122.41,3.3585000000000016,121.78100000000002,0.0275781936426864,3.3585000000000016,down
18:20:59.750422,29.75,1217.88,3.645000000000001,125.10850000000003,0.0291347110707905,3.645000000000001,down
18:20:59.763999,27.8,1125.52,3.988000000000001,110.38750000000005,0.0361272789038613,3.988000000000001,down
18:20:59.774213,30.28,1046.56,4.055,111.35350000000008,0.0364155594570444,4.055,down
18:20:59.787271,33.87,1152.53,3.941,97.77250000000004,0.0403078575264005,3.941,down
18:20:59.790508,34.11,1070.39,3.897,96.70600000000005,0.040297396231878,3.897,down
18:20:59.807197,35.7,1172.38,3.2980000000000005,84.95300000000005,0.0388214659870751,3.2980000000000005,up
18:20:59.814357,30.31,1088.56,3.364,66.26700000000005,0.0507643321713673,3.364,up
18:20:59.833140,31.35,1186.52,3.24,59.19500000000003,0.054734352563561,3.24,up
18:20:59.840971,30.28,1101.43,3.2779999999999996,43.58700000000004,0.0752059100190423,3.2779999999999996,up
18:20:59.854753,25.01,1196.62,3.346499999999999,46.06200000000002,0.0726520776344925,3.346499999999999,up
18:20:59.865246,33.94,1276.68,2.892499999999999,49.514,0.0584178212222805,2.892499999999999,up
18:20:59.876079,32.32,1180.2,2.103999999999999,50.7405,0.0414658901666321,2.103999999999999,up
18:20:59.885276,44.9,1261.9,2.8004999999999995,51.953500000000005,0.0539039718209552,2.8004999999999995,up
18:20:59.893206,40.19,1168.45,3.4835000000000003,49.88100000000002,0.0698362101802289,3.4835000000000003,up
18:20:59.910657,42.67,1251.1,4.4255,51.29749999999999,0.0862712607826892,4.4255,up
18:20:59.922891,39.7,1159.64,4.934500000000001,50.334,0.098035125362578,4.934500000000001,up
18:20:59.931591,41.59,1240.11,5.043500000000001,51.647499999999965,0.0976523549058522,5.043500000000001,up
18:20:59.942034,36.44,1309.92,5.080500000000002,56.05350000000001,0.0906366239396291,5.080500000000002,up
18:20:59.955518,31.93,1212.16,5.639500000000003,55.19749999999999,0.1021694823135106,5.639500000000003,up
18:20:59.963675,39.88,1284.93,5.120000000000002,53.370500000000014,0.0959331465884711,5.120000000000002,up
18:20:59.980438,34.78,1191.25,5.310000000000002,43.09350000000002,0.1232204392773852,5.310000000000002,up
18:20:59.983085,38.87,1265.93,5.353500000000003,43.351500000000016,0.1234905366596311,5.353500000000003,up
18:20:59.999846,34.87,1175.87,4.614500000000003,39.817000000000014,0.1158927091443353,4.614500000000003,up
18:21:00.013684,32.77,1252.54,4.397000000000003,39.726500000000016,0.1106817867166752,4.397000000000003,up
18:21:00.026101,33.93,1133.77,3.615500000000002,42.18900000000003,0.0856976937116309,3.615500000000002,up
18:21:00.030634,30.17,1065.09,3.4240000000000017,55.92150000000004,0.0612286866410951,3.4240000000000017,up
18:21:00.041235,35.87,1157.27,3.0515000000000008,55.51100000000004,0.0549710868116228,3.0515000000000008,up
18:21:00.058566,28.95,1085.82,3.4290000000000007,56.12950000000001,0.0610908702197596,3.4290000000000007,up
18:21:00.065412,37.02,1174.59,3.034500000000001,54.79600000000003,0.0553781297904956,3.034500000000001,up
18:21:00.077804,31.44,1101.29,3.3170000000000015,57.32750000000001,0.0578605381361475,3.3170000000000015,up
18:21:00.109881,34.58,1187.0,2.848500000000002,55.946000000000026,0.0509151681979051,2.848500000000002,up
18:21:00.141189,36.91,1112.58,3.0220000000000007,57.207500000000024,0.0528252414456146,3.0220000000000007,up
18:21:00.141189,30.94,1047.9,2.821500000000001,59.7085,0.0472545784938493,2.821500000000001,up
18:21:00.143695,37.31,1140.95,2.6385000000000014,60.79250000000002,0.0434017354114405,2.6385000000000014,up
18:21:00.143695,34.59,1073.65,2.4665000000000017,54.8845,0.0449398281846423,2.4665000000000017,up
18:21:00.147861,41.84,1162.55,2.6620000000000017,42.35850000000001,0.0628445294332896,2.6620000000000017,up
18:21:00.160972,37.23,1092.75,2.7055000000000016,39.33350000000001,0.0687836068491235,2.7055000000000016,up
18:21:00.173131,37.27,1177.61,2.1955000000000013,34.64400000000001,0.063373167070777,2.1955000000000013,up
18:21:00.177685,43.62,1106.26,2.6310000000000016,34.89600000000001,0.0753954607977992,2.6310000000000016,up
18:21:00.190865,37.26,1188.83,2.3410000000000015,34.63850000000003,0.0675837579571863,2.3410000000000015,up
18:21:00.206400,35.64,1257.32,2.4690000000000007,45.58700000000002,0.0541601772435124,2.4690000000000007,up
18:21:00.215604,36.32,1175.52,2.2960000000000003,44.67000000000001,0.0513991493172151,2.2960000000000003,up
18:21:00.224713,44.93,1075.01,2.8215000000000003,44.816500000000026,0.0629567235281648,2.8215000000000003,up
18:21:00.232779,36.21,1020.1,2.6194999999999995,54.46950000000002,0.048091133570163,2.6194999999999995,up
18:21:00.251619,32.76,1114.1,3.067499999999999,53.56350000000002,0.0572684757344086,3.067499999999999,up
18:21:00.258576,26.98,1054.48,3.3859999999999983,55.55499999999999,0.0609486094860948,3.3859999999999983,up
18:21:00.272026,35.87,1142.63,3.277499999999999,55.56300000000001,0.0589870957291722,3.277499999999999,up
18:21:00.283202,30.35,1079.42,3.816,53.55449999999998,0.071254516427191,3.816,up
18:21:00.296389,25.89,1163.14,4.147499999999998,56.71599999999999,0.0731275125185132,4.147499999999998,up
18:21:00.308469,25.83,1096.64,4.982999999999999,51.38249999999996,0.0969785432783535,4.982999999999999,up
18:21:00.315066,23.88,1039.58,5.589999999999999,43.171999999999976,0.1294820717131474,5.589999999999999,up
18:21:00.329557,24.18,1129.12,5.946,44.90399999999995,0.1324158204168895,5.946,up
18:21:00.340857,27.9,1068.77,5.225499999999999,39.15599999999996,0.1334533660230872,5.225499999999999,up
18:21:00.348951,35.69,1153.71,5.947,32.559499999999986,0.1826502249727423,5.947,down
18:21:00.365314,29.32,1090.35,5.6865000000000006,30.451499999999992,0.186739569479336,5.6865000000000006,up
18:21:00.374384,28.31,1170.92,4.727500000000001,30.685500000000008,0.1540629939222108,4.727500000000001,up
18:21:00.384359,27.42,1105.21,4.712,29.687499999999982,0.15872,4.712,up
18:21:00.393322,34.9,1048.35,4.867,31.869000000000035,0.1527189431736168,4.867,up
18:21:00.410446,36.97,931.37,4.767000000000001,44.60400000000001,0.1068738229755178,4.767000000000001,up
18:21:00.418626,33.06,900.7,4.354500000000002,61.61700000000003,0.0706704318613369,4.354500000000002,up
18:21:00.430305,28.69,1010.38,3.618500000000001,63.68999999999998,0.0568142565551892,3.618500000000001,up
18:21:00.444027,33.69,968.98,3.4200000000000004,68.53900000000002,0.04989859787858,3.4200000000000004,up
18:21:00.455316,30.54,1067.75,3.500000000000001,67.583,0.0517881715816107,3.500000000000001,up
18:21:00.461157,25.03,1018.41,3.1650000000000005,64.24599999999998,0.049263767394079,3.1650000000000005,up
18:21:00.476634,20.62,975.03,3.8765,67.86799999999998,0.0571182295043319,3.8765,up
18:21:00.488772,18.27,937.61,4.990500000000001,67.57349999999997,0.0738529157140003,4.990500000000001,up
18:21:00.500296,15.76,905.7,6.352000000000001,73.7755,0.0860990437204763,6.352000000000001,up
18:21:00.510342,25.6,1014.48,5.7825000000000015,72.76549999999995,0.0794676048402059,5.7825000000000015,up
18:21:00.518136,30.09,972.17,5.1905,56.695999999999955,0.0915496684069423,5.1905,up
18:21:00.529951,32.88,1070.31,5.339499999999999,46.570499999999974,0.1146541265393328,5.339499999999999,up
18:21:00.543568,27.87,1020.29,5.4215,42.205999999999975,0.128453300478605,5.4215,up
18:21:00.551170,27.37,1110.55,5.26,42.65849999999999,0.1233048513191978,5.26,up
18:21:00.565979,24.51,1054.71,5.2145,45.51499999999999,0.1145666263869054,5.2145,up
18:21:00.578579,25.11,1006.7,4.7490000000000006,44.407,0.1069425991397752,4.7490000000000006,up
18:21:00.591224,30.77,1098.88,4.2780000000000005,48.62000000000001,0.0879884821061291,4.2780000000000005,up
18:21:00.597757,28.26,1045.35,3.2075000000000005,44.363500000000016,0.0723004271529523,3.2075000000000005,up
18:21:00.610407,24.92,1131.52,2.092,45.88200000000002,0.0455952225273527,2.092,up
18:21:00.623884,32.78,1073.76,2.409,42.75950000000002,0.0563383575579695,2.409,up
18:21:00.634324,32.45,1154.56,2.553000000000001,50.869000000000035,0.0501877371287031,2.553000000000001,up
18:21:00.648652,30.44,1093.55,2.217000000000001,44.09800000000003,0.0502743888611728,2.217000000000001,up
18:21:00.656401,27.6,1041.12,2.1365000000000003,45.798000000000044,0.0466505087558408,2.1365000000000003,up
18:21:00.662077,28.31,925.24,2.0505000000000004,50.28700000000005,0.0407759460695606,2.0505000000000004,up
18:21:00.680168,25.22,898.16,2.2765,62.60000000000002,0.0363658146964856,2.2765,up
18:21:00.693251,25.04,1006.02,2.5765,67.56450000000002,0.0381339312804801,2.5765,up
18:21:00.699139,20.11,967.47,2.9300000000000006,66.9915,0.0437368919937604,2.9300000000000006,up
18:21:00.710212,19.54,1063.38,3.553,66.85150000000002,0.0531476481455165,3.553,up
18:21:00.726664,25.77,1016.87,3.3745000000000003,59.914999999999985,0.0563214553951431,3.3745000000000003,up
18:21:00.738724,32.44,976.32,3.4785000000000004,62.30249999999999,0.0558324304803178,3.4785000000000004,up
18:21:00.744192,33.18,940.85,3.6895,59.08199999999997,0.0624471074100403,3.6895,up
18:21:00.758152,37.1,911.04,4.493499999999999,64.17799999999997,0.0700162049300383,4.493499999999999,up
18:21:00.770499,39.91,1016.9,5.7475,64.42499999999998,0.0892122623205277,5.7475,up
18:21:00.780268,33.07,976.33,6.1415,50.52599999999996,0.1215512805288367,6.1415,down
18:21:00.791798,29.34,1071.75,5.99,42.443999999999974,0.1411271322212799,5.99,up
18:21:00.803617,28.29,1023.61,5.9254999999999995,39.79149999999999,0.1489137127275926,5.9254999999999995,up
18:21:00.816556,33.2,981.23,5.188000000000001,33.997,0.1526017001500132,5.188000000000001,up
18:21:00.829371,40.9,944.65,5.2785,36.29699999999998,0.145425241755517,5.2785,up
18:21:00.834759,46.89,913.45,6.557,41.372,0.1584888330271681,6.557,down
18:21:00.849825,47.15,1019.76,7.1815,41.95750000000001,0.1711612941667162,7.1815,down
18:21:00.860950,45.33,978.41,7.214500000000001,37.066500000000005,0.1946366665317739,7.214500000000001,up
18:21:00.873466,38.43,1073.87,6.247000000000001,38.46149999999999,0.1624221624221625,6.247000000000001,up
18:21:00.883182,39.2,1025.05,4.998500000000002,36.41649999999998,0.1372592094242995,4.998500000000002,up
18:21:00.893864,33.66,918.54,5.1175000000000015,44.611499999999985,0.1147125741120563,5.1175000000000015,up
18:21:00.905351,30.94,892.7,5.750000000000002,45.26599999999997,0.1270269076127779,5.750000000000002,up
18:21:00.913380,26.92,869.73,6.6795,51.74499999999996,0.1290849357425839,6.6795,down
18:21:00.930421,26.46,846.07,7.8705,58.515499999999975,0.1345028240380754,7.8705,up
18:21:00.938806,31.04,829.45,7.593499999999999,63.75699999999997,0.1191006477720093,7.593499999999999,up
18:21:00.951382,29.27,949.01,6.531499999999999,58.99299999999996,0.1107165256894886,6.531499999999999,up
18:21:00.961459,25.53,917.62,5.8774999999999995,54.94099999999996,0.1069783950055514,5.8774999999999995,up
18:21:00.975245,24.26,1022.85,5.7795,65.27699999999997,0.0885380761983547,5.7795,up
18:21:00.985434,19.77,981.04,6.537999999999999,64.0925,0.1020088153840152,6.537999999999999,up
18:21:00.995489,18.4,944.5,7.3285,64.279,0.1140107966832091,7.3285,up
18:21:01.005906,22.77,912.89,7.135499999999999,56.32000000000001,0.1266956676136363,7.135499999999999,up
18:21:01.013188,28.56,885.91,6.604499999999999,50.54250000000001,0.1306722065588365,6.604499999999999,up
18:21:01.029961,30.04,997.34,5.8195,47.990500000000026,0.1212635834175513,5.8195,up
18:21:01.042329,26.97,958.37,4.656,40.59950000000003,0.1146812152859024,4.656,up
18:21:01.051306,25.04,1058.26,4.179999999999999,42.40200000000003,0.0985802556483183,4.179999999999999,up
18:21:01.065137,21.08,1010.82,4.229,44.99000000000004,0.0939986663703044,4.229,up
18:21:01.074859,31.41,969.48,4.359,45.52200000000004,0.0957558982470013,4.359,up
18:21:01.082706,34.98,933.8,4.672,38.05750000000003,0.12276161072062,4.672,up
18:21:01.091499,37.14,903.37,4.776999999999999,36.568000000000026,0.1306333406256835,4.776999999999999,up
18:21:01.111328,30.73,1011.6,4.091,38.69350000000002,0.105728352307235,4.091,up
18:21:01.112632,30.64,970.17,3.7985,38.491500000000016,0.098684125066573,3.7985,up
18:21:01.130311,36.92,1068.61,4.1655,44.0425,0.0945790997332122,4.1655,up
18:21:01.141860,32.67,1019.3,3.921,40.29499999999999,0.0973073582330314,3.921,up
18:21:01.156434,33.65,975.93,4.01,40.87799999999999,0.0980967757718088,4.01,up
18:21:01.164154,31.93,938.97,4.0225,33.82899999999999,0.1189068550651807,4.0225,up
18:21:01.177894,34.58,907.45,3.8075,35.95499999999998,0.105896259212905,3.8075,up
18:21:01.185006,27.69,879.22,3.6785,42.91199999999997,0.0857219425801641,3.6785,up
18:21:01.198409,32.18,855.58,2.8055,49.79849999999996,0.0563370382642047,2.8055,up
18:21:01.208581,34.98,972.82,2.1235,45.12449999999997,0.0470586931711155,2.1235,up
18:21:01.217057,39.51,935.82,2.6154999999999995,42.23199999999996,0.0619317105512408,2.6154999999999995,up
18:21:01.234840,49.12,1040.34,4.086,50.64199999999995,0.0806840172189092,4.086,up
18:21:01.246496,48.59,993.9,4.910000000000001,45.956999999999965,0.1068390016754793,4.910000000000001,up
18:21:01.256901,51.52,953.43,6.424000000000001,43.79949999999996,0.1466683409627965,6.424000000000001,up
18:21:01.267102,41.26,918.03,6.664500000000001,43.99149999999996,0.151495175204301,6.664500000000001,down
18:21:01.278682,41.28,888.31,6.717000000000001,44.444999999999965,0.1511306108673643,6.717000000000001,up
18:21:01.291779,34.67,1000.45,7.1465000000000005,43.78999999999997,0.1631993605846085,7.1465000000000005,down
18:21:01.300476,29.93,959.5,7.645000000000001,36.55849999999999,0.2091168948397774,7.645000000000001,down
18:21:01.312459,35.51,1060.28,8.108,36.071499999999986,0.2247757925231832,8.108,up
18:21:01.324468,31.19,1010.58,8.772000000000002,39.326999999999984,0.223052864444275,8.772000000000002,up
18:21:01.335578,44.57,966.9,8.467000000000002,38.80199999999999,0.2182104015256946,8.467000000000002,down
18:21:01.346765,46.42,929.67,7.481500000000002,33.71050000000001,0.2219338188398273,7.481500000000002,down
18:21:01.354566,43.64,897.94,6.271000000000001,35.762499999999996,0.1753512757777001,6.271000000000001,down
18:21:01.369743,36.77,869.09,4.8215,42.589000000000006,0.1132099837986334,4.8215,up
18:21:01.381708,30.53,845.82,4.981,50.529,0.0985770547606325,4.981,up
18:21:01.393580,25.68,966.11,5.8325000000000005,46.998,0.1241010255755564,5.8325000000000005,up
18:21:01.403246,25.89,928.54,6.007000000000001,43.02,0.1396327289632729,6.007000000000001,down
18:21:01.411749,24.29,895.18,5.8675000000000015,46.108999999999995,0.1272528139842547,5.8675000000000015,up
18:21:01.425107,24.75,867.19,5.991000000000001,41.30200000000001,0.1450535083046825,5.991000000000001,up
18:21:01.438759,36.94,842.86,5.400500000000001,43.284,0.1247689677478976,5.400500000000001,up
18:21:01.445817,34.51,820.76,5.269500000000001,48.0715,0.1096179649064414,5.269500000000001,up
18:21:01.458467,37.45,802.8,5.2475000000000005,51.25250000000001,0.1023852495000243,5.2475000000000005,up
18:21:01.472192,34.43,931.48,5.205499999999999,51.734000000000016,0.1006204816948234,5.205499999999999,up
18:21:01.483671,27.87,897.18,5.114000000000001,45.784000000000006,0.1116984099248645,5.114000000000001,up
18:21:01.492215,30.84,866.15,4.7015,37.41100000000001,0.1256715939162278,4.7015,up
18:21:01.502084,30.41,840.61,3.782000000000001,39.68650000000002,0.0952968893704408,3.782000000000001,up
18:21:01.508285,26.94,817.93,3.4045,41.739500000000014,0.0815654236394781,3.4045,up
18:21:01.528779,21.93,798.13,3.367999999999999,42.70750000000001,0.0788620265761282,3.367999999999999,up
18:21:01.532511,21.88,781.23,3.6315,43.04800000000001,0.084359319829028,3.6315,up
18:21:01.549662,23.51,692.03,3.8655,50.40950000000002,0.0766819746277983,3.8655,up
18:21:01.560925,31.76,690.4,3.928500000000001,56.26850000000002,0.0698170379519624,3.928500000000001,up
18:21:01.573443,31.62,821.44,3.6835,49.91000000000002,0.0738028451212181,3.6835,up
18:21:01.582105,30.38,801.06,3.614,44.41950000000002,0.0813606636724861,3.614,up
18:21:01.595125,42.84,782.32,4.725500000000001,44.54750000000002,0.1060777821426566,4.725500000000001,up
18:21:01.607675,39.62,766.34,5.4995,45.43250000000002,0.1210477081384471,5.4995,up
18:21:01.615885,38.81,752.69,6.259,45.73500000000002,0.1368536132065157,6.259,up
18:21:01.628280,31.14,739.69,5.9145,45.487000000000016,0.1300261613208169,5.9145,up
18:21:01.634945,32.46,729.03,5.122,44.175000000000026,0.1159479343520089,5.122,up
18:21:01.652129,28.67,873.16,4.5495,50.59400000000002,0.0899217298493892,4.5495,up
18:21:01.663890,26.17,843.7,4.538500000000001,44.799500000000016,0.1013069342291766,4.538500000000001,up
18:21:01.672079,39.52,816.8,5.024500000000001,35.31400000000001,0.1422806818825394,5.024500000000001,up
18:21:01.685420,38.69,794.34,5.087999999999999,35.73949999999999,0.1423634913750892,5.087999999999999,up
18:21:01.692283,34.61,774.75,5.166500000000001,35.2745,0.146465577116614,5.166500000000001,up
18:21:01.708655,31.86,757.15,4.089499999999999,34.88650000000002,0.1172229945680993,4.089499999999999,up
18:21:01.717997,32.51,742.59,3.1695,34.83400000000002,0.0909886892116896,3.1695,up
18:21:01.730339,35.25,705.96,2.6649999999999996,37.924500000000016,0.0702711967197985,2.6649999999999996,up
18:21:01.742040,28.44,698.96,3.045499999999999,41.21400000000001,0.0738947930314941,3.045499999999999,up
18:21:01.747239,26.05,691.17,3.5819999999999994,45.64350000000001,0.0784777679187616,3.5819999999999994,up
18:21:01.758786,22.89,684.96,4.2095,40.770000000000024,0.1032499386804022,4.2095,up
18:21:01.774194,29.24,678.75,3.951999999999999,38.38550000000003,0.1029555431087258,3.951999999999999,up
18:21:01.785188,30.33,672.99,3.280499999999999,38.82150000000004,0.0845021444302769,3.280499999999999,up
18:21:01.795030,32.16,668.05,3.0755,40.922000000000054,0.0751551732564389,3.0755,up
18:21:01.811047,26.42,662.49,3.2079999999999997,43.10100000000005,0.0744298276142084,3.2079999999999997,up
18:21:01.813239,24.16,658.62,3.5084999999999993,44.08500000000004,0.0795848928206872,3.5084999999999993,up
18:21:01.831226,27.0,653.52,3.5780000000000003,43.98400000000005,0.0813477628228446,3.5780000000000003,up
18:21:01.843109,27.61,649.61,3.3319999999999994,40.07600000000003,0.0831420301427287,3.3319999999999994,up
18:21:01.856529,28.54,645.37,3.0509999999999997,35.36700000000003,0.0862668589362964,3.0509999999999997,up
18:21:01.864801,25.05,641.74,2.6629999999999994,29.77050000000003,0.0894509665608571,2.6629999999999994,up
18:21:01.874384,31.62,638.19,2.0879999999999996,25.067500000000024,0.0832951032213023,2.0879999999999996,up
18:21:01.889740,26.88,634.27,1.8359999999999992,22.244500000000023,0.0825372564004584,1.8359999999999992,down
18:21:01.901606,30.71,631.37,2.099999999999999,20.90950000000002,0.1004328176187855,2.099999999999999,down
18:21:01.910421,27.9,627.1,2.0529999999999995,19.853500000000015,0.1034074596418766,2.0529999999999995,down
18:21:01.921864,23.76,623.91,2.0709999999999997,18.901500000000016,0.1095680237018225,2.0709999999999997,down
18:21:01.933157,19.24,619.85,2.4095,18.216000000000015,0.1322738252086077,2.4095,down
18:21:01.941877,16.93,616.85,3.369,17.578000000000003,0.1916600295824325,3.369,down
18:21:01.955895,23.86,613.85,3.5489999999999995,17.025500000000005,0.2084520278405919,3.5489999999999995,down
18:21:01.966404,27.2,610.4,3.5489999999999995,16.54600000000001,0.2144929288045447,3.5489999999999995,down
18:21:01.980296,29.1,607.48,3.5295,16.1045,0.2191623459281567,3.5295,down
18:21:01.991517,26.36,603.65,3.2009999999999996,15.786500000000018,0.2027681880087413,3.2009999999999996,down
18:21:02.000544,24.1,600.86,3.2714999999999996,15.50600000000001,0.2109828453501868,3.2714999999999996,down
18:21:02.011886,19.88,597.15,3.3409999999999997,15.391500000000011,0.2170678621316958,3.3409999999999997,down
18:21:02.024129,20.02,594.46,3.6605,15.194000000000011,0.2409174674213503,3.6605,down
18:21:02.035923,19.04,591.75,3.595999999999999,14.97000000000001,0.2402137608550432,3.595999999999999,down
18:21:02.043620,17.56,588.55,3.2275,14.702500000000017,0.2195204897126337,3.2275,down
18:21:02.056716,20.59,586.31,2.3595,14.375000000000028,0.1641391304347823,2.3595,down
18:21:02.068428,18.88,582.63,2.2915,14.154000000000035,0.1618976967641652,2.2915,down
18:21:02.081661,16.27,579.97,2.5360000000000005,13.957000000000033,0.1817009385971193,2.5360000000000005,down
18:21:02.090797,18.86,576.4,2.39,13.892000000000037,0.172041462712352,2.39,down
18:21:02.100599,15.52,573.83,2.7080000000000006,13.78200000000002,0.196488172979248,2.7080000000000006,down
18:21:02.115482,19.9,570.79,2.6890000000000005,13.701000000000027,0.1962630464929563,2.6890000000000005,down
18:21:02.124779,18.0,568.23,2.366,13.510500000000018,0.175123052440694,2.366,down
18:21:02.132042,25.89,565.65,2.689,13.316000000000011,0.2019375187744065,2.689,down
18:21:02.143885,31.21,562.59,3.633000000000001,13.187000000000006,0.2754985971032076,3.633000000000001,down
18:21:02.160550,29.97,560.02,4.253,13.0455,0.3260128013491242,4.253,down
18:21:02.171999,24.17,556.54,4.5675,13.072999999999997,0.3493842270328158,4.5675,down
18:21:02.180984,21.89,554.52,4.524500000000001,12.997499999999995,0.348105404885555,4.524500000000001,down
18:21:02.193427,25.88,551.5,4.4415,12.945999999999998,0.3430789433029508,4.4415,down
18:21:02.198155,30.73,548.98,4.952,12.803500000000003,0.3867692427851758,4.952,down
18:21:02.215093,35.93,546.44,5.6125,12.627500000000005,0.4444664422886556,5.6125,down
18:21:02.224924,35.85,543.43,6.3105,12.4695,0.5060748225670636,6.3105,down
18:21:02.231319,32.3,541.38,6.4185,12.325500000000003,0.5207496653279784,6.4185,down
18:21:02.249963,30.52,537.89,5.726999999999999,12.307000000000013,0.4653449256520675,5.726999999999999,down
18:21:02.262222,25.71,535.88,4.946499999999999,12.237500000000017,0.4042083758937684,4.946499999999999,down
18:21:02.269070,25.36,532.43,4.172499999999999,12.25900000000002,0.3403621828860423,4.172499999999999,down
18:21:02.282193,29.7,530.46,3.735499999999999,12.156500000000012,0.3072841689631058,3.735499999999999,down
18:21:02.291187,34.53,527.5,4.0265,12.128000000000004,0.3320003298153033,4.0265,down
18:21:02.307113,31.11,524.6,3.7605,12.0945,0.3109264541733846,3.7605,down
18:21:02.315483,25.96,522.21,3.675499999999999,12.05649999999999,0.3048563015800608,3.675499999999999,down
18:21:02.326927,25.01,519.34,3.1809999999999987,12.082999999999988,0.2632624348257885,3.1809999999999987,down
18:21:02.340290,29.38,517.42,2.4049999999999985,12.028999999999993,0.1999334940560312,2.4049999999999985,down
18:21:02.352506,26.21,514.07,2.368499999999999,12.063999999999982,0.1963279177718835,2.368499999999999,down
18:21:02.360784,28.9,512.19,2.492499999999999,11.950499999999971,0.2085686791347646,2.492499999999999,down
18:21:02.373146,28.28,509.32,2.0699999999999994,11.912999999999975,0.1737597582472931,2.0699999999999994,down
18:21:02.380888,32.85,506.96,2.156999999999999,11.80449999999998,0.1827269261722227,2.156999999999999,down
18:21:02.398060,34.49,504.58,2.6509999999999994,11.726499999999987,0.2260691595957875,2.6509999999999994,down
18:21:02.405588,32.48,501.75,2.594499999999999,11.651,0.2226847480902926,2.594499999999999,down
18:21:02.414009,33.54,499.42,3.015499999999999,11.556,0.2609466943579092,3.015499999999999,down
18:21:02.430518,29.53,496.18,2.5374999999999996,11.557500000000005,0.2195544019035257,2.5374999999999996,down
18:21:02.442560,25.09,494.41,2.4639999999999995,11.48300000000001,0.2145780719324216,2.4639999999999995,down
18:21:02.450800,29.16,491.65,2.4664999999999995,11.478500000000002,0.2148799930304481,2.4664999999999995,down
18:21:02.461159,35.01,489.84,2.7084999999999995,11.355000000000018,0.238529282254513,2.7084999999999995,down
18:21:02.475659,40.08,487.5,3.3154999999999992,11.263500000000027,0.2943578816531266,3.3154999999999992,down
18:21:02.488683,35.52,484.7,3.5170000000000003,11.17750000000002,0.314649966450458,3.5170000000000003,down
18:21:02.494794,34.44,482.42,3.191,11.096500000000017,0.2875681521200374,3.191,down
18:21:02.508204,28.12,479.23,3.1449999999999996,11.131500000000011,0.2825315545973136,3.1449999999999996,down
18:21:02.519058,27.23,477.07,3.2415,11.153499999999998,0.2906262608149909,3.2415,down
18:21:02.530326,24.66,474.0,3.2700000000000005,11.23,0.2911843276936777,3.2700000000000005,down
18:21:02.539845,24.55,472.38,3.671499999999999,11.152000000000005,0.329223457675753,3.671499999999999,down
18:21:02.552683,30.79,469.76,3.316499999999999,11.122500000000011,0.2981793661496961,3.316499999999999,down
18:21:02.566508,30.76,467.64,3.299499999999999,11.022000000000014,0.299355833786971,3.299499999999999,down
18:21:02.574933,33.3,465.5,3.1514999999999995,10.951000000000004,0.2877819377225822,3.1514999999999995,down
18:21:02.584857,31.64,462.45,2.4964999999999997,10.995000000000005,0.2270577535243291,2.4964999999999997,down
18:21:02.595689,32.17,460.86,2.4034999999999997,10.9565,0.2193674987450371,2.4034999999999997,down
18:21:02.608144,25.99,457.83,2.7034999999999996,10.982500000000003,0.2461643523787842,2.7034999999999996,down
18:21:02.622216,21.72,456.26,2.942,10.862000000000004,0.270852513349291,2.942,down
18:21:02.631294,23.53,453.7,2.996,10.729500000000012,0.2792301598396939,2.996,down
18:21:02.643718,31.61,451.64,2.611,10.52100000000001,0.2481703260146371,2.611,down
18:21:02.655849,44.51,449.56,3.533,10.381500000000011,0.3403169098877807,3.533,down
18:21:02.668602,48.52,447.02,5.141000000000001,10.277500000000003,0.5002189248358063,5.141000000000001,down
18:21:02.680086,46.74,445.43,6.623,10.181500000000003,0.650493542208908,6.623,down
18:21:02.685496,44.92,667.2,7.6720000000000015,30.400000000000013,0.2523684210526315,7.6720000000000015,down
18:21:02.700261,37.97,633.25,7.875500000000001,47.153000000000006,0.1670201259728967,7.875500000000001,up
18:21:02.712562,32.5,826.19,8.009500000000001,83.25300000000001,0.0962067433005417,8.009500000000001,up
18:21:02.724919,32.2,769.05,7.968000000000001,113.573,0.0701575198330589,7.968000000000001,down
18:21:02.734423,30.85,764.99,7.678999999999999,134.69350000000003,0.0570109173790865,7.678999999999999,down
18:21:02.744483,32.63,936.06,7.461499999999999,162.24949999999998,0.0459878150626042,7.461499999999999,down
18:21:02.757993,28.9,863.64,8.017999999999999,176.0025,0.0455561710771153,8.017999999999999,down
18:21:02.768633,29.2,1019.72,7.0234999999999985,200.294,0.0350659530490179,7.0234999999999985,down
18:21:02.778663,24.02,936.29,6.166999999999999,213.1585,0.028931522787034,6.166999999999999,down
18:21:02.788688,22.68,1079.94,5.568,235.706,0.0236226485537067,5.568,down
18:21:02.802093,32.39,1200.17,4.352999999999999,244.516,0.0178025159907736,4.352999999999999,down
18:21:02.811507,36.06,1091.71,4.516499999999999,242.2425,0.0186445400786402,4.516499999999999,down
18:21:02.823756,41.24,1209.57,5.214499999999999,228.278,0.0228427618955834,5.214499999999999,down
18:21:02.836551,43.19,1100.31,6.068,201.91900000000004,0.0300516543762597,6.068,down
18:21:02.845785,46.32,1215.38,7.010499999999999,192.723,0.0363760422990509,7.010499999999999,down
18:21:02.861165,37.87,1311.8,7.107999999999999,185.71850000000003,0.0382729776516609,7.107999999999999,down
18:21:02.868568,35.38,1388.33,6.501999999999998,194.773,0.0333824503396261,6.501999999999998,down
18:21:02.879949,35.04,1456.49,6.2334999999999985,194.665,0.0320216782677933,6.2334999999999985,down
18:21:02.892429,29.07,1315.37,6.065499999999998,191.08750000000003,0.0317420030090926,6.065499999999998,down
18:21:02.930748,35.76,1393.03,5.195999999999998,180.529,0.0287820793335142,5.195999999999998,down
18:21:02.930748,39.87,1246.3,5.399999999999998,153.772,0.0351169263585047,5.399999999999998,down
18:21:02.932767,47.91,1333.7,5.850499999999998,140.23,0.041720744491193,5.850499999999998,down
18:21:02.938287,41.67,1406.18,5.158999999999998,125.23800000000004,0.0411935674475797,5.158999999999998,down
18:21:02.972369,34.18,1466.42,4.265499999999998,130.73050000000003,0.0326281931148431,4.265499999999998,down
18:21:02.974520,39.45,1516.72,3.147999999999999,130.37900000000008,0.0241449926752007,3.147999999999999,down
18:21:02.976528,36.74,1373.13,2.8324999999999996,110.55500000000002,0.0256207317624711,2.8324999999999996,down
18:21:02.982222,37.84,1436.49,2.8534999999999995,90.43450000000004,0.0315532236038237,2.8534999999999995,down
18:21:02.995139,31.4,1305.41,3.3745000000000003,73.0395,0.0462010282107626,3.3745000000000003,up
18:21:03.007217,41.07,1378.01,2.9520000000000004,63.501,0.0464874568904426,2.9520000000000004,up
18:21:03.015266,34.87,1437.92,3.314500000000001,55.13950000000002,0.0601111725713871,3.314500000000001,up
18:21:03.026790,36.5,1487.07,3.1030000000000024,58.43800000000001,0.0530990109175536,3.1030000000000024,up
18:21:03.039641,32.34,1527.96,2.6270000000000024,65.50200000000002,0.0401056456291411,2.6270000000000024,up
18:21:03.050039,27.78,1388.51,3.137500000000002,62.206999999999994,0.0504364460591252,3.137500000000002,up
18:21:03.058138,37.03,1443.77,2.915000000000002,52.32299999999998,0.0557116373296638,2.915000000000002,up
18:21:03.073378,37.46,1317.81,2.735500000000001,49.187999999999974,0.0556131576807351,2.735500000000001,down
18:21:03.085157,41.1,1382.36,3.120000000000001,50.44700000000001,0.0618470870418459,3.120000000000001,up
18:21:03.094925,38.43,1435.92,3.231500000000002,49.129000000000005,0.0657758146919335,3.231500000000002,up
18:21:03.108656,42.36,1479.69,3.154,45.63900000000002,0.0691075615153705,3.154,up
18:21:03.111788,39.97,1516.05,3.1839999999999997,52.4085,0.0607535037255407,3.1839999999999997,up
18:21:03.130701,32.65,1384.0,3.2659999999999996,53.4105,0.0611490250044466,3.2659999999999996,up
18:21:03.142370,28.99,1434.34,4.0125,46.91600000000004,0.0855251939636797,4.0125,up
18:21:03.155245,23.91,1315.37,4.918,47.44600000000003,0.1036546811111578,4.918,up
18:21:03.163289,33.35,1375.2,4.517,45.97350000000005,0.0982522540159003,4.517,up
18:21:03.173828,32.73,1265.45,4.743500000000001,57.09000000000001,0.0830881064985111,4.743500000000001,up
18:21:03.188719,34.96,1331.51,4.740000000000001,52.78799999999999,0.0897931348033644,4.740000000000001,up
18:21:03.200299,32.45,1386.84,4.365500000000001,49.91599999999997,0.0874569276384326,4.365500000000001,up
18:21:03.207537,30.39,1277.42,4.429,57.76349999999995,0.076674716732885,4.429,up
18:21:03.218696,38.2,1339.63,4.4685000000000015,55.264999999999944,0.0808558762326971,4.4685000000000015,up
18:21:03.231804,38.12,1238.51,4.7390000000000025,57.45049999999996,0.0824884030600256,4.7390000000000025,up
18:21:03.243306,43.08,1306.23,5.283500000000002,53.58699999999997,0.0985966745665927,5.283500000000002,up
18:21:03.253302,41.53,1210.89,5.195500000000001,63.49899999999993,0.0818201861446638,5.195500000000001,up
18:21:03.261591,33.35,1281.55,3.9425,55.12749999999992,0.0715160310190015,3.9425,up
18:21:03.277136,32.1,1340.34,3.7585,56.37549999999992,0.0666690317602505,3.7585,up
18:21:03.289930,30.98,1319.21,3.8085,45.25149999999995,0.084162955924113,3.8085,up
18:21:03.301515,25.87,1370.2,4.431,45.83249999999997,0.0966781214203895,4.431,up
18:21:03.309040,21.4,1269.42,5.504500000000001,48.13749999999996,0.1143495196052974,5.504500000000001,up
18:21:03.321996,28.19,1327.61,5.7280000000000015,39.40849999999996,0.1453493535658552,5.7280000000000015,up
18:21:03.333248,28.75,1233.94,5.456,43.62499999999996,0.1250659025787966,5.456,up
18:21:03.343697,29.86,1296.73,4.969000000000001,34.39399999999994,0.1444728731755541,4.969000000000001,up
18:21:03.354903,28.93,1348.42,4.011500000000001,36.71799999999995,0.109251593224032,4.011500000000001,up
18:21:03.367128,29.97,1390.67,3.331500000000001,33.45299999999998,0.0995874809434132,3.331500000000001,up
18:21:03.380730,25.96,1426.26,3.5390000000000006,41.4475,0.0853851257615055,3.5390000000000006,up
18:21:03.392081,22.94,1322.18,3.8865000000000007,37.073999999999984,0.1048308787829746,3.8865000000000007,up
18:21:03.401228,30.92,1366.92,3.8140000000000014,39.3155,0.0970100850809477,3.8140000000000014,up
18:21:03.407349,31.23,1272.41,3.35,38.81599999999999,0.0863046166529266,3.35,up
18:21:03.424531,34.5,1324.4,2.728,36.52950000000001,0.074679368729383,2.728,up
18:21:03.436335,32.39,1234.4,2.522,43.92950000000001,0.0574101685655425,2.522,up
18:21:03.445703,31.21,1289.89,2.319500000000001,41.27450000000002,0.0561969254624525,2.319500000000001,up
18:21:03.457556,32.51,1335.41,2.408,41.35000000000001,0.0582345828295042,2.408,up
18:21:03.470744,32.73,1248.78,2.5124999999999997,44.756,0.0561377245508981,2.5124999999999997,up
18:21:03.483097,31.95,1300.73,2.4909999999999997,39.10249999999997,0.06370436672847,2.4909999999999997,up
18:21:03.492165,26.96,1220.37,2.6659999999999995,37.36799999999997,0.0713444658531364,2.6659999999999995,up
18:21:03.498455,33.13,1275.52,2.209,37.81499999999997,0.0584159724976861,2.209,up
18:21:03.515657,36.35,1199.11,2.3539999999999996,42.409999999999975,0.0555057769394011,2.3539999999999996,up
18:21:03.524323,34.13,1256.83,2.266,38.09599999999999,0.0594813103737925,2.266,up
18:21:03.540180,36.37,1304.7,2.1305,41.788,0.050983535943333,2.1305,up
18:21:03.541865,32.56,1225.71,1.8914999999999993,36.9455,0.0511970334682166,1.8914999999999993,up
18:21:03.561078,31.48,1278.1,1.9314999999999989,34.79800000000001,0.0555060635668716,1.9314999999999989,up
18:21:03.573107,33.38,1204.15,1.8319999999999992,39.11299999999999,0.046838646997162,1.8319999999999992,up
18:21:03.585042,32.78,1258.73,1.6984999999999992,31.757,0.0534842711843058,1.6984999999999992,up
18:21:03.593883,26.74,1187.38,2.2839999999999994,36.0735,0.0633151759601923,2.2839999999999994,up
18:21:03.606994,35.59,1244.33,2.0544999999999995,29.20449999999999,0.0703487476245099,2.0544999999999995,up
18:21:03.617456,30.44,1290.67,2.2224999999999993,32.49500000000001,0.0683951377134943,2.2224999999999993,up
18:21:03.630471,27.13,1329.35,2.3864999999999994,32.16649999999998,0.0741920942595557,2.3864999999999994,up
18:21:03.642072,29.13,1220.76,2.5244999999999993,34.308999999999976,0.073581276050016,2.5244999999999993,up
18:21:03.652110,27.78,1269.66,2.4674999999999994,32.26949999999998,0.076465393018175,2.4674999999999994,up
18:21:03.663275,33.71,1201.64,2.734,33.211999999999975,0.0823196435023486,2.734,up
18:21:03.675113,37.47,1142.75,3.2035000000000005,40.99899999999998,0.0781360520988317,3.2035000000000005,up
18:21:03.680222,43.2,1202.96,4.317500000000001,39.09200000000001,0.1104445922439373,4.317500000000001,up
18:21:03.695955,43.36,1144.88,5.4285000000000005,45.69500000000001,0.1187985556406609,5.4285000000000005,up
18:21:03.707932,41.36,1204.67,5.478,41.11050000000003,0.1332506294012477,5.478,up
18:21:03.721187,36.09,1147.33,5.363499999999999,46.13400000000004,0.1162591581046515,5.363499999999999,up
18:21:03.732293,33.57,1206.21,5.2325,42.36450000000003,0.1235114305609648,5.2325,up
18:21:03.740958,34.02,1148.72,4.782,40.56550000000005,0.117883423105841,4.782,up
18:21:03.751433,40.78,1098.79,4.893,45.12750000000006,0.1084261259764,4.893,up
18:21:03.766650,43.44,1163.69,5.0065,44.06300000000006,0.1136214057145449,5.0065,up
18:21:03.777796,40.61,1112.5,4.74,42.626500000000085,0.1111984328997217,4.74,up
18:21:03.785617,38.5,1176.16,4.3735,35.64250000000009,0.1227046363190008,4.3735,up
18:21:03.797212,34.34,1124.08,3.7359999999999993,35.078500000000105,0.1065039839217751,3.7359999999999993,up
18:21:03.810296,29.88,1185.02,3.3489999999999993,31.262000000000107,0.1071268632844983,3.3489999999999993,up
18:21:03.823292,29.78,1132.14,3.2215000000000003,32.0460000000001,0.1005273669100664,3.2215000000000003,up
18:21:03.834394,33.95,1190.9,3.1255000000000015,29.867000000000104,0.1046472695617233,3.1255000000000015,up
18:21:03.844056,33.7,1136.76,3.040500000000001,30.225500000000107,0.1005938694148977,3.040500000000001,up
18:21:03.856416,34.66,1090.56,2.9530000000000003,29.256500000000106,0.1009348349939326,2.9530000000000003,up
18:21:03.866856,33.12,1156.55,2.655500000000001,22.60700000000009,0.117463617463617,2.655500000000001,down
18:21:03.877467,31.21,1108.37,2.485500000000002,24.466500000000092,0.1015878854760587,2.485500000000002,down
18:21:03.888872,31.94,1171.17,2.624000000000001,23.365500000000093,0.1123023260790477,2.624000000000001,down
18:21:03.901366,25.77,1120.86,3.080500000000001,22.72900000000009,0.1355316995908306,3.080500000000001,down
18:21:03.913761,26.28,1180.82,3.0885000000000016,23.751000000000072,0.1300366300366297,3.0885000000000016,down
18:21:03.925673,25.47,1129.13,2.957500000000002,21.401500000000063,0.1381912482769896,2.957500000000002,down
18:21:03.933727,31.31,1084.56,2.445500000000002,24.651500000000084,0.0992028882623772,2.445500000000002,down
18:21:03.945307,34.92,1150.52,2.7520000000000016,22.93950000000005,0.1199677412323719,2.7520000000000016,down
18:21:03.958805,31.78,1103.72,2.727500000000001,24.469000000000033,0.1114675712125545,2.727500000000001,down
18:21:03.969725,33.91,1166.29,2.948000000000001,22.726500000000016,0.1297164103579521,2.948000000000001,down
18:21:03.978401,28.38,1118.08,3.1335,22.428500000000017,0.1397106360211337,3.1335,down
18:21:03.991599,26.28,1177.99,3.2284999999999995,23.636999999999993,0.1365867072809578,3.2284999999999995,down
18:21:04.001097,22.81,1127.63,3.5335,21.260499999999983,0.1662002304743539,3.5335,down
18:21:04.014864,34.14,1084.64,3.2870000000000004,24.275499999999973,0.1354040081563718,3.2870000000000004,down
18:21:04.024203,31.14,1149.25,2.766,22.94599999999996,0.1205438856445569,2.766,down
18:21:04.031289,34.68,1103.97,2.4689999999999994,24.30249999999997,0.101594486163975,2.4689999999999994,down
18:21:04.048430,34.38,1165.18,2.5909999999999997,22.13799999999995,0.1170385762038127,2.5909999999999997,down
18:21:04.057598,29.89,1118.01,2.418499999999999,20.86499999999997,0.1159118140426553,2.418499999999999,down
18:21:04.072378,29.19,1177.06,2.5274999999999994,22.59949999999997,0.1118387574946349,2.5274999999999994,down
18:21:04.081034,31.7,1128.16,2.4095,19.97949999999999,0.1205986135789184,2.4095,down
18:21:04.093649,39.52,1085.5,2.9315,23.527499999999993,0.1245988736584848,2.9315,down
18:21:04.105270,33.15,1149.12,2.6475000000000004,21.833499999999987,0.1212586163464402,2.6475000000000004,down
18:21:04.116495,28.02,1104.72,2.636,23.594999999999988,0.1117185844458572,2.636,down
18:21:04.126136,29.17,1164.96,2.4315,21.853,0.1112661877087814,2.4315,down
18:21:04.132706,24.67,1118.67,3.0355,20.240500000000004,0.1499715916108791,3.0355,down
18:21:04.151047,30.45,1176.78,2.75,22.166000000000015,0.1240638816204997,2.75,down
18:21:04.161291,28.56,1128.76,2.6944999999999997,19.52200000000001,0.1380237680565515,2.6944999999999997,down
18:21:04.166347,34.61,1086.4,3.0164999999999997,23.2435,0.1297782175662012,3.0164999999999997,down
18:21:04.183085,31.45,1050.21,2.9339999999999997,26.702000000000005,0.1098794097820387,2.9339999999999997,down
18:21:04.193859,34.41,1019.26,3.1614999999999993,35.91900000000001,0.088017483782956,3.1614999999999993,up
18:21:04.208140,29.53,1093.25,2.3974999999999995,33.52400000000003,0.0715159288867676,2.3974999999999995,up
18:21:04.219610,34.41,1056.79,2.7669999999999986,35.62100000000005,0.0776788972796944,2.7669999999999986,up
18:21:04.228948,33.4,1125.1,2.571499999999999,35.69850000000004,0.0720338389568188,2.571499999999999,up
18:21:04.240797,30.71,1084.37,2.383499999999999,33.61200000000004,0.0709121742234915,2.383499999999999,up
18:21:04.253429,36.7,1147.15,2.1984999999999992,38.870000000000054,0.0565603293028041,2.1984999999999992,up
18:21:04.264843,30.4,1102.7,2.3729999999999993,36.34350000000005,0.0652936563622104,2.3729999999999993,up
18:21:04.273085,36.83,1064.72,2.567499999999999,38.380000000000045,0.0668968212610733,2.567499999999999,up
18:21:04.285679,34.66,1131.5,2.163999999999999,38.443000000000055,0.0562911323257809,2.163999999999999,up
18:21:04.296572,29.29,1090.14,2.575499999999999,31.27800000000007,0.0823422213696525,2.575499999999999,up
18:21:04.309718,28.5,1152.61,2.584999999999999,27.498000000000054,0.0940068368608623,2.584999999999999,down
18:21:04.313931,24.3,1108.58,3.314499999999999,25.94750000000004,0.1277387031505923,3.314499999999999,down
18:21:04.331139,33.84,1167.8,3.0509999999999997,26.82400000000003,0.1137414255890246,3.0509999999999997,down
18:21:04.343528,34.72,1121.08,3.050499999999999,25.535000000000043,0.1194634814959856,3.050499999999999,down
18:21:04.355239,37.34,1081.17,3.3224999999999993,28.355500000000013,0.1171730352136269,3.3224999999999993,up
18:21:04.367155,30.42,1144.21,3.0659999999999994,25.561000000000018,0.1199483588279017,3.0659999999999994,down
18:21:04.374783,38.4,1101.77,3.2784999999999997,25.579500000000017,0.1281690416153559,3.2784999999999997,down
18:21:04.383152,32.74,1161.68,3.041,27.052000000000028,0.1124131302676325,3.041,down
18:21:04.400850,26.56,1117.1,3.467500000000001,22.98200000000002,0.150878948742494,3.467500000000001,down
18:21:04.411419,24.41,1173.79,3.723,26.941000000000013,0.1381908615121932,3.723,down
18:21:04.416619,25.25,1127.41,4.000500000000001,21.794000000000032,0.1835596953289894,4.000500000000001,down
18:21:04.432745,34.59,1086.9,3.3550000000000013,25.234500000000008,0.1329529017812915,3.3550000000000013,down
18:21:04.443362,31.19,1148.29,3.2540000000000004,22.543000000000013,0.1443463602892249,3.2540000000000004,down
18:21:04.457924,27.97,1106.02,3.2930000000000015,23.541500000000024,0.1398806363230889,3.2930000000000015,down
18:21:04.464531,23.58,1164.52,3.5455000000000014,23.046500000000044,0.1538411472457854,3.5455000000000014,down
18:21:04.475110,38.85,1120.28,4.301500000000002,20.46500000000004,0.2101881260688978,4.301500000000002,down
18:21:04.490276,38.54,1175.72,4.7825000000000015,22.946000000000055,0.2084241262093606,4.7825000000000015,down
18:21:04.498473,36.96,1129.82,5.465500000000001,19.52750000000004,0.2798873383689663,5.465500000000001,down
18:21:04.511060,38.85,1089.26,5.559500000000002,23.26400000000004,0.2389743810178813,5.559500000000002,down
18:21:04.523084,33.12,1054.14,4.916000000000002,26.120000000000033,0.1882082695252678,4.916000000000002,down
18:21:04.536094,36.14,1024.99,4.360500000000001,34.61950000000002,0.1259550253469864,4.360500000000001,up
18:21:04.546322,30.04,1096.64,4.689500000000002,32.536000000000044,0.1441326530612243,4.689500000000002,up
18:21:04.559762,27.04,1061.59,5.371,34.105500000000035,0.1574819310668365,5.371,up
18:21:04.564916,30.46,1126.83,5.5045,34.31900000000001,0.1603922025700049,5.5045,up
18:21:04.580241,29.24,1087.28,5.481999999999999,32.015000000000015,0.1712322348898952,5.481999999999999,up
18:21:04.592881,25.08,1049.23,5.225999999999999,35.56250000000001,0.1469525483304041,5.225999999999999,up
18:21:04.605663,21.94,1020.86,5.161,37.13299999999999,0.1389868849810142,5.161,up
18:21:04.614145,26.89,996.54,4.697999999999999,43.145,0.1088886313593695,4.697999999999999,up
18:21:04.626043,25.88,1072.17,4.3279999999999985,40.64,0.1064960629921259,4.3279999999999985,up
18:21:04.636532,31.12,1041.08,4.552499999999998,35.102500000000006,0.1296916174061675,4.552499999999998,up
18:21:04.643223,32.33,1109.55,4.893999999999998,30.55349999999998,0.1601780483414339,4.893999999999998,up
18:21:04.658723,31.52,1073.33,4.772999999999999,29.547499999999964,0.1615365090109148,4.772999999999999,up
18:21:04.669731,31.93,1136.04,4.221999999999999,31.902499999999957,0.1323407256484602,4.221999999999999,up
18:21:04.683342,40.72,1095.42,4.858999999999999,32.332499999999975,0.1502822237686539,4.858999999999999,up
18:21:04.695836,42.4,1060.7,5.427999999999999,32.338999999999956,0.1678468721976563,5.427999999999999,up
18:21:04.703646,41.93,1125.48,5.777499999999999,33.70799999999996,0.1713984810727425,5.777499999999999,up
18:21:04.710342,42.74,1086.72,6.0075,29.019999999999964,0.2070124052377673,6.0075,down
18:21:04.728018,34.98,1147.58,5.864999999999999,28.538499999999935,0.2055118524099028,5.864999999999999,down
18:21:04.740724,37.21,1106.41,5.7505,27.657499999999946,0.2079182861791561,5.7505,down
18:21:04.750680,37.78,1163.41,5.480999999999999,31.767499999999956,0.1725348233257262,5.480999999999999,up
18:21:04.761538,42.37,1119.88,5.374,28.173999999999985,0.190743238446795,5.374,down
18:21:04.773251,54.33,1082.23,6.336499999999999,30.6205,0.2069365294492251,6.336499999999999,down
18:21:04.785328,54.6,1143.04,7.3735,27.281,0.2702796818298449,7.3735,down
18:21:04.795619,53.94,1102.83,7.474999999999999,26.045499999999997,0.2869977539306214,7.474999999999999,down
18:21:04.807039,44.86,1160.54,6.597499999999999,29.258,0.2254938820151753,6.597499999999999,down
18:21:04.815042,36.56,1118.16,6.176499999999999,24.070999999999987,0.25659507290931,6.176499999999999,down
18:21:04.830344,40.5,1173.12,5.208999999999999,27.567499999999978,0.1889543846921194,5.208999999999999,down
18:21:04.841637,36.08,1128.86,5.611999999999999,22.365500000000004,0.2509221792492901,5.611999999999999,down
18:21:04.850188,31.72,1090.58,6.4719999999999995,25.194999999999983,0.2568763643580076,6.4719999999999995,down
18:21:04.861274,33.16,1056.5,7.271000000000001,25.90399999999998,0.2806902408894381,7.271000000000001,down
18:21:04.876328,37.13,1028.22,7.1275,33.457999999999956,0.2130282742542892,7.1275,down
18:21:04.888781,32.84,1098.16,6.227500000000001,31.599999999999937,0.197072784810127,6.227500000000001,down
18:21:04.899390,27.32,1064.1,5.8825,32.249999999999936,0.1824031007751941,5.8825,up
18:21:04.907904,22.59,1128.2,5.930000000000001,33.222499999999926,0.1784934908571002,5.930000000000001,up
18:21:04.914471,24.67,1089.65,6.532500000000001,29.90849999999992,0.2184161693164157,6.532500000000001,down
18:21:04.933759,37.97,1055.34,6.43,33.29999999999994,0.1930930930930934,6.43,down
18:21:04.943725,42.5,1025.98,7.286499999999999,34.22349999999995,0.2129092582582146,7.286499999999999,down
18:21:04.953687,37.4,1000.82,7.191,39.72249999999994,0.1810309018818053,7.191,down
18:21:04.964787,36.58,1075.87,6.3904999999999985,37.90049999999994,0.1686125512856033,6.3904999999999985,up
18:21:04.975594,32.85,1044.16,5.7494999999999985,33.20449999999991,0.1731542411420143,5.7494999999999985,up
18:21:04.988727,26.86,1112.24,6.179499999999999,29.202499999999937,0.2116085951545248,6.179499999999999,down
18:21:04.998290,26.16,1075.55,6.171499999999999,28.541499999999967,0.2162289998773717,6.171499999999999,down
18:21:05.010940,23.99,1138.0,5.858,31.130999999999965,0.1881725611127174,5.858,up
18:21:05.023763,26.78,1097.46,4.9625,31.30199999999997,0.1585361957702384,4.9625,up
18:21:05.035092,25.16,1062.36,4.599,31.489499999999992,0.1460486828942981,4.599,up
18:21:05.042726,32.93,1126.96,4.4094999999999995,33.136999999999986,0.1330687750852521,4.4094999999999995,up
18:21:05.050192,32.03,1088.35,3.718000000000001,28.671499999999988,0.1296758104738155,3.718000000000001,up
18:21:05.068523,28.28,1148.59,3.349000000000001,28.29199999999999,0.1183726848579104,3.349000000000001,down
18:21:05.080373,37.0,1107.2,4.121,27.22200000000001,0.1513849092645653,4.121,down
18:21:05.092590,34.92,1164.15,4.669500000000001,31.109000000000044,0.1501012568710018,4.669500000000001,up
18:21:05.098393,44.48,1120.44,5.5035,27.545500000000025,0.1997967000054453,5.5035,down
18:21:05.114118,42.89,1082.64,6.151999999999999,30.091000000000015,0.2044465122461864,6.151999999999999,down
18:21:05.124483,48.32,1143.91,7.005,26.87100000000001,0.260689963157307,7.005,down
18:21:05.136510,38.85,1103.49,6.9864999999999995,25.729000000000024,0.2715418399471411,6.9864999999999995,down
18:21:05.141704,34.81,1161.18,6.632,28.817500000000024,0.2301379370174371,6.632,down
18:21:05.159098,32.67,1118.63,6.653499999999999,23.783000000000023,0.2797586511373667,6.653499999999999,down
18:21:05.170147,27.34,1173.14,7.257,27.255500000000012,0.2662581864210891,7.257,down
18:21:05.183078,38.34,1128.81,7.253,22.105500000000013,0.3281083893148762,7.253,down
18:21:05.188812,40.99,1090.02,6.5495,25.079,0.2611547509868814,6.5495,down
18:21:05.199576,46.79,1148.57,6.501499999999998,22.03049999999999,0.2951135925194617,6.501499999999998,down
18:21:05.216258,39.01,1107.72,5.077,22.9685,0.2210418616801271,5.077,down
18:21:05.227806,37.3,1163.61,4.1655,22.57549999999997,0.1845141857323206,4.1655,down
18:21:05.244226,33.47,1210.45,3.1610000000000005,26.74249999999998,0.1182013648686548,3.1610000000000005,down
18:21:05.249381,27.93,1161.43,3.6845,26.36499999999997,0.1397496681206146,3.6845,down
18:21:05.260834,37.68,1208.16,3.5885000000000007,27.932999999999975,0.1284681201446319,3.5885000000000007,up
18:21:05.267796,31.06,1159.93,3.9025000000000007,27.91749999999998,0.1397868720336707,3.9025000000000007,down
18:21:05.280854,37.5,1206.44,3.049500000000001,28.396999999999984,0.107388104377223,3.049500000000001,down
18:21:05.291928,32.41,1158.45,3.481500000000002,28.201499999999992,0.123450880272326,3.481500000000002,down
18:21:05.305515,34.17,1203.85,3.3985,28.873999999999985,0.1177010459236684,3.3985,up
18:21:05.313939,32.47,1241.34,2.8465000000000007,32.24049999999998,0.0882895736728649,2.8465000000000007,up
18:21:05.330538,33.95,1189.65,2.862500000000001,31.350499999999972,0.0913063587502592,2.862500000000001,up
18:21:05.335018,37.91,1229.3,3.1530000000000005,31.04099999999999,0.101575335846139,3.1530000000000005,up
18:21:05.348385,31.55,1112.22,2.8840000000000003,32.31799999999999,0.0892381954328857,2.8840000000000003,up
18:21:05.360368,39.33,1162.28,2.5985,35.10949999999998,0.0740113074808812,2.5985,up
18:21:05.374314,36.47,1124.51,2.820499999999999,34.93899999999999,0.080726408884055,2.820499999999999,up
18:21:05.380504,47.79,1173.22,3.424499999999999,35.68549999999998,0.0959633464572445,3.424499999999999,up
18:21:05.396853,42.36,1134.21,4.1194999999999995,34.46349999999998,0.1195322587665211,4.1194999999999995,up
18:21:05.407676,36.17,1181.07,3.635499999999999,34.632999999999974,0.1049721364016978,3.635499999999999,up
18:21:05.416762,42.35,1140.83,3.9949999999999983,33.19199999999999,0.1203603277898288,3.9949999999999983,up
18:21:05.432296,39.96,1105.49,3.994,32.03749999999998,0.1246664065548186,3.994,up
18:21:05.440909,40.87,1156.04,4.092499999999999,32.087999999999994,0.1275398903016704,4.092499999999999,up
18:21:05.451040,34.37,1119.72,4.2,31.452499999999993,0.1335346951752643,4.2,up
18:21:05.465411,34.42,1168.64,4.5565,25.02000000000001,0.1821143085531573,4.5565,down
18:21:05.478144,30.8,1130.83,4.771,22.24200000000001,0.2145040913586906,4.771,down
18:21:05.484176,31.95,1178.13,5.141499999999999,20.066000000000013,0.2562294428386323,5.141499999999999,down
18:21:05.498095,35.67,1139.29,3.9194999999999993,19.32150000000002,0.2028569210465023,3.9194999999999993,down
18:21:05.510605,31.56,1184.48,3.564000000000001,19.57200000000003,0.1820968730839973,3.564000000000001,down
18:21:05.523205,32.86,1126.72,3.702500000000001,20.51350000000003,0.1804908962390618,3.702500000000001,down
18:21:05.531482,28.83,1094.5,3.664999999999999,21.877500000000015,0.1675237115758197,3.664999999999999,down
18:21:05.543928,34.1,1146.16,3.592999999999999,17.61450000000005,0.2039796758352487,3.592999999999999,down
18:21:05.555040,28.81,1112.3,3.829999999999999,19.130000000000045,0.2002090956612645,3.829999999999999,down
18:21:05.568486,30.96,1161.35,3.3819999999999992,19.212500000000052,0.1760312296681842,3.3819999999999992,down
18:21:05.576018,31.93,1125.61,2.8779999999999997,18.13700000000004,0.1586811490323644,2.8779999999999997,down
18:21:05.588708,35.58,1172.72,2.5004999999999997,20.467500000000047,0.1221692927812382,2.5004999999999997,down
18:21:05.600085,46.85,1135.66,3.3345,17.67950000000001,0.1886082751209026,3.3345,down
18:21:05.608204,50.03,1179.99,5.073,21.510500000000008,0.2358383115222797,5.073,down
18:21:05.624523,55.95,1217.04,6.971500000000001,25.518999999999988,0.2731886045691447,6.971500000000001,down
18:21:05.634135,52.09,1174.78,8.543000000000001,26.287499999999984,0.3249833571088923,8.543000000000001,down
18:21:05.644501,47.67,1212.69,8.71,26.797000000000008,0.3250363846699257,8.71,down
18:21:05.657799,49.31,1171.0,8.853,26.539500000000004,0.3335782512858192,8.853,down
18:21:05.670209,40.98,1208.66,9.1215,27.754500000000014,0.3286494082040749,9.1215,down
18:21:05.674423,40.76,1239.61,9.692000000000002,32.11450000000001,0.3017951392673091,9.692000000000002,up
18:21:05.691355,37.14,1195.31,10.6855,31.935499999999983,0.3345962956584367,10.6855,up
18:21:05.696513,38.79,1227.91,11.168500000000003,31.52849999999997,0.3542350571704969,11.168500000000003,down
18:21:05.715222,36.84,1186.16,10.471500000000002,32.92949999999999,0.3179975401995173,10.471500000000002,down
18:21:05.723574,33.19,1219.78,9.476000000000004,29.931999999999977,0.3165842576506752,9.476000000000004,down
18:21:05.763520,28.44,1179.16,8.362500000000002,24.60149999999999,0.3399182976647767,8.362500000000002,down
18:21:05.806766,25.61,1213.03,7.873000000000002,22.734499999999983,0.3463018760034312,7.873000000000002,down
18:21:05.817378,27.68,1240.77,8.158500000000004,21.16149999999996,0.3855350518630541,8.158500000000004,down
18:21:05.817378,28.03,1198.39,8.652000000000005,22.32099999999994,0.3876170422472124,8.652000000000005,down
18:21:05.817378,29.0,1228.44,8.233500000000001,20.03349999999994,0.4109865974492737,8.233500000000001,down
18:21:05.817378,24.95,1188.69,7.9605000000000015,15.512999999999948,0.5131502610713613,7.9605000000000015,down
18:21:05.817378,31.08,1219.87,7.184500000000002,15.093499999999954,0.4759996024778893,7.184500000000002,down
18:21:05.817378,25.73,1181.73,6.587999999999999,14.898999999999962,0.4421773273374063,6.587999999999999,down
18:21:05.825839,22.09,1212.74,6.4159999999999995,13.330999999999957,0.4812842247393309,6.4159999999999995,down
18:21:05.838668,19.73,1238.95,6.3454999999999995,15.02699999999998,0.4222732414986362,6.3454999999999995,down
18:21:05.849145,17.81,1198.85,5.998,14.147999999999984,0.4239468476109702,5.998,down
18:21:05.859347,20.93,1226.83,5.2035,14.965000000000014,0.3477113264283324,5.2035,down
18:21:05.865952,27.83,1189.31,4.5215,13.621000000000032,0.3319506644152403,4.5215,down
18:21:05.879966,34.33,1218.42,4.7219999999999995,12.659500000000056,0.3730005134483968,4.7219999999999995,down
18:21:05.895063,30.47,1182.46,5.025499999999999,13.78950000000005,0.3644439609848059,5.025499999999999,down
18:21:05.907280,25.55,1212.3,4.657500000000001,12.109500000000054,0.3846153846153829,4.657500000000001,down
18:21:05.914855,23.41,1177.56,4.528499999999999,14.564500000000049,0.310927254625973,4.528499999999999,down
18:21:05.927137,21.7,1207.38,4.383,12.412500000000051,0.3531117824773399,4.383,down
18:21:05.940634,23.85,1231.69,3.8285,14.583000000000045,0.262531715010628,3.8285,down
18:21:05.953187,31.53,1195.37,3.814,12.751000000000053,0.2991137949964697,3.814,down
18:21:05.961391,41.25,1221.65,4.484,12.528500000000037,0.357903978928043,4.484,down
18:21:05.973825,43.17,1187.12,5.444999999999999,12.901500000000038,0.4220439483780943,5.444999999999999,down
18:21:05.983534,45.74,1214.8,6.67,11.749000000000006,0.567707890033194,6.67,down
18:21:05.998826,40.51,1181.14,6.7219999999999995,13.488499999999982,0.4983504466767994,6.7219999999999995,down
18:21:06.009480,36.8,1208.53,6.472499999999999,11.212499999999984,0.5772575250836128,6.472499999999999,down
18:21:06.016511,34.91,1230.35,6.558,13.429999999999978,0.4883097542814602,6.558,down
18:21:06.030410,29.77,1196.1,7.0595,11.813999999999991,0.597553749788387,7.0595,down
18:21:06.042965,32.01,1220.41,7.338999999999999,12.4425,0.5898332328712074,7.338999999999999,down
18:21:06.056106,36.39,1187.91,7.337499999999999,11.698000000000008,0.6272439733287736,7.337499999999999,down
18:21:06.064072,30.31,1213.19,7.282999999999999,11.156499999999989,0.6528032985255238,7.282999999999999,down
18:21:06.075926,25.41,1181.59,6.850999999999999,12.048000000000007,0.5686420982735719,6.850999999999999,down
18:21:06.089724,22.13,1207.1,6.581999999999999,10.694000000000011,0.6154853188703938,6.581999999999999,down
18:21:06.097331,18.88,1227.77,6.3359999999999985,12.193500000000023,0.5196211096075767,6.3359999999999985,down
18:21:06.107463,22.77,1195.26,6.111999999999998,11.42550000000004,0.5349437661371474,6.111999999999998,down
18:21:06.120165,33.05,1217.9,6.149499999999998,12.143500000000046,0.5064026022151747,6.149499999999998,down
18:21:06.130399,36.01,1187.57,6.651999999999998,11.307000000000045,0.5883081277084967,6.651999999999998,down
18:21:06.145697,30.6,1210.67,6.057999999999999,10.30000000000005,0.5881553398058222,6.057999999999999,down
18:21:06.156819,26.84,1181.67,5.846999999999999,11.376500000000016,0.5139542038412509,5.846999999999999,down
18:21:06.161867,30.25,1205.86,5.996999999999998,9.99800000000003,0.5998199639927966,5.996999999999998,down
18:21:06.179363,27.36,1177.82,5.394499999999999,12.03900000000004,0.4480853891519213,5.394499999999999,down
18:21:06.191713,24.98,1201.9,4.582499999999999,10.164500000000029,0.4508337842491009,4.582499999999999,down
18:21:06.202253,28.89,1221.81,3.525999999999999,11.885999999999996,0.2966515227999327,3.525999999999999,down
18:21:06.210509,25.55,1192.62,2.555499999999999,10.486500000000008,0.2436942735898534,2.555499999999999,down
18:21:06.218109,28.05,1213.69,1.8704999999999992,10.211999999999994,0.1831668625146886,1.8704999999999992,down
18:21:06.236008,29.69,1185.5,1.6915,10.612499999999985,0.159387514723204,1.6915,down
18:21:06.247564,25.47,1207.41,1.318,9.562499999999982,0.1378300653594774,1.318,down
18:21:06.256966,23.23,1179.94,1.6904999999999997,11.115999999999968,0.1520780856423177,1.6904999999999997,down
18:21:06.267891,38.72,1156.27,2.6185,13.263999999999992,0.1974140530759953,2.6185,down
18:21:06.280297,47.11,1182.65,4.3885000000000005,13.842999999999966,0.3170194322040028,4.3885000000000005,down
18:21:06.292752,43.04,1159.26,5.819500000000001,14.54899999999996,0.399993126675374,5.819500000000001,down
18:21:06.300888,39.77,1184.96,6.655500000000001,14.377999999999956,0.4628947002364738,6.655500000000001,down
18:21:06.311274,33.05,1161.45,6.747,14.820499999999976,0.455247798657266,6.747,down
18:21:06.325409,30.52,1187.05,6.616000000000001,14.54899999999996,0.454739157330402,6.616000000000001,down
18:21:06.338738,28.06,1163.0,6.9465,15.397499999999974,0.4511446663419394,6.9465,down
18:21:06.348061,23.0,1141.8,7.703,17.188499999999983,0.4481484713616667,7.703,down
18:21:06.359270,21.87,1170.88,8.470999999999998,17.22949999999999,0.4916567515017849,8.470999999999998,down
18:21:06.371335,28.79,1148.72,8.3835,16.847999999999985,0.4975961538461543,8.3835,down
18:21:06.380350,32.54,1176.53,7.382999999999998,13.707999999999975,0.5385906040268464,7.382999999999998,down
18:21:06.395808,33.77,1154.21,5.666499999999999,13.868499999999978,0.4085878069005306,5.666499999999999,down
18:21:06.395808,28.12,1180.97,4.362999999999998,12.29149999999998,0.3549607452304442,4.362999999999998,down
18:21:06.414464,27.29,1158.21,3.4314999999999984,12.665999999999968,0.2709221537975688,3.4314999999999984,down
18:21:06.428525,27.13,1183.69,3.3594999999999984,12.105499999999967,0.2775184833340223,3.3594999999999984,down
18:21:06.440563,25.33,1160.3,3.4674999999999985,11.915999999999991,0.2909953004363881,3.4674999999999985,down
18:21:06.447924,24.36,1140.1,3.379999999999999,12.002000000000004,0.2816197300449923,3.379999999999999,down
18:21:06.459133,26.65,1169.28,2.5574999999999997,9.483999999999998,0.269664698439477,2.5574999999999997,down
18:21:06.473382,24.29,1147.97,1.858,10.2185,0.1818270783383079,1.858,down
18:21:06.481977,22.4,1175.74,2.0075000000000007,9.963000000000015,0.201495533473853,2.0075000000000007,down
18:21:06.492332,19.72,1153.68,2.533500000000001,9.561500000000027,0.2649688856350984,2.533500000000001,down
18:21:06.502561,20.48,1105.6,2.7460000000000004,14.125500000000065,0.1944001982230709,2.7460000000000004,down
18:21:06.518121,18.06,1138.43,3.2190000000000003,14.474000000000077,0.2223987840265292,3.2190000000000003,down
18:21:06.529982,21.63,1122.82,3.274000000000001,16.873000000000097,0.1940378118888154,3.274000000000001,down
18:21:06.540874,28.49,1153.29,3.6925,15.464000000000084,0.2387803931712351,3.6925,down
18:21:06.548845,30.05,1135.67,4.128500000000001,16.165500000000048,0.2553895641953536,4.128500000000001,down
18:21:06.561972,29.86,1164.45,4.495,15.632000000000025,0.287551177072671,4.495,down
18:21:06.574870,27.6,1145.37,4.864500000000001,15.31300000000004,0.3176712597139678,4.864500000000001,down
18:21:06.588831,27.27,1171.58,4.816000000000001,16.40950000000003,0.2934885279868364,4.816000000000001,down
18:21:06.595240,26.9,1108.7,4.3855,18.63450000000003,0.2353430464997715,4.3855,down
18:21:06.609118,31.82,1098.31,4.197000000000001,21.95100000000005,0.1911985786524528,4.197000000000001,down
18:21:06.622151,35.94,1131.25,4.55,17.165500000000048,0.2650665579214113,4.55,down
18:21:06.633619,29.65,1118.14,3.9815,16.946000000000033,0.2349522011094058,3.9815,down
18:21:06.641873,31.07,1147.9,3.941499999999999,14.883500000000032,0.2648234622232667,3.941499999999999,down
18:21:06.653738,25.0,1132.49,3.9025,14.776500000000038,0.2641017832368957,3.9025,down
18:21:06.660826,21.62,1159.45,3.9324999999999983,15.99200000000008,0.2459042021010492,3.9324999999999983,down
18:21:06.677609,19.47,1115.2,4.077499999999999,16.277000000000072,0.2505068501566616,4.077499999999999,down
18:21:06.690404,25.36,1103.35,3.824500000000001,18.28150000000008,0.2092005579410871,3.824500000000001,down
18:21:06.698204,33.05,1135.13,4.0585,17.100000000000072,0.2373391812865486,4.0585,down
18:21:06.710447,30.98,1120.95,4.1065,14.295000000000057,0.2872682756208453,4.1065,down
18:21:06.722325,29.15,1149.87,3.693,12.221000000000032,0.3021847639309377,3.693,down
18:21:06.730284,34.92,1134.14,3.4555000000000007,11.72350000000002,0.2947498613895163,3.4555000000000007,down
18:21:06.741915,38.91,1160.88,4.282000000000001,12.816000000000011,0.3341136079900122,4.282000000000001,down
18:21:06.752190,35.66,1182.63,4.710000000000001,16.87749999999999,0.2790697674418607,4.710000000000001,down
18:21:06.767526,50.02,1162.71,6.035000000000001,18.739500000000003,0.3220470129939433,6.035000000000001,down
18:21:06.780277,53.65,1184.0,7.301000000000002,20.837499999999984,0.3503779244151173,7.301000000000002,down
18:21:06.788969,57.19,1164.07,8.694500000000001,20.039999999999992,0.433857285429142,8.694500000000001,down
18:21:06.795839,52.34,1185.4,10.0275,20.26599999999997,0.4947942366525222,10.0275,down
18:21:06.810879,57.17,1165.9,10.8205,19.47349999999999,0.5556525534701006,10.8205,down
18:21:06.825813,55.44,1186.33,11.18,21.09299999999999,0.5300336604560757,11.18,down
18:21:06.833378,47.39,1165.97,11.534,19.2965,0.597724976031923,11.534,down
18:21:06.844704,46.18,1148.33,11.482,20.974499999999995,0.5474266371069633,11.482,down
18:21:06.858335,44.46,1171.99,11.2695,18.651000000000003,0.604230336175004,11.2695,down
18:21:06.869813,42.94,1153.64,11.534000000000002,15.081,0.7648033950003317,11.534000000000002,down
18:21:06.883343,43.92,1176.31,10.328000000000005,13.792999999999989,0.74878561589212,10.328000000000005,down
18:21:06.889796,39.22,1157.95,9.118000000000004,10.44149999999998,0.8732461811042496,9.118000000000004,down
18:21:06.903588,32.66,1180.24,8.194000000000003,10.697999999999984,0.7659375584221363,8.194000000000003,down
18:21:06.911052,43.69,1161.03,6.738500000000002,8.82799999999998,0.7633099229723627,6.738500000000002,down
18:21:06.927685,40.09,1143.47,5.839500000000002,10.579999999999956,0.5519376181474505,5.839500000000002,down
18:21:06.930160,32.99,1168.07,6.446000000000002,8.90249999999997,0.7240662735186773,6.446000000000002,down
18:21:06.948175,41.96,1150.1,6.116000000000001,9.83799999999997,0.6216710713559687,6.116000000000001,down
18:21:06.959836,38.89,1173.51,5.829500000000001,8.973499999999973,0.6496350364963525,5.829500000000001,down
18:21:06.967791,41.77,1155.36,5.2415,9.085499999999984,0.5769082604149478,5.2415,down
18:21:06.980240,35.32,1177.8,4.851,9.181,0.5283738154885088,4.851,down
18:21:06.993950,34.03,1158.75,4.7589999999999995,8.561999999999994,0.5558280775519742,4.7589999999999995,down
18:21:07.005429,36.41,1180.48,4.1265,9.356500000000011,0.4410302997915882,4.1265,down
18:21:07.013975,39.9,1198.43,2.911,11.618500000000022,0.2505486938933592,2.911,down
18:21:07.021998,36.59,1177.45,2.976,11.794000000000034,0.2523316940817357,2.976,down
18:21:07.035013,34.44,1195.22,2.8105,11.765000000000038,0.2388865278368033,2.8105,down
18:21:07.050872,38.49,1210.25,1.8730000000000004,14.570500000000044,0.1285474074328262,1.8730000000000004,down
18:21:07.061884,31.52,1222.05,2.322,17.922500000000042,0.1295578183847116,2.322,down
18:21:07.075128,44.16,1199.64,2.8744999999999994,18.205500000000058,0.1578918458707528,2.8744999999999994,down
18:21:07.080329,42.13,1212.88,3.3534999999999995,19.398000000000053,0.1728786472832245,3.3534999999999995,down
18:21:07.092445,37.43,1192.46,2.9619999999999993,18.509500000000052,0.1600259326291899,2.9619999999999993,down
18:21:07.107923,33.6,1206.61,2.8005,19.15300000000005,0.1462173027724112,2.8005,down
18:21:07.113649,32.22,1186.84,3.1555000000000004,18.77950000000006,0.1680289677573945,3.1555000000000004,down
18:21:07.129178,33.95,1169.67,3.2614999999999994,18.167500000000047,0.1795238750516026,3.2614999999999994,down
18:21:07.140968,61.63,1186.99,5.715999999999999,18.545500000000043,0.3082149308457569,5.715999999999999,down
18:21:07.151312,61.39,1169.52,7.853,19.224500000000063,0.4084891674685934,7.853,down
18:21:07.164652,61.97,1186.7,9.977,16.264500000000048,0.6134218697162515,9.977,down
18:21:07.174203,55.12,1169.43,10.6765,13.722000000000032,0.7780571345284927,10.6765,down
18:21:07.181472,47.76,1153.49,10.192,15.87100000000001,0.6421775565496814,10.192,down
18:21:07.197628,50.62,1075.21,9.772,24.562999999999995,0.3978341407808493,9.772,down
18:21:07.212744,46.56,1073.54,9.993,33.732,0.2962468872287442,9.993,down
18:21:07.216511,51.89,1106.08,9.7155,39.314000000000014,0.2471257058554203,9.7155,down
18:21:07.230304,50.1,1100.39,9.352,44.2015,0.2115765302082508,9.352,down
18:21:07.243174,61.65,1128.74,10.01,42.663,0.2346295384759628,10.01,up
18:21:07.256435,55.76,1119.37,7.666,42.087499999999984,0.1821443421443422,7.666,down
18:21:07.268140,53.87,986.64,5.422,52.04299999999997,0.1041830793766693,5.422,up
18:21:07.276886,55.69,997.07,3.4840000000000004,62.35699999999997,0.0558718347579261,3.4840000000000004,up
18:21:07.287882,49.85,1006.04,2.4269999999999996,68.78450000000001,0.0352841119729008,2.4269999999999996,up
18:21:07.301112,61.15,1049.78,2.9725,67.91600000000001,0.0437673007833205,2.9725,up
18:21:07.311596,52.18,1051.02,2.914,58.744500000000016,0.0496046438389976,2.914,up
18:21:07.321772,69.12,1088.28,4.085000000000001,51.002,0.0800948982392847,4.085000000000001,up
18:21:07.334308,73.9,1083.92,5.839000000000001,46.30750000000001,0.1260918857636452,5.839000000000001,up
18:21:07.345682,82.64,1115.17,8.142000000000001,44.97050000000002,0.1810520229928508,8.142000000000001,up
18:21:07.357757,96.8,1106.51,11.162,47.637000000000015,0.2343136637487666,11.162,down
18:21:07.366527,99.29,1098.8,14.352,50.30150000000002,0.2853195232746537,14.352,down
18:21:07.378073,109.66,1128.89,18.068,41.97200000000005,0.4304774611645855,18.068,down
18:21:07.390548,93.25,1118.45,19.285,33.84650000000004,0.5697782636313939,19.285,down
18:21:07.402228,112.93,1145.41,21.643,29.946000000000033,0.7227342549923187,21.643,down
18:21:07.414810,92.64,1132.23,20.8465,29.625500000000017,0.7036674486506552,20.8465,down
18:21:07.423023,90.46,1156.49,21.0105,32.46750000000002,0.6471240471240467,21.0105,down
18:21:07.431408,79.58,1141.82,20.913,32.41950000000002,0.6450747235460136,20.913,down
18:21:07.445333,71.9,1128.12,21.199999999999996,30.81300000000004,0.6880212897153789,21.199999999999996,down
18:21:07.460473,80.3,1153.6,20.046,28.34700000000003,0.7071647793417285,20.046,down
18:21:07.467989,74.8,1139.21,17.886499999999998,24.792000000000037,0.7214625685705055,17.886499999999998,down
18:21:07.480049,86.06,1163.75,14.690999999999995,23.982500000000055,0.612571666840403,14.690999999999995,down
18:21:07.491681,77.5,1147.57,11.443999999999996,20.09900000000003,0.5693815612717041,11.443999999999996,down
18:21:07.505207,84.58,1170.22,10.159999999999997,19.981000000000023,0.5084830589059599,10.159999999999997,down
18:21:07.511950,88.63,1153.7,8.280499999999995,16.017000000000014,0.5169819566710363,8.280499999999995,down
18:21:07.525321,88.5,1137.97,8.855999999999998,15.139500000000028,0.5849598731794301,8.855999999999998,down
18:21:07.537911,99.81,1110.73,10.344499999999996,14.568000000000012,0.710083745194947,10.344499999999996,down
18:21:07.545639,91.22,1102.27,9.598,16.865000000000016,0.5691076193299727,9.598,down
18:21:07.559378,98.24,1132.4,8.589500000000001,17.92549999999997,0.479177707734792,8.589500000000001,down
18:21:07.571455,86.88,1120.88,7.406000000000001,17.392499999999977,0.4258157251688952,7.406000000000001,down
18:21:07.580643,99.39,1148.47,6.8135,17.61349999999998,0.3868339625855172,6.8135,down
18:21:07.592205,88.21,1134.28,6.629000000000002,15.474499999999972,0.4283821771301182,6.629000000000002,down
18:21:07.607027,78.51,1045.5,7.0665,23.862999999999992,0.2961278967439132,7.0665,down
18:21:07.616159,93.52,1039.2,7.212000000000001,30.234,0.2385393927366541,7.212000000000001,down
18:21:07.627620,97.28,1040.26,7.0840000000000005,37.477,0.189022600528324,7.0840000000000005,down
18:21:07.641189,86.89,1080.45,7.026000000000001,38.8205,0.1809868497314563,7.026000000000001,down
18:21:07.653298,80.75,1075.96,6.1855,36.96400000000001,0.1673384915052483,6.1855,up
18:21:07.658493,80.91,1110.6,6.2595,34.35950000000001,0.1821766905804798,6.2595,down
18:21:07.673301,78.36,1101.34,6.016,34.30500000000002,0.1753680221542048,6.016,up
18:21:07.685320,84.87,1131.53,6.035999999999999,36.59750000000002,0.1649292984493475,6.035999999999999,up
18:21:07.695011,83.75,1118.87,5.009499999999998,38.825,0.1290276883451384,5.009499999999998,up
18:21:07.705829,85.48,1107.77,5.090999999999998,40.328,0.1262398333663955,5.090999999999998,up
18:21:07.718692,86.49,1138.04,4.216999999999997,34.8925,0.1208569176757182,4.216999999999997,up
18:21:07.731084,85.17,1124.71,3.872499999999997,27.701000000000004,0.1397963972419766,3.872499999999997,down
18:21:07.742867,82.04,1152.24,3.6084999999999967,23.89700000000001,0.1510022178516129,3.6084999999999967,down
18:21:07.748646,77.49,1136.53,3.6009999999999978,22.766000000000012,0.1581744707019237,3.6009999999999978,down
18:21:07.761840,62.72,1161.64,4.721999999999999,24.578000000000024,0.1921230368622342,4.721999999999999,down
18:21:07.775778,52.4,1144.26,7.107499999999999,24.093500000000045,0.2949965758399562,7.107499999999999,down
18:21:07.787567,44.44,1129.16,10.100500000000002,23.53600000000004,0.4291510876954446,10.100500000000002,down
18:21:07.799339,38.61,1156.41,14.115000000000004,21.385000000000066,0.6600420855739986,14.115000000000004,down
18:21:07.809027,32.71,1140.13,17.7985,18.69200000000008,0.95219880162636,17.7985,down
18:21:07.815819,37.37,1165.99,19.7005,19.384000000000064,1.0163278992983868,19.384000000000064,down
18:21:07.833939,37.92,1148.47,20.619000000000003,16.246000000000056,1.2691739505108908,16.246000000000056,down
18:21:07.844770,42.33,1172.44,20.7095,16.90200000000005,1.225269198911368,16.90200000000005,down
18:21:07.852985,43.84,1153.7,20.558000000000003,13.41300000000004,1.5326921643181943,13.41300000000004,down
18:21:07.866251,46.62,1136.98,20.371,13.34950000000004,1.52597475560882,13.34950000000004,down
18:21:07.875541,54.49,1163.26,19.494000000000003,11.215000000000014,1.7382077574676753,11.215000000000014,down
18:21:07.890230,52.8,1145.31,17.416,10.769500000000022,1.6171595710107214,10.769500000000022,down
18:21:07.897263,64.79,1170.58,15.741,11.83500000000002,1.330038022813686,11.83500000000002,down
18:21:07.910201,59.23,1152.19,13.0255,9.998000000000008,1.3028105621124213,9.998000000000008,down
18:21:07.923536,66.98,1175.78,11.013000000000002,11.623499999999996,0.9474770938185576,11.013000000000002,down
18:21:07.934991,69.85,1156.35,10.6145,9.376499999999991,1.1320322081800254,9.376499999999991,down
18:21:07.942555,69.47,1138.61,10.825500000000002,10.80750000000001,1.001665510062456,10.80750000000001,down
18:21:07.949656,69.48,985.74,11.467,25.319500000000023,0.4528920397322218,11.467,down
18:21:07.967460,70.38,993.62,11.840999999999998,40.57100000000002,0.291858716817431,11.840999999999998,down
18:21:07.980866,78.46,1042.44,12.511,49.79150000000001,0.2512677866704155,12.511,up
18:21:07.991743,74.48,1042.02,11.871,58.568000000000026,0.2026874743887446,11.871,down
18:21:08.001685,80.47,1083.38,11.98,60.751999999999995,0.1971951540690018,11.98,down
18:21:08.013981,84.25,1077.03,11.223,59.51700000000001,0.1885679721760169,11.223,up
18:21:08.024538,79.83,948.15,10.563,70.6,0.1496175637393768,10.563,up
18:21:08.031498,82.51,931.92,9.44,79.90100000000002,0.1181462059298381,9.44,up
18:21:08.044626,77.81,946.59,7.851999999999999,86.89150000000002,0.0903655708556072,7.851999999999999,down
18:21:08.057449,84.99,1003.29,7.1754999999999995,85.7335,0.0836954049467244,7.1754999999999995,up
18:21:08.068885,78.52,1007.93,6.494,69.245,0.0937829446169398,6.494,up
18:21:08.080444,85.47,1055.21,6.5765,56.755500000000005,0.1158742324532424,6.5765,down
18:21:08.091101,82.95,1052.28,5.699,48.855000000000025,0.11665131511616,5.699,up
18:21:08.103658,84.75,1092.25,5.400499999999998,45.07550000000002,0.119810096393828,5.400499999999998,up
18:21:08.115734,89.94,1083.07,4.953999999999998,47.61050000000003,0.1040526774556031,4.953999999999998,up
18:21:08.127784,80.71,1074.95,3.7424999999999984,51.77750000000003,0.0722804306890057,3.7424999999999984,up
18:21:08.131730,88.44,1112.52,3.4614999999999996,46.49650000000003,0.0744464637123223,3.4614999999999996,up
18:21:08.148737,80.62,1100.65,3.1804999999999977,39.02250000000004,0.0815042603626111,3.1804999999999977,up
18:21:08.160053,89.46,1134.15,3.606999999999998,37.41350000000006,0.0964090502091488,3.606999999999998,up
18:21:08.171897,88.39,1118.8,3.350499999999998,40.04400000000007,0.0836704624912594,3.350499999999998,up
18:21:08.183617,88.37,1149.36,3.4299999999999984,45.10300000000005,0.0760481564419217,3.4299999999999984,up
18:21:08.193620,92.11,1131.95,3.2709999999999995,44.616000000000035,0.0733145060068136,3.2709999999999995,up
18:21:08.204912,86.45,1116.38,3.317999999999999,42.078500000000034,0.0788526206970304,3.317999999999999,up
18:21:08.217830,89.9,1147.4,3.264500000000001,38.845000000000034,0.0840391298751447,3.264500000000001,up
18:21:08.229992,86.95,1129.74,2.7735,34.095500000000044,0.081345045533868,2.7735,up
18:21:08.238593,85.47,1159.43,2.8624999999999985,32.469500000000046,0.0881596575247538,2.8624999999999985,up
18:21:08.247870,79.26,1140.63,3.2434999999999974,27.35000000000003,0.1185923217550272,3.2434999999999974,down
18:21:08.262412,88.18,1168.03,2.9299999999999984,26.857,0.1090963249804519,2.9299999999999984,down
18:21:08.275301,85.42,1147.7,2.685499999999999,21.711499999999983,0.1236902102572369,2.685499999999999,down
18:21:08.283543,85.27,1129.21,2.5004999999999997,20.07799999999998,0.1245392967427035,2.5004999999999997,down
18:21:08.296070,94.21,1096.15,3.1064999999999983,18.80099999999998,0.1652305728418702,3.1064999999999983,down
18:21:08.307059,93.2,1084.39,3.383499999999998,21.34399999999997,0.1585223013493255,3.383499999999998,down
18:21:08.320618,97.92,1122.22,4.225999999999999,22.447499999999952,0.188261499053347,4.225999999999999,down
18:21:08.328678,92.41,1106.78,4.561999999999998,21.73599999999995,0.2098822230401181,4.561999999999998,down
18:21:08.340178,95.36,1141.01,4.925499999999998,21.797999999999934,0.2259610973483811,4.925499999999998,down
18:21:08.352835,90.24,1122.99,4.742999999999998,19.250499999999924,0.2463832108256937,4.742999999999998,down
18:21:08.365511,92.33,1067.69,3.906999999999999,23.98399999999993,0.1629002668445635,3.906999999999999,down
18:21:08.375854,94.18,1060.02,4.034999999999999,26.367999999999945,0.1530263956310682,4.034999999999999,down
18:21:08.382874,85.27,1053.19,4.574000000000001,30.82699999999996,0.1483764232653195,4.574000000000001,up
18:21:08.396195,90.28,1096.63,4.6835,29.370499999999954,0.1594627262048656,4.6835,up
18:21:08.410339,87.98,1085.0,4.371500000000002,25.93799999999997,0.1685365101395638,4.371500000000002,down
18:21:08.423086,91.69,1123.42,3.753500000000001,23.03,0.1629830655666522,3.753500000000001,down
18:21:08.430239,87.77,1108.02,3.039500000000001,22.365000000000016,0.1359043147775541,3.039500000000001,down
18:21:08.442288,91.99,1142.3,2.655500000000001,24.09300000000001,0.1102187357323703,2.655500000000001,down
18:21:08.455871,82.59,1123.85,2.9159999999999995,25.636500000000005,0.1137440758293838,2.9159999999999995,down
18:21:08.464599,88.41,1107.41,2.9010000000000007,25.864500000000028,0.1121614568230585,2.9010000000000007,down
18:21:08.475475,92.61,1142.3,3.2235,23.831500000000013,0.1352621530327507,3.2235,down
18:21:08.488501,83.19,1123.33,3.5864999999999996,19.149000000000008,0.1872943756854143,3.5864999999999996,down
18:21:08.500987,84.88,1155.6,3.164499999999998,17.54399999999999,0.180375056999544,3.164499999999998,down
18:21:08.509259,82.93,1134.88,3.4064999999999968,18.6445,0.1827080372227733,3.4064999999999968,down
18:21:08.523792,81.65,1164.72,3.434999999999995,21.59849999999999,0.1590388221404262,3.434999999999995,down
18:21:08.532286,82.68,1142.87,3.538499999999994,19.85499999999995,0.1782170737849409,3.538499999999994,down
18:21:08.545697,78.45,1123.53,3.6779999999999946,20.72949999999997,0.1774283026604597,3.6779999999999946,down
18:21:08.557556,74.23,1156.05,4.434999999999995,18.47799999999996,0.2400151531551036,4.434999999999995,down
18:21:08.570674,71.21,1134.98,4.827499999999998,16.691499999999955,0.2892190635952437,4.827499999999998,down
18:21:08.596132,75.62,1165.54,5.388499999999998,18.44799999999994,0.29209128360798,5.388499999999998,down
18:21:08.597682,71.13,1143.28,5.953999999999999,15.009999999999971,0.396668887408395,5.953999999999999,down
18:21:08.605259,71.44,1172.36,6.013,16.53649999999996,0.3636198711940261,6.013,down
18:21:08.614139,62.57,1149.32,6.917000000000002,13.615999999999968,0.5080052878965936,6.917000000000002,down
18:21:08.623363,58.32,1128.98,7.874000000000002,14.22349999999995,0.5535908883186298,7.874000000000002,down
18:21:08.636134,57.09,985.55,8.830000000000002,26.440499999999936,0.3339573759951598,8.830000000000002,down
18:21:08.646638,52.38,988.89,10.5735,41.036499999999975,0.2576608628903539,10.5735,up
18:21:08.660319,46.71,1042.52,12.126500000000002,49.19149999999997,0.2465161664108638,12.126500000000002,up
18:21:08.668119,50.9,1037.56,12.2235,56.8875,0.2148714568226763,12.2235,up
18:21:08.680304,51.04,1083.65,11.7305,58.78800000000001,0.1995390215690276,11.7305,down
18:21:08.692867,51.54,1072.77,11.3955,57.036500000000025,0.199793114935173,11.3955,up
18:21:08.705257,48.19,1062.32,10.880499999999998,57.53850000000002,0.1890994725270904,10.880499999999998,down
18:21:08.717888,47.14,1052.68,10.736,55.72850000000003,0.1926482858860366,10.736,up
18:21:08.726519,39.88,1044.19,10.609499999999995,55.85100000000002,0.1899607885266153,10.609499999999995,up
18:21:08.737920,55.65,1091.73,9.625999999999996,58.44850000000004,0.1646919938065132,9.625999999999996,up
18:21:08.750162,56.03,1077.65,8.708499999999997,44.711000000000055,0.1947730983426894,8.708499999999997,up
18:21:08.761192,54.34,1119.45,7.166499999999999,34.87750000000004,0.2054763099419393,7.166499999999999,down
18:21:08.768806,46.92,1101.93,5.5575,27.88850000000003,0.1992756871111746,5.5575,down
18:21:08.782390,45.03,1135.34,5.0615,23.9155,0.2116409859714411,5.0615,down
18:21:08.796138,37.48,1114.79,5.4135,24.659,0.2195344498965895,5.4135,down
18:21:08.808113,33.85,1097.02,6.412000000000001,24.37949999999999,0.2630078549601101,6.412000000000001,down
18:21:08.815549,33.29,1135.7,7.3035,27.47949999999999,0.2657799450499464,7.3035,down
18:21:08.828924,32.3,1115.5,7.903999999999999,27.711499999999983,0.2852245457661982,7.903999999999999,down
18:21:08.840837,29.11,1151.59,8.0095,30.93149999999999,0.2589431485702278,8.0095,down
18:21:08.850274,25.97,1128.84,8.511,27.73849999999998,0.3068298574183898,8.511,down
18:21:08.860581,25.2,1107.85,8.841999999999999,26.68599999999997,0.3313347822828452,8.841999999999999,down
18:21:08.873846,24.64,1089.71,9.3205,24.03899999999997,0.3877241149798249,9.3205,down
18:21:08.886367,21.2,1074.0,9.866,25.481499999999965,0.3871828581519931,9.866,down
18:21:08.896060,17.27,1118.27,10.4345,20.32499999999998,0.5133825338253387,10.4345,down
18:21:08.909817,24.11,1098.57,9.5635,18.625499999999995,0.5134627258328637,9.5635,down
18:21:08.917476,22.32,1138.87,8.505500000000001,20.559499999999986,0.4137016950801336,8.505500000000001,down
18:21:08.930274,27.29,1116.81,7.473999999999999,17.00249999999997,0.4395824143508315,7.473999999999999,down
18:21:08.942756,24.34,1153.64,6.4735,19.898499999999995,0.3253260296002211,6.4735,down
18:21:08.955269,23.48,1129.19,5.333500000000001,17.41900000000001,0.3061886445835006,5.333500000000001,down
18:21:08.964015,22.13,1107.67,4.530500000000001,16.748499999999996,0.2705018359853122,4.530500000000001,down
18:21:08.976519,24.51,1017.9,3.765000000000001,25.22,0.1492862807295797,3.765000000000001,down
18:21:08.988582,30.97,1011.95,3.667,32.7055,0.1121218143737292,3.667,up
18:21:09.000013,25.4,1066.08,2.834,33.20700000000001,0.0853434516818742,2.834,up
18:21:09.008102,33.24,1053.2,2.6885000000000003,37.8865,0.0709619521465429,2.6885000000000003,up
18:21:09.018517,29.84,932.06,3.0295,52.057500000000005,0.0581952648513662,3.0295,up
18:21:09.032870,24.12,938.73,2.853,61.95,0.0460532687651331,2.853,up
18:21:09.045454,24.83,943.67,2.6319999999999997,71.07249999999999,0.0370326075486299,2.6319999999999997,up
18:21:09.054085,23.52,946.69,2.732,74.28599999999997,0.0367767816277629,2.732,up
18:21:09.064869,25.35,948.98,2.6834999999999996,76.26949999999997,0.0351844446338313,2.6834999999999996,up
18:21:09.078707,22.56,1014.99,2.7699999999999996,79.25599999999997,0.0349500353285555,2.7699999999999996,up
18:21:09.090114,24.4,1007.36,2.7674999999999996,72.74099999999996,0.0380459438281024,2.7674999999999996,up
18:21:09.095812,23.98,1064.29,2.1134999999999997,71.32399999999996,0.0296323818069654,2.1134999999999997,up
18:21:09.110251,24.73,1049.58,2.0125,73.84899999999993,0.0272515538463622,2.0125,up
18:21:09.124263,36.39,1036.36,2.3135000000000003,74.67599999999993,0.0309805024371953,2.3135000000000003,up
18:21:09.135823,38.12,1023.95,3.1805000000000003,60.47199999999994,0.0525945892313798,3.1805000000000003,up
18:21:09.144042,34.02,1013.13,4.021000000000001,48.47399999999995,0.0829516854396172,4.021000000000001,up
18:21:09.156629,29.64,1071.48,4.465000000000002,44.48699999999995,0.1003663991727921,4.465000000000002,up
18:21:09.167294,30.15,1053.87,4.615500000000002,40.034999999999954,0.1152866242038218,4.615500000000002,up
18:21:09.180197,24.28,1105.32,4.880000000000001,43.12149999999996,0.113168604988231,4.880000000000001,up
18:21:09.192566,26.91,1082.97,4.7635000000000005,42.79349999999998,0.1113136340799421,4.7635000000000005,up
18:21:09.199708,21.81,1062.8,5.341000000000001,40.32099999999998,0.1324619925101065,5.341000000000001,up
18:21:09.213255,20.67,1044.95,6.037999999999999,32.38649999999997,0.186435706235623,6.037999999999999,down
18:21:09.227146,24.98,1029.51,6.351,27.235499999999973,0.2331883020322742,6.351,down
18:21:09.238899,21.11,1051.94,5.651999999999999,21.512999999999984,0.2627248640356995,5.651999999999999,down
18:21:09.246651,22.25,1035.63,4.5344999999999995,21.96299999999996,0.2064608660019126,4.5344999999999995,down
18:21:09.258318,20.78,1091.89,3.858999999999999,25.225499999999972,0.1529801193237003,3.858999999999999,down
18:21:09.267227,21.35,1070.39,3.4669999999999996,21.22999999999998,0.1633066415449836,3.4669999999999996,down
18:21:09.282341,18.18,1032.15,3.5415,21.38049999999997,0.1656415892986602,3.5415,down
18:21:09.290731,20.32,1017.84,3.3419999999999987,18.205999999999968,0.1835658574096454,3.3419999999999987,down
18:21:09.297744,19.57,1004.97,3.342999999999999,18.61349999999995,0.179600827356489,3.342999999999999,down
18:21:09.313709,18.32,951.7,2.937,26.38599999999996,0.1113090275145912,2.937,down
18:21:09.326359,21.38,947.57,2.22,34.034499999999966,0.0652279304823047,2.22,up
18:21:09.340286,19.58,1019.43,1.9875000000000005,32.68049999999998,0.0608160829852664,1.9875000000000005,up
18:21:09.348264,23.38,1005.52,1.787,33.895499999999984,0.0527208626513844,1.787,up
18:21:09.360494,22.14,983.69,1.7079999999999995,34.967,0.0488460548517173,1.7079999999999995,up
18:21:09.373022,22.86,975.09,1.6619999999999997,34.626999999999995,0.0479972275969619,1.6619999999999997,up
18:21:09.385318,22.73,966.63,1.7819999999999996,36.19149999999999,0.0492380807648204,1.7819999999999996,up
18:21:09.391944,24.9,958.76,1.7559999999999998,35.73250000000002,0.0491429371020779,1.7559999999999998,up
18:21:09.406691,25.32,951.83,1.9534999999999996,34.575,0.0565003615328994,1.9534999999999996,up
18:21:09.418149,22.02,1024.79,1.8575,36.43600000000001,0.0509798001976067,1.8575,up
18:21:09.430213,26.4,1008.34,1.9774999999999996,31.111999999999995,0.0635606839804577,1.9774999999999996,up
18:21:09.439581,25.03,1072.43,2.125,30.56850000000001,0.0695160050378657,2.125,up
18:21:09.451483,27.38,1049.24,2.351999999999999,35.39600000000001,0.0664481862357328,2.351999999999999,up
18:21:09.463900,29.11,1028.38,2.4835,37.32100000000001,0.0665443048149835,2.4835,up
18:21:09.475224,27.42,1009.97,2.549,34.60350000000001,0.0736630687647203,2.549,up
18:21:09.480709,29.5,994.09,2.7105,33.09450000000001,0.0819018265874994,2.7105,up
18:21:09.495335,26.91,1062.42,2.548,34.82850000000001,0.0731584765350215,2.548,up
18:21:09.508179,29.47,1039.08,2.4665,34.01499999999999,0.0725121270027929,2.4665,up
18:21:09.520439,27.24,1100.25,2.185,38.764,0.0563667320193994,2.185,up
18:21:09.527899,30.09,1071.64,2.4125,36.11900000000002,0.06679310058418,2.4125,up
18:21:09.540194,29.26,1046.2,2.1515000000000004,33.376000000000026,0.0644624880153403,2.1515000000000004,up
18:21:09.553165,28.5,1023.89,1.991,27.468500000000013,0.0724830260116132,1.991,up
18:21:09.564214,30.72,1004.71,1.8205,24.90700000000001,0.0730919018749748,1.8205,up
18:21:09.577112,28.82,1005.94,1.4279999999999995,24.22499999999999,0.0589473684210526,1.4279999999999995,up
18:21:09.585113,32.5,989.53,1.5169999999999997,28.33899999999998,0.0535304703765129,1.5169999999999997,up
18:21:09.597022,29.97,1059.67,1.2134999999999991,28.53550000000001,0.0425259764153422,1.2134999999999991,up
18:21:09.611375,31.97,1036.07,1.4129999999999991,24.181999999999988,0.0584318914895376,1.4129999999999991,up
18:21:09.623444,29.89,1098.81,1.1844999999999992,28.699999999999996,0.0412717770034843,1.1844999999999992,up
18:21:09.631293,30.49,1069.31,1.223499999999999,24.86549999999999,0.0492047214011381,1.223499999999999,up
18:21:09.641459,31.43,1043.56,1.0744999999999991,22.491999999999955,0.0477725413480349,1.0744999999999991,up
18:21:09.656251,30.86,1018.31,1.0004999999999993,23.50699999999997,0.0425617901050751,1.0004999999999993,up
18:21:09.668211,32.65,998.87,1.1559999999999993,24.46399999999998,0.0472531066056245,1.1559999999999993,up
18:21:09.676483,29.21,1068.78,1.1489999999999991,24.458499999999976,0.046977533372856,1.1489999999999991,up
18:21:09.689636,31.69,1042.65,1.181499999999999,21.949499999999983,0.0538281054238137,1.181499999999999,down
18:21:09.699294,28.81,1105.11,1.0544999999999995,23.10349999999998,0.0456424351288766,1.0544999999999995,up
18:21:09.712711,29.37,1073.51,1.1244999999999994,23.134499999999953,0.0486070587218224,1.1244999999999994,down
18:21:09.721395,29.7,1045.54,0.9484999999999992,24.14599999999995,0.0392818686324857,0.9484999999999992,up
18:21:09.732391,28.65,1021.09,1.0889999999999993,20.72449999999995,0.0525465029313132,1.0889999999999993,up
18:21:09.743898,31.25,1000.1,1.1399999999999997,22.207499999999953,0.0513340087808173,1.1399999999999997,down
18:21:09.758650,27.28,1070.51,1.2454999999999992,24.47449999999996,0.0508897015260782,1.2454999999999992,down
18:35:03.066434,0.0,340.69,4.148999999999999,93.64799999999995,0.0443042029728344,4.148999999999999,bicep extend
18:35:03.080046,0.0,329.58,6.863999999999999,162.26749999999998,0.0423005222857318,6.863999999999999,bicep extend
18:35:03.085006,0.0,349.23,9.590499999999995,227.635,0.042131043117271,9.590499999999995,bicep extend
18:35:03.100125,0.0,337.67,12.3325,294.88199999999995,0.0418218134711511,12.3325,bicep extend
18:35:03.112658,0.0,356.53,13.51,321.711,0.0419942121966609,13.51,bicep extend
18:35:03.117651,0.0,344.53,13.379500000000002,320.812,0.0417051107813922,13.379500000000002,bicep extend
18:35:03.130263,0.0,320.67,13.3305,322.271,0.0413642555489013,13.3305,bicep extend
18:35:03.142424,0.0,311.39,13.186000000000002,323.047,0.0408175900101223,13.186000000000002,bicep extend
18:35:03.147685,0.0,302.78,13.089000000000002,322.3865,0.0406003353118074,13.089000000000002,bicep extend
18:35:03.161704,0.0,294.45,12.863499999999998,323.6625,0.0397435600355308,12.863499999999998,bicep extend
18:35:03.173803,0.0,287.11,9.934499999999998,257.12350000000004,0.038637075179826,9.934499999999998,bicep extend
18:35:03.183264,0.0,275.15,7.033499999999999,189.76000000000005,0.0370652403035413,7.033499999999999,bicep extend
18:35:03.194900,0.0,269.33,4.160500000000001,125.27150000000002,0.0332118638317574,4.160500000000001,bicep extend
18:35:03.206160,0.0,293.84,1.364,58.45650000000003,0.0233335899343956,1.364,bicep extend
18:35:03.215284,0.0,286.59,0.0,27.03350000000002,0.0,0.0,bicep extend
18:35:03.225136,0.0,309.57,0.0,27.74100000000002,0.0,0.0,bicep extend
18:35:03.239779,0.0,301.21,0.0,25.82650000000002,0.0,0.0,bicep extend
18:35:03.248232,0.0,322.88,0.0,25.57800000000002,0.0,0.0,bicep extend
18:35:03.260768,0.0,313.6,0.0,23.88350000000002,0.0,0.0,bicep extend
18:35:03.267351,0.0,334.13,0.0,23.62650000000002,0.0,0.0,bicep extend
18:35:03.280273,0.0,324.1,0.0,21.696000000000023,0.0,0.0,bicep extend
18:35:03.284169,0.0,343.56,0.0,20.805500000000023,0.0,0.0,bicep extend
18:35:03.301607,0.0,333.0,0.0,18.50600000000002,0.0,0.0,bicep extend
18:35:03.312869,0.0,351.61,0.0,20.84050000000002,0.0,0.0,bicep extend
18:35:03.321487,0.0,340.54,0.0,21.28400000000002,0.0,0.0,bicep extend
18:35:03.333111,0.0,330.2,0.0,19.881500000000024,0.0,0.0,bicep extend
18:35:03.342211,0.0,320.59,0.0,20.276000000000028,0.0,0.0,bicep extend
18:35:03.354012,0.0,311.67,0.0,19.395500000000027,0.0,0.0,bicep extend
18:35:03.365561,0.0,302.9,0.0,20.32000000000003,0.0,0.0,bicep extend
18:35:03.374374,0.0,295.3,0.0,19.84450000000002,0.0,0.0,bicep extend
18:35:03.383356,0.0,317.29,0.0,18.784000000000013,0.0,0.0,bicep extend
18:35:03.395594,0.0,308.61,0.0,16.619500000000016,0.0,0.0,bicep extend
18:35:03.408133,0.0,329.39,0.0,16.188500000000015,0.0,0.0,bicep extend
18:35:03.416299,0.0,319.89,0.0,13.506500000000011,0.0,0.0,bicep extend
18:35:03.424262,0.0,311.06,0.0,12.649500000000012,0.0,0.0,bicep extend
18:35:03.440916,0.0,302.93,0.0,13.353000000000009,0.0,0.0,bicep extend
18:35:03.448183,0.0,295.29,0.0,13.706500000000004,0.0,0.0,bicep extend
18:35:03.459078,0.0,288.25,0.0,13.465500000000002,0.0,0.0,bicep extend
18:35:03.466097,0.0,310.93,0.0,10.7115,0.0,0.0,bicep extend
18:35:03.480625,0.0,302.79,0.0,8.2245,0.0,0.0,bicep extend
18:35:03.493717,0.0,324.08,0.0,8.845000000000004,0.0,0.0,bicep extend
18:35:03.498602,0.0,314.95,0.0,8.207500000000005,0.0,0.0,bicep extend
18:35:03.513968,0.0,335.13,0.0,9.576000000000004,0.0,0.0,bicep extend
18:35:03.523005,0.0,325.26,0.0,10.872500000000008,0.0,0.0,bicep extend
18:35:03.532443,0.0,344.47,0.0,13.68350000000001,0.0,0.0,bicep extend
18:35:03.541705,0.0,334.0,0.0,14.28850000000001,0.0,0.0,bicep extend
18:35:03.554791,0.0,352.37,0.0,15.604000000000012,0.0,0.0,bicep extend
18:35:03.562857,0.0,341.32,0.0,15.021000000000017,0.0,0.0,bicep extend
18:35:03.575656,0.0,358.96,0.0,17.34450000000001,0.0,0.0,bicep extend
18:35:03.587010,0.0,374.89,0.0,20.31300000000001,0.0,0.0,bicep extend
18:35:03.596530,0.0,389.4,0.0,23.53250000000001,0.0,0.0,bicep extend
18:35:03.607288,0.0,402.53,0.0,28.54800000000001,0.0,0.0,bicep extend
18:35:03.613765,0.0,388.28,0.0,29.396000000000008,0.0,0.0,bicep extend
18:35:03.628648,0.0,401.36,0.0,31.413000000000014,0.0,0.0,bicep extend
18:35:03.640736,0.0,387.41,0.0,28.886000000000017,0.0,0.0,bicep extend
18:35:03.649569,0.0,400.44,0.0,28.697000000000013,0.0,0.0,bicep extend
18:35:03.659510,0.0,386.69,0.0,26.04250000000001,0.0,0.0,bicep extend
18:35:03.664515,0.0,399.64,0.0,25.953500000000012,0.0,0.0,bicep extend
18:35:03.682598,0.0,386.09,0.0,23.789000000000016,0.0,0.0,bicep extend
18:35:03.694488,0.0,398.96,0.0,20.60050000000002,0.0,0.0,bicep extend
18:35:03.701469,0.0,385.59,0.0,16.753000000000025,0.0,0.0,bicep extend
18:35:03.709590,0.0,398.38,0.0,11.847000000000032,0.0,0.0,bicep extend
18:35:03.723761,0.0,385.18,0.0,9.357000000000028,0.0,0.0,bicep extend
18:35:03.735694,0.0,397.87,0.0,6.436500000000024,0.0,0.0,bicep extend
18:35:03.747553,0.0,384.84,0.0,6.554500000000019,0.0,0.0,bicep extend
18:35:03.757159,0.0,397.44,0.0,5.832500000000022,0.0,0.0,bicep extend
18:35:03.763089,0.0,368.16,0.0,8.077500000000015,0.0,0.0,bicep extend
18:35:03.777008,0.0,357.62,0.0,9.81950000000001,0.0,0.0,bicep extend
18:35:03.789688,0.0,372.28,0.0,10.855000000000013,0.0,0.0,bicep extend
18:35:03.797201,0.0,361.53,0.0,12.725000000000012,0.0,0.0,bicep extend
18:35:03.808431,0.0,375.76,0.0,12.376000000000005,0.0,0.0,bicep extend
18:35:03.821253,0.0,364.93,0.0,12.78,0.0,0.0,bicep extend
18:35:03.830219,0.0,378.69,0.0,12.475500000000006,0.0,0.0,bicep extend
18:35:03.841704,0.0,367.74,0.0,12.200500000000003,0.0,0.0,bicep extend
18:35:03.849770,0.0,381.24,0.0,12.558500000000004,0.0,0.0,bicep extend
18:35:03.857616,0.0,370.2,0.0,12.123,0.0,0.0,bicep extend
18:35:03.874827,0.0,383.31,0.0,10.969500000000004,0.0,0.0,bicep extend
18:35:03.881624,0.0,372.22,0.0,8.150500000000005,0.0,0.0,bicep extend
18:35:03.894425,0.0,385.13,0.0,7.954000000000002,0.0,0.0,bicep extend
18:35:03.898335,0.0,374.01,0.0,5.6935,0.0,0.0,bicep extend
18:35:03.915394,0.0,386.66,0.0,6.270500000000004,0.0,0.0,bicep extend
18:35:03.922903,0.0,375.46,0.0,5.523000000000008,0.0,0.0,bicep extend
18:35:03.932948,0.0,387.88,0.0,6.009000000000003,0.0,0.0,bicep extend
18:35:03.948635,0.0,376.69,0.0,5.988500000000005,0.0,0.0,bicep extend
18:35:03.956211,0.0,354.12,0.0,7.082000000000005,0.0,0.0,bicep extend
18:35:03.963733,0.0,368.17,0.0,7.770500000000004,0.0,0.0,bicep extend
18:35:03.976754,0.0,358.64,0.0,8.173000000000007,0.0,0.0,bicep extend
18:35:03.990295,0.0,372.21,0.0,8.422500000000014,0.0,0.0,bicep extend
18:35:03.998926,0.0,362.47,0.0,8.372500000000013,0.0,0.0,bicep extend
18:35:04.010428,0.0,375.63,0.0,8.464500000000015,0.0,0.0,bicep extend
18:35:04.023691,0.0,365.8,0.0,7.872500000000014,0.0,0.0,bicep extend
18:35:04.030144,0.0,378.66,0.0,8.558000000000016,0.0,0.0,bicep extend
18:35:04.042873,0.0,368.7,0.0,7.631500000000017,0.0,0.0,bicep extend
18:35:04.051268,0.0,381.14,0.0,8.674500000000013,0.0,0.0,bicep extend
18:35:04.059722,0.0,371.09,0.0,6.598500000000013,0.0,0.0,bicep extend
18:35:04.076148,0.0,383.15,0.0,6.958000000000015,0.0,0.0,bicep extend
18:35:04.084393,0.0,373.04,0.0,5.390000000000015,0.0,0.0,bicep extend
18:35:04.096011,0.0,378.64,0.0,5.568000000000007,0.0,0.0,bicep extend
18:35:04.103413,0.0,368.96,0.0,5.041500000000013,0.0,0.0,bicep extend
18:35:04.111319,0.0,359.88,0.0,6.080500000000012,0.0,0.0,bicep extend
18:35:04.128573,0.0,351.42,0.0,7.706000000000012,0.0,0.0,bicep extend
18:35:04.136715,0.0,343.53,0.0,9.508500000000009,0.0,0.0,bicep extend
18:35:04.148520,0.0,336.18,0.0,12.866500000000007,0.0,0.0,bicep extend
18:35:04.157288,0.0,329.31,0.0,15.107000000000005,0.0,0.0,bicep extend
18:35:04.164035,0.0,345.13,0.0,16.039500000000004,0.0,0.0,bicep extend
18:35:04.177809,0.0,337.65,0.0,15.952000000000004,0.0,0.0,bicep extend
18:35:04.190763,0.0,352.77,0.0,16.360000000000003,0.0,0.0,bicep extend
18:35:04.197035,0.0,344.87,0.0,15.942500000000006,0.0,0.0,bicep extend
18:35:04.211192,0.0,359.23,0.0,16.828000000000003,0.0,0.0,bicep extend
18:35:04.224352,0.0,350.92,0.0,16.201500000000003,0.0,0.0,bicep extend
18:35:04.230257,0.0,364.6,0.0,16.09700000000001,0.0,0.0,bicep extend
18:35:04.242879,0.0,355.97,0.0,14.242000000000012,0.0,0.0,bicep extend
18:35:04.252443,0.0,369.23,0.0,12.596000000000014,0.0,0.0,bicep extend
18:35:04.263582,0.0,360.33,0.0,9.681000000000015,0.0,0.0,bicep extend
18:35:04.276573,0.0,373.13,0.0,10.182000000000016,0.0,0.0,bicep extend
18:35:04.280140,0.0,364.03,0.0,9.544500000000015,0.0,0.0,bicep extend
18:35:04.296659,0.0,364.73,0.0,9.350000000000025,0.0,0.0,bicep extend
18:35:04.305774,0.0,356.26,0.0,9.92900000000002,0.0,0.0,bicep extend
18:35:04.315934,0.0,348.37,0.0,9.887000000000011,0.0,0.0,bicep extend
18:35:04.327969,0.0,340.77,0.0,11.436000000000009,0.0,0.0,bicep extend
18:35:04.335035,0.0,333.91,0.0,11.9145,0.0,0.0,bicep extend
18:35:04.348438,0.0,348.99,0.0,12.050499999999989,0.0,0.0,bicep extend
18:35:04.357285,0.0,341.66,0.0,11.408499999999986,0.0,0.0,bicep extend
18:35:04.367721,0.0,356.0,0.0,11.162999999999988,0.0,0.0,bicep extend
18:35:04.380278,0.0,348.22,0.0,9.655999999999988,0.0,0.0,bicep extend
18:35:04.387791,0.0,361.94,0.0,10.556999999999988,0.0,0.0,bicep extend
18:35:04.396577,0.0,353.78,0.0,10.811999999999978,0.0,0.0,bicep extend
18:35:04.410254,0.0,366.87,0.0,12.038999999999982,0.0,0.0,bicep extend
18:35:04.424324,0.0,358.42,0.0,11.361499999999989,0.0,0.0,bicep extend
18:35:04.430241,0.0,371.12,0.0,10.843499999999995,0.0,0.0,bicep extend
18:35:04.444448,0.0,362.43,0.0,8.926999999999998,0.0,0.0,bicep extend
18:35:04.457275,0.0,374.78,0.0,9.4565,0.0,0.0,bicep extend
18:35:04.465304,0.0,365.91,0.0,8.732500000000005,0.0,0.0,bicep extend
18:35:04.473685,0.0,357.56,0.0,8.844500000000005,0.0,0.0,bicep extend
18:35:04.484320,0.0,349.85,0.0,10.032000000000004,0.0,0.0,bicep extend
18:35:04.495042,0.0,342.57,0.0,10.491500000000007,0.0,0.0,bicep extend
18:35:04.508370,0.0,335.77,0.0,12.447000000000012,0.0,0.0,bicep extend
18:35:04.515293,0.0,329.41,0.0,13.486000000000011,0.0,0.0,bicep extend
18:35:04.530441,0.0,320.27,0.0,16.126000000000015,0.0,0.0,bicep extend
18:35:04.535677,0.0,315.03,0.0,17.62100000000002,0.0,0.0,bicep extend
18:35:04.550601,0.0,331.63,0.0,17.85300000000002,0.0,0.0,bicep extend
18:35:04.557620,0.0,325.6,0.0,17.20300000000002,0.0,0.0,bicep extend
18:35:04.566066,0.0,341.32,0.0,17.59250000000002,0.0,0.0,bicep extend
18:35:04.582858,0.0,334.62,0.0,17.27950000000002,0.0,0.0,bicep extend
18:35:04.591152,0.0,349.52,0.0,17.68550000000002,0.0,0.0,bicep extend
18:35:04.604293,0.0,342.26,0.0,16.813500000000015,0.0,0.0,bicep extend
18:35:04.610096,0.0,356.44,0.0,16.67950000000001,0.0,0.0,bicep extend
18:35:04.623426,0.0,348.74,0.0,14.898500000000013,0.0,0.0,bicep extend
18:35:04.636036,0.0,362.22,0.0,13.598000000000011,0.0,0.0,bicep extend
18:35:04.645046,0.0,354.16,0.0,11.346000000000007,0.0,0.0,bicep extend
18:35:04.658340,0.0,345.77,0.0,10.740500000000017,0.0,0.0,bicep extend
18:35:04.664650,0.0,338.94,0.0,10.762000000000018,0.0,0.0,bicep extend
18:35:04.675778,0.0,332.55,0.0,11.470500000000015,0.0,0.0,bicep extend
18:35:04.683261,0.0,326.56,0.0,13.390500000000014,0.0,0.0,bicep extend
18:35:04.698053,0.0,320.95,0.0,14.057500000000015,0.0,0.0,bicep extend
18:35:04.710275,0.0,314.02,0.0,15.97750000000002,0.0,0.0,bicep extend
18:35:04.714499,0.0,309.21,0.0,16.299500000000023,0.0,0.0,bicep extend
18:35:04.730758,0.0,326.35,0.0,15.543000000000024,0.0,0.0,bicep extend
18:35:04.740747,0.0,320.74,0.0,14.07150000000002,0.0,0.0,bicep extend
18:35:04.750474,0.0,336.85,0.0,14.245000000000015,0.0,0.0,bicep extend
18:35:04.759435,0.0,330.51,0.0,14.50200000000001,0.0,0.0,bicep extend
18:35:04.773569,0.0,345.73,0.0,15.598000000000008,0.0,0.0,bicep extend
18:35:04.783261,0.0,338.79,0.0,15.361000000000008,0.0,0.0,bicep extend
18:35:04.791126,0.0,353.24,0.0,15.772500000000008,0.0,0.0,bicep extend
18:35:04.802527,0.0,345.88,0.0,14.686000000000009,0.0,0.0,bicep extend
18:35:04.806777,0.0,359.66,0.0,14.0365,0.0,0.0,bicep extend
18:35:04.825260,0.0,351.81,0.0,12.338,0.0,0.0,bicep extend
18:35:04.836381,0.0,344.4,0.0,12.084000000000003,0.0,0.0,bicep extend
18:35:04.842948,0.0,337.56,0.0,12.263,0.0,0.0,bicep extend
18:35:04.858398,0.0,331.09,0.0,12.621000000000004,0.0,0.0,bicep extend
18:35:04.864746,0.0,325.02,0.0,14.22000000000001,0.0,0.0,bicep extend
18:35:04.874310,0.0,319.42,0.0,14.510000000000014,0.0,0.0,bicep extend
18:35:04.890566,0.0,314.09,0.0,15.96550000000002,0.0,0.0,bicep extend
18:35:04.897401,0.0,309.15,0.0,16.00200000000002,0.0,0.0,bicep extend
18:35:04.910182,0.0,292.58,0.0,18.329500000000017,0.0,0.0,bicep extend
18:35:04.943453,0.0,289.31,0.0,19.436500000000024,0.0,0.0,bicep extend
18:35:04.945463,0.0,308.22,0.0,19.33500000000002,0.0,0.0,bicep extend
18:35:04.954530,0.0,303.81,0.0,20.049500000000016,0.0,0.0,bicep extend
18:35:04.983068,0.0,321.45,0.0,20.282000000000014,0.0,0.0,bicep extend
18:35:04.983068,0.0,316.08,0.0,19.33050000000001,0.0,0.0,bicep extend
18:35:04.985873,0.0,332.71,0.0,19.43500000000001,0.0,0.0,bicep extend
18:35:04.985873,0.0,326.56,0.0,18.711500000000008,0.0,0.0,bicep extend
18:35:04.992559,0.0,342.24,0.0,18.985000000000003,0.0,0.0,bicep extend
18:35:05.004196,0.0,335.43,0.0,18.134000000000004,0.0,0.0,bicep extend
18:35:05.017688,0.0,328.98,0.0,15.084000000000009,0.0,0.0,bicep extend
18:35:05.023869,0.0,323.02,0.0,11.970000000000004,0.0,0.0,bicep extend
18:35:05.036265,0.0,317.43,0.0,11.852500000000004,0.0,0.0,bicep extend
18:35:05.046470,0.0,312.11,0.0,12.339499999999996,0.0,0.0,bicep extend
18:35:05.057254,0.0,307.2,0.0,13.115499999999995,0.0,0.0,bicep extend
18:35:05.065892,0.0,302.49,0.0,14.899499999999994,0.0,0.0,bicep extend
18:35:05.079292,0.0,298.15,0.0,14.998,0.0,0.0,bicep extend
18:35:05.091273,0.0,316.79,0.0,13.536,0.0,0.0,bicep extend
18:35:05.096728,0.0,311.41,0.0,10.877500000000005,0.0,0.0,bicep extend
18:35:05.109368,0.0,306.28,0.0,9.759000000000004,0.0,0.0,bicep extend
18:35:05.117871,0.0,301.54,0.0,10.038,0.0,0.0,bicep extend
18:35:05.132132,0.0,297.0,0.0,10.835000000000004,0.0,0.0,bicep extend
18:35:05.144022,0.0,292.81,0.0,11.256500000000006,0.0,0.0,bicep extend
18:35:05.150601,0.0,288.77,0.0,11.313000000000011,0.0,0.0,bicep extend
18:35:05.162969,0.0,285.03,0.0,11.03550000000002,0.0,0.0,bicep extend
18:35:05.173658,0.0,281.42,0.0,10.42100000000002,0.0,0.0,bicep extend
18:35:05.181201,0.0,278.16,0.0,9.88800000000001,0.0,0.0,bicep extend
18:35:05.191110,0.0,274.98,0.0,11.437000000000006,0.0,0.0,bicep extend
18:35:05.206812,0.0,271.96,0.0,12.627000000000004,0.0,0.0,bicep extend
18:35:05.214448,0.0,269.08,0.0,13.493500000000006,0.0,0.0,bicep extend
18:35:05.226149,0.0,266.42,0.0,14.054000000000007,0.0,0.0,bicep extend
18:35:05.239600,0.0,263.8,0.0,14.35700000000001,0.0,0.0,bicep extend
18:35:05.247707,0.0,261.29,0.0,14.417500000000013,0.0,0.0,bicep extend
18:35:05.256505,0.0,258.89,0.0,14.25600000000001,0.0,0.0,bicep extend
18:35:05.272855,0.0,256.59,0.0,13.890500000000008,0.0,0.0,bicep extend
18:35:05.280465,0.0,254.37,0.0,13.349000000000013,0.0,0.0,bicep extend
18:35:05.291785,0.0,252.25,0.0,12.704000000000018,0.0,0.0,bicep extend
18:35:05.300582,0.0,250.2,0.0,12.112000000000029,0.0,0.0,bicep extend
18:35:05.312238,0.0,248.22,0.0,11.57000000000003,0.0,0.0,bicep extend
18:35:05.316497,0.0,246.31,0.0,11.072500000000025,0.0,0.0,bicep extend
18:35:05.333689,0.0,244.46,0.0,10.620500000000025,0.0,0.0,bicep extend
18:35:05.345955,0.0,242.67,0.0,10.19900000000002,0.0,0.0,bicep extend
18:35:05.351363,0.0,240.85,0.0,9.817000000000018,0.0,0.0,bicep extend
18:35:05.359444,0.0,239.17,0.0,9.46350000000002,0.0,0.0,bicep extend
18:35:05.373829,0.0,237.45,0.0,9.141000000000016,0.0,0.0,bicep extend
18:35:05.381036,0.0,235.94,0.0,8.829500000000015,0.0,0.0,bicep extend
18:35:05.397310,0.0,234.31,0.0,8.545000000000012,0.0,0.0,bicep extend
18:35:05.406990,0.0,232.87,0.0,8.270000000000007,0.0,0.0,bicep extend
18:35:05.414166,0.0,231.39,0.0,8.010000000000009,0.0,0.0,bicep extend
18:35:05.427238,0.0,229.93,0.0,7.769500000000008,0.0,0.0,bicep extend
18:35:05.440663,0.0,228.51,0.0,7.546000000000009,0.0,0.0,bicep extend
18:35:05.445309,0.0,227.11,0.0,7.338500000000008,0.0,0.0,bicep extend
18:35:05.459686,0.0,225.75,0.0,7.140500000000008,0.0,0.0,bicep extend
18:35:05.472657,0.0,224.4,0.0,6.957000000000008,0.0,0.0,bicep extend
18:35:05.480783,0.0,223.08,0.0,6.777500000000006,0.0,0.0,bicep extend
18:35:05.493516,0.0,221.7,0.0,6.626000000000007,0.0,0.0,bicep extend
18:35:05.498256,0.0,220.42,0.0,6.482000000000011,0.0,0.0,bicep extend
18:35:05.514210,0.0,219.09,0.0,6.366500000000011,0.0,0.0,bicep extend
18:35:05.525130,0.0,217.86,0.0,6.262500000000008,0.0,0.0,bicep extend
18:35:05.531355,0.0,212.1,0.0,6.615000000000009,0.0,0.0,bicep extend
18:35:05.544459,0.0,211.29,0.0,6.930500000000009,0.0,0.0,bicep extend
18:35:05.554558,0.0,240.56,0.0,8.23250000000001,0.0,0.0,bicep extend
18:35:05.565862,0.0,237.62,0.0,9.250500000000011,0.0,0.0,bicep extend
18:35:05.573188,0.0,264.63,0.0,12.981500000000011,0.0,0.0,bicep extend
18:35:05.587823,0.0,259.91,0.0,16.252500000000015,0.0,0.0,bicep extend
18:35:05.598255,0.0,284.92,0.0,21.23150000000002,0.0,0.0,bicep extend
18:35:05.607911,0.0,278.64,0.0,24.585500000000017,0.0,0.0,bicep extend
18:35:05.619776,0.0,301.92,0.0,29.155500000000018,0.0,0.0,bicep extend
18:35:05.628143,0.0,294.11,0.0,31.75150000000002,0.0,0.0,bicep extend
18:35:05.640424,0.0,316.09,0.0,35.16800000000002,0.0,0.0,bicep extend
18:35:05.647820,0.0,336.08,0.0,39.621000000000016,0.0,0.0,bicep extend
18:35:05.660133,0.0,344.13,0.0,43.132500000000014,0.0,0.0,bicep extend
18:35:05.674560,0.0,361.47,0.0,47.822000000000024,0.0,0.0,bicep extend
18:35:05.682049,0.0,349.99,0.0,47.56350000000002,0.0,0.0,bicep extend
18:35:05.693201,0.0,366.73,0.0,47.74300000000003,0.0,0.0,bicep extend
18:35:05.702008,0.0,354.97,0.0,43.63950000000002,0.0,0.0,bicep extend
18:35:05.711432,0.0,371.25,0.0,42.10350000000003,0.0,0.0,bicep extend
18:35:05.725417,0.0,385.92,0.0,40.27900000000002,0.0,0.0,bicep extend
18:35:05.733567,0.0,399.28,0.0,41.20100000000001,0.0,0.0,bicep extend
18:35:05.746996,0.0,411.35,0.0,41.48050000000002,0.0,0.0,bicep extend
18:35:05.755746,0.0,422.15,0.0,41.36650000000001,0.0,0.0,bicep extend
18:35:05.765041,0.0,431.86,0.0,41.2325,0.0,0.0,bicep extend
18:35:05.778255,0.0,440.66,0.0,39.693000000000005,0.0,0.0,bicep extend
18:35:05.782503,0.0,448.54,0.0,39.91700000000001,0.0,0.0,bicep extend
18:35:05.800202,0.0,455.49,0.0,39.72650000000001,0.0,0.0,bicep extend
18:35:05.808795,0.0,461.67,0.0,41.706500000000005,0.0,0.0,bicep extend
18:35:05.820567,0.0,467.14,0.0,42.3755,0.0,0.0,bicep extend
18:35:05.827872,0.0,471.96,0.0,41.767500000000005,0.0,0.0,bicep extend
18:35:05.840813,0.0,476.11,0.0,40.07100000000001,0.0,0.0,bicep extend
18:35:05.852022,0.0,479.79,0.0,37.467000000000006,0.0,0.0,bicep extend
18:35:05.861427,0.0,482.96,0.0,34.00650000000002,0.0,0.0,bicep extend
18:35:05.874160,0.0,485.76,0.0,30.300000000000026,0.0,0.0,bicep extend
18:35:05.882227,0.0,488.04,0.0,26.894500000000026,0.0,0.0,bicep extend
18:35:05.893472,0.0,490.01,0.0,23.778000000000013,0.0,0.0,bicep extend
18:35:05.907083,0.0,491.46,0.0,20.912500000000012,0.0,0.0,bicep extend
18:35:05.914943,0.0,492.74,0.0,18.28400000000001,0.0,0.0,bicep extend
18:35:05.926887,0.0,493.64,0.0,15.87000000000001,0.0,0.0,bicep extend
18:35:05.935674,0.0,494.27,0.0,13.658500000000014,0.0,0.0,bicep extend
18:35:05.946500,0.0,494.72,0.0,11.647500000000012,0.0,0.0,bicep extend
18:35:05.954920,0.0,494.86,0.0,9.802500000000014,0.0,0.0,bicep extend
18:35:05.962958,0.0,494.78,0.0,8.106000000000012,0.0,0.0,bicep extend
18:35:05.980292,0.0,494.6,0.0,6.549500000000012,0.0,0.0,bicep extend
18:35:05.989508,0.0,494.15,0.0,5.1550000000000065,0.0,0.0,bicep extend
18:35:05.998107,0.0,493.54,0.0,4.016000000000008,0.0,0.0,bicep extend
18:35:06.008635,0.0,492.78,0.0,3.1505000000000107,0.0,0.0,bicep extend
18:35:06.019616,0.0,491.89,0.0,2.544500000000011,0.0,0.0,bicep extend
18:35:06.032075,0.0,490.95,0.0,2.196500000000009,0.0,0.0,bicep extend
18:35:06.042497,0.0,489.74,0.0,2.0825000000000102,0.0,0.0,bicep extend
18:35:06.046083,0.0,488.59,0.0,2.141000000000008,0.0,0.0,bicep extend
18:35:06.062593,0.0,487.26,0.0,2.372500000000008,0.0,0.0,bicep extend
18:35:06.074591,0.0,485.85,0.0,2.770500000000004,0.0,0.0,bicep extend
18:35:06.081481,0.0,484.36,0.0,3.3045000000000018,0.0,0.0,bicep extend
18:35:06.095459,0.0,482.89,0.0,3.9259999999999993,0.0,0.0,bicep extend
18:35:06.107219,0.0,481.26,0.0,4.525499999999999,0.0,0.0,bicep extend
18:35:06.115657,0.0,479.66,0.0,5.071999999999997,0.0,0.0,bicep extend
18:35:06.125320,0.0,477.92,0.0,5.558499999999998,0.0,0.0,bicep extend
18:35:06.136612,0.0,476.21,0.0,5.974000000000001,0.0,0.0,bicep extend
18:35:06.149367,0.0,474.38,0.0,6.332999999999998,0.0,0.0,bicep extend
18:35:06.160796,0.0,472.59,0.0,6.663000000000006,0.0,0.0,bicep extend
18:35:06.168540,0.0,470.69,0.0,6.9655000000000085,0.0,0.0,bicep extend
18:35:06.180496,0.0,468.75,0.0,7.240000000000014,0.0,0.0,bicep extend
18:35:06.190355,0.0,466.87,0.0,7.484000000000009,0.0,0.0,bicep extend
18:35:06.201434,0.0,464.88,0.0,7.717000000000013,0.0,0.0,bicep extend
18:35:06.209158,0.0,462.87,0.0,7.927500000000014,0.0,0.0,bicep extend
18:35:06.223605,0.0,460.85,0.0,8.125000000000018,0.0,0.0,bicep extend
18:35:06.234371,0.0,458.89,0.0,8.298500000000018,0.0,0.0,bicep extend
18:35:06.242607,0.0,456.83,0.0,8.461500000000019,0.0,0.0,bicep extend
18:35:06.254811,0.0,454.85,0.0,8.594500000000016,0.0,0.0,bicep extend
18:35:06.259658,0.0,452.76,0.0,8.717500000000012,0.0,0.0,bicep extend
18:35:06.275282,0.0,450.67,0.0,8.82750000000001,0.0,0.0,bicep extend
18:35:06.287093,0.0,448.58,0.0,8.924000000000012,0.0,0.0,bicep extend
18:35:06.296112,0.0,446.56,0.0,9.00950000000002,0.0,0.0,bicep extend
18:35:06.307030,0.0,444.46,0.0,9.08350000000002,0.0,0.0,bicep extend
18:35:06.315602,0.0,442.35,0.0,9.143000000000024,0.0,0.0,bicep extend
18:35:06.326316,0.0,440.32,0.0,9.186500000000024,0.0,0.0,bicep extend
18:35:06.340334,0.0,438.29,0.0,9.22250000000002,0.0,0.0,bicep extend
18:35:06.348848,0.0,436.17,0.0,9.252000000000017,0.0,0.0,bicep extend
18:35:06.359763,0.0,434.14,0.0,9.276000000000016,0.0,0.0,bicep extend
18:35:06.367675,0.0,432.02,0.0,9.29750000000002,0.0,0.0,bicep extend
18:35:06.380187,0.0,429.83,0.0,9.325000000000022,0.0,0.0,bicep extend
18:35:06.391533,0.0,427.81,0.0,9.339000000000022,0.0,0.0,bicep extend
18:35:06.402058,0.0,425.79,0.0,9.347500000000014,0.0,0.0,bicep extend
18:35:06.413760,0.0,423.77,0.0,9.344000000000012,0.0,0.0,bicep extend
18:35:06.424062,0.0,421.67,0.0,9.333000000000004,0.0,0.0,bicep extend
18:35:06.430333,0.0,419.66,0.0,9.3185,0.0,0.0,bicep extend
18:35:06.443219,0.0,417.48,0.0,9.322500000000002,0.0,0.0,bicep extend
18:35:06.453711,0.0,415.49,0.0,9.3175,0.0,0.0,bicep extend
18:35:06.463711,0.0,413.41,0.0,9.322000000000005,0.0,0.0,bicep extend
18:35:06.476501,0.0,411.43,0.0,9.313999999999998,0.0,0.0,bicep extend
18:35:06.483514,0.0,409.36,0.0,9.2875,0.0,0.0,bicep extend
18:35:06.496286,0.0,407.39,0.0,9.255,0.0,0.0,bicep extend
18:35:06.509422,0.0,405.42,0.0,9.22150000000001,0.0,0.0,bicep extend
18:35:06.517062,0.0,403.45,0.0,9.18750000000001,0.0,0.0,bicep extend
18:35:06.526426,0.0,401.49,0.0,9.152500000000014,0.0,0.0,bicep extend
18:35:06.541552,0.0,399.53,0.0,9.12100000000002,0.0,0.0,bicep extend
18:35:06.545135,0.0,397.57,0.0,9.07250000000002,0.0,0.0,bicep extend
18:35:06.560318,0.0,395.54,0.0,9.03300000000002,0.0,0.0,bicep extend
18:35:06.570417,0.0,393.6,0.0,8.989000000000022,0.0,0.0,bicep extend
18:35:06.582507,0.0,391.59,0.0,8.957500000000021,0.0,0.0,bicep extend
18:35:06.594291,0.0,389.67,0.0,8.924500000000013,0.0,0.0,bicep extend
18:35:06.599304,0.0,387.68,0.0,8.902500000000009,0.0,0.0,bicep extend
18:35:06.615481,0.0,385.78,0.0,8.878500000000013,0.0,0.0,bicep extend
18:35:06.623654,0.0,383.72,0.0,8.86900000000001,0.0,0.0,bicep extend
18:35:06.633350,0.0,381.84,0.0,8.857500000000016,0.0,0.0,bicep extend
18:35:06.643528,0.0,379.89,0.0,8.851500000000016,0.0,0.0,bicep extend
18:35:06.657099,0.0,377.95,0.0,8.846000000000021,0.0,0.0,bicep extend
18:35:06.667472,0.0,376.02,0.0,8.829500000000024,0.0,0.0,bicep extend
18:35:06.676337,0.0,374.11,0.0,8.80950000000002,0.0,0.0,bicep extend
18:35:06.690281,0.0,372.28,0.0,8.776000000000021,0.0,0.0,bicep extend
18:35:06.696116,0.0,370.46,0.0,8.734000000000027,0.0,0.0,bicep extend
18:35:06.710114,0.0,368.64,0.0,8.68100000000003,0.0,0.0,bicep extend
18:35:06.718872,0.0,366.75,0.0,8.633500000000021,0.0,0.0,bicep extend
18:35:06.729865,0.0,364.95,0.0,8.57050000000002,0.0,0.0,bicep extend
18:35:06.741469,0.0,363.08,0.0,8.520500000000022,0.0,0.0,bicep extend
18:35:06.749742,0.0,361.29,0.0,8.468000000000012,0.0,0.0,bicep extend
18:35:06.759732,0.0,359.44,0.0,8.415500000000009,0.0,0.0,bicep extend
18:35:06.767274,0.0,357.59,0.0,8.368500000000012,0.0,0.0,bicep extend
18:35:06.780288,0.0,336.02,0.0,10.301000000000016,0.0,0.0,bicep extend
18:35:06.794774,0.0,335.87,0.0,12.074000000000012,0.0,0.0,bicep extend
18:35:06.803053,0.0,344.49,0.0,12.815500000000014,0.0,0.0,bicep extend
18:35:06.815661,0.0,343.71,0.0,13.461500000000012,0.0,0.0,bicep extend
18:35:06.824734,0.0,351.65,0.0,12.927000000000016,0.0,0.0,bicep extend
18:35:06.835361,0.0,350.35,0.0,12.167500000000013,0.0,0.0,bicep extend
18:35:06.849064,0.0,357.71,0.0,12.009500000000008,0.0,0.0,bicep extend
18:35:06.857930,0.0,355.88,0.0,11.671500000000014,0.0,0.0,bicep extend
18:35:06.863715,0.0,362.77,0.0,12.023000000000014,0.0,0.0,bicep extend
18:35:06.876991,0.0,360.58,0.0,12.155000000000006,0.0,0.0,bicep extend
18:35:06.891588,0.0,367.04,0.0,10.68300000000001,0.0,0.0,bicep extend
18:35:06.897581,0.0,372.81,0.0,9.653000000000016,0.0,0.0,bicep extend
18:35:06.909237,0.0,377.94,0.0,9.945000000000016,0.0,0.0,bicep extend
18:35:06.923035,0.0,382.56,0.0,10.55300000000002,0.0,0.0,bicep extend
18:35:06.930131,0.0,386.56,0.0,12.42150000000002,0.0,0.0,bicep extend
18:35:06.942190,0.0,390.23,0.0,14.387000000000024,0.0,0.0,bicep extend
18:35:06.950432,0.0,393.35,0.0,15.513500000000027,0.0,0.0,bicep extend
18:35:06.963472,0.0,396.12,0.0,16.61250000000003,0.0,0.0,bicep extend
18:35:06.976033,0.0,398.42,0.0,16.821500000000032,0.0,0.0,bicep extend
18:35:06.980330,0.0,400.45,0.0,17.069000000000035,0.0,0.0,bicep extend
18:35:06.996593,0.0,402.06,0.0,16.768500000000028,0.0,0.0,bicep extend
18:35:07.002403,0.0,403.45,0.0,16.03850000000002,0.0,0.0,bicep extend
18:35:07.014238,0.0,404.49,0.0,14.881000000000023,0.0,0.0,bicep extend
18:35:07.023152,0.0,405.27,0.0,13.376000000000015,0.0,0.0,bicep extend
18:35:07.031793,0.0,405.82,0.0,11.667000000000012,0.0,0.0,bicep extend
18:35:07.050095,0.0,406.17,0.0,9.978000000000014,0.0,0.0,bicep extend
18:35:07.056206,0.0,406.4,0.0,8.423500000000008,0.0,0.0,bicep extend
18:35:07.065094,0.0,406.36,0.0,6.984500000000009,0.0,0.0,bicep extend
18:35:07.074970,0.0,406.17,0.0,5.661000000000013,0.0,0.0,bicep extend
18:35:07.089694,0.0,405.83,0.0,4.456000000000012,0.0,0.0,bicep extend
18:35:07.101581,0.0,405.43,0.0,3.4685000000000117,0.0,0.0,bicep extend
18:35:07.108640,0.0,404.83,0.0,2.6965000000000146,0.0,0.0,bicep extend
18:35:07.123816,0.0,404.11,0.0,2.1460000000000092,0.0,0.0,bicep extend
18:35:07.131481,0.0,403.29,0.0,1.8160000000000085,0.0,0.0,bicep extend
18:35:07.140147,0.0,402.38,0.0,1.6845000000000083,0.0,0.0,bicep extend
18:35:07.156048,0.0,401.38,0.0,1.7180000000000064,0.0,0.0,bicep extend
18:35:07.162851,0.0,400.38,0.0,1.8840000000000143,0.0,0.0,bicep extend
18:35:07.176755,0.0,399.23,0.0,2.1830000000000154,0.0,0.0,bicep extend
18:35:07.185055,0.0,398.1,0.0,2.594000000000011,0.0,0.0,bicep extend
18:35:07.194318,0.0,396.82,0.0,3.099500000000012,0.0,0.0,bicep extend
18:35:07.206338,0.0,395.49,0.0,3.599000000000012,0.0,0.0,bicep extend
18:35:07.214992,0.0,394.11,0.0,4.0690000000000115,0.0,0.0,bicep extend
18:35:07.230234,0.0,392.69,0.0,4.495000000000016,0.0,0.0,bicep extend
18:35:07.237501,0.0,391.23,0.0,4.864500000000021,0.0,0.0,bicep extend
18:35:07.248189,0.0,389.73,0.0,5.182000000000016,0.0,0.0,bicep extend
18:35:07.258656,0.0,388.21,0.0,5.46600000000002,0.0,0.0,bicep extend
18:35:07.271009,0.0,386.66,0.0,5.731000000000011,0.0,0.0,bicep extend
18:35:07.280320,0.0,385.16,0.0,5.96400000000001,0.0,0.0,bicep extend
18:35:07.290528,0.0,383.56,0.0,6.18250000000001,0.0,0.0,bicep extend
18:35:07.299918,0.0,381.94,0.0,6.379500000000013,0.0,0.0,bicep extend
18:35:07.309022,0.0,380.3,0.0,6.554000000000014,0.0,0.0,bicep extend
18:35:07.323372,0.0,378.72,0.0,6.703500000000014,0.0,0.0,bicep extend
18:35:07.330397,0.0,377.05,0.0,6.837000000000012,0.0,0.0,bicep extend
18:35:07.344204,0.0,375.44,0.0,6.94500000000001,0.0,0.0,bicep extend
18:35:07.357095,0.0,373.74,0.0,7.040500000000014,0.0,0.0,bicep extend
18:35:07.365029,0.0,372.03,0.0,7.129500000000013,0.0,0.0,bicep extend
18:35:07.375820,0.0,370.32,0.0,7.2120000000000175,0.0,0.0,bicep extend
18:35:07.382712,0.0,368.6,0.0,7.296500000000014,0.0,0.0,bicep extend
18:35:07.398031,0.0,366.96,0.0,7.367500000000018,0.0,0.0,bicep extend
18:35:07.409257,0.0,365.23,0.0,7.430000000000012,0.0,0.0,bicep extend
18:35:07.414263,0.0,363.58,0.0,7.476000000000011,0.0,0.0,bicep extend
18:35:07.430481,0.0,361.77,0.0,7.526000000000016,0.0,0.0,bicep extend
18:35:07.439688,0.0,360.04,0.0,7.5690000000000115,0.0,0.0,bicep extend
18:35:07.449579,0.0,358.23,0.0,7.624500000000012,0.0,0.0,bicep extend
18:35:07.458553,0.0,356.59,0.0,7.668000000000012,0.0,0.0,bicep extend
18:35:07.466200,0.0,354.78,0.0,7.709500000000008,0.0,0.0,bicep extend
18:35:07.482292,0.0,353.15,0.0,7.728500000000008,0.0,0.0,bicep extend
18:35:07.490211,0.0,351.43,0.0,7.734500000000009,0.0,0.0,bicep extend
18:35:07.501954,0.0,349.71,0.0,7.741500000000002,0.0,0.0,bicep extend
18:35:07.509628,0.0,348.0,0.0,7.7445,0.0,0.0,bicep extend
18:35:07.524581,0.0,346.37,0.0,7.7445,0.0,0.0,bicep extend
18:35:07.536116,0.0,344.66,0.0,7.738499999999988,0.0,0.0,bicep extend
18:35:07.544912,0.0,342.96,0.0,7.725499999999994,0.0,0.0,bicep extend
18:35:07.558677,0.0,341.26,0.0,7.698499999999996,0.0,0.0,bicep extend
18:35:07.565957,0.0,339.57,0.0,7.678499999999997,0.0,0.0,bicep extend
18:35:07.576977,0.0,337.88,0.0,7.652499999999998,0.0,0.0,bicep extend
18:35:07.584902,0.0,336.12,0.0,7.645999999999998,0.0,0.0,bicep extend
18:35:07.598311,0.0,334.54,0.0,7.6324999999999985,0.0,0.0,bicep extend
18:35:07.609857,0.0,332.87,0.0,7.6169999999999956,0.0,0.0,bicep extend
18:35:07.617972,0.0,331.29,0.0,7.592000000000001,0.0,0.0,bicep extend
18:35:07.630071,0.0,329.63,0.0,7.569500000000005,0.0,0.0,bicep extend
18:35:07.633389,0.0,327.97,0.0,7.542500000000013,0.0,0.0,bicep extend
18:35:07.651646,0.0,326.25,0.0,7.527000000000015,0.0,0.0,bicep extend
18:35:07.660690,0.0,324.62,0.0,7.513500000000016,0.0,0.0,bicep extend
18:35:07.672855,0.0,322.99,0.0,7.499000000000018,0.0,0.0,bicep extend
18:35:07.683956,0.0,321.38,0.0,7.4775000000000205,0.0,0.0,bicep extend
18:35:07.692632,0.0,319.76,0.0,7.443500000000023,0.0,0.0,bicep extend
18:35:07.704667,0.0,318.16,0.0,7.414000000000021,0.0,0.0,bicep extend
18:35:07.710026,0.0,316.57,0.0,7.383000000000027,0.0,0.0,bicep extend
18:35:07.726037,0.0,314.98,0.0,7.360000000000025,0.0,0.0,bicep extend
18:35:07.737287,0.0,313.47,0.0,7.333000000000021,0.0,0.0,bicep extend
18:35:07.743733,0.0,311.89,0.0,7.304000000000025,0.0,0.0,bicep extend
18:35:07.757935,0.0,310.4,0.0,7.255000000000024,0.0,0.0,bicep extend
18:35:07.764442,0.0,308.83,0.0,7.2035000000000196,0.0,0.0,bicep extend
18:35:07.779014,0.0,307.26,0.0,7.15300000000002,0.0,0.0,bicep extend
18:35:07.790679,0.0,305.71,0.0,7.108000000000021,0.0,0.0,bicep extend
18:35:07.798822,0.0,304.16,0.0,7.0715000000000146,0.0,0.0,bicep extend
18:35:07.811026,0.0,302.62,0.0,7.043500000000018,0.0,0.0,bicep extend
18:35:07.819333,0.0,301.09,0.0,7.0155000000000145,0.0,0.0,bicep extend
18:35:07.830427,0.0,299.57,0.0,6.986500000000018,0.0,0.0,bicep extend
18:35:07.840040,0.0,298.05,0.0,6.96500000000002,0.0,0.0,bicep extend
18:35:07.852153,0.0,296.54,0.0,6.943000000000012,0.0,0.0,bicep extend
18:35:07.862937,0.0,295.04,0.0,6.928000000000009,0.0,0.0,bicep extend
18:35:07.873461,0.0,293.55,0.0,6.911500000000006,0.0,0.0,bicep extend
18:35:07.883996,0.0,292.06,0.0,6.890000000000003,0.0,0.0,bicep extend
18:35:07.892331,0.0,290.59,0.0,6.863500000000005,0.0,0.0,bicep extend
18:35:07.905601,0.0,289.12,0.0,6.8320000000000105,0.0,0.0,bicep extend
18:35:07.916244,0.0,287.65,0.0,6.797000000000014,0.0,0.0,bicep extend
18:35:07.926487,0.0,286.12,0.0,6.770000000000016,0.0,0.0,bicep extend
18:35:07.935093,0.0,284.68,0.0,6.743000000000012,0.0,0.0,bicep extend
18:35:07.946173,0.0,283.17,0.0,6.723000000000013,0.0,0.0,bicep extend
18:35:07.959271,0.0,281.75,0.0,6.701500000000015,0.0,0.0,bicep extend
18:35:07.967078,0.0,280.25,0.0,6.683500000000015,0.0,0.0,bicep extend
18:35:07.977592,0.0,278.85,0.0,6.660500000000013,0.0,0.0,bicep extend
18:35:07.991683,0.0,277.46,0.0,6.6320000000000165,0.0,0.0,bicep extend
18:35:07.999718,0.0,276.07,0.0,6.600500000000016,0.0,0.0,bicep extend
18:35:08.011559,0.0,274.68,0.0,6.565500000000014,0.0,0.0,bicep extend
18:35:08.015342,0.0,273.31,0.0,6.525000000000011,0.0,0.0,bicep extend
18:35:08.031949,0.0,271.93,0.0,6.479000000000008,0.0,0.0,bicep extend
18:35:08.042789,0.0,270.57,0.0,6.434000000000009,0.0,0.0,bicep extend
18:35:08.048079,0.0,269.21,0.0,6.38200000000001,0.0,0.0,bicep extend
18:35:08.064121,0.0,267.86,0.0,6.3320000000000105,0.0,0.0,bicep extend
18:35:08.073880,0.0,266.51,0.0,6.279500000000013,0.0,0.0,bicep extend
18:35:08.082912,0.0,265.09,0.0,6.24050000000002,0.0,0.0,bicep extend
18:35:08.091810,0.0,263.76,0.0,6.207000000000017,0.0,0.0,bicep extend
18:35:08.106046,0.0,262.36,0.0,6.185500000000007,0.0,0.0,bicep extend
18:35:08.113956,0.0,261.05,0.0,6.167000000000007,0.0,0.0,bicep extend
18:35:08.126083,0.0,259.66,0.0,6.156999999999999,0.0,0.0,bicep extend
18:35:08.135061,0.0,258.37,0.0,6.139999999999998,0.0,0.0,bicep extend
18:35:08.143429,0.0,256.85,0.0,6.141499999999996,0.0,0.0,bicep extend
18:35:08.159038,0.0,255.58,0.0,6.1374999999999975,0.0,0.0,bicep extend
18:35:08.172405,0.0,278.11,0.0,7.164499999999995,0.0,0.0,bicep extend
18:35:08.213694,0.0,275.27,0.0,7.909999999999988,0.0,0.0,bicep extend
18:35:08.219777,0.0,288.31,0.0,9.954499999999982,0.0,0.0,bicep extend
18:35:08.256437,0.0,284.72,0.0,11.64299999999998,0.0,0.0,bicep extend
18:35:08.258562,0.0,293.66,0.0,13.575499999999993,0.0,0.0,bicep extend
18:35:08.258562,0.0,289.71,0.0,14.26399999999999,0.0,0.0,bicep extend
18:35:08.259514,0.0,285.9,0.0,14.098499999999992,0.0,0.0,bicep extend
18:35:08.259514,0.0,282.29,0.0,13.614499999999996,0.0,0.0,bicep extend
18:35:08.259514,0.0,278.88,0.0,13.455999999999998,0.0,0.0,bicep extend
18:35:08.266215,0.0,275.72,0.0,13.621999999999993,0.0,0.0,bicep extend
18:35:08.273343,0.0,272.72,0.0,13.059999999999992,0.0,0.0,bicep extend
18:35:08.283706,0.0,269.78,0.0,13.076,0.0,0.0,bicep extend
18:35:08.297654,0.0,267.06,0.0,11.768000000000006,0.0,0.0,bicep extend
18:35:08.305962,0.0,249.5,0.0,12.246500000000008,0.0,0.0,bicep extend
18:35:08.314010,0.0,248.28,0.0,12.290500000000003,0.0,0.0,bicep extend
18:35:08.326744,0.0,271.93,0.0,11.028000000000011,0.0,0.0,bicep extend
18:35:08.339362,0.0,269.05,0.0,10.760000000000016,0.0,0.0,bicep extend
18:35:08.347345,0.0,266.22,0.0,10.958000000000013,0.0,0.0,bicep extend
18:35:08.359315,0.0,263.6,0.0,10.941000000000011,0.0,0.0,bicep extend
18:35:08.372767,0.0,261.02,0.0,10.724500000000017,0.0,0.0,bicep extend
18:35:08.380260,0.0,258.63,0.0,10.27400000000002,0.0,0.0,bicep extend
18:35:08.392317,0.0,256.26,0.0,9.50650000000002,0.0,0.0,bicep extend
18:35:08.400582,0.0,253.98,0.0,8.738500000000016,0.0,0.0,bicep extend
18:35:08.412434,0.0,251.8,0.0,6.7610000000000126,0.0,0.0,bicep extend
18:35:08.424805,0.0,249.78,0.0,5.171500000000009,0.0,0.0,bicep extend
18:35:08.433288,0.0,247.74,0.0,6.102500000000004,0.0,0.0,bicep extend
18:35:08.445344,0.0,245.78,0.0,6.856000000000003,0.0,0.0,bicep extend
18:35:08.451896,0.0,243.97,0.0,7.428500000000008,0.0,0.0,bicep extend
18:35:08.467141,0.0,242.13,0.0,7.849000000000013,0.0,0.0,bicep extend
18:35:08.475092,0.0,240.43,0.0,8.12000000000001,0.0,0.0,bicep extend
18:35:08.486236,0.0,238.61,0.0,8.307000000000006,0.0,0.0,bicep extend
18:35:08.499089,0.0,237.01,0.0,8.488500000000005,0.0,0.0,bicep extend
18:35:08.508123,0.0,235.29,0.0,8.680000000000007,0.0,0.0,bicep extend
18:35:08.520269,0.0,233.79,0.0,8.62650000000001,0.0,0.0,bicep extend
18:35:08.525935,0.0,260.02,0.0,9.49600000000001,0.0,0.0,bicep extend
18:35:08.540275,0.0,256.67,0.0,10.064500000000011,0.0,0.0,bicep extend
18:35:08.550840,0.0,266.93,0.0,11.695500000000012,0.0,0.0,bicep extend
18:35:08.561368,0.0,263.09,0.0,12.984500000000011,0.0,0.0,bicep extend
18:35:08.573532,0.0,259.4,0.0,13.203500000000004,0.0,0.0,bicep extend
18:35:08.580106,0.0,255.91,0.0,12.408500000000007,0.0,0.0,bicep extend
18:35:08.594418,0.0,252.61,0.0,11.961500000000012,0.0,0.0,bicep extend
18:35:08.600943,0.0,249.49,0.0,11.855000000000013,0.0,0.0,bicep extend
18:35:08.613517,0.0,246.61,0.0,12.047000000000011,0.0,0.0,bicep extend
18:35:08.623007,0.0,243.8,0.0,12.547000000000011,0.0,0.0,bicep extend
18:35:08.631031,0.0,241.2,0.0,11.979000000000012,0.0,0.0,bicep extend
18:35:08.647499,0.0,221.91,0.0,13.354000000000012,0.0,0.0,bicep extend
18:35:08.655634,0.0,220.98,0.0,13.496000000000016,0.0,0.0,bicep extend
18:35:08.663768,0.0,217.44,0.0,14.09150000000002,0.0,0.0,bicep extend
18:35:08.676520,0.0,216.86,0.0,15.57050000000002,0.0,0.0,bicep extend
18:35:08.687201,0.0,244.95,0.0,15.777500000000018,0.0,0.0,bicep extend
18:35:08.700538,0.0,242.31,0.0,15.465000000000018,0.0,0.0,bicep extend
18:35:08.705969,0.0,268.14,0.0,17.423500000000015,0.0,0.0,bicep extend
18:35:08.717128,0.0,263.78,0.0,18.658000000000012,0.0,0.0,bicep extend
18:35:08.729178,0.0,287.76,0.0,22.00950000000001,0.0,0.0,bicep extend
18:35:08.741789,0.0,281.97,0.0,24.537500000000016,0.0,0.0,bicep extend
18:35:08.753880,0.0,276.4,0.0,23.827000000000012,0.0,0.0,bicep extend
18:35:08.760932,0.0,271.35,0.0,21.659000000000013,0.0,0.0,bicep extend
18:35:08.773536,0.0,266.54,0.0,18.962500000000013,0.0,0.0,bicep extend
18:35:08.780088,0.0,262.02,0.0,16.93050000000002,0.0,0.0,bicep extend
18:35:08.794046,0.0,257.79,0.0,17.640500000000024,0.0,0.0,bicep extend
18:35:08.807001,0.0,253.8,0.0,18.939000000000025,0.0,0.0,bicep extend
18:35:08.815272,0.0,250.13,0.0,17.80350000000002,0.0,0.0,bicep extend
18:35:08.827601,0.0,234.89,0.0,18.540000000000024,0.0,0.0,bicep extend
18:35:08.832033,0.0,232.62,0.0,16.66800000000002,0.0,0.0,bicep extend
18:35:08.847281,0.0,259.66,0.0,12.927500000000018,0.0,0.0,bicep extend
18:35:08.856101,0.0,255.56,0.0,10.83550000000002,0.0,0.0,bicep extend
18:35:08.867568,0.0,280.69,0.0,12.698000000000013,0.0,0.0,bicep extend
18:35:08.880352,0.0,275.05,0.0,14.455500000000011,0.0,0.0,bicep extend
18:35:08.885749,0.0,298.48,0.0,18.104000000000006,0.0,0.0,bicep extend
18:35:08.900824,0.0,291.56,0.0,20.544000000000004,0.0,0.0,bicep extend
18:35:08.909161,0.0,313.53,0.0,23.807499999999997,0.0,0.0,bicep extend
18:35:08.923676,0.0,305.47,0.0,25.0645,0.0,0.0,bicep extend
18:35:08.934329,0.0,297.88,0.0,23.301000000000005,0.0,0.0,bicep extend
18:35:08.941210,0.0,290.9,0.0,20.605500000000013,0.0,0.0,bicep extend
18:35:08.953635,0.0,284.39,0.0,21.196000000000016,0.0,0.0,bicep extend
18:35:08.959267,0.0,278.32,0.0,22.375500000000017,0.0,0.0,bicep extend
18:35:08.975135,0.0,272.65,0.0,21.832000000000026,0.0,0.0,bicep extend
18:35:08.980324,0.0,267.34,0.0,22.383500000000023,0.0,0.0,bicep extend
18:35:08.994596,0.0,262.46,0.0,20.721500000000027,0.0,0.0,bicep extend
18:35:09.006743,0.0,257.81,0.0,19.68100000000003,0.0,0.0,bicep extend
18:35:09.016008,0.0,253.52,0.0,17.260000000000034,0.0,0.0,bicep extend
18:35:09.028343,0.0,238.67,0.0,17.632500000000032,0.0,0.0,bicep extend
18:35:09.035777,0.0,235.72,0.0,19.375000000000032,0.0,0.0,bicep extend
18:35:09.045969,0.0,262.89,0.0,19.36350000000003,0.0,0.0,bicep extend
18:35:09.061085,0.0,258.23,0.0,18.891000000000027,0.0,0.0,bicep extend
18:35:09.069319,0.0,251.21,0.0,18.281000000000024,0.0,0.0,bicep extend
18:35:09.081298,0.0,247.39,0.0,17.250500000000024,0.0,0.0,bicep extend
18:35:09.090474,0.0,243.8,0.0,15.718000000000018,0.0,0.0,bicep extend
18:35:09.096246,0.0,240.42,0.0,14.08750000000002,0.0,0.0,bicep extend
18:35:09.109109,0.0,237.22,0.0,12.57050000000002,0.0,0.0,bicep extend
18:35:09.120910,0.0,234.2,0.0,11.16500000000002,0.0,0.0,bicep extend
18:35:09.134673,0.0,231.34,0.0,9.10950000000002,0.0,0.0,bicep extend
18:35:09.142735,0.0,228.62,0.0,7.540500000000023,0.0,0.0,bicep extend
18:35:09.155032,0.0,226.05,0.0,8.796000000000017,0.0,0.0,bicep extend
18:35:09.162591,0.0,223.44,0.0,9.811500000000017,0.0,0.0,bicep extend
18:35:09.175872,0.0,221.12,0.0,10.295500000000017,0.0,0.0,bicep extend
18:35:09.185718,0.0,215.96,0.0,10.870000000000012,0.0,0.0,bicep extend
18:35:09.195070,0.0,214.09,0.0,11.338000000000012,0.0,0.0,bicep extend
18:35:09.207492,0.0,198.66,0.0,13.058500000000013,0.0,0.0,bicep extend
18:35:09.214373,0.0,198.12,0.0,14.637000000000011,0.0,0.0,bicep extend
18:35:09.225752,0.0,213.96,0.0,14.304000000000013,0.0,0.0,bicep extend
18:35:09.237070,0.0,212.27,0.0,13.502500000000008,0.0,0.0,bicep extend
18:35:09.247487,0.0,235.82,0.0,14.233000000000008,0.0,0.0,bicep extend
18:35:09.261319,0.0,232.5,0.0,14.703500000000007,0.0,0.0,bicep extend
18:35:09.264289,0.0,222.21,0.0,14.195000000000013,0.0,0.0,bicep extend
18:35:09.282306,0.0,219.86,0.0,13.513500000000011,0.0,0.0,bicep extend
18:35:09.290412,0.0,217.63,0.0,12.28850000000001,0.0,0.0,bicep extend
18:35:09.301143,0.0,215.41,0.0,11.075000000000008,0.0,0.0,bicep extend
18:35:09.311915,0.0,213.29,0.0,8.789500000000007,0.0,0.0,bicep extend
18:35:09.322856,0.0,210.71,0.0,6.954500000000005,0.0,0.0,bicep extend
18:35:09.333564,0.0,208.9,0.0,7.258500000000001,0.0,0.0,bicep extend
18:35:09.343586,0.0,198.23,0.0,8.812000000000001,0.0,0.0,bicep extend
18:35:09.356346,0.0,197.37,0.0,8.4305,0.0,0.0,bicep extend
18:35:09.364022,0.0,194.2,0.0,8.463000000000003,0.0,0.0,bicep extend
18:35:09.375381,0.0,193.65,0.0,9.360000000000005,0.0,0.0,bicep extend
18:35:09.389515,0.0,224.85,0.0,10.381,0.0,0.0,bicep extend
18:35:09.394801,0.0,222.01,0.0,11.4245,0.0,0.0,bicep extend
18:35:09.409130,0.0,251.27,0.0,15.460000000000004,0.0,0.0,bicep extend
18:35:09.417400,0.0,246.47,0.0,18.803500000000003,0.0,0.0,bicep extend
18:35:09.426598,0.0,273.61,0.0,24.038000000000007,0.0,0.0,bicep extend
18:35:09.440425,0.0,267.19,0.0,27.652000000000008,0.0,0.0,bicep extend
18:35:09.447836,0.0,284.23,0.0,30.680000000000017,0.0,0.0,bicep extend
18:35:09.459344,0.0,277.07,0.0,31.80200000000001,0.0,0.0,bicep extend
18:35:09.465855,0.0,262.37,0.0,30.57700000000001,0.0,0.0,bicep extend
18:35:09.482470,0.0,256.76,0.0,29.24200000000002,0.0,0.0,bicep extend
18:35:09.491237,0.0,251.52,0.0,28.542000000000012,0.0,0.0,bicep extend
18:35:09.502508,0.0,245.99,0.0,28.679000000000013,0.0,0.0,bicep extend
18:35:09.514455,0.0,241.46,0.0,26.34300000000001,0.0,0.0,bicep extend
18:35:09.523256,0.0,222.67,0.0,26.366000000000017,0.0,0.0,bicep extend
18:35:09.534217,0.0,219.94,0.0,23.97050000000001,0.0,0.0,bicep extend
18:35:09.544216,0.0,224.75,0.0,21.99500000000001,0.0,0.0,bicep extend
18:35:09.556676,0.0,221.88,0.0,19.322500000000012,0.0,0.0,bicep extend
18:35:09.563622,0.0,247.12,0.0,16.84200000000001,0.0,0.0,bicep extend
18:35:09.576780,0.0,242.61,0.0,16.344500000000007,0.0,0.0,bicep extend
18:35:09.590330,0.0,269.95,0.0,18.855500000000003,0.0,0.0,bicep extend
18:35:09.597535,0.0,263.84,0.0,20.2315,0.0,0.0,bicep extend
18:35:09.609451,0.0,289.33,0.0,23.603499999999997,0.0,0.0,bicep extend
18:35:09.618001,0.0,281.83,0.0,25.489499999999996,0.0,0.0,bicep extend
18:35:09.630606,0.0,305.72,0.0,26.824,0.0,0.0,bicep extend
18:35:09.642647,0.0,297.06,0.0,26.420500000000004,0.0,0.0,bicep extend
18:35:09.650782,0.0,299.52,0.0,26.383000000000003,0.0,0.0,bicep extend
18:35:09.659560,0.0,291.02,0.0,24.7425,0.0,0.0,bicep extend
18:35:09.668227,0.0,283.35,0.0,24.702,0.0,0.0,bicep extend
18:35:09.680007,0.0,275.9,0.0,25.688500000000012,0.0,0.0,bicep extend
18:35:09.695710,0.0,269.37,0.0,24.594000000000015,0.0,0.0,bicep extend
18:35:09.695710,0.0,257.91,0.0,25.25650000000002,0.0,0.0,bicep extend
18:35:09.713587,0.0,252.87,0.0,23.499000000000027,0.0,0.0,bicep extend
18:35:09.724251,0.0,274.28,0.0,20.33700000000003,0.0,0.0,bicep extend
18:35:09.735186,0.0,268.06,0.0,16.016000000000027,0.0,0.0,bicep extend
18:35:09.744527,0.0,293.06,0.0,14.796500000000028,0.0,0.0,bicep extend
18:35:09.757075,0.0,285.41,0.0,13.46550000000003,0.0,0.0,bicep extend
18:35:09.767496,0.0,308.86,0.0,16.298500000000036,0.0,0.0,bicep extend
18:35:09.777738,0.0,300.18,0.0,18.508500000000037,0.0,0.0,bicep extend
18:35:09.791013,0.0,322.23,0.0,21.70300000000003,0.0,0.0,bicep extend
18:35:09.798169,0.0,312.63,0.0,22.345500000000023,0.0,0.0,bicep extend
18:35:09.810478,0.0,333.61,0.0,23.201500000000028,0.0,0.0,bicep extend
18:35:09.822637,0.0,323.17,0.0,22.09450000000003,0.0,0.0,bicep extend
18:35:09.830380,0.0,315.69,0.0,22.054500000000026,0.0,0.0,bicep extend
18:35:09.842634,0.0,306.46,0.0,21.78000000000003,0.0,0.0,bicep extend
18:35:09.845874,0.0,297.96,0.0,21.26150000000003,0.0,0.0,bicep extend
18:35:09.864258,0.0,281.06,0.0,23.198000000000025,0.0,0.0,bicep extend
18:35:09.873751,0.0,274.63,0.0,23.312500000000018,0.0,0.0,bicep extend
18:35:09.881669,0.0,255.87,0.0,26.17100000000001,0.0,0.0,bicep extend
18:35:09.895872,0.0,251.39,0.0,27.01450000000001,0.0,0.0,bicep extend
18:35:09.898904,0.0,265.51,0.0,27.07500000000001,0.0,0.0,bicep extend
18:35:09.913700,0.0,260.44,0.0,25.116500000000013,0.0,0.0,bicep extend
18:35:09.924146,0.0,285.6,0.0,24.027000000000008,0.0,0.0,bicep extend
18:35:09.937519,0.0,279.07,0.0,23.754500000000007,0.0,0.0,bicep extend
18:35:09.944469,0.0,302.6,0.0,25.901000000000003,0.0,0.0,bicep extend
18:35:09.957389,0.0,294.77,0.0,26.414499999999997,0.0,0.0,bicep extend
18:35:09.966988,0.0,316.9,0.0,27.450999999999993,0.0,0.0,bicep extend
18:35:09.977631,0.0,308.16,0.0,26.54199999999999,0.0,0.0,bicep extend
18:35:09.990816,0.0,325.64,0.0,24.72,0.0,0.0,bicep extend
18:35:09.995122,0.0,316.09,0.0,21.378499999999995,0.0,0.0,bicep extend
18:35:10.011653,0.0,307.42,0.0,19.2195,0.0,0.0,bicep extend
18:35:10.023003,0.0,299.08,0.0,18.071999999999996,0.0,0.0,bicep extend
18:35:10.030714,0.0,286.64,0.0,19.1335,0.0,0.0,bicep extend
18:35:10.043026,0.0,270.19,0.0,22.3935,0.0,0.0,bicep extend
18:35:10.049262,0.0,265.06,0.0,23.6375,0.0,0.0,bicep extend
18:35:10.063936,0.0,258.9,0.0,26.280500000000007,0.0,0.0,bicep extend
18:35:10.074873,0.0,254.66,0.0,26.095500000000015,0.0,0.0,bicep extend
18:35:10.084319,0.0,273.45,0.0,24.17250000000001,0.0,0.0,bicep extend
18:35:10.097383,0.0,268.17,0.0,20.99200000000001,0.0,0.0,bicep extend
18:35:10.106654,0.0,291.26,0.0,21.195500000000013,0.0,0.0,bicep extend
18:35:10.116733,0.0,284.69,0.0,22.24150000000001,0.0,0.0,bicep extend
18:35:10.126200,0.0,307.2,0.0,25.18650000000001,0.0,0.0,bicep extend
18:35:10.136457,0.0,299.57,0.0,26.124500000000012,0.0,0.0,bicep extend
18:35:10.146451,0.0,320.83,0.0,26.818500000000007,0.0,0.0,bicep extend
18:35:10.158222,0.0,312.17,0.0,25.419000000000008,0.0,0.0,bicep extend
18:35:10.162758,0.0,332.28,0.0,24.670500000000008,0.0,0.0,bicep extend
18:35:10.178948,0.0,322.77,0.0,22.789000000000005,0.0,0.0,bicep extend
18:35:10.189983,0.0,312.99,0.0,22.460000000000008,0.0,0.0,bicep extend
18:35:10.203060,0.0,303.67,0.0,22.696500000000007,0.0,0.0,bicep extend
18:35:10.211011,0.0,296.2,0.0,22.10100000000001,0.0,0.0,bicep extend
18:35:10.223585,0.0,274.87,0.0,24.29550000000001,0.0,0.0,bicep extend
18:35:10.230214,0.0,269.71,0.0,24.578500000000012,0.0,0.0,bicep extend
18:35:10.244974,0.0,258.29,0.0,26.766500000000015,0.0,0.0,bicep extend
18:35:10.253314,0.0,254.59,0.0,27.12500000000001,0.0,0.0,bicep extend
18:35:10.265237,0.0,262.79,0.0,26.980000000000008,0.0,0.0,bicep extend
18:35:10.275587,0.0,258.79,0.0,24.643500000000003,0.0,0.0,bicep extend
18:35:10.284919,0.0,277.75,0.0,23.25100000000001,0.0,0.0,bicep extend
18:35:10.293736,0.0,272.66,0.0,23.06800000000001,0.0,0.0,bicep extend
18:35:10.306256,0.0,292.06,0.0,24.55400000000001,0.0,0.0,bicep extend
18:35:10.318566,0.0,285.87,0.0,24.67400000000001,0.0,0.0,bicep extend
18:35:10.330263,0.0,307.76,0.0,24.85000000000001,0.0,0.0,bicep extend
18:35:10.339824,0.0,300.38,0.0,23.5465,0.0,0.0,bicep extend
18:35:10.350862,0.0,312.21,0.0,21.6235,0.0,0.0,bicep extend
18:35:10.359676,0.0,304.4,0.0,18.632499999999993,0.0,0.0,bicep extend
18:35:10.368332,0.0,296.8,0.0,16.595,0.0,0.0,bicep extend
18:35:10.378945,0.0,274.3,0.0,17.258000000000003,0.0,0.0,bicep extend
18:35:10.392236,0.0,258.36,0.0,20.319,0.0,0.0,bicep extend
18:35:10.404400,0.0,238.56,0.0,25.7585,0.0,0.0,bicep extend
18:35:10.413132,0.0,236.82,0.0,29.1225,0.0,0.0,bicep extend
18:35:10.423860,0.0,230.07,0.0,33.202000000000005,0.0,0.0,bicep extend
18:35:10.432901,0.0,229.14,0.0,33.26350000000001,0.0,0.0,bicep extend
18:35:10.443170,0.0,234.17,0.0,32.17500000000002,0.0,0.0,bicep extend
18:35:10.457825,0.0,232.94,0.0,29.61000000000002,0.0,0.0,bicep extend
18:35:10.466552,0.0,251.1,0.0,29.407500000000027,0.0,0.0,bicep extend
18:35:10.478324,0.0,248.61,0.0,30.262500000000024,0.0,0.0,bicep extend
18:35:10.483202,0.0,271.7,0.0,31.650500000000022,0.0,0.0,bicep extend
18:35:10.495129,0.0,267.62,0.0,31.036500000000025,0.0,0.0,bicep extend
18:35:10.507301,0.0,290.49,0.0,30.227000000000025,0.0,0.0,bicep extend
18:35:10.518907,0.0,285.04,0.0,28.294000000000025,0.0,0.0,bicep extend
18:35:10.531488,0.0,299.54,0.0,26.76400000000002,0.0,0.0,bicep extend
18:35:10.540655,0.0,292.58,0.0,25.337000000000018,0.0,0.0,bicep extend
18:35:10.548498,0.0,300.89,0.0,26.160000000000014,0.0,0.0,bicep extend
18:35:10.560201,0.0,294.06,0.0,26.314500000000017,0.0,0.0,bicep extend
18:35:10.567275,0.0,273.92,0.0,26.358000000000015,0.0,0.0,bicep extend
18:35:10.582813,0.0,258.19,0.0,28.223500000000012,0.0,0.0,bicep extend
18:35:10.593246,0.0,255.46,0.0,28.053000000000008,0.0,0.0,bicep extend
18:35:10.605051,0.0,257.06,0.0,28.130500000000005,0.0,0.0,bicep extend
18:35:10.613159,0.0,254.45,0.0,25.856000000000005,0.0,0.0,bicep extend
18:35:10.625484,0.0,259.77,0.0,23.045000000000012,0.0,0.0,bicep extend
18:35:10.630241,0.0,256.98,0.0,19.22700000000001,0.0,0.0,bicep extend
18:35:10.646351,0.0,276.79,0.0,18.71600000000001,0.0,0.0,bicep extend
18:35:10.658332,0.0,272.75,0.0,17.84100000000001,0.0,0.0,bicep extend
18:35:10.665147,0.0,294.84,0.0,20.797500000000007,0.0,0.0,bicep extend
18:35:10.678557,0.0,289.57,0.0,22.472000000000005,0.0,0.0,bicep extend
18:35:10.685567,0.0,310.27,0.0,23.915500000000005,0.0,0.0,bicep extend
18:35:10.697672,0.0,303.73,0.0,23.58100000000001,0.0,0.0,bicep extend
18:35:10.711383,0.0,316.8,0.0,23.872500000000013,0.0,0.0,bicep extend
18:35:10.716115,0.0,309.75,0.0,23.124000000000013,0.0,0.0,bicep extend
18:35:10.732478,0.0,313.01,0.0,23.78900000000001,0.0,0.0,bicep extend
18:35:10.739762,0.0,305.92,0.0,23.698500000000006,0.0,0.0,bicep extend
18:35:10.748214,0.0,281.45,0.0,24.255000000000013,0.0,0.0,bicep extend
18:35:10.756685,0.0,260.79,0.0,27.281500000000015,0.0,0.0,bicep extend
18:35:10.774007,0.0,258.17,0.0,28.361000000000026,0.0,0.0,bicep extend
18:35:10.785269,0.0,250.09,0.0,30.775500000000033,0.0,0.0,bicep extend
18:35:10.791589,0.0,248.45,0.0,30.788500000000035,0.0,0.0,bicep extend
18:35:10.807087,0.0,257.02,0.0,29.30250000000003,0.0,0.0,bicep extend
18:35:10.813172,0.0,254.88,0.0,26.400500000000033,0.0,0.0,bicep extend
18:35:10.826173,0.0,278.17,0.0,26.515000000000033,0.0,0.0,bicep extend
18:35:10.839217,0.0,274.46,0.0,26.64050000000003,0.0,0.0,bicep extend
18:35:10.846882,0.0,295.98,0.0,30.18100000000003,0.0,0.0,bicep extend
18:35:10.859424,0.0,290.97,0.0,30.992500000000028,0.0,0.0,bicep extend
18:35:10.862863,0.0,305.95,0.0,30.55250000000002,0.0,0.0,bicep extend
18:35:10.879452,0.0,300.16,0.0,28.271500000000024,0.0,0.0,bicep extend
18:35:10.888036,0.0,316.37,0.0,25.978000000000016,0.0,0.0,bicep extend
18:35:10.898621,0.0,309.87,0.0,23.20350000000001,0.0,0.0,bicep extend
18:35:10.912368,0.0,300.44,0.0,22.0305,0.0,0.0,bicep extend
18:35:10.915625,0.0,292.48,0.0,22.1295,0.0,0.0,bicep extend
18:35:10.932058,0.0,280.86,0.0,21.981500000000004,0.0,0.0,bicep extend
18:35:10.940080,0.0,264.53,0.0,23.837500000000016,0.0,0.0,bicep extend
18:35:10.948159,0.0,261.98,0.0,23.62150000000002,0.0,0.0,bicep extend
18:35:10.964655,0.0,255.86,0.0,24.518500000000024,0.0,0.0,bicep extend
18:35:10.972816,0.0,254.06,0.0,23.816000000000024,0.0,0.0,bicep extend
18:35:10.981522,0.0,259.89,0.0,22.712000000000025,0.0,0.0,bicep extend
18:35:10.993881,0.0,257.89,0.0,20.06850000000003,0.0,0.0,bicep extend
18:35:11.006482,0.0,280.65,0.0,20.16850000000003,0.0,0.0,bicep extend
18:35:11.015188,0.0,277.11,0.0,21.317000000000036,0.0,0.0,bicep extend
18:35:11.025426,0.0,298.21,0.0,24.25350000000003,0.0,0.0,bicep extend
18:35:11.040206,0.0,293.31,0.0,25.53800000000003,0.0,0.0,bicep extend
18:35:11.047127,0.0,312.91,0.0,26.52050000000002,0.0,0.0,bicep extend
18:35:11.056551,0.0,306.95,0.0,25.893500000000017,0.0,0.0,bicep extend
18:35:11.067766,0.0,320.73,0.0,25.222500000000014,0.0,0.0,bicep extend
18:35:11.080719,0.0,314.16,0.0,23.801500000000015,0.0,0.0,bicep extend
18:35:11.090962,0.0,303.15,0.0,22.76800000000002,0.0,0.0,bicep extend
18:35:11.098336,0.0,297.32,0.0,22.567500000000013,0.0,0.0,bicep extend
18:35:11.111678,0.0,279.53,0.0,22.943000000000012,0.0,0.0,bicep extend
18:35:11.117458,0.0,264.09,0.0,25.216500000000007,0.0,0.0,bicep extend
18:35:11.132544,0.0,261.79,0.0,25.565500000000007,0.0,0.0,bicep extend
18:35:11.140351,0.0,258.97,0.0,26.68650000000001,0.0,0.0,bicep extend
18:35:11.153095,0.0,257.15,0.0,25.477500000000003,0.0,0.0,bicep extend
18:35:11.183932,0.0,262.27,0.0,23.6245,0.0,0.0,bicep extend
18:35:11.185684,0.0,260.14,0.0,20.553499999999996,0.0,0.0,bicep extend
18:35:11.227615,0.0,282.42,0.0,20.6375,0.0,0.0,bicep extend
18:35:11.227615,0.0,278.64,0.0,21.9365,0.0,0.0,bicep extend
18:35:11.227615,0.0,299.24,0.0,25.206500000000013,0.0,0.0,bicep extend
18:35:11.227615,0.0,294.24,0.0,26.19750000000002,0.0,0.0,bicep extend
18:35:11.227615,0.0,313.46,0.0,26.83900000000002,0.0,0.0,bicep extend
18:35:11.240205,0.0,307.44,0.0,25.685500000000022,0.0,0.0,bicep extend
18:35:11.248010,0.0,320.96,0.0,24.82200000000002,0.0,0.0,bicep extend
18:35:11.256791,0.0,314.35,0.0,23.455500000000026,0.0,0.0,bicep extend
18:35:11.264966,0.0,310.11,0.0,23.178500000000025,0.0,0.0,bicep extend
18:35:11.280699,0.0,304.14,0.0,23.039500000000025,0.0,0.0,bicep extend
18:35:11.293956,0.0,279.81,0.0,23.713500000000018,0.0,0.0,bicep extend
18:35:11.301527,0.0,269.25,0.0,25.821500000000007,0.0,0.0,bicep extend
18:35:11.313501,0.0,266.63,0.0,26.1315,0.0,0.0,bicep extend
18:35:11.322556,0.0,249.63,0.0,28.64149999999999,0.0,0.0,bicep extend
18:35:11.333851,0.0,248.6,0.0,28.678499999999996,0.0,0.0,bicep extend
18:35:11.346382,0.0,249.19,0.0,28.521499999999993,0.0,0.0,bicep extend
18:35:11.351822,0.0,248.2,0.0,27.232499999999995,0.0,0.0,bicep extend
18:35:11.367126,0.0,271.18,0.0,25.795499999999993,0.0,0.0,bicep extend
18:35:11.376052,0.0,268.55,0.0,25.21449999999999,0.0,0.0,bicep extend
18:35:11.383310,0.0,289.79,0.0,27.269499999999994,0.0,0.0,bicep extend
18:35:11.395692,0.0,285.78,0.0,26.490499999999997,0.0,0.0,bicep extend
18:35:11.407957,0.0,305.53,0.0,26.63049999999999,0.0,0.0,bicep extend
18:35:11.418753,0.0,300.38,0.0,25.766,0.0,0.0,bicep extend
18:35:11.426093,0.0,316.93,0.0,23.994999999999997,0.0,0.0,bicep extend
18:35:11.441118,0.0,310.98,0.0,21.976999999999997,0.0,0.0,bicep extend
18:35:11.446523,0.0,317.74,0.0,21.708499999999997,0.0,0.0,bicep extend
18:35:11.460106,0.0,297.85,0.0,19.860999999999997,0.0,0.0,bicep extend
18:35:11.473748,0.0,274.9,0.0,21.958499999999997,0.0,0.0,bicep extend
18:35:11.481718,0.0,272.01,0.0,24.573,0.0,0.0,bicep extend
18:35:11.494692,0.0,269.81,0.0,25.283500000000004,0.0,0.0,bicep extend
18:35:11.500046,0.0,248.22,0.0,28.55400000000001,0.0,0.0,bicep extend
18:35:11.513678,0.0,247.99,0.0,28.598500000000012,0.0,0.0,bicep extend
18:35:11.523348,0.0,241.5,0.0,28.742500000000017,0.0,0.0,bicep extend
18:35:11.531742,0.0,241.77,0.0,27.811500000000013,0.0,0.0,bicep extend
18:35:11.544574,0.0,260.25,0.0,25.97000000000001,0.0,0.0,bicep extend
18:35:11.554235,0.0,259.11,0.0,23.761500000000005,0.0,0.0,bicep extend
18:35:11.564599,0.0,280.8,0.0,25.747000000000007,0.0,0.0,bicep extend
18:35:11.575379,0.0,278.13,0.0,25.170500000000004,0.0,0.0,bicep extend
18:35:11.584997,0.0,298.2,0.0,26.312,0.0,0.0,bicep extend
18:35:11.597223,0.0,294.25,0.0,26.8385,0.0,0.0,bicep extend
18:35:11.608200,0.0,312.83,0.0,26.113,0.0,0.0,bicep extend
18:35:11.621403,0.0,307.34,0.0,25.06199999999999,0.0,0.0,bicep extend
18:35:11.626310,0.0,315.85,0.0,24.699,0.0,0.0,bicep extend
18:35:11.640600,0.0,310.43,0.0,23.2055,0.0,0.0,bicep extend
18:35:11.649939,0.0,293.3,0.0,23.020000000000003,0.0,0.0,bicep extend
18:35:11.661852,0.0,289.47,0.0,23.638500000000004,0.0,0.0,bicep extend
18:35:11.673639,0.0,284.8,0.0,22.669000000000004,0.0,0.0,bicep extend
18:35:11.682426,0.0,266.97,0.0,23.749500000000005,0.0,0.0,bicep extend
18:35:11.693586,0.0,265.34,0.0,22.741000000000007,0.0,0.0,bicep extend
18:35:11.703049,0.0,258.63,0.0,22.559500000000007,0.0,0.0,bicep extend
18:35:11.710597,0.0,257.72,0.0,21.137000000000008,0.0,0.0,bicep extend
18:35:11.726672,0.0,272.26,0.0,18.97650000000001,0.0,0.0,bicep extend
18:35:11.735822,0.0,270.34,0.0,16.240000000000002,0.0,0.0,bicep extend
18:35:11.748085,0.0,289.77,0.0,16.666500000000006,0.0,0.0,bicep extend
18:35:11.757098,0.0,286.55,0.0,17.89900000000001,0.0,0.0,bicep extend
18:35:11.768800,0.0,305.77,0.0,20.670500000000015,0.0,0.0,bicep extend
18:35:11.773770,0.0,301.38,0.0,22.53600000000002,0.0,0.0,bicep extend
18:35:11.788644,0.0,319.22,0.0,23.592000000000024,0.0,0.0,bicep extend
18:35:11.797604,0.0,313.79,0.0,23.31150000000003,0.0,0.0,bicep extend
18:35:11.809214,0.0,321.54,0.0,22.632500000000032,0.0,0.0,bicep extend
18:35:11.822268,0.0,315.98,0.0,20.93150000000004,0.0,0.0,bicep extend
18:35:11.830132,0.0,311.39,0.0,20.58550000000004,0.0,0.0,bicep extend
18:35:11.842387,0.0,305.61,0.0,20.78650000000004,0.0,0.0,bicep extend
18:35:11.854496,0.0,297.34,0.0,20.06350000000004,0.0,0.0,bicep extend
18:35:11.861548,0.0,273.55,0.0,22.04150000000003,0.0,0.0,bicep extend
18:35:11.874626,0.0,271.74,0.0,22.270500000000027,0.0,0.0,bicep extend
18:35:11.882166,0.0,259.88,0.0,24.124500000000022,0.0,0.0,bicep extend
18:35:11.895081,0.0,259.11,0.0,24.379500000000014,0.0,0.0,bicep extend
18:35:11.902339,0.0,258.26,0.0,24.535000000000014,0.0,0.0,bicep extend
18:35:11.915516,0.0,257.62,0.0,23.44100000000001,0.0,0.0,bicep extend
18:35:11.927841,0.0,279.02,0.0,22.838000000000005,0.0,0.0,bicep extend
18:35:11.932405,0.0,276.82,0.0,22.97450000000001,0.0,0.0,bicep extend
18:35:11.948589,0.0,296.58,0.0,25.07100000000001,0.0,0.0,bicep extend
18:35:11.957089,0.0,293.09,0.0,25.99150000000001,0.0,0.0,bicep extend
18:35:11.966834,0.0,311.43,0.0,26.203500000000012,0.0,0.0,bicep extend
18:35:11.980233,0.0,306.86,0.0,25.42150000000002,0.0,0.0,bicep extend
18:35:11.990520,0.0,317.79,0.0,23.733000000000025,0.0,0.0,bicep extend
18:35:12.001638,0.0,312.63,0.0,21.276000000000028,0.0,0.0,bicep extend
18:35:12.009510,0.0,308.85,0.0,19.270500000000027,0.0,0.0,bicep extend
18:35:12.022391,0.0,297.4,0.0,18.24100000000003,0.0,0.0,bicep extend
18:35:12.030287,0.0,287.2,0.0,19.09650000000003,0.0,0.0,bicep extend
18:35:12.043381,0.0,279.34,0.0,20.95800000000003,0.0,0.0,bicep extend
18:35:12.055665,0.0,277.13,0.0,21.06450000000003,0.0,0.0,bicep extend
18:35:12.063312,0.0,264.14,0.0,22.819000000000035,0.0,0.0,bicep extend
18:35:12.074331,0.0,263.24,0.0,22.010000000000023,0.0,0.0,bicep extend
18:35:12.083896,0.0,274.5,0.0,19.993000000000016,0.0,0.0,bicep extend
18:35:12.094867,0.0,272.76,0.0,17.36700000000001,0.0,0.0,bicep extend
18:35:12.107190,0.0,289.81,0.0,16.74500000000001,0.0,0.0,bicep extend
18:35:12.114916,0.0,286.93,0.0,16.90150000000001,0.0,0.0,bicep extend
18:35:12.129106,0.0,305.78,0.0,19.183000000000003,0.0,0.0,bicep extend
18:35:12.131317,0.0,301.73,0.0,20.039500000000004,0.0,0.0,bicep extend
18:35:12.147216,0.0,319.28,0.0,21.4855,0.0,0.0,bicep extend
18:35:12.156904,0.0,314.27,0.0,21.5755,0.0,0.0,bicep extend
18:35:12.163975,0.0,325.62,0.0,20.7615,0.0,0.0,bicep extend
18:35:12.182190,0.0,309.05,0.0,18.38500000000001,0.0,0.0,bicep extend
18:35:12.190708,0.0,301.24,0.0,17.75950000000001,0.0,0.0,bicep extend
18:35:12.197069,0.0,297.24,0.0,17.863500000000005,0.0,0.0,bicep extend
18:35:12.211276,0.0,277.78,0.0,19.303500000000007,0.0,0.0,bicep extend
18:35:12.223878,0.0,267.42,0.0,22.06750000000001,0.0,0.0,bicep extend
18:35:12.234921,0.0,266.5,0.0,22.811500000000013,0.0,0.0,bicep extend
18:35:12.242510,0.0,245.58,0.0,25.82800000000001,0.0,0.0,bicep extend
18:35:12.249776,0.0,246.39,0.0,26.21500000000001,0.0,0.0,bicep extend
18:35:12.262477,0.0,251.78,0.0,25.707000000000015,0.0,0.0,bicep extend
18:35:12.275982,0.0,252.11,0.0,24.207000000000015,0.0,0.0,bicep extend
18:35:12.284098,0.0,273.5,0.0,24.331500000000013,0.0,0.0,bicep extend
18:35:12.295651,0.0,272.2,0.0,24.604000000000006,0.0,0.0,bicep extend
18:35:12.308230,0.0,291.23,0.0,26.379500000000007,0.0,0.0,bicep extend
18:35:12.318279,0.0,288.62,0.0,25.948,0.0,0.0,bicep extend
18:35:12.326295,0.0,306.96,0.0,26.0755,0.0,0.0,bicep extend
18:35:12.336339,0.0,303.19,0.0,25.610999999999997,0.0,0.0,bicep extend
18:35:12.345235,0.0,318.98,0.0,24.037,0.0,0.0,bicep extend
18:35:12.361579,0.0,314.35,0.0,22.3675,0.0,0.0,bicep extend
18:35:12.370120,0.0,318.17,0.0,22.381499999999996,0.0,0.0,bicep extend
18:35:12.383141,0.0,313.32,0.0,21.720999999999993,0.0,0.0,bicep extend
18:35:12.390648,0.0,293.87,0.0,22.187499999999993,0.0,0.0,bicep extend
18:35:12.403055,0.0,278.1,0.0,24.360999999999997,0.0,0.0,bicep extend
18:35:12.412249,0.0,276.44,0.0,24.797499999999996,0.0,0.0,bicep extend
18:35:12.423739,0.0,260.89,0.0,27.05,0.0,0.0,bicep extend
18:35:12.431690,0.0,260.63,0.0,27.079,0.0,0.0,bicep extend
18:35:12.443349,0.0,264.8,0.0,26.16350000000001,0.0,0.0,bicep extend
18:35:12.457925,0.0,264.33,0.0,23.6655,0.0,0.0,bicep extend
18:35:12.464130,0.0,274.15,0.0,21.3375,0.0,0.0,bicep extend
18:35:12.476059,0.0,272.91,0.0,19.303499999999996,0.0,0.0,bicep extend
18:35:12.491072,0.0,292.42,0.0,20.368,0.0,0.0,bicep extend
18:35:12.497401,0.0,289.81,0.0,20.87550000000001,0.0,0.0,bicep extend
18:35:12.507785,0.0,307.87,0.0,21.612000000000013,0.0,0.0,bicep extend
18:35:12.517747,0.0,304.13,0.0,21.808500000000016,0.0,0.0,bicep extend
18:35:12.530094,0.0,321.02,0.0,21.29400000000001,0.0,0.0,bicep extend
18:35:12.540241,0.0,316.33,0.0,20.02550000000001,0.0,0.0,bicep extend
18:35:12.550874,0.0,323.87,0.0,20.466500000000018,0.0,0.0,bicep extend
18:35:12.561377,0.0,318.93,0.0,20.465500000000013,0.0,0.0,bicep extend
18:35:12.569302,0.0,299.69,0.0,20.982000000000017,0.0,0.0,bicep extend
18:35:12.583982,0.0,293.19,0.0,22.201000000000025,0.0,0.0,bicep extend
18:35:12.592238,0.0,289.35,0.0,21.977000000000015,0.0,0.0,bicep extend
18:35:12.603601,0.0,268.05,0.0,24.144000000000013,0.0,0.0,bicep extend
18:35:12.612287,0.0,267.39,0.0,24.16200000000001,0.0,0.0,bicep extend
18:35:12.623768,0.0,265.84,0.0,24.16200000000001,0.0,0.0,bicep extend
18:35:12.630019,0.0,265.35,0.0,22.850000000000005,0.0,0.0,bicep extend
18:35:12.644516,0.0,285.45,0.0,20.52350000000001,0.0,0.0,bicep extend
18:35:12.657894,0.0,283.5,0.0,18.06150000000001,0.0,0.0,bicep extend
18:35:12.663318,0.0,301.97,0.0,18.518000000000008,0.0,0.0,bicep extend
18:35:12.675962,0.0,298.79,0.0,19.318500000000007,0.0,0.0,bicep extend
18:35:12.690283,0.0,315.94,0.0,21.184000000000005,0.0,0.0,bicep extend
18:35:12.698709,0.0,311.75,0.0,22.246500000000005,0.0,0.0,bicep extend
18:35:12.710549,0.0,327.76,0.0,22.015500000000003,0.0,0.0,bicep extend
18:35:12.715471,0.0,322.8,0.0,20.80550000000001,0.0,0.0,bicep extend
18:35:12.730141,0.0,329.87,0.0,20.0465,0.0,0.0,bicep extend
18:35:12.742465,0.0,324.72,0.0,18.54200000000001,0.0,0.0,bicep extend
18:35:12.750839,0.0,329.51,0.0,19.361000000000008,0.0,0.0,bicep extend
18:35:12.763875,0.0,321.25,0.0,19.341,0.0,0.0,bicep extend
18:35:12.773716,0.0,301.26,0.0,19.668,0.0,0.0,bicep extend
18:35:12.780252,0.0,280.15,0.0,22.424,0.0,0.0,bicep extend
18:35:12.790467,0.0,278.79,0.0,23.601,0.0,0.0,bicep extend
18:35:12.804216,0.0,258.23,0.0,27.252999999999997,0.0,0.0,bicep extend
18:35:12.814625,0.0,258.68,0.0,28.946499999999997,0.0,0.0,bicep extend
18:35:12.824279,0.0,255.27,0.0,30.24799999999999,0.0,0.0,bicep extend
18:35:12.831453,0.0,255.94,0.0,30.3,0.0,0.0,bicep extend
18:35:12.845742,0.0,267.57,0.0,29.7735,0.0,0.0,bicep extend
18:35:12.858730,0.0,267.39,0.0,28.768500000000007,0.0,0.0,bicep extend
18:35:12.865990,0.0,286.88,0.0,30.631000000000007,0.0,0.0,bicep extend
18:35:12.878053,0.0,285.18,0.0,30.3245,0.0,0.0,bicep extend
18:35:12.890646,0.0,303.23,0.0,29.712,0.0,0.0,bicep extend
18:35:12.898704,0.0,300.32,0.0,28.672500000000003,0.0,0.0,bicep extend
18:35:12.909461,0.0,315.47,0.0,26.202500000000008,0.0,0.0,bicep extend
18:35:12.918761,0.0,311.59,0.0,23.501000000000012,0.0,0.0,bicep extend
18:35:12.930452,0.0,307.44,0.0,21.341500000000018,0.0,0.0,bicep extend
18:35:12.944037,0.0,303.96,0.0,19.20700000000001,0.0,0.0,bicep extend
18:35:12.952254,0.0,286.24,0.0,20.199500000000008,0.0,0.0,bicep extend
18:35:12.959896,0.0,280.09,0.0,22.359,0.0,0.0,bicep extend
18:35:12.972355,0.0,278.81,0.0,22.7155,0.0,0.0,bicep extend
18:35:12.983851,0.0,263.5,0.0,24.773000000000003,0.0,0.0,bicep extend
18:35:12.995133,0.0,263.55,0.0,24.171,0.0,0.0,bicep extend
18:35:13.006315,0.0,256.62,0.0,23.541499999999996,0.0,0.0,bicep extend
18:35:13.014925,0.0,257.19,0.0,21.857999999999993,0.0,0.0,bicep extend
18:35:13.023348,0.0,272.7,0.0,19.607499999999995,0.0,0.0,bicep extend
18:35:13.039035,0.0,272.13,0.0,18.251999999999992,0.0,0.0,bicep extend
18:35:13.045936,0.0,291.3,0.0,19.921999999999997,0.0,0.0,bicep extend
18:35:13.057940,0.0,289.27,0.0,20.054,0.0,0.0,bicep extend
18:35:13.062875,0.0,306.89,0.0,21.33300000000001,0.0,0.0,bicep extend
18:35:13.076444,0.0,303.71,0.0,22.166000000000007,0.0,0.0,bicep extend
18:35:13.092004,0.0,318.65,0.0,22.105000000000008,0.0,0.0,bicep extend
18:35:13.093487,0.0,314.53,0.0,21.55650000000001,0.0,0.0,bicep extend
18:35:13.112074,0.0,318.72,0.0,21.02350000000002,0.0,0.0,bicep extend
18:35:13.123892,0.0,314.4,0.0,19.70750000000002,0.0,0.0,bicep extend
18:35:13.129960,0.0,297.95,0.0,20.137000000000015,0.0,0.0,bicep extend
18:35:13.143648,0.0,292.84,0.0,21.35450000000002,0.0,0.0,bicep extend
18:35:13.152820,0.0,290.12,0.0,20.98400000000001,0.0,0.0,bicep extend
18:35:13.163584,0.0,275.57,0.0,22.271500000000003,0.0,0.0,bicep extend
18:35:13.174910,0.0,274.64,0.0,21.443,0.0,0.0,bicep extend
18:35:13.186132,0.0,262.62,0.0,21.591,0.0,0.0,bicep extend
18:35:13.197588,0.0,262.75,0.0,20.6975,0.0,0.0,bicep extend
18:35:13.206286,0.0,274.03,0.0,19.15450000000001,0.0,0.0,bicep extend
18:35:13.212967,0.0,273.3,0.0,17.213500000000003,0.0,0.0,bicep extend
18:35:13.227430,0.0,292.28,0.0,18.020999999999997,0.0,0.0,bicep extend
18:35:13.239291,0.0,290.18,0.0,18.7935,0.0,0.0,bicep extend
18:35:13.246904,0.0,307.79,0.0,20.816000000000003,0.0,0.0,bicep extend
18:35:13.259989,0.0,304.48,0.0,22.23550000000001,0.0,0.0,bicep extend
18:35:13.272290,0.0,320.77,0.0,23.098500000000012,0.0,0.0,bicep extend
18:35:13.279924,0.0,316.51,0.0,23.00750000000001,0.0,0.0,bicep extend
18:35:13.291226,0.0,320.99,0.0,21.991000000000017,0.0,0.0,bicep extend
18:35:13.300766,0.0,316.68,0.0,20.172500000000017,0.0,0.0,bicep extend
18:35:13.309577,0.0,300.97,0.0,19.807500000000005,0.0,0.0,bicep extend
18:35:13.323759,0.0,296.93,0.0,20.547500000000003,0.0,0.0,bicep extend
18:35:13.330156,0.0,285.86,0.0,20.857500000000005,0.0,0.0,bicep extend
18:35:13.345869,0.0,272.04,0.0,22.759500000000003,0.0,0.0,bicep extend
18:35:13.348174,0.0,271.37,0.0,22.626500000000004,0.0,0.0,bicep extend
18:35:13.360948,0.0,258.52,0.0,23.73200000000001,0.0,0.0,bicep extend
18:35:13.375594,0.0,259.03,0.0,23.13250000000001,0.0,0.0,bicep extend
18:35:13.383741,0.0,262.83,0.0,22.216500000000018,0.0,0.0,bicep extend
18:35:13.396474,0.0,263.01,0.0,20.825000000000024,0.0,0.0,bicep extend
18:35:13.407015,0.0,273.64,0.0,19.964000000000016,0.0,0.0,bicep extend
18:35:13.418245,0.0,273.01,0.0,19.578000000000017,0.0,0.0,bicep extend
18:35:13.425560,0.0,292.02,0.0,20.68900000000001,0.0,0.0,bicep extend
18:35:13.440533,0.0,290.02,0.0,20.49300000000001,0.0,0.0,bicep extend
18:35:13.451806,0.0,307.41,0.0,20.605500000000013,0.0,0.0,bicep extend
18:35:13.459556,0.0,303.96,0.0,20.53350000000001,0.0,0.0,bicep extend
18:35:13.473866,0.0,312.66,0.0,19.573500000000006,0.0,0.0,bicep extend
18:35:13.480447,0.0,307.81,0.0,18.01600000000001,0.0,0.0,bicep extend
18:35:13.493158,0.0,301.49,0.0,16.877500000000005,0.0,0.0,bicep extend
18:35:13.498449,0.0,297.44,0.0,16.210500000000003,0.0,0.0,bicep extend
18:35:13.510717,0.0,278.26,0.0,18.13750000000001,0.0,0.0,bicep extend
18:35:13.523710,0.0,259.95,0.0,21.958500000000026,0.0,0.0,bicep extend
18:35:13.533795,0.0,260.27,0.0,23.84650000000003,0.0,0.0,bicep extend
18:35:13.543969,0.0,241.04,0.0,27.857500000000037,0.0,0.0,bicep extend
18:35:13.553422,0.0,242.94,0.0,28.82650000000005,0.0,0.0,bicep extend
18:35:13.559867,0.0,247.4,0.0,27.94950000000004,0.0,0.0,bicep extend
18:35:13.578841,0.0,248.8,0.0,25.99750000000004,0.0,0.0,bicep extend
18:35:13.581711,0.0,264.4,0.0,24.74750000000003,0.0,0.0,bicep extend
18:35:13.597203,0.0,264.52,0.0,24.715000000000025,0.0,0.0,bicep extend
18:35:13.606769,0.0,284.04,0.0,26.905500000000025,0.0,0.0,bicep extend
18:35:13.614037,0.0,282.77,0.0,27.051000000000016,0.0,0.0,bicep extend
18:35:13.631981,0.0,300.81,0.0,26.947000000000013,0.0,0.0,bicep extend
18:35:13.641161,0.0,298.21,0.0,26.40250000000001,0.0,0.0,bicep extend
18:35:13.652789,0.0,314.69,0.0,24.664500000000007,0.0,0.0,bicep extend
18:35:13.659805,0.0,310.91,0.0,22.92400000000001,0.0,0.0,bicep extend
18:35:13.673765,0.0,309.08,0.0,22.53300000000001,0.0,0.0,bicep extend
18:35:13.679947,0.0,303.69,0.0,21.82000000000001,0.0,0.0,bicep extend
18:35:13.693638,0.0,285.02,0.0,22.840000000000018,0.0,0.0,bicep extend
18:35:13.704921,0.0,266.23,0.0,25.727000000000015,0.0,0.0,bicep extend
18:37:55.107298,0.0,286.99,0.0,24.586000000000013,0.0,0.0,roll
18:37:55.118051,0.0,266.62,0.0,25.609000000000016,0.0,0.0,roll
18:37:55.126195,0.0,263.09,0.0,24.712500000000016,0.0,0.0,roll
18:37:55.141726,0.0,246.62,0.0,25.276000000000018,0.0,0.0,roll
18:37:55.147152,0.0,234.99,0.0,25.254500000000014,0.0,0.0,roll
18:37:55.158947,0.0,218.96,0.0,27.25050000000001,0.0,0.0,roll
18:37:55.166792,0.0,202.92,0.0,31.62900000000001,0.0,0.0,roll
18:37:55.177800,0.0,189.67,0.0,37.72950000000001,0.0,0.0,roll
18:37:55.191385,0.0,181.39,0.0,42.22200000000001,0.0,0.0,roll
18:37:55.198672,0.0,182.23,0.0,43.36850000000002,0.0,0.0,roll
18:37:55.211509,0.0,169.89,0.0,46.22150000000001,0.0,0.0,roll
18:37:55.219181,0.0,184.0,0.0,44.16200000000002,0.0,0.0,roll
18:37:55.232055,0.0,181.12,0.0,41.78250000000001,0.0,0.0,roll
18:37:55.244340,0.0,203.64,0.0,39.52450000000001,0.0,0.0,roll
18:37:55.253511,0.0,197.17,0.0,36.47500000000001,0.0,0.0,roll
18:37:55.263077,0.0,198.53,0.0,32.89800000000001,0.0,0.0,roll
18:37:55.276485,0.0,192.98,0.0,27.33850000000002,0.0,0.0,roll
18:37:55.283403,0.0,202.36,0.0,22.20700000000002,0.0,0.0,roll
18:37:55.294149,0.0,193.95,0.0,16.314000000000018,0.0,0.0,roll
18:37:55.307135,0.0,198.39,0.0,12.122500000000011,0.0,0.0,roll
18:37:55.317953,0.0,188.37,0.0,8.736500000000012,0.0,0.0,roll
18:37:55.327901,0.0,178.47,0.0,9.216000000000014,0.0,0.0,roll
18:37:55.339620,0.0,175.29,0.0,10.671500000000018,0.0,0.0,roll
18:37:55.346531,0.0,169.8,0.0,11.357500000000012,0.0,0.0,roll
18:37:55.359895,0.0,171.13,0.0,12.278500000000014,0.0,0.0,roll
18:37:55.371190,0.0,177.62,0.0,11.689000000000012,0.0,0.0,roll
18:37:55.379377,0.0,189.82,0.0,11.71450000000001,0.0,0.0,roll
18:37:55.392801,0.0,175.74,0.0,10.55800000000001,0.0,0.0,roll
18:37:55.399914,0.0,195.92,0.0,12.297000000000006,0.0,0.0,roll
18:37:55.413113,0.0,192.59,0.0,13.468500000000006,0.0,0.0,roll
18:37:55.420525,0.0,207.8,0.0,15.725000000000003,0.0,0.0,roll
18:37:55.432537,0.0,206.8,0.0,16.324000000000005,0.0,0.0,roll
18:37:55.444695,0.0,215.07,0.0,16.683500000000006,0.0,0.0,roll
18:37:55.448309,0.0,214.96,0.0,16.38750000000001,0.0,0.0,roll
18:37:55.467108,0.0,212.67,0.0,15.564000000000007,0.0,0.0,roll
18:37:55.474506,0.0,199.35,0.0,15.356500000000006,0.0,0.0,roll
18:37:55.484913,0.0,190.81,0.0,15.943000000000008,0.0,0.0,roll
18:37:55.497990,0.0,178.38,0.0,18.18200000000001,0.0,0.0,roll
18:37:55.507263,0.0,173.37,0.0,19.36500000000001,0.0,0.0,roll
18:37:55.515550,0.0,172.94,0.0,20.924000000000007,0.0,0.0,roll
18:37:55.526989,0.0,181.79,0.0,19.277500000000007,0.0,0.0,roll
18:37:55.540957,0.0,195.38,0.0,17.198000000000004,0.0,0.0,roll
18:37:55.544166,0.0,202.62,0.0,15.764000000000005,0.0,0.0,roll
18:37:55.560300,0.0,225.5,0.0,16.934000000000005,0.0,0.0,roll
18:37:55.573895,0.0,230.42,0.0,19.53550000000001,0.0,0.0,roll
18:37:55.580045,0.0,251.07,0.0,24.960500000000003,0.0,0.0,roll
18:37:55.593737,0.0,254.1,0.0,29.244000000000007,0.0,0.0,roll
18:37:55.598542,0.0,272.7,0.0,32.63850000000001,0.0,0.0,roll
18:37:55.614023,0.0,274.08,0.0,34.28000000000001,0.0,0.0,roll
18:37:55.621773,0.0,291.08,0.0,36.3,0.0,0.0,roll
18:37:55.633862,0.0,306.45,0.0,40.3575,0.0,0.0,roll
18:37:55.645625,0.0,320.55,0.0,45.84400000000001,0.0,0.0,roll
18:37:55.654980,0.0,333.17,0.0,50.86950000000001,0.0,0.0,roll
18:37:55.667224,0.0,344.75,0.0,53.84600000000002,0.0,0.0,roll
18:37:55.676235,0.0,355.05,0.0,55.74200000000002,0.0,0.0,roll
18:37:55.684691,0.0,364.5,0.0,55.04450000000001,0.0,0.0,roll
18:37:55.699181,0.0,372.84,0.0,54.132500000000014,0.0,0.0,roll
18:37:55.707275,0.0,380.48,0.0,52.42050000000002,0.0,0.0,roll
18:37:55.719207,0.0,387.24,0.0,51.54250000000002,0.0,0.0,roll
18:37:55.728669,0.0,393.28,0.0,49.85950000000002,0.0,0.0,roll
18:37:55.741420,0.0,398.72,0.0,47.47800000000002,0.0,0.0,roll
18:37:55.751420,0.0,403.55,0.0,44.45200000000003,0.0,0.0,roll
18:37:55.759768,0.0,407.72,0.0,40.86000000000003,0.0,0.0,roll
18:37:55.774557,0.0,411.46,0.0,36.76300000000002,0.0,0.0,roll
18:37:55.781391,0.0,414.63,0.0,32.99750000000002,0.0,0.0,roll
18:37:55.794565,0.0,417.37,0.0,29.521000000000026,0.0,0.0,roll
18:37:55.797466,0.0,419.79,0.0,26.338500000000028,0.0,0.0,roll
18:37:55.813432,0.0,421.68,0.0,23.395500000000027,0.0,0.0,roll
18:37:55.847727,0.0,423.39,0.0,20.696000000000023,0.0,0.0,roll
18:37:55.886392,0.0,424.71,0.0,18.216500000000025,0.0,0.0,roll
18:37:55.892186,0.0,425.83,0.0,15.936500000000011,0.0,0.0,roll
18:37:55.892186,0.0,426.52,0.0,13.826000000000004,0.0,0.0,roll
18:37:55.892186,0.0,427.14,0.0,11.900500000000005,0.0,0.0,roll
18:37:55.892186,0.0,427.46,0.0,10.121500000000008,0.0,0.0,roll
18:37:55.892186,0.0,427.58,0.0,8.48950000000001,0.0,0.0,roll
18:37:55.894694,0.0,427.51,0.0,6.999500000000012,0.0,0.0,roll
18:37:55.907467,0.0,427.28,0.0,5.629000000000008,0.0,0.0,roll
18:37:55.913281,0.0,426.9,0.0,4.432000000000011,0.0,0.0,roll
18:37:55.929363,0.0,426.37,0.0,3.4625000000000057,0.0,0.0,roll
18:37:55.941039,0.0,425.8,0.0,2.7135000000000047,0.0,0.0,roll
18:37:55.947865,0.0,425.03,0.0,2.1875000000000115,0.0,0.0,roll
18:37:55.961449,0.0,424.23,0.0,1.888000000000011,0.0,0.0,roll
18:37:55.974655,0.0,423.16,0.0,1.7750000000000057,0.0,0.0,roll
18:37:55.979889,0.0,422.18,0.0,1.8245000000000064,0.0,0.0,roll
18:37:55.994028,0.0,419.36,0.0,2.1990000000000007,0.0,0.0,roll
18:37:56.007357,0.0,418.36,0.0,2.6924999999999955,0.0,0.0,roll
18:37:56.015416,0.0,414.51,0.0,3.5660000000000025,0.0,0.0,roll
18:37:56.026365,0.0,413.88,0.0,4.433000000000004,0.0,0.0,roll
18:37:56.035369,0.0,410.33,0.0,5.412000000000006,0.0,0.0,roll
18:37:56.048252,0.0,410.02,0.0,6.174000000000012,0.0,0.0,roll
18:37:56.057164,0.0,386.41,0.0,8.97750000000001,0.0,0.0,roll
18:37:56.067909,0.0,387.81,0.0,11.337000000000012,0.0,0.0,roll
18:37:56.080327,0.0,388.85,0.0,13.315000000000015,0.0,0.0,roll
18:37:56.089356,0.0,389.64,0.0,14.978000000000009,0.0,0.0,roll
18:37:56.100688,0.0,390.29,0.0,15.359000000000009,0.0,0.0,roll
18:37:56.108728,0.0,390.65,0.0,14.750000000000004,0.0,0.0,roll
18:37:56.122038,0.0,390.82,0.0,13.866499999999997,0.0,0.0,roll
18:37:56.133859,0.0,390.82,0.0,13.02249999999999,0.0,0.0,roll
18:37:56.142315,0.0,390.74,0.0,12.005499999999987,0.0,0.0,roll
18:37:56.154403,0.0,390.35,0.0,11.124499999999983,0.0,0.0,roll
18:37:56.163024,0.0,389.92,0.0,8.161999999999988,0.0,0.0,roll
18:37:56.174191,0.0,390.09,0.0,5.546499999999997,0.0,0.0,roll
18:37:56.182775,0.0,389.76,0.0,3.2770000000000037,0.0,0.0,roll
18:37:56.194813,0.0,389.95,0.0,1.2605000000000133,0.0,0.0,roll
18:37:56.208612,0.0,389.55,0.0,0.3410000000000195,0.0,0.0,roll
18:37:56.215919,0.0,389.75,0.0,0.3500000000000227,0.0,0.0,roll
18:37:56.226480,0.0,389.37,0.0,0.3715000000000259,0.0,0.0,roll
18:37:56.235257,0.0,385.44,0.0,0.7765000000000327,0.0,0.0,roll
18:37:56.244988,0.0,385.39,0.0,1.1860000000000357,0.0,0.0,roll
18:37:56.259981,0.0,385.19,0.0,1.6290000000000362,0.0,0.0,roll
18:37:56.262504,0.0,384.85,0.0,2.050000000000034,0.0,0.0,roll
18:37:56.280112,0.0,384.3,0.0,2.3375000000000226,0.0,0.0,roll
18:37:56.290657,0.0,383.73,0.0,2.4500000000000113,0.0,0.0,roll
18:37:56.298705,0.0,383.13,0.0,2.6290000000000022,0.0,0.0,roll
18:37:56.309215,0.0,382.34,0.0,2.830000000000001,0.0,0.0,roll
18:37:56.321443,0.0,381.47,0.0,3.1135000000000046,0.0,0.0,roll
18:37:56.334353,0.0,370.73,0.0,4.385500000000002,0.0,0.0,roll
18:37:56.342464,0.0,370.61,0.0,5.227499999999997,0.0,0.0,roll
18:37:56.353461,0.0,373.65,0.0,5.6995000000000005,0.0,0.0,roll
18:37:56.362647,0.0,373.32,0.0,6.112,0.0,0.0,roll
18:37:56.374540,0.0,376.13,0.0,5.918000000000001,0.0,0.0,roll
18:37:56.385564,0.0,375.62,0.0,5.6330000000000044,0.0,0.0,roll
18:37:56.394596,0.0,378.23,0.0,5.700000000000012,0.0,0.0,roll
18:37:56.408236,0.0,377.48,0.0,5.644500000000017,0.0,0.0,roll
18:37:56.415255,0.0,369.97,0.0,5.843000000000012,0.0,0.0,roll
18:37:56.429121,0.0,369.85,0.0,5.89600000000001,0.0,0.0,roll
18:37:56.440985,0.0,369.6,0.0,4.956000000000012,0.0,0.0,roll
18:37:56.449584,0.0,369.21,0.0,4.101500000000016,0.0,0.0,roll
18:37:56.460383,0.0,368.71,0.0,3.4865000000000124,0.0,0.0,roll
18:37:56.466899,0.0,368.1,0.0,2.8090000000000144,0.0,0.0,roll
18:37:56.481977,0.0,367.47,0.0,2.7675000000000125,0.0,0.0,roll
18:37:56.491192,0.0,366.67,0.0,3.0155000000000087,0.0,0.0,roll
18:37:56.501194,0.0,365.79,0.0,3.097000000000002,0.0,0.0,roll
18:37:56.514273,0.0,364.44,0.0,3.3329999999999984,0.0,0.0,roll
18:37:56.522255,0.0,363.53,0.0,3.2920000000000074,0.0,0.0,roll
18:37:56.532990,0.0,368.43,0.0,2.9930000000000065,0.0,0.0,roll
18:37:56.542330,0.0,367.23,0.0,2.616500000000008,0.0,0.0,roll
18:37:56.556095,0.0,371.8,0.0,2.634000000000003,0.0,0.0,roll
18:37:56.567678,0.0,370.37,0.0,2.642500000000001,0.0,0.0,roll
18:37:56.575912,0.0,374.66,0.0,3.1925000000000012,0.0,0.0,roll
18:37:56.583135,0.0,372.94,0.0,3.477999999999997,0.0,0.0,roll
18:37:56.593543,0.0,376.84,0.0,3.9485000000000015,0.0,0.0,roll
18:37:56.607526,0.0,374.97,0.0,4.020000000000005,0.0,0.0,roll
18:37:56.616597,0.0,354.01,0.0,5.331000000000012,0.0,0.0,roll
18:37:56.629896,0.0,353.78,0.0,6.6360000000000126,0.0,0.0,roll
18:37:56.642200,0.0,353.43,0.0,8.337000000000018,0.0,0.0,roll
18:37:56.648066,0.0,352.97,0.0,10.136500000000018,0.0,0.0,roll
18:37:56.661115,0.0,352.32,0.0,10.67850000000002,0.0,0.0,roll
18:37:56.663586,0.0,331.54,0.0,12.612000000000018,0.0,0.0,roll
18:37:56.682855,0.0,332.59,0.0,13.98250000000002,0.0,0.0,roll
18:37:56.695159,0.0,340.56,0.0,14.73550000000003,0.0,0.0,roll
18:37:56.697106,0.0,340.92,0.0,15.164000000000026,0.0,0.0,roll
18:37:56.715700,0.0,348.27,0.0,14.978000000000026,0.0,0.0,roll
18:37:56.724942,0.0,348.12,0.0,13.27800000000002,0.0,0.0,roll
18:37:56.733686,0.0,354.86,0.0,12.214000000000016,0.0,0.0,roll
18:37:56.741004,0.0,354.14,0.0,11.043000000000012,0.0,0.0,roll
18:37:56.757391,0.0,360.36,0.0,10.448000000000013,0.0,0.0,roll
18:37:56.767041,0.0,359.24,0.0,10.565500000000014,0.0,0.0,roll
18:37:56.776715,0.0,365.02,0.0,9.71150000000002,0.0,0.0,roll
18:37:56.791488,0.0,363.56,0.0,8.516000000000014,0.0,0.0,roll
18:37:56.797709,0.0,368.88,0.0,8.435000000000008,0.0,0.0,roll
18:37:56.807868,0.0,367.14,0.0,7.996500000000009,0.0,0.0,roll
18:37:56.815623,0.0,371.67,0.0,8.76500000000001,0.0,0.0,roll
18:37:56.830286,0.0,350.11,0.0,9.942500000000011,0.0,0.0,roll
18:37:56.842278,0.0,349.94,0.0,10.478000000000014,0.0,0.0,roll
18:37:56.850790,0.0,356.25,0.0,10.45450000000002,0.0,0.0,roll
18:37:56.859920,0.0,355.63,0.0,9.815000000000015,0.0,0.0,roll
18:37:56.869192,0.0,361.52,0.0,8.81250000000001,0.0,0.0,roll
18:37:56.880122,0.0,360.59,0.0,7.477500000000009,0.0,0.0,roll
18:37:56.896027,0.0,366.06,0.0,7.072000000000014,0.0,0.0,roll
18:37:56.903524,0.0,364.72,0.0,6.255500000000024,0.0,0.0,roll
18:37:56.916419,0.0,369.9,0.0,6.406000000000029,0.0,0.0,roll
18:37:56.924734,0.0,368.29,0.0,6.158500000000037,0.0,0.0,roll
18:37:56.930234,0.0,373.08,0.0,5.969500000000034,0.0,0.0,roll
18:37:56.948750,0.0,371.24,0.0,5.352500000000032,0.0,0.0,roll
18:37:56.957053,0.0,375.76,0.0,5.640000000000026,0.0,0.0,roll
18:37:56.969977,0.0,373.66,0.0,5.519500000000027,0.0,0.0,roll
18:37:56.976504,0.0,377.95,0.0,6.155500000000029,0.0,0.0,roll
18:37:56.990137,0.0,380.06,0.0,6.899000000000035,0.0,0.0,roll
18:37:56.998387,0.0,383.51,0.0,7.412500000000028,0.0,0.0,roll
18:37:57.007647,0.0,386.51,0.0,8.226000000000017,0.0,0.0,roll
18:37:57.024132,0.0,388.94,0.0,8.550000000000011,0.0,0.0,roll
18:37:57.030851,0.0,391.17,0.0,9.043000000000006,0.0,0.0,roll
18:37:57.043409,0.0,388.71,0.0,8.73950000000001,0.0,0.0,roll
18:37:57.046936,0.0,390.93,0.0,8.746500000000008,0.0,0.0,roll
18:37:57.059108,0.0,388.59,0.0,7.992000000000013,0.0,0.0,roll
18:37:57.074613,0.0,390.88,0.0,7.758500000000015,0.0,0.0,roll
18:37:57.081290,0.0,388.57,0.0,7.0285000000000135,0.0,0.0,roll
18:37:57.095016,0.0,390.84,0.0,6.440000000000009,0.0,0.0,roll
18:37:57.102875,0.0,388.55,0.0,5.453500000000008,0.0,0.0,roll
18:37:57.116573,0.0,390.72,0.0,4.362500000000011,0.0,0.0,roll
18:37:57.124070,0.0,388.54,0.0,3.2715000000000147,0.0,0.0,roll
18:37:57.135744,0.0,390.69,0.0,2.1540000000000132,0.0,0.0,roll
18:37:57.149197,0.0,382.56,0.0,2.169500000000011,0.0,0.0,roll
18:37:57.157065,0.0,385.14,0.0,1.9215000000000089,0.0,0.0,roll
18:37:57.169681,0.0,387.27,0.0,1.9465000000000088,0.0,0.0,roll
18:37:57.178087,0.0,389.14,0.0,1.7815000000000054,0.0,0.0,roll
18:37:57.190539,0.0,390.7,0.0,1.9590000000000032,0.0,0.0,roll
18:37:57.203475,0.0,391.96,0.0,2.069,0.0,0.0,roll
18:37:57.210283,0.0,392.96,0.0,2.3460000000000036,0.0,0.0,roll
18:37:57.224299,0.0,393.64,0.0,2.6295000000000073,0.0,0.0,roll
18:37:57.232155,0.0,394.26,0.0,2.868500000000006,0.0,0.0,roll
18:37:57.242918,0.0,392.94,0.0,2.9305000000000065,0.0,0.0,roll
18:37:57.256011,0.0,393.61,0.0,2.3385000000000105,0.0,0.0,roll
18:37:57.264380,0.0,392.26,0.0,2.028500000000014,0.0,0.0,roll
18:37:57.274668,0.0,392.97,0.0,1.9015000000000155,0.0,0.0,roll
18:37:57.283915,0.0,391.77,0.0,1.961500000000018,0.0,0.0,roll
18:37:57.295310,0.0,392.51,0.0,1.8200000000000216,0.0,0.0,roll
18:37:57.305972,0.0,361.83,0.0,4.6205000000000265,0.0,0.0,roll
18:37:57.317396,0.0,364.8,0.0,7.108500000000026,0.0,0.0,roll
18:37:57.328529,0.0,367.3,0.0,9.244500000000022,0.0,0.0,roll
18:37:57.336132,0.0,369.51,0.0,11.138500000000022,0.0,0.0,roll
18:37:57.346443,0.0,371.31,0.0,12.000500000000017,0.0,0.0,roll
18:37:57.357601,0.0,372.88,0.0,11.963000000000012,0.0,0.0,roll
18:37:57.369898,0.0,374.18,0.0,12.137500000000006,0.0,0.0,roll
18:37:57.381543,0.0,375.13,0.0,12.438999999999998,0.0,0.0,roll
18:37:57.391268,0.0,375.93,0.0,12.704499999999996,0.0,0.0,roll
18:37:57.397272,0.0,376.43,0.0,13.093999999999994,0.0,0.0,roll
18:37:57.412106,0.0,376.82,0.0,10.310999999999996,0.0,0.0,roll
18:37:57.424129,0.0,376.94,0.0,7.746999999999997,0.0,0.0,roll
18:37:57.432526,0.0,376.98,0.0,5.383500000000003,0.0,0.0,roll
18:37:57.440701,0.0,376.78,0.0,3.1930000000000005,0.0,0.0,roll
18:37:57.457451,0.0,376.45,0.0,2.171000000000004,0.0,0.0,roll
18:37:57.465615,0.0,376.08,0.0,2.1285000000000083,0.0,0.0,roll
18:37:57.476689,0.0,375.58,0.0,2.006000000000012,0.0,0.0,roll
18:37:57.483543,0.0,374.9,0.0,1.856500000000017,0.0,0.0,roll
18:37:57.495026,0.0,374.2,0.0,1.6970000000000198,0.0,0.0,roll
18:37:57.510058,0.0,373.33,0.0,1.557000000000022,0.0,0.0,roll
18:37:57.514958,0.0,372.39,0.0,1.5720000000000198,0.0,0.0,roll
18:37:57.530843,0.0,371.37,0.0,1.7305000000000177,0.0,0.0,roll
18:37:57.539423,0.0,370.29,0.0,2.0115000000000065,0.0,0.0,roll
18:37:57.547917,0.0,369.23,0.0,2.405000000000007,0.0,0.0,roll
18:37:57.557664,0.0,368.04,0.0,2.8860000000000072,0.0,0.0,roll
18:37:57.567652,0.0,366.79,0.0,3.359000000000003,0.0,0.0,roll
18:37:57.580201,0.0,365.58,0.0,3.798000000000008,0.0,0.0,roll
18:37:57.591002,0.0,364.33,0.0,4.1870000000000065,0.0,0.0,roll
18:37:57.602044,0.0,363.04,0.0,4.522500000000003,0.0,0.0,roll
18:37:57.612333,0.0,361.71,0.0,4.799500000000006,0.0,0.0,roll
18:37:57.624389,0.0,360.26,0.0,5.048000000000007,0.0,0.0,roll
18:37:57.637595,0.0,358.88,0.0,5.268500000000006,0.0,0.0,roll
18:37:57.644227,0.0,364.96,0.0,4.874000000000012,0.0,0.0,roll
18:37:57.657480,0.0,363.15,0.0,4.4795000000000185,0.0,0.0,roll
18:37:57.666369,0.0,368.93,0.0,4.516500000000019,0.0,0.0,roll
18:37:57.677774,0.0,373.99,0.0,5.032500000000022,0.0,0.0,roll
18:37:57.685041,0.0,371.68,0.0,5.301500000000016,0.0,0.0,roll
18:37:57.695320,0.0,369.49,0.0,5.302000000000021,0.0,0.0,roll
18:37:57.711204,0.0,367.33,0.0,4.861000000000024,0.0,0.0,roll
18:37:57.716693,0.0,365.13,0.0,4.400500000000022,0.0,0.0,roll
18:37:57.731530,0.0,362.97,0.0,4.13400000000002,0.0,0.0,roll
18:37:57.739100,0.0,360.84,0.0,4.065500000000026,0.0,0.0,roll
18:37:57.747381,0.0,358.75,0.0,4.782000000000028,0.0,0.0,roll
18:37:57.760934,0.0,356.69,0.0,5.677000000000026,0.0,0.0,roll
18:37:57.773244,0.0,354.67,0.0,6.096000000000027,0.0,0.0,roll
18:37:57.782754,0.0,352.75,0.0,5.9865000000000235,0.0,0.0,roll
18:37:57.793108,0.0,350.77,0.0,6.095000000000022,0.0,0.0,roll
18:37:57.807859,0.0,348.81,0.0,6.4425000000000185,0.0,0.0,roll
18:37:57.813296,0.0,346.96,0.0,7.196000000000021,0.0,0.0,roll
18:37:57.823897,0.0,345.13,0.0,7.944000000000022,0.0,0.0,roll
18:37:57.837981,0.0,343.31,0.0,8.463000000000022,0.0,0.0,roll
18:37:57.846446,0.0,341.51,0.0,8.752000000000015,0.0,0.0,roll
18:37:57.857467,0.0,339.64,0.0,8.828500000000014,0.0,0.0,roll
18:37:57.863692,0.0,337.88,0.0,8.691000000000008,0.0,0.0,roll
18:37:57.879276,0.0,336.04,0.0,8.571000000000009,0.0,0.0,roll
18:37:57.890892,0.0,334.23,0.0,8.473500000000007,0.0,0.0,roll
18:37:57.899027,0.0,332.44,0.0,8.384500000000008,0.0,0.0,roll
18:37:57.908552,0.0,330.74,0.0,8.295500000000004,0.0,0.0,roll
18:37:57.920022,0.0,328.97,0.0,8.222500000000002,0.0,0.0,roll
18:37:57.930201,0.0,327.22,0.0,8.155999999999995,0.0,0.0,roll
18:37:57.940530,0.0,325.49,0.0,8.095499999999998,0.0,0.0,roll
18:37:57.946665,0.0,323.77,0.0,8.049500000000005,0.0,0.0,roll
18:37:57.964666,0.0,322.06,0.0,8.004500000000007,0.0,0.0,roll
18:37:57.974030,0.0,320.37,0.0,7.960500000000013,0.0,0.0,roll
18:37:57.984802,0.0,318.7,0.0,7.908000000000016,0.0,0.0,roll
18:37:57.993100,0.0,317.11,0.0,7.842000000000018,0.0,0.0,roll
18:37:58.006761,0.0,315.45,0.0,7.775000000000017,0.0,0.0,roll
18:37:58.016666,0.0,313.81,0.0,7.713500000000022,0.0,0.0,roll
18:37:58.026317,0.0,312.18,0.0,7.650000000000017,0.0,0.0,roll
18:37:58.038577,0.0,310.56,0.0,7.593000000000018,0.0,0.0,roll
18:37:58.047182,0.0,308.95,0.0,7.541500000000013,0.0,0.0,roll
18:37:58.058194,0.0,307.35,0.0,7.487500000000006,0.0,0.0,roll
18:37:58.067617,0.0,305.76,0.0,7.431500000000005,0.0,0.0,roll
18:37:58.079651,0.0,304.27,0.0,7.369000000000005,0.0,0.0,roll
18:37:58.090322,0.0,302.7,0.0,7.309000000000003,0.0,0.0,roll
18:37:58.097684,0.0,301.14,0.0,7.2580000000000044,0.0,0.0,roll
18:37:58.111072,0.0,299.58,0.0,7.209000000000008,0.0,0.0,roll
18:37:58.115376,0.0,298.04,0.0,7.166000000000002,0.0,0.0,roll
18:37:58.132643,0.0,296.51,0.0,7.128000000000009,0.0,0.0,roll
18:37:58.144230,0.0,294.99,0.0,7.086500000000006,0.0,0.0,roll
18:37:58.149877,0.0,293.48,0.0,7.041500000000008,0.0,0.0,roll
18:37:58.165858,0.0,291.98,0.0,6.996500000000009,0.0,0.0,roll
18:37:58.174064,0.0,290.49,0.0,6.951500000000005,0.0,0.0,roll
18:37:58.186006,0.0,289.0,0.0,6.916500000000002,0.0,0.0,roll
18:37:58.190788,0.0,287.53,0.0,6.881500000000005,0.0,0.0,roll
18:37:58.208887,0.0,286.06,0.0,6.847500000000008,0.0,0.0,roll
18:37:58.218468,0.0,284.6,0.0,6.813500000000005,0.0,0.0,roll
18:37:58.227076,0.0,283.15,0.0,6.775500000000011,0.0,0.0,roll
18:37:58.233924,0.0,281.71,0.0,6.733500000000009,0.0,0.0,roll
18:37:58.245841,0.0,280.27,0.0,6.693000000000012,0.0,0.0,roll
18:37:58.260219,0.0,278.85,0.0,6.653000000000015,0.0,0.0,roll
18:37:58.273575,0.0,277.43,0.0,6.614500000000016,0.0,0.0,roll
18:37:58.280148,0.0,275.94,0.0,6.585000000000013,0.0,0.0,roll
18:37:58.292569,0.0,274.55,0.0,6.554000000000014,0.0,0.0,roll
18:37:58.298789,0.0,273.16,0.0,6.523500000000007,0.0,0.0,roll
18:37:58.309342,0.0,271.78,0.0,6.492500000000007,0.0,0.0,roll
18:37:58.320603,0.0,270.4,0.0,6.45750000000001,0.0,0.0,roll
18:37:58.333536,0.0,269.03,0.0,6.419500000000011,0.0,0.0,roll
18:37:58.344319,0.0,267.67,0.0,6.38250000000001,0.0,0.0,roll
18:37:58.350999,0.0,266.32,0.0,6.345000000000016,0.0,0.0,roll
18:37:58.366838,0.0,264.97,0.0,6.309000000000009,0.0,0.0,roll
18:37:58.375105,0.0,263.63,0.0,6.273000000000008,0.0,0.0,roll
18:37:58.383484,0.0,262.3,0.0,6.229000000000013,0.0,0.0,roll
18:37:58.394293,0.0,260.97,0.0,6.1875000000000115,0.0,0.0,roll
18:37:58.406798,0.0,259.65,0.0,6.1470000000000145,0.0,0.0,roll
18:37:58.411367,0.0,258.26,0.0,6.115000000000014,0.0,0.0,roll
18:37:58.427457,0.0,256.96,0.0,6.0870000000000175,0.0,0.0,roll
18:37:58.439408,0.0,255.58,0.0,6.071000000000012,0.0,0.0,roll
18:37:58.447730,0.0,254.3,0.0,6.053500000000011,0.0,0.0,roll
18:37:58.460276,0.0,252.95,0.0,6.039000000000007,0.0,0.0,roll
18:37:58.473788,0.0,251.68,0.0,6.020000000000013,0.0,0.0,roll
18:37:58.480337,0.0,250.34,0.0,6.004500000000013,0.0,0.0,roll
18:37:58.493614,0.0,249.1,0.0,5.983500000000012,0.0,0.0,roll
18:37:58.501619,0.0,247.86,0.0,5.957500000000013,0.0,0.0,roll
18:37:58.510694,0.0,246.62,0.0,5.927500000000012,0.0,0.0,roll
18:37:58.525454,0.0,245.39,0.0,5.88550000000001,0.0,0.0,roll
18:37:58.534839,0.0,244.08,0.0,5.849000000000004,0.0,0.0,roll
18:37:58.545355,0.0,242.86,0.0,5.8055000000000065,0.0,0.0,roll
18:37:58.556634,0.0,241.65,0.0,5.763500000000008,0.0,0.0,roll
18:37:58.566212,0.0,240.44,0.0,5.719500000000008,0.0,0.0,roll
18:37:58.600604,0.0,239.24,0.0,5.676000000000007,0.0,0.0,roll
18:37:58.600604,0.0,238.05,0.0,5.6250000000000115,0.0,0.0,roll
18:37:58.600604,0.0,236.85,0.0,5.581500000000011,0.0,0.0,roll
18:37:58.608057,0.0,235.67,0.0,5.5425000000000155,0.0,0.0,roll
18:37:58.635091,0.0,234.4,0.0,5.5170000000000154,0.0,0.0,roll
18:37:58.635091,0.0,233.15,0.0,5.504500000000016,0.0,0.0,roll
18:37:58.639248,0.0,231.91,0.0,5.494500000000016,0.0,0.0,roll
18:37:58.652916,0.0,230.77,0.0,5.481500000000014,0.0,0.0,roll
18:37:58.661482,0.0,229.62,0.0,5.464000000000013,0.0,0.0,roll
18:37:58.673140,0.0,228.4,0.0,5.445000000000013,0.0,0.0,roll
18:37:58.681130,0.0,227.19,0.0,5.429500000000013,0.0,0.0,roll
18:37:58.691556,0.0,226.07,0.0,5.414500000000013,0.0,0.0,roll
18:37:58.696589,0.0,225.16,0.0,5.377500000000012,0.0,0.0,roll
18:37:58.714038,0.0,224.13,0.0,5.328000000000008,0.0,0.0,roll
18:37:58.725068,0.0,213.77,0.0,6.186500000000009,0.0,0.0,roll
18:37:58.731623,0.0,213.52,0.0,6.9480000000000075,0.0,0.0,roll
18:37:58.740888,0.0,212.89,0.0,7.666500000000011,0.0,0.0,roll
18:37:58.753632,0.0,212.54,0.0,8.328000000000012,0.0,0.0,roll
18:37:58.765506,0.0,212.21,0.0,8.46050000000001,0.0,0.0,roll
18:37:58.780224,0.0,211.75,0.0,8.112500000000011,0.0,0.0,roll
18:37:58.785043,0.0,209.57,0.0,7.94200000000001,0.0,0.0,roll
18:37:58.800890,0.0,202.47,0.0,8.439500000000006,0.0,0.0,roll
18:37:58.808814,0.0,194.16,0.0,9.757500000000007,0.0,0.0,roll
18:37:58.817762,0.0,190.36,0.0,11.431500000000009,0.0,0.0,roll
18:37:58.824582,0.0,184.63,0.0,12.632000000000009,0.0,0.0,roll
18:37:58.841857,0.0,207.29,0.0,11.435000000000011,0.0,0.0,roll
18:37:58.852730,0.0,207.03,0.0,10.175500000000008,0.0,0.0,roll
18:37:58.860660,0.0,202.96,0.0,9.168500000000009,0.0,0.0,roll
18:37:58.874601,0.0,190.96,0.0,9.67000000000001,0.0,0.0,roll
18:37:58.880270,0.0,192.25,0.0,10.087000000000009,0.0,0.0,roll
18:37:58.894678,0.0,193.35,0.0,9.76400000000001,0.0,0.0,roll
18:37:58.907248,0.0,181.3,0.0,9.889500000000012,0.0,0.0,roll
18:37:58.914461,0.0,212.39,0.0,10.02700000000001,0.0,0.0,roll
18:37:58.926547,0.0,211.8,0.0,9.22950000000001,0.0,0.0,roll
18:37:58.931679,0.0,197.73,0.0,6.888000000000011,0.0,0.0,roll
18:37:58.948136,0.0,195.51,0.0,6.8850000000000104,0.0,0.0,roll
18:37:58.957130,0.0,225.32,0.0,9.74200000000001,0.0,0.0,roll
18:37:58.968138,0.0,223.76,0.0,12.252500000000008,0.0,0.0,roll
18:37:58.979908,0.0,222.09,0.0,12.80950000000001,0.0,0.0,roll
18:37:58.987200,0.0,214.44,0.0,12.43750000000001,0.0,0.0,roll
18:37:59.000810,0.0,235.54,0.0,14.609500000000011,0.0,0.0,roll
18:37:59.008827,0.0,229.58,0.0,14.591000000000014,0.0,0.0,roll
18:37:59.022533,0.0,256.42,0.0,15.981500000000016,0.0,0.0,roll
18:37:59.030044,0.0,252.61,0.0,17.424000000000017,0.0,0.0,roll
18:37:59.041390,0.0,240.69,0.0,18.486500000000017,0.0,0.0,roll
18:37:59.052766,0.0,225.53,0.0,18.578000000000017,0.0,0.0,roll
18:37:59.063038,0.0,252.53,0.0,17.70500000000002,0.0,0.0,roll
18:37:59.074778,0.0,240.36,0.0,15.232000000000022,0.0,0.0,roll
18:37:59.082621,0.0,237.8,0.0,13.62750000000002,0.0,0.0,roll
18:37:59.093194,0.0,232.74,0.0,14.02700000000002,0.0,0.0,roll
18:37:59.108074,0.0,214.79,0.0,14.243500000000022,0.0,0.0,roll
18:37:59.115253,0.0,219.54,0.0,15.066000000000022,0.0,0.0,roll
18:37:59.127178,0.0,230.57,0.0,12.186500000000024,0.0,0.0,roll
18:37:59.135487,0.0,229.11,0.0,9.63400000000002,0.0,0.0,roll
18:37:59.147972,0.0,227.63,0.0,8.53100000000002,0.0,0.0,roll
18:37:59.159646,0.0,254.18,0.0,10.58100000000002,0.0,0.0,roll
18:37:59.166792,0.0,251.16,0.0,10.53450000000002,0.0,0.0,roll
18:37:59.180119,0.0,261.2,0.0,13.248000000000015,0.0,0.0,roll
18:37:59.183484,0.0,257.52,0.0,15.706500000000014,0.0,0.0,roll
18:37:59.201949,0.0,254.28,0.0,16.414000000000012,0.0,0.0,roll
18:37:59.210206,0.0,251.06,0.0,13.990000000000013,0.0,0.0,roll
18:37:59.222446,0.0,266.16,0.0,13.38500000000001,0.0,0.0,roll
18:37:59.230796,0.0,262.04,0.0,13.696000000000009,0.0,0.0,roll
18:37:59.242451,0.0,273.13,0.0,15.164500000000013,0.0,0.0,roll
18:37:59.255479,0.0,268.9,0.0,15.897500000000008,0.0,0.0,roll
18:37:59.261931,0.0,257.88,0.0,13.811000000000003,0.0,0.0,roll
18:37:59.274732,0.0,242.25,0.0,13.5895,0.0,0.0,roll
18:37:59.287757,0.0,224.02,0.0,14.003,0.0,0.0,roll
18:37:59.293144,0.0,212.49,0.0,15.7755,0.0,0.0,roll
18:37:59.308675,0.0,217.62,0.0,18.119,0.0,0.0,roll
18:37:59.312588,0.0,244.43,0.0,18.786499999999997,0.0,0.0,roll
18:37:59.329481,0.0,242.8,0.0,17.519,0.0,0.0,roll
18:37:59.336803,0.0,239.86,0.0,17.004499999999997,0.0,0.0,roll
18:37:59.347103,0.0,264.93,0.0,17.521999999999995,0.0,0.0,roll
18:37:59.359591,0.0,259.64,0.0,18.279499999999995,0.0,0.0,roll
18:37:59.364503,0.0,255.49,0.0,19.41,0.0,0.0,roll
18:37:59.381902,0.0,252.86,0.0,18.605500000000003,0.0,0.0,roll
18:37:59.390330,0.0,250.35,0.0,15.533500000000007,0.0,0.0,roll
18:37:59.398564,0.0,262.12,0.0,12.226000000000008,0.0,0.0,roll
18:37:59.411223,0.0,270.72,0.0,10.19550000000001,0.0,0.0,roll
18:37:59.417575,0.0,266.85,0.0,10.451500000000014,0.0,0.0,roll
18:37:59.434599,0.0,260.68,0.0,10.422000000000017,0.0,0.0,roll
18:37:59.444254,0.0,257.75,0.0,10.396500000000014,0.0,0.0,roll
18:37:59.455028,0.0,281.3,0.0,10.27000000000002,0.0,0.0,roll
18:37:59.464458,0.0,268.99,0.0,9.317500000000024,0.0,0.0,roll
18:37:59.475288,0.0,262.48,0.0,8.039000000000025,0.0,0.0,roll
18:37:59.488949,0.0,259.66,0.0,7.378500000000022,0.0,0.0,roll
18:37:59.497193,0.0,282.8,0.0,8.89600000000002,0.0,0.0,roll
18:37:59.509252,0.0,287.79,0.0,9.831500000000023,0.0,0.0,roll
18:37:59.517407,0.0,283.14,0.0,9.699000000000018,0.0,0.0,roll
18:37:59.530090,0.0,278.85,0.0,9.263500000000016,0.0,0.0,roll
18:37:59.541497,0.0,273.3,0.0,9.489000000000017,0.0,0.0,roll
18:37:59.549609,0.0,273.51,0.0,9.51500000000002,0.0,0.0,roll
18:37:59.558127,0.0,295.09,0.0,9.292000000000012,0.0,0.0,roll
18:37:59.570378,0.0,289.45,0.0,9.395500000000004,0.0,0.0,roll
18:37:59.580463,0.0,309.63,0.0,12.0435,0.0,0.0,roll
18:37:59.591281,0.0,303.03,0.0,13.535999999999996,0.0,0.0,roll
18:37:59.602686,0.0,279.6,0.0,12.308999999999996,0.0,0.0,roll
18:37:59.613129,0.0,300.52,0.0,11.7445,0.0,0.0,roll
18:37:59.622408,0.0,276.95,0.0,10.98,0.0,0.0,roll
18:37:59.634505,0.0,297.79,0.0,11.039000000000003,0.0,0.0,roll
18:37:59.641107,0.0,293.03,0.0,10.864499999999998,0.0,0.0,roll
18:37:59.655686,0.0,288.64,0.0,11.139499999999993,0.0,0.0,roll
18:37:59.667779,0.0,284.5,0.0,9.922499999999996,0.0,0.0,roll
18:37:59.676365,0.0,280.59,0.0,10.084500000000002,0.0,0.0,roll
18:37:59.690769,0.0,276.9,0.0,8.385500000000008,0.0,0.0,roll
18:37:59.697784,0.0,298.01,0.0,7.773000000000013,0.0,0.0,roll
18:37:59.709869,0.0,293.05,0.0,7.408000000000016,0.0,0.0,roll
18:37:59.718096,0.0,286.17,0.0,6.109000000000009,0.0,0.0,roll
18:37:59.730538,0.0,281.98,0.0,5.8940000000000055,0.0,0.0,roll
18:37:59.742423,0.0,276.35,0.0,6.240500000000003,0.0,0.0,roll
18:37:59.750820,0.0,269.82,0.0,7.479500000000007,0.0,0.0,roll
18:37:59.763432,0.0,265.72,0.0,8.494000000000005,0.0,0.0,roll
18:37:59.771242,0.0,255.1,0.0,10.184500000000003,0.0,0.0,roll
18:37:59.781353,0.0,252.83,0.0,11.539500000000004,0.0,0.0,roll
18:37:59.795458,0.0,233.06,0.0,14.575000000000006,0.0,0.0,roll
18:37:59.798140,0.0,232.62,0.0,16.946000000000005,0.0,0.0,roll
18:37:59.815100,0.0,257.19,0.0,17.151000000000003,0.0,0.0,roll
18:37:59.824084,0.0,280.21,0.0,18.903,0.0,0.0,roll
18:37:59.833625,0.0,281.35,0.0,20.350000000000005,0.0,0.0,roll
18:37:59.843230,0.0,277.51,0.0,21.057,0.0,0.0,roll
18:37:59.858108,0.0,298.74,0.0,23.443499999999993,0.0,0.0,roll
18:37:59.867358,0.0,315.27,0.0,26.678999999999995,0.0,0.0,roll
18:37:59.875921,0.0,309.05,0.0,27.333499999999994,0.0,0.0,roll
18:37:59.890536,0.0,303.22,0.0,27.198,0.0,0.0,roll
18:37:59.894969,0.0,295.62,0.0,23.909,0.0,0.0,roll
18:37:59.909849,0.0,290.68,0.0,20.641,0.0,0.0,roll
18:37:59.922375,0.0,286.05,0.0,20.924499999999988,0.0,0.0,roll
18:37:59.930211,0.0,281.7,0.0,20.193999999999996,0.0,0.0,roll
18:37:59.942736,0.0,277.6,0.0,19.759499999999992,0.0,0.0,roll
18:37:59.947335,0.0,273.73,0.0,20.095999999999993,0.0,0.0,roll
18:37:59.963316,0.0,270.16,0.0,18.187999999999995,0.0,0.0,roll
18:37:59.972568,0.0,266.7,0.0,15.113499999999998,0.0,0.0,roll
18:37:59.983143,0.0,263.43,0.0,13.716499999999996,0.0,0.0,roll
18:37:59.996825,0.0,242.36,0.0,14.802999999999992,0.0,0.0,roll
18:38:00.008620,0.0,267.0,0.0,14.583999999999998,0.0,0.0,roll
18:38:00.016257,0.0,289.45,0.0,16.087499999999995,0.0,0.0,roll
18:38:00.024503,0.0,309.89,0.0,19.17199999999999,0.0,0.0,roll
18:38:00.037742,0.0,328.47,0.0,23.67949999999999,0.0,0.0,roll
18:38:00.047519,0.0,345.42,0.0,29.47199999999999,0.0,0.0,roll
18:38:00.057327,0.0,360.65,0.0,35.61449999999999,0.0,0.0,roll
18:38:00.070509,0.0,374.44,0.0,41.271,0.0,0.0,roll
18:38:00.078598,0.0,364.06,0.0,44.0415,0.0,0.0,roll
18:38:00.090720,0.0,354.42,0.0,44.166999999999994,0.0,0.0,roll
18:38:00.099029,0.0,345.44,0.0,40.83749999999999,0.0,0.0,roll
18:38:00.108717,0.0,337.17,0.0,41.16899999999999,0.0,0.0,roll
18:38:00.123955,0.0,329.38,0.0,41.0235,0.0,0.0,roll
18:38:00.130039,0.0,322.12,0.0,39.56,0.0,0.0,roll
18:38:00.143834,0.0,315.34,0.0,36.916500000000006,0.0,0.0,roll
18:38:00.151558,0.0,309.01,0.0,32.79850000000001,0.0,0.0,roll
18:38:00.164169,0.0,303.09,0.0,27.732500000000016,0.0,0.0,roll
18:38:00.176472,0.0,297.55,0.0,23.075500000000012,0.0,0.0,roll
18:38:00.182763,0.0,292.35,0.0,21.22550000000001,0.0,0.0,roll
18:38:00.197654,0.0,287.48,0.0,21.94750000000001,0.0,0.0,roll
18:38:00.205470,0.0,282.9,0.0,24.261500000000005,0.0,0.0,roll
18:38:00.214925,0.0,278.6,0.0,25.607500000000005,0.0,0.0,roll
18:38:00.225235,0.0,274.55,0.0,26.042500000000008,0.0,0.0,roll
18:38:00.232630,0.0,270.73,0.0,25.63000000000001,0.0,0.0,roll
18:38:00.249881,0.0,267.12,0.0,24.428000000000004,0.0,0.0,roll
18:38:00.258075,0.0,263.71,0.0,22.902500000000003,0.0,0.0,roll
18:38:00.271377,0.0,260.48,0.0,21.493500000000004,0.0,0.0,roll
18:38:00.278991,0.0,257.42,0.0,20.195500000000003,0.0,0.0,roll
18:38:00.293090,0.0,254.52,0.0,18.998000000000005,0.0,0.0,roll
18:38:00.297989,0.0,251.75,0.0,17.895000000000007,0.0,0.0,roll
18:38:00.310198,0.0,249.12,0.0,16.877500000000012,0.0,0.0,roll
18:38:00.325192,0.0,246.61,0.0,15.939500000000018,0.0,0.0,roll
18:38:00.333346,0.0,244.22,0.0,15.074500000000018,0.0,0.0,roll
18:38:00.344137,0.0,241.92,0.0,14.277500000000018,0.0,0.0,roll
18:38:00.352523,0.0,239.73,0.0,13.54100000000002,0.0,0.0,roll
18:38:00.361952,0.0,237.62,0.0,12.861500000000015,0.0,0.0,roll
18:38:00.378031,0.0,235.67,0.0,12.22650000000002,0.0,0.0,roll
18:38:00.380155,0.0,233.71,0.0,11.64050000000002,0.0,0.0,roll
18:38:00.396427,0.0,231.83,0.0,11.099500000000017,0.0,0.0,roll
18:38:00.408476,0.0,230.01,0.0,10.599500000000024,0.0,0.0,roll
18:38:00.414897,0.0,228.25,0.0,10.141500000000018,0.0,0.0,roll
18:38:00.427336,0.0,226.55,0.0,9.721500000000017,0.0,0.0,roll
18:38:00.435054,0.0,224.89,0.0,9.334500000000014,0.0,0.0,roll
18:38:00.444124,0.0,223.29,0.0,8.976000000000017,0.0,0.0,roll
18:38:00.459948,0.0,221.73,0.0,8.645500000000016,0.0,0.0,roll
18:38:00.472796,0.0,220.22,0.0,8.339000000000016,0.0,0.0,roll
18:38:00.480238,0.0,218.74,0.0,8.06250000000001,0.0,0.0,roll
18:38:00.493521,0.0,217.3,0.0,7.805500000000009,0.0,0.0,roll
18:38:00.505052,0.0,215.9,0.0,7.56700000000001,0.0,0.0,roll
18:38:00.513113,0.0,214.52,0.0,7.346000000000006,0.0,0.0,roll
18:38:00.524582,0.0,213.17,0.0,7.137500000000012,0.0,0.0,roll
18:38:00.532765,0.0,211.86,0.0,6.939500000000012,0.0,0.0,roll
18:38:00.541964,0.0,210.56,0.0,6.755500000000012,0.0,0.0,roll
18:38:00.554109,0.0,209.29,0.0,6.584500000000011,0.0,0.0,roll
18:38:00.565039,0.0,208.05,0.0,6.424000000000009,0.0,0.0,roll
18:38:00.577991,0.0,206.82,0.0,6.275500000000008,0.0,0.0,roll
18:38:00.586743,0.0,205.62,0.0,6.13650000000001,0.0,0.0,roll
18:38:00.597456,0.0,204.43,0.0,6.007000000000014,0.0,0.0,roll
18:38:00.607369,0.0,203.26,0.0,5.887000000000017,0.0,0.0,roll
18:38:00.616124,0.0,202.11,0.0,5.774000000000018,0.0,0.0,roll
18:38:00.630341,0.0,200.89,0.0,5.676000000000016,0.0,0.0,roll
18:38:00.641633,0.0,199.69,0.0,5.5935000000000175,0.0,0.0,roll
18:38:00.648807,0.0,198.52,0.0,5.5220000000000145,0.0,0.0,roll
18:38:00.658039,0.0,197.44,0.0,5.454500000000013,0.0,0.0,roll
18:38:00.673914,0.0,196.29,0.0,5.396000000000015,0.0,0.0,roll
18:38:00.680167,0.0,195.25,0.0,5.330500000000015,0.0,0.0,roll
18:38:00.691521,0.0,193.73,0.0,5.309000000000017,0.0,0.0,roll
18:38:00.706424,0.0,192.66,0.0,5.291500000000019,0.0,0.0,roll
18:38:00.712304,0.0,191.68,0.0,5.269000000000017,0.0,0.0,roll
18:38:00.724813,0.0,185.78,0.0,5.735500000000016,0.0,0.0,roll
18:38:00.733870,0.0,185.25,0.0,6.126500000000016,0.0,0.0,roll
18:38:00.744742,0.0,184.45,0.0,6.467500000000015,0.0,0.0,roll
18:38:00.757823,0.0,183.88,0.0,6.764000000000019,0.0,0.0,roll
18:38:00.766069,0.0,211.41,0.0,8.163500000000017,0.0,0.0,roll
18:38:00.776585,0.0,208.82,0.0,9.307500000000012,0.0,0.0,roll
18:38:00.782675,0.0,200.23,0.0,9.609500000000011,0.0,0.0,roll
18:38:00.794916,0.0,198.51,0.0,9.706000000000008,0.0,0.0,roll
18:38:00.807796,0.0,196.93,0.0,9.436500000000004,0.0,0.0,roll
18:38:00.815039,0.0,192.38,0.0,9.145500000000004,0.0,0.0,roll
18:38:00.831574,0.0,224.9,0.0,10.864500000000008,0.0,0.0,roll
18:38:00.841171,0.0,221.32,0.0,12.135500000000004,0.0,0.0,roll
18:38:00.849057,0.0,217.88,0.0,12.596500000000006,0.0,0.0,roll
18:38:00.861032,0.0,214.24,0.0,12.180000000000003,0.0,0.0,roll
18:38:00.874550,0.0,211.21,0.0,10.375500000000008,0.0,0.0,roll
18:38:00.884109,0.0,242.28,0.0,11.666000000000007,0.0,0.0,roll
18:38:00.893095,0.0,237.18,0.0,12.972000000000012,0.0,0.0,roll
18:38:00.903073,0.0,232.5,0.0,13.628000000000014,0.0,0.0,roll
18:38:00.914929,0.0,255.56,0.0,16.610500000000012,0.0,0.0,roll
18:38:00.926715,0.0,249.46,0.0,18.459000000000017,0.0,0.0,roll
18:38:00.933762,0.0,277.15,0.0,19.972000000000012,0.0,0.0,roll
18:38:00.942767,0.0,269.58,0.0,20.762000000000008,0.0,0.0,roll
18:38:00.957852,0.0,262.46,0.0,21.085500000000003,0.0,0.0,roll
18:38:00.965620,0.0,255.83,0.0,21.00500000000001,0.0,0.0,roll
18:38:00.979983,0.0,249.66,0.0,21.18050000000001,0.0,0.0,roll
18:38:00.983438,0.0,243.27,0.0,19.15900000000001,0.0,0.0,roll
18:38:00.999816,0.0,237.97,0.0,18.51100000000001,0.0,0.0,roll
18:38:01.009480,0.0,233.09,0.0,19.17300000000001,0.0,0.0,roll
18:38:01.016544,0.0,228.46,0.0,18.03800000000001,0.0,0.0,roll
18:38:01.033255,0.0,224.2,0.0,18.188500000000012,0.0,0.0,roll
18:38:01.041410,0.0,220.13,0.0,16.006500000000013,0.0,0.0,roll
18:38:01.048139,0.0,250.65,0.0,14.024500000000018,0.0,0.0,roll
18:38:01.061425,0.0,244.56,0.0,12.75950000000002,0.0,0.0,roll
18:38:01.074791,0.0,245.73,0.0,12.938500000000015,0.0,0.0,roll
18:38:01.081562,0.0,240.14,0.0,12.752000000000011,0.0,0.0,roll
18:38:01.093302,0.0,260.18,0.0,13.930500000000013,0.0,0.0,roll
18:38:01.107925,0.0,253.49,0.0,13.580500000000011,0.0,0.0,roll
18:38:01.114303,0.0,276.71,0.0,14.78500000000001,0.0,0.0,roll
18:38:01.127980,0.0,267.68,0.0,14.624000000000011,0.0,0.0,roll
18:38:01.141284,0.0,260.68,0.0,13.258500000000012,0.0,0.0,roll
18:38:01.146996,0.0,254.17,0.0,11.243500000000012,0.0,0.0,roll
18:38:01.160262,0.0,248.18,0.0,10.80550000000001,0.0,0.0,roll
18:38:01.163300,0.0,242.52,0.0,11.542500000000008,0.0,0.0,roll
18:38:01.180186,0.0,237.24,0.0,12.690500000000004,0.0,0.0,roll
18:38:01.190610,0.0,232.31,0.0,14.734000000000004,0.0,0.0,roll
18:38:01.199359,0.0,227.7,0.0,14.935000000000008,0.0,0.0,roll
18:38:01.212267,0.0,223.48,0.0,16.00800000000001,0.0,0.0,roll
18:38:01.220805,0.0,219.43,0.0,14.896500000000009,0.0,0.0,roll
18:38:01.233202,0.0,215.72,0.0,14.853000000000009,0.0,0.0,roll
18:38:01.241292,0.0,212.24,0.0,15.768500000000008,0.0,0.0,roll
18:38:01.253773,0.0,208.97,0.0,17.396500000000003,0.0,0.0,roll
18:38:01.266470,0.0,205.89,0.0,18.388000000000005,0.0,0.0,roll
18:38:01.275369,0.0,202.98,0.0,18.716500000000007,0.0,0.0,roll
18:38:01.285024,0.0,200.24,0.0,18.43150000000001,0.0,0.0,roll
18:38:01.294157,0.0,197.57,0.0,17.583000000000016,0.0,0.0,roll
18:38:01.307875,0.0,195.04,0.0,16.508500000000016,0.0,0.0,roll
18:38:01.315040,0.0,192.65,0.0,15.50000000000001,0.0,0.0,roll
18:38:01.328238,0.0,190.39,0.0,14.577000000000016,0.0,0.0,roll
18:38:01.341289,0.0,188.16,0.0,13.746000000000016,0.0,0.0,roll
18:38:01.346195,0.0,186.12,0.0,12.988000000000016,0.0,0.0,roll
18:38:01.361101,0.0,175.58,0.0,13.152500000000018,0.0,0.0,roll
18:38:01.369268,0.0,174.45,0.0,13.303000000000017,0.0,0.0,roll
18:38:01.380742,0.0,173.36,0.0,13.435000000000011,0.0,0.0,roll
18:38:01.392648,0.0,172.28,0.0,13.547000000000011,0.0,0.0,roll
18:38:01.400754,0.0,171.06,0.0,13.22250000000001,0.0,0.0,roll
18:38:01.410672,0.0,170.04,0.0,12.481000000000009,0.0,0.0,roll
18:38:01.416161,0.0,169.04,0.0,11.78900000000001,0.0,0.0,roll
18:38:01.434709,0.0,168.13,0.0,11.136000000000006,0.0,0.0,roll
18:38:01.441459,0.0,167.23,0.0,10.505500000000008,0.0,0.0,roll
18:38:01.450718,0.0,166.34,0.0,9.90800000000001,0.0,0.0,roll
18:38:01.467483,0.0,165.37,0.0,8.49850000000001,0.0,0.0,roll
18:38:01.474401,0.0,164.42,0.0,7.20800000000001,0.0,0.0,roll
18:38:01.486169,0.0,163.56,0.0,6.0285000000000135,0.0,0.0,roll
18:38:01.496385,0.0,162.71,0.0,4.950000000000014,0.0,0.0,roll
18:38:01.509499,0.0,161.87,0.0,4.369500000000014,0.0,0.0,roll
18:38:01.514531,0.0,161.03,0.0,4.258500000000012,0.0,0.0,roll
18:38:01.528489,0.0,160.19,0.0,4.152000000000013,0.0,0.0,roll
18:38:01.540871,0.0,159.36,0.0,4.06050000000001,0.0,0.0,roll
18:38:01.547451,0.0,158.54,0.0,3.9915000000000105,0.0,0.0,roll
18:38:01.558669,0.0,157.72,0.0,3.9435000000000087,0.0,0.0,roll
18:38:01.565613,0.0,156.91,0.0,3.896500000000011,0.0,0.0,roll
18:38:01.582764,0.0,156.1,0.0,3.8475000000000135,0.0,0.0,roll
18:38:01.593942,0.0,155.29,0.0,3.8015000000000128,0.0,0.0,roll
18:38:01.598129,0.0,154.49,0.0,3.758000000000013,0.0,0.0,roll
18:38:01.614430,0.0,153.7,0.0,3.721000000000012,0.0,0.0,roll
18:38:01.624590,0.0,152.91,0.0,3.694000000000014,0.0,0.0,roll
18:38:01.659330,0.0,152.2,0.0,3.6635000000000137,0.0,0.0,roll
18:38:01.660946,0.0,151.49,0.0,3.626000000000013,0.0,0.0,roll
18:38:01.700036,0.0,150.7,0.0,3.5905000000000116,0.0,0.0,roll
18:38:01.709349,0.0,149.92,0.0,3.5560000000000143,0.0,0.0,roll
18:38:01.709349,0.0,149.14,0.0,3.527500000000015,0.0,0.0,roll
18:38:01.709349,0.0,148.37,0.0,3.507500000000013,0.0,0.0,roll
18:38:01.709349,0.0,147.6,0.0,3.491000000000014,0.0,0.0,roll
18:38:01.709349,0.0,146.83,0.0,3.4750000000000143,0.0,0.0,roll
18:38:01.720787,0.0,146.07,0.0,3.4595000000000113,0.0,0.0,roll
18:38:01.725409,0.0,145.32,0.0,3.443500000000012,0.0,0.0,roll
18:38:01.741744,0.0,144.57,0.0,3.435500000000013,0.0,0.0,roll
18:38:01.743754,0.0,143.82,0.0,3.4350000000000165,0.0,0.0,roll
18:38:01.762310,0.0,143.08,0.0,3.432500000000013,0.0,0.0,roll
18:38:01.772330,0.0,142.34,0.0,3.42950000000001,0.0,0.0,roll
18:38:01.782801,0.0,141.61,0.0,3.421500000000006,0.0,0.0,roll
18:38:01.793191,0.0,140.88,0.0,3.405500000000006,0.0,0.0,roll
18:38:01.803279,0.0,140.15,0.0,3.386000000000004,0.0,0.0,roll
18:38:01.810024,0.0,139.43,0.0,3.3660000000000054,0.0,0.0,roll
18:38:01.824703,0.0,138.72,0.0,3.3455000000000097,0.0,0.0,roll
18:38:01.834000,0.0,138.0,0.0,3.32650000000001,0.0,0.0,roll
18:38:01.845734,0.0,137.29,0.0,3.307500000000007,0.0,0.0,roll
18:38:01.857355,0.0,136.59,0.0,3.288000000000008,0.0,0.0,roll
18:38:01.868893,0.0,135.89,0.0,3.2695000000000105,0.0,0.0,roll
18:38:01.876461,0.0,135.19,0.0,3.251000000000013,0.0,0.0,roll
18:38:01.890075,0.0,134.5,0.0,3.2320000000000135,0.0,0.0,roll
18:38:01.899431,0.0,133.81,0.0,3.213500000000013,0.0,0.0,roll
18:38:01.909649,0.0,133.12,0.0,3.1955000000000156,0.0,0.0,roll
18:38:01.923967,0.0,132.44,0.0,3.177500000000015,0.0,0.0,roll
18:38:01.930337,0.0,131.68,0.0,3.1685000000000114,0.0,0.0,roll
18:38:01.941773,0.0,131.01,0.0,3.158500000000012,0.0,0.0,roll
18:38:01.951068,0.0,130.26,0.0,3.156500000000014,0.0,0.0,roll
18:38:01.963105,0.0,129.61,0.0,3.153500000000011,0.0,0.0,roll
18:38:01.973905,0.0,128.88,0.0,3.1530000000000116,0.0,0.0,roll
18:38:01.980206,0.0,128.23,0.0,3.14750000000001,0.0,0.0,roll
18:38:01.995968,0.0,127.51,0.0,3.1455000000000113,0.0,0.0,roll
18:38:01.998492,0.0,126.8,0.0,3.1460000000000123,0.0,0.0,roll
18:38:02.014285,0.0,126.01,0.0,3.1575000000000117,0.0,0.0,roll
18:38:02.027084,0.0,125.32,0.0,3.1710000000000136,0.0,0.0,roll
18:38:02.031302,0.0,124.0,0.0,3.241500000000015,0.0,0.0,roll
18:38:02.049046,0.0,123.22,0.0,3.320500000000014,0.0,0.0,roll
18:38:02.057454,0.0,121.46,0.0,3.4945000000000137,0.0,0.0,roll
18:38:02.065852,0.0,118.33,0.0,3.9110000000000142,0.0,0.0,roll
18:38:02.076879,0.0,132.96,0.0,4.322500000000015,0.0,0.0,roll
18:38:02.090231,0.0,131.09,0.0,4.553500000000016,0.0,0.0,roll
18:38:02.102354,0.0,147.31,0.0,6.405500000000018,0.0,0.0,roll
18:38:02.109913,0.0,156.37,0.0,9.16250000000002,0.0,0.0,roll
18:38:02.123689,0.0,167.07,0.0,12.72550000000002,0.0,0.0,roll
18:38:02.130125,0.0,178.94,0.0,17.093500000000017,0.0,0.0,roll
18:38:02.143619,0.0,187.99,0.0,21.49200000000002,0.0,0.0,roll
18:38:02.151739,0.0,201.84,0.0,26.09850000000002,0.0,0.0,roll
18:38:02.163447,0.0,204.41,0.0,29.87300000000002,0.0,0.0,roll
18:38:02.175881,0.0,216.15,0.0,33.45400000000002,0.0,0.0,roll
18:38:02.184300,0.0,213.92,0.0,35.77000000000002,0.0,0.0,roll
18:38:02.195034,0.0,225.64,0.0,38.30000000000001,0.0,0.0,roll
18:38:02.201349,0.0,228.79,0.0,38.70200000000001,0.0,0.0,roll
18:38:02.216077,0.0,245.2,0.0,39.235,0.0,0.0,roll
18:38:02.226036,0.0,238.63,0.0,37.708000000000006,0.0,0.0,roll
18:38:02.234916,0.0,247.72,0.0,35.69900000000001,0.0,0.0,roll
18:38:02.248568,0.0,245.75,0.0,32.76700000000001,0.0,0.0,roll
18:38:02.257830,0.0,252.45,0.0,29.64100000000001,0.0,0.0,roll
18:38:02.269060,0.0,250.67,0.0,26.247500000000013,0.0,0.0,roll
18:38:02.278974,0.0,251.1,0.0,22.49550000000001,0.0,0.0,roll
18:38:02.290675,0.0,257.59,0.0,20.53550000000001,0.0,0.0,roll
18:38:02.303060,0.0,252.45,0.0,17.78850000000001,0.0,0.0,roll
18:38:02.309773,0.0,260.45,0.0,16.17850000000001,0.0,0.0,roll
18:38:02.324565,0.0,254.14,0.0,12.811500000000011,0.0,0.0,roll
18:38:02.331106,0.0,256.38,0.0,10.845000000000011,0.0,0.0,roll
18:38:02.343578,0.0,246.79,0.0,8.728500000000011,0.0,0.0,roll
18:38:02.355824,0.0,253.83,0.0,6.9440000000000115,0.0,0.0,roll
18:38:02.361536,0.0,237.08,0.0,6.676000000000007,0.0,0.0,roll
18:38:02.376993,0.0,249.6,0.0,6.154500000000008,0.0,0.0,roll
18:38:02.385344,0.0,240.5,0.0,6.856000000000006,0.0,0.0,roll
18:38:02.396419,0.0,241.38,0.0,6.735000000000008,0.0,0.0,roll
18:38:02.404940,0.0,228.48,0.0,8.381000000000009,0.0,0.0,roll
18:38:02.413266,0.0,231.62,0.0,8.671000000000006,0.0,0.0,roll
18:38:02.430337,0.0,219.6,0.0,10.568500000000006,0.0,0.0,roll
18:38:02.438065,0.0,211.37,0.0,12.917500000000008,0.0,0.0,roll
18:38:02.449950,0.0,210.84,0.0,14.70250000000001,0.0,0.0,roll
18:38:02.458773,0.0,210.74,0.0,16.564500000000006,0.0,0.0,roll
18:38:02.471001,0.0,203.4,0.0,17.022500000000008,0.0,0.0,roll
18:38:02.483202,0.0,206.79,0.0,17.53800000000001,0.0,0.0,roll
18:38:02.491436,0.0,201.85,0.0,17.199500000000015,0.0,0.0,roll
18:38:02.502740,0.0,202.26,0.0,17.08800000000002,0.0,0.0,roll
18:38:02.511893,0.0,212.58,0.0,15.295500000000018,0.0,0.0,roll
18:38:02.523392,0.0,205.15,0.0,14.41050000000002,0.0,0.0,roll
18:38:02.532256,0.0,189.75,0.0,13.898500000000018,0.0,0.0,roll
18:38:02.543193,0.0,211.87,0.0,11.746500000000015,0.0,0.0,roll
18:38:02.556757,0.0,200.27,0.0,9.796000000000015,0.0,0.0,roll
18:38:02.564547,0.0,214.8,0.0,8.917500000000015,0.0,0.0,roll
18:38:02.577308,0.0,220.94,0.0,8.350500000000016,0.0,0.0,roll
18:38:02.585627,0.0,206.48,0.0,7.547500000000014,0.0,0.0,roll
18:38:02.598005,0.0,213.86,0.0,7.090500000000011,0.0,0.0,roll
18:38:02.610002,0.0,202.14,0.0,6.941000000000011,0.0,0.0,roll
18:38:02.614988,0.0,197.86,0.0,7.55750000000001,0.0,0.0,roll
18:38:02.629975,0.0,192.43,0.0,8.384000000000011,0.0,0.0,roll
18:38:02.637957,0.0,196.13,0.0,7.5800000000000125,0.0,0.0,roll
18:38:02.650291,0.0,191.64,0.0,7.946500000000012,0.0,0.0,roll
18:38:02.658430,0.0,198.04,0.0,7.75100000000001,0.0,0.0,roll
18:38:02.668152,0.0,194.75,0.0,7.018500000000008,0.0,0.0,roll
18:38:02.684125,0.0,183.61,0.0,6.860000000000008,0.0,0.0,roll
18:38:02.692024,0.0,173.98,0.0,8.93950000000001,0.0,0.0,roll
18:38:02.701320,0.0,171.78,0.0,10.65200000000001,0.0,0.0,roll
18:38:02.711844,0.0,164.2,0.0,12.732000000000008,0.0,0.0,roll
18:38:02.725201,0.0,151.69,0.0,15.53000000000001,0.0,0.0,roll
18:38:02.735359,0.0,183.82,0.0,14.35250000000001,0.0,0.0,roll
18:38:02.744376,0.0,169.12,0.0,14.50200000000001,0.0,0.0,roll
18:38:02.756309,0.0,165.72,0.0,14.261500000000009,0.0,0.0,roll
18:38:02.762699,0.0,158.17,0.0,15.284500000000012,0.0,0.0,roll
18:38:02.776360,0.0,155.44,0.0,16.162500000000016,0.0,0.0,roll
18:38:02.786519,0.0,155.57,0.0,15.763000000000014,0.0,0.0,roll
18:38:02.797794,0.0,159.77,0.0,13.838500000000014,0.0,0.0,roll
18:38:02.810842,0.0,149.46,0.0,12.608500000000012,0.0,0.0,roll
18:38:02.818658,0.0,143.72,0.0,11.140000000000011,0.0,0.0,roll
18:38:02.830839,0.0,149.52,0.0,8.281500000000012,0.0,0.0,roll
18:38:02.840143,0.0,157.79,0.0,8.38200000000001,0.0,0.0,roll
18:38:02.851540,0.0,146.51,0.0,8.31400000000001,0.0,0.0,roll
18:38:02.863867,0.0,137.48,0.0,9.098000000000011,0.0,0.0,roll
18:38:02.873809,0.0,140.06,0.0,8.813000000000013,0.0,0.0,roll
18:38:02.883420,0.0,133.53,0.0,9.060500000000014,0.0,0.0,roll
18:38:02.892443,0.0,125.68,0.0,10.065000000000015,0.0,0.0,roll
18:38:02.906088,0.0,117.58,0.0,12.274500000000014,0.0,0.0,roll
18:38:02.913288,0.0,113.63,0.0,13.837500000000013,0.0,0.0,roll
18:38:02.924947,0.0,110.04,0.0,15.069000000000011,0.0,0.0,roll
18:38:02.937450,0.0,108.02,0.0,16.492500000000014,0.0,0.0,roll
18:38:02.945886,0.0,109.98,0.0,17.546500000000016,0.0,0.0,roll
18:38:02.957696,0.0,111.25,0.0,17.082500000000014,0.0,0.0,roll
18:38:02.966181,0.0,113.35,0.0,15.59650000000001,0.0,0.0,roll
18:38:02.978739,0.0,127.08,0.0,16.01250000000001,0.0,0.0,roll
18:38:02.990518,0.0,122.72,0.0,15.490000000000007,0.0,0.0,roll
18:38:02.998012,0.0,122.73,0.0,14.47050000000001,0.0,0.0,roll
18:38:03.010414,0.0,119.69,0.0,12.659500000000012,0.0,0.0,roll
18:38:03.019926,0.0,125.42,0.0,11.035500000000011,0.0,0.0,roll
18:38:03.031442,0.0,115.8,0.0,8.683500000000015,0.0,0.0,roll
18:38:03.040251,0.0,119.37,0.0,6.541000000000013,0.0,0.0,roll
18:38:03.051468,0.0,113.12,0.0,6.017000000000013,0.0,0.0,roll
18:38:03.064427,0.0,111.64,0.0,6.370500000000014,0.0,0.0,roll
18:38:03.074018,0.0,109.93,0.0,7.316500000000014,0.0,0.0,roll
18:38:03.085654,0.0,103.46,0.0,7.370000000000014,0.0,0.0,roll
18:38:03.092086,0.0,115.65,0.0,6.454500000000013,0.0,0.0,roll
18:38:03.104359,0.0,107.61,0.0,6.208000000000013,0.0,0.0,roll
18:38:03.114215,0.0,111.08,0.0,5.718000000000012,0.0,0.0,roll
18:38:03.126164,0.0,110.15,0.0,4.9490000000000105,0.0,0.0,roll
18:38:03.139563,0.0,121.84,0.0,5.802500000000011,0.0,0.0,roll
18:38:03.143224,0.0,115.33,0.0,6.183500000000011,0.0,0.0,roll
18:38:03.159402,0.0,124.77,0.0,6.88350000000001,0.0,0.0,roll
18:38:03.167092,0.0,116.57,0.0,6.43100000000001,0.0,0.0,roll
18:38:03.175446,0.0,127.48,0.0,6.670000000000011,0.0,0.0,roll
18:38:03.192928,0.0,122.13,0.0,5.859500000000009,0.0,0.0,roll
18:38:03.195744,0.0,124.82,0.0,6.413500000000009,0.0,0.0,roll
18:38:03.212382,0.0,123.49,0.0,5.886500000000008,0.0,0.0,roll
18:38:03.219100,0.0,120.08,0.0,5.947000000000008,0.0,0.0,roll
18:38:03.232505,0.0,126.93,0.0,6.238000000000009,0.0,0.0,roll
18:38:03.243529,0.0,124.32,0.0,5.2315000000000085,0.0,0.0,roll
18:38:03.252232,0.0,130.8,0.0,5.460000000000011,0.0,0.0,roll
18:38:03.261787,0.0,126.4,0.0,4.302000000000012,0.0,0.0,roll
18:38:03.272306,0.0,127.74,0.0,4.178500000000012,0.0,0.0,roll
18:38:03.283801,0.0,118.78,0.0,3.558500000000012,0.0,0.0,roll
18:38:03.294223,0.0,120.52,0.0,3.3615000000000124,0.0,0.0,roll
18:38:03.301404,0.0,117.28,0.0,3.462500000000013,0.0,0.0,roll
18:38:03.318623,0.0,122.46,0.0,3.4050000000000127,0.0,0.0,roll
18:38:03.326832,0.0,114.81,0.0,4.0725000000000104,0.0,0.0,roll
18:38:03.338917,0.0,120.65,0.0,3.7510000000000105,0.0,0.0,roll
18:38:03.347000,0.0,115.28,0.0,4.240000000000012,0.0,0.0,roll
18:38:03.359089,0.0,129.19,0.0,4.4750000000000085,0.0,0.0,roll
18:38:03.372422,0.0,131.04,0.0,5.337500000000006,0.0,0.0,roll
18:38:03.380257,0.0,128.38,0.0,5.904000000000005,0.0,0.0,roll
18:38:03.391924,0.0,126.48,0.0,5.817500000000005,0.0,0.0,roll
18:38:03.401028,0.0,134.3,0.0,6.395500000000007,0.0,0.0,roll
18:38:03.410734,0.0,141.56,0.0,7.146000000000006,0.0,0.0,roll
18:38:03.418173,0.0,145.67,0.0,8.741500000000006,0.0,0.0,roll
18:38:03.430304,0.0,149.23,0.0,9.795000000000003,0.0,0.0,roll
18:38:03.445816,0.0,138.08,0.0,10.245500000000003,0.0,0.0,roll
18:38:03.453926,0.0,146.38,0.0,10.734000000000004,0.0,0.0,roll
18:38:03.462085,0.0,140.24,0.0,9.981500000000004,0.0,0.0,roll
18:38:03.474813,0.0,140.37,0.0,8.942500000000006,0.0,0.0,roll
18:38:03.481450,0.0,131.51,0.0,9.042500000000008,0.0,0.0,roll
18:38:03.498815,0.0,146.43,0.0,9.09650000000001,0.0,0.0,roll
18:38:03.506718,0.0,140.69,0.0,8.157000000000007,0.0,0.0,roll
18:38:03.518789,0.0,143.58,0.0,6.88850000000001,0.0,0.0,roll
18:38:03.526343,0.0,137.64,0.0,5.489000000000013,0.0,0.0,roll
18:38:03.540603,0.0,149.51,0.0,4.475500000000014,0.0,0.0,roll
18:38:03.547077,0.0,147.17,0.0,4.438000000000014,0.0,0.0,roll
18:38:03.558288,0.0,144.18,0.0,3.623500000000015,0.0,0.0,roll
18:38:03.573925,0.0,146.31,0.0,3.758500000000018,0.0,0.0,roll
18:38:03.580262,0.0,148.37,0.0,4.064500000000018,0.0,0.0,roll
18:38:03.593315,0.0,150.19,0.0,3.5670000000000157,0.0,0.0,roll
18:38:03.596947,0.0,143.28,0.0,3.2170000000000156,0.0,0.0,roll
18:38:03.611417,0.0,154.16,0.0,3.9155000000000144,0.0,0.0,roll
18:38:03.624582,0.0,144.96,0.0,3.949000000000012,0.0,0.0,roll
18:38:03.634171,0.0,145.4,0.0,3.794000000000011,0.0,0.0,roll
18:38:03.646676,0.0,137.7,0.0,3.711500000000015,0.0,0.0,roll
18:38:03.654438,0.0,142.45,0.0,3.481000000000017,0.0,0.0,roll
18:38:03.667167,0.0,132.42,0.0,4.552500000000018,0.0,0.0,roll
18:38:03.675055,0.0,136.07,0.0,5.114500000000018,0.0,0.0,roll
18:38:03.687794,0.0,127.82,0.0,6.306500000000019,0.0,0.0,roll
18:38:03.696765,0.0,134.54,0.0,6.47800000000002,0.0,0.0,roll
18:38:03.706711,0.0,125.06,0.0,7.464000000000018,0.0,0.0,roll
18:38:03.719992,0.0,133.84,0.0,6.8685000000000205,0.0,0.0,roll
18:38:03.728897,0.0,137.28,0.0,6.888000000000019,0.0,0.0,roll
18:38:03.740920,0.0,138.38,0.0,7.061500000000018,0.0,0.0,roll
18:38:03.753171,0.0,132.81,0.0,6.3840000000000146,0.0,0.0,roll
18:38:03.760497,0.0,122.92,0.0,7.151500000000011,0.0,0.0,roll
18:38:03.774420,0.0,126.28,0.0,6.580000000000008,0.0,0.0,roll
18:38:03.779974,0.0,117.45,0.0,7.061500000000007,0.0,0.0,roll
18:38:03.793611,0.0,114.49,0.0,7.062500000000007,0.0,0.0,roll
18:38:03.802114,0.0,114.35,0.0,7.641000000000008,0.0,0.0,roll
18:38:03.814568,0.0,118.64,0.0,7.054500000000009,0.0,0.0,roll
18:38:03.827057,0.0,109.39,0.0,8.047000000000008,0.0,0.0,roll
18:38:03.830287,0.0,111.54,0.0,8.500000000000009,0.0,0.0,roll
18:38:03.846527,0.0,102.61,0.0,9.52850000000001,0.0,0.0,roll
18:38:03.855787,0.0,116.63,0.0,9.49750000000001,0.0,0.0,roll
18:38:03.865228,0.0,110.1,0.0,8.88900000000001,0.0,0.0,roll
18:38:03.880156,0.0,122.15,0.0,8.957500000000014,0.0,0.0,roll
18:38:03.884934,0.0,114.26,0.0,7.675500000000014,0.0,0.0,roll
18:38:03.898766,0.0,115.35,0.0,6.27450000000001,0.0,0.0,roll
18:38:03.907741,0.0,106.27,0.0,5.805500000000011,0.0,0.0,roll
18:38:03.915462,0.0,107.47,0.0,5.544500000000011,0.0,0.0,roll
18:38:03.928790,0.0,108.77,0.0,4.610500000000011,0.0,0.0,roll
18:38:03.939731,0.0,109.35,0.0,3.9975000000000103,0.0,0.0,roll
18:38:03.951555,0.0,111.35,0.0,2.724000000000011,0.0,0.0,roll
18:38:03.962291,0.0,103.98,0.0,3.1915000000000107,0.0,0.0,roll
18:38:03.975208,0.0,108.17,0.0,2.848500000000011,0.0,0.0,roll
18:38:03.980176,0.0,100.12,0.0,2.9105000000000087,0.0,0.0,roll
18:38:03.994462,0.0,105.44,0.0,3.144000000000008,0.0,0.0,roll
18:38:04.007214,0.0,101.27,0.0,3.5995000000000106,0.0,0.0,roll
18:38:04.014409,0.0,105.29,0.0,3.053000000000009,0.0,0.0,roll
18:38:04.026928,0.0,103.83,0.0,2.8715000000000104,0.0,0.0,roll
18:38:04.035399,0.0,107.07,0.0,2.837000000000009,0.0,0.0,roll
18:38:04.047148,0.0,100.07,0.0,3.25600000000001,0.0,0.0,roll
18:38:04.056731,0.0,104.59,0.0,3.224000000000011,0.0,0.0,roll
18:38:04.064942,0.0,102.62,0.0,2.808500000000012,0.0,0.0,roll
18:38:04.079798,0.0,107.94,0.0,3.092500000000011,0.0,0.0,roll
18:38:04.090065,0.0,99.4,0.0,2.7385000000000117,0.0,0.0,roll
18:38:04.098110,0.0,102.6,0.0,2.563000000000012,0.0,0.0,roll
18:38:04.108503,0.0,94.44,0.0,2.881500000000011,0.0,0.0,roll
18:38:04.121780,0.0,94.0,0.0,3.626000000000012,0.0,0.0,roll
18:38:04.130217,0.0,89.34,0.0,4.6720000000000095,0.0,0.0,roll
18:38:04.142536,0.0,85.95,0.0,5.880000000000011,0.0,0.0,roll
18:38:04.153682,0.0,98.02,0.0,5.492500000000011,0.0,0.0,roll
18:38:04.162975,0.0,90.4,0.0,6.045000000000009,0.0,0.0,roll
18:38:04.175167,0.0,94.21,0.0,5.897500000000008,0.0,0.0,roll
18:38:04.180217,0.0,89.14,0.0,6.021000000000008,0.0,0.0,roll
18:38:04.192558,0.0,100.25,0.0,6.1545000000000085,0.0,0.0,roll
18:38:04.203860,0.0,92.62,0.0,6.1610000000000085,0.0,0.0,roll
18:38:04.216152,0.0,97.24,0.0,5.675500000000008,0.0,0.0,roll
18:38:04.227960,0.0,93.02,0.0,4.834500000000008,0.0,0.0,roll
18:38:04.233754,0.0,101.86,0.0,4.45950000000001,0.0,0.0,roll
18:38:04.242593,0.0,95.34,0.0,3.13750000000001,0.0,0.0,roll
18:38:04.257327,0.0,96.04,0.0,3.1950000000000087,0.0,0.0,roll
18:38:04.262058,0.0,89.48,0.0,3.1415000000000104,0.0,0.0,roll
18:38:04.275584,0.0,96.01,0.0,3.16350000000001,0.0,0.0,roll
18:38:04.290238,0.0,92.78,0.0,2.956500000000013,0.0,0.0,roll
18:38:04.301575,0.0,94.94,0.0,2.3620000000000116,0.0,0.0,roll
18:38:04.309797,0.0,92.43,0.0,2.5640000000000116,0.0,0.0,roll
18:38:04.322146,0.0,90.49,0.0,2.5200000000000116,0.0,0.0,roll
18:38:04.330272,0.0,96.63,0.0,2.6490000000000107,0.0,0.0,roll
18:38:04.342590,0.0,93.49,0.0,1.8970000000000111,0.0,0.0,roll
18:38:04.347919,0.0,99.11,0.0,2.330000000000011,0.0,0.0,roll
18:38:04.361237,0.0,92.6,0.0,2.2570000000000108,0.0,0.0,roll
18:38:04.374371,0.0,96.46,0.0,1.9520000000000095,0.0,0.0,roll
18:38:04.384512,0.0,92.41,0.0,1.9910000000000097,0.0,0.0,roll
18:38:04.395333,0.0,101.51,0.0,2.431000000000009,0.0,0.0,roll
18:38:04.404099,0.0,97.99,0.0,2.7125000000000083,0.0,0.0,roll
18:38:04.416934,0.0,102.13,0.0,3.0000000000000098,0.0,0.0,roll
18:38:04.424278,0.0,97.88,0.0,2.7135000000000105,0.0,0.0,roll
18:38:04.433397,0.0,106.28,0.0,3.3990000000000107,0.0,0.0,roll
18:38:04.448951,0.0,103.84,0.0,3.855500000000011,0.0,0.0,roll
18:38:04.457100,0.0,110.28,0.0,4.419000000000011,0.0,0.0,roll
18:38:04.467096,0.0,107.0,0.0,4.883500000000012,0.0,0.0,roll
18:38:04.477567,0.0,99.45,0.0,4.896000000000012,0.0,0.0,roll
18:38:04.491246,0.0,94.65,0.0,5.540500000000011,0.0,0.0,roll
18:38:04.502826,0.0,90.85,0.0,5.805000000000011,0.0,0.0,roll
18:38:04.510729,0.0,85.82,0.0,7.000500000000011,0.0,0.0,roll
18:38:04.523987,0.0,88.43,0.0,7.465500000000008,0.0,0.0,roll
18:38:04.531107,0.0,84.65,0.0,8.64300000000001,0.0,0.0,roll
18:38:04.544482,0.0,78.05,0.0,9.27850000000001,0.0,0.0,roll
18:38:04.546496,0.0,79.94,0.0,9.719500000000007,0.0,0.0,roll
18:38:04.564511,0.0,73.67,0.0,10.01200000000001,0.0,0.0,roll
18:38:04.574970,0.0,76.1,0.0,10.40750000000001,0.0,0.0,roll
18:38:04.582918,0.0,77.09,0.0,10.69100000000001,0.0,0.0,roll
18:38:04.597366,0.0,78.84,0.0,10.02900000000001,0.0,0.0,roll
18:38:04.607034,0.0,80.81,0.0,9.17700000000001,0.0,0.0,roll
18:38:04.616165,0.0,82.91,0.0,8.03200000000001,0.0,0.0,roll
18:38:04.624599,0.0,89.49,0.0,8.018500000000012,0.0,0.0,roll
18:38:04.638256,0.0,92.34,0.0,8.073500000000012,0.0,0.0,roll
18:38:04.663022,0.0,88.6,0.0,7.426000000000011,0.0,0.0,roll
18:38:04.665043,0.0,94.68,0.0,7.738000000000011,0.0,0.0,roll
18:38:04.669314,0.0,88.41,0.0,6.667500000000011,0.0,0.0,roll
18:38:04.678516,0.0,84.9,0.0,5.92950000000001,0.0,0.0,roll
18:38:04.691180,0.0,78.38,0.0,6.236500000000011,0.0,0.0,roll
18:38:04.699207,0.0,75.24,0.0,7.323000000000012,0.0,0.0,roll
18:38:04.710477,0.0,72.9,0.0,8.55650000000001,0.0,0.0,roll
18:38:04.723224,0.0,72.88,0.0,9.582000000000011,0.0,0.0,roll
18:38:04.731988,0.0,73.29,0.0,9.407000000000012,0.0,0.0,roll
18:38:04.742585,0.0,67.42,0.0,9.051000000000013,0.0,0.0,roll
18:38:04.752483,0.0,68.95,0.0,8.760000000000012,0.0,0.0,roll
18:38:04.760306,0.0,65.62,0.0,8.225500000000011,0.0,0.0,roll
18:38:04.773380,0.0,67.27,0.0,8.512500000000012,0.0,0.0,roll
18:38:04.783525,0.0,68.48,0.0,8.580500000000011,0.0,0.0,roll
18:38:04.794734,0.0,73.32,0.0,7.99350000000001,0.0,0.0,roll
18:38:04.805722,0.0,75.73,0.0,7.333500000000011,0.0,0.0,roll
18:38:04.817831,0.0,84.91,0.0,7.3575000000000115,0.0,0.0,roll
18:38:04.826605,0.0,86.2,0.0,7.488000000000011,0.0,0.0,roll
18:38:04.839137,0.0,89.81,0.0,8.520500000000013,0.0,0.0,roll
18:38:04.844820,0.0,92.23,0.0,9.352000000000013,0.0,0.0,roll
18:38:04.858373,0.0,98.86,0.0,10.674500000000013,0.0,0.0,roll
18:38:04.871422,0.0,94.36,0.0,10.807500000000012,0.0,0.0,roll
18:38:04.879884,0.0,95.43,0.0,10.988000000000014,0.0,0.0,roll
18:38:04.891423,0.0,89.77,0.0,10.746500000000015,0.0,0.0,roll
18:38:04.897049,0.0,86.14,0.0,10.871000000000013,0.0,0.0,roll
18:38:04.910302,0.0,85.09,0.0,10.859500000000011,0.0,0.0,roll
18:38:04.919006,0.0,79.79,0.0,10.46000000000001,0.0,0.0,roll
18:38:04.932547,0.0,81.54,0.0,9.777000000000008,0.0,0.0,roll
18:38:04.944924,0.0,79.58,0.0,8.747000000000007,0.0,0.0,roll
18:38:04.948454,0.0,81.88,0.0,7.350000000000008,0.0,0.0,roll
18:38:04.963398,0.0,79.05,0.0,5.939500000000008,0.0,0.0,roll
18:38:04.974057,0.0,79.61,0.0,5.26900000000001,0.0,0.0,roll
18:38:04.984997,0.0,79.2,0.0,4.673000000000009,0.0,0.0,roll
18:38:04.994068,0.0,83.81,0.0,4.985500000000009,0.0,0.0,roll
18:38:05.007167,0.0,85.8,0.0,5.134000000000009,0.0,0.0,roll
18:38:05.013444,0.0,90.03,0.0,5.600500000000009,0.0,0.0,roll
18:38:05.026848,0.0,92.56,0.0,5.68550000000001,0.0,0.0,roll
18:38:05.040605,0.0,95.21,0.0,6.097000000000011,0.0,0.0,roll
18:38:05.044300,0.0,97.17,0.0,6.496000000000011,0.0,0.0,roll
18:38:05.059745,0.0,97.14,0.0,7.045000000000011,0.0,0.0,roll
18:38:05.067445,0.0,92.49,0.0,6.724500000000011,0.0,0.0,roll
18:38:05.079852,0.0,90.5,0.0,6.61400000000001,0.0,0.0,roll
18:38:05.092165,0.0,83.37,0.0,7.28000000000001,0.0,0.0,roll
18:38:05.100800,0.0,90.84,0.0,7.048000000000009,0.0,0.0,roll
18:38:05.113083,0.0,91.75,0.0,6.57150000000001,0.0,0.0,roll
18:38:05.119362,0.0,87.41,0.0,6.106000000000011,0.0,0.0,roll
18:38:05.130147,0.0,81.01,0.0,6.049500000000012,0.0,0.0,roll
18:38:05.140496,0.0,83.81,0.0,5.499000000000012,0.0,0.0,roll
18:38:05.147688,0.0,86.74,0.0,4.484000000000013,0.0,0.0,roll
18:38:05.164358,0.0,87.57,0.0,3.569500000000012,0.0,0.0,roll
18:38:05.174250,0.0,90.18,0.0,3.715500000000013,0.0,0.0,roll
18:38:05.181023,0.0,88.68,0.0,3.7350000000000136,0.0,0.0,roll
18:38:05.194724,0.0,95.16,0.0,3.626000000000013,0.0,0.0,roll
18:38:05.207738,0.0,92.11,0.0,3.9420000000000144,0.0,0.0,roll
18:38:05.212567,0.0,97.32,0.0,4.824500000000013,0.0,0.0,roll
18:38:05.228168,0.0,95.72,0.0,4.9825000000000115,0.0,0.0,roll
18:38:05.232954,0.0,100.93,0.0,4.932500000000012,0.0,0.0,roll
18:38:05.247456,0.0,98.36,0.0,4.719000000000013,0.0,0.0,roll
18:38:05.260337,0.0,101.73,0.0,5.1265000000000125,0.0,0.0,roll
18:38:05.265907,0.0,95.94,0.0,5.129500000000013,0.0,0.0,roll
18:38:05.279968,0.0,93.09,0.0,5.134500000000012,0.0,0.0,roll
18:38:05.290167,0.0,85.98,0.0,6.0005000000000095,0.0,0.0,roll
18:38:05.301531,0.0,81.71,0.0,6.70900000000001,0.0,0.0,roll
18:38:05.311007,0.0,77.67,0.0,8.12650000000001,0.0,0.0,roll
18:38:05.322690,0.0,74.19,0.0,9.228500000000013,0.0,0.0,roll
18:38:05.334285,0.0,74.31,0.0,10.12200000000001,0.0,0.0,roll
18:38:05.342464,0.0,74.91,0.0,10.037000000000011,0.0,0.0,roll
18:38:05.354946,0.0,76.01,0.0,9.93250000000001,0.0,0.0,roll
18:38:05.362924,0.0,74.97,0.0,9.49050000000001,0.0,0.0,roll
18:38:05.375578,0.0,80.2,0.0,9.81550000000001,0.0,0.0,roll
18:38:05.387584,0.0,83.15,0.0,10.17250000000001,0.0,0.0,roll
18:38:05.393793,0.0,85.48,0.0,10.051500000000011,0.0,0.0,roll
18:38:05.408179,0.0,84.43,0.0,9.398500000000013,0.0,0.0,roll
18:38:05.416698,0.0,98.58,0.0,9.630000000000011,0.0,0.0,roll
18:38:05.427280,0.0,95.13,0.0,8.95400000000001,0.0,0.0,roll
18:38:05.435051,0.0,97.2,0.0,8.77250000000001,0.0,0.0,roll
18:38:05.445010,0.0,95.71,0.0,8.954500000000007,0.0,0.0,roll
18:38:05.460790,0.0,91.74,0.0,8.899500000000007,0.0,0.0,roll
18:38:05.468806,0.0,84.63,0.0,9.110500000000007,0.0,0.0,roll
18:38:05.480484,0.0,82.81,0.0,9.354500000000009,0.0,0.0,roll
18:38:05.489201,0.0,78.0,0.0,9.784500000000008,0.0,0.0,roll
18:38:05.499301,0.0,76.16,0.0,10.123000000000008,0.0,0.0,roll
18:38:05.509511,0.0,74.13,0.0,10.769500000000008,0.0,0.0,roll
18:38:05.523300,0.0,73.15,0.0,9.779000000000009,0.0,0.0,roll
18:38:05.531928,0.0,73.99,0.0,9.07500000000001,0.0,0.0,roll
18:38:05.542091,0.0,75.58,0.0,7.88400000000001,0.0,0.0,roll
18:38:05.555819,0.0,74.72,0.0,6.923500000000013,0.0,0.0,roll
18:38:05.563424,0.0,68.8,0.0,7.245500000000014,0.0,0.0,roll
18:38:05.574842,0.0,74.27,0.0,6.870000000000014,0.0,0.0,roll
18:38:05.582480,0.0,76.76,0.0,6.516500000000015,0.0,0.0,roll
18:38:05.595774,0.0,80.14,0.0,6.020000000000015,0.0,0.0,roll
18:38:05.609063,0.0,83.99,0.0,5.767000000000013,0.0,0.0,roll
18:38:05.615974,0.0,90.86,0.0,5.932500000000012,0.0,0.0,roll
18:38:05.626648,0.0,88.46,0.0,6.104500000000011,0.0,0.0,roll
18:38:05.633536,0.0,94.05,0.0,7.02300000000001,0.0,0.0,roll
18:38:05.650524,0.0,91.19,0.0,7.785500000000011,0.0,0.0,roll
18:38:05.657501,0.0,84.64,0.0,7.70300000000001,0.0,0.0,roll
18:38:05.670755,0.0,79.91,0.0,7.5085000000000095,0.0,0.0,roll
18:38:05.680521,0.0,77.07,0.0,8.210500000000009,0.0,0.0,roll
18:38:05.691084,0.0,74.59,0.0,8.956500000000009,0.0,0.0,roll
18:38:05.699525,0.0,72.67,0.0,9.556500000000009,0.0,0.0,roll
18:38:05.710550,0.0,75.72,0.0,9.26250000000001,0.0,0.0,roll
18:38:05.724439,0.0,72.15,0.0,8.325500000000009,0.0,0.0,roll
18:38:05.730336,0.0,73.45,0.0,7.39100000000001,0.0,0.0,roll
