row_index,timestamp,bicep_envelope,tricep_envelope,ratio_b_to_t,co_activation,true_label,predicted_label,confidence,correct
0,17:58:46.521531,0.0,0.0,0.0,0.0,down,down,0.9805,1
1,17:58:46.532188,0.4424999999999999,1.072499999999991,0.412587412587416,0.4424999999999999,down,down,0.9964,1
2,17:58:46.543507,0.5716666666666667,2.138333333333359,0.2673421667965673,0.5716666666666667,down,down,0.9571,1
3,17:58:46.552320,0.8874999999999995,3.0875000000000057,0.2874493927125499,0.8874999999999995,down,bicep extend,0.6515,0
4,17:58:46.559803,0.8859999999999998,4.179999999999995,0.2119617224880384,0.8859999999999998,down,down,0.9852,1
5,17:58:46.578482,2.1,5.216666666666659,0.4025559105431316,2.1,down,down,0.9557,1
6,17:58:46.589576,2.468571428571429,6.355714285714271,0.3884018880647346,2.468571428571429,down,down,0.9947,1
7,17:58:46.597021,2.823125,7.375624999999985,0.3827641725277527,2.823125,down,down,0.9939,1
8,17:58:46.610722,2.9205555555555556,8.371666666666657,0.348861901917845,2.9205555555555556,down,down,0.9715,1
9,17:58:46.622867,2.807,9.39799999999999,0.2986805703341139,2.807,down,down,0.9615,1
10,17:58:46.634628,2.932,11.208499999999992,0.261587188294598,2.932,down,down,0.933,1
11,17:58:46.643824,3.0780000000000003,12.803999999999997,0.2403936269915652,3.0780000000000003,down,down,0.9411,1
12,17:58:46.656212,3.8155,14.161999999999988,0.2694181612766561,3.8155,down,down,0.7692,1
13,17:58:46.665023,4.0305,15.398,0.2617547733471879,4.0305,down,down,0.9513,1
14,17:58:46.680402,3.9675,16.341500000000007,0.2427867698803658,3.9675,down,down,0.7207,1
15,17:58:46.687062,3.285,17.118000000000006,0.1919032597266035,3.285,down,down,0.9657,1
16,17:58:46.701518,2.895,17.628000000000007,0.1642273655547991,2.895,down,down,0.9507,1
17,17:58:46.712588,2.578,17.949000000000012,0.1436291715415899,2.578,down,down,0.8909,1
18,17:58:46.724478,2.2795,18.083000000000016,0.126057623181994,2.2795,down,down,0.9759,1
19,17:58:46.732374,2.1865,17.959500000000002,0.1217461510621119,2.1865,down,down,0.9774,1
20,17:58:46.744405,2.5260000000000007,17.931499999999993,0.1408694197362184,2.5260000000000007,down,down,0.9748,1
21,17:58:46.758077,2.7409999999999997,17.871500000000005,0.1533726883585596,2.7409999999999997,down,down,0.9367,1
22,17:58:46.769826,2.3899999999999997,17.851499999999987,0.1338823068089517,2.3899999999999997,down,down,0.9666,1
23,17:58:46.779375,2.469,17.754499999999986,0.1390633360556479,2.469,down,down,0.9728,1
24,17:58:46.791135,2.926499999999999,17.63699999999999,0.1659295798605205,2.926499999999999,down,down,0.8562,1
25,17:58:46.805362,3.3564999999999996,17.50199999999999,0.1917780825048567,3.3564999999999996,down,down,0.7957,1
26,17:58:46.815248,3.5419999999999994,17.330499999999983,0.2043795620437958,3.5419999999999994,down,down,0.6296,1
27,17:58:46.822800,3.4199999999999995,17.239499999999975,0.1983816235969723,3.4199999999999995,down,down,0.9469,1
28,17:58:46.834629,3.712,17.149499999999968,0.2164494591679061,3.712,down,down,0.8729,1
29,17:58:46.843178,3.69,17.104499999999984,0.2157327019205474,3.69,down,down,0.8502,1
30,17:58:46.860050,3.5934999999999997,16.98649999999999,0.2115503488064052,3.5934999999999997,down,down,0.798,1
31,17:58:46.862060,3.149,16.918999999999983,0.1861221112358888,3.149,down,down,0.842,1
32,17:58:46.880280,3.0439999999999996,16.804499999999997,0.1811419560236841,3.0439999999999996,down,down,0.8885,1
33,17:58:46.892537,3.0059999999999993,16.695499999999992,0.1800485160672038,3.0059999999999993,down,down,0.8496,1
34,17:58:46.904763,3.0705,16.658499999999993,0.1843203169553081,3.0705,down,down,0.9384,1
35,17:58:46.913469,2.588,16.591499999999996,0.1559834855196938,2.588,down,down,0.8683,1
36,17:58:46.925753,2.378000000000001,16.566999999999997,0.1435383593891471,2.378000000000001,down,down,0.8931,1
37,17:58:46.938078,2.3035000000000005,16.511000000000003,0.1395130519047907,2.3035000000000005,down,down,0.9408,1
38,17:58:46.949926,1.965,16.4735,0.1192824839894375,1.965,down,down,0.9669,1
39,17:58:46.959421,2.0155000000000003,16.38549999999999,0.123005095968997,2.0155000000000003,down,down,0.9583,1
40,17:58:46.971591,1.996,16.299,0.1224615007055647,1.996,down,down,0.9735,1
41,17:58:46.979870,2.3244999999999996,16.21349999999999,0.1433681808369569,2.3244999999999996,down,down,0.6569,1
42,17:58:46.994400,2.216500000000001,16.129499999999986,0.1374190148485695,2.216500000000001,down,down,0.85,1
43,17:58:47.007913,1.7860000000000007,16.089999999999986,0.1110006215040399,1.7860000000000007,down,down,0.98,1
44,17:58:47.014405,1.4320000000000006,16.02199999999998,0.089377106478592,1.4320000000000006,down,down,0.9614,1
45,17:58:47.026911,1.4880000000000004,15.99749999999998,0.0930145335208627,1.4880000000000004,down,down,0.9764,1
46,17:58:47.040665,1.959500000000001,15.920999999999982,0.1230764399221156,1.959500000000001,down,down,0.9615,1
47,17:58:47.047974,2.7615000000000003,15.866999999999972,0.1740404613348462,2.7615000000000003,down,down,0.8787,1
48,17:58:47.060882,3.6005000000000003,15.808999999999967,0.2277500158137774,3.6005000000000003,down,down,0.8724,1
49,17:58:47.071707,4.163500000000001,15.748499999999968,0.2643743848620509,4.163500000000001,down,down,0.7798,1
50,17:58:47.085041,4.4855,15.728999999999962,0.2851738826371677,4.4855,down,yaw towards left,0.5535,0
51,17:58:47.096677,4.1690000000000005,15.655499999999972,0.2662961898374378,4.1690000000000005,down,down,0.7738,1
52,17:58:47.105113,4.1815,15.604499999999971,0.2679675734563752,4.1815,down,down,0.7601,1
53,17:58:47.116342,4.7325,15.50549999999996,0.305214278804296,4.7325,down,down,0.5917,1
54,17:58:47.130398,4.6865000000000006,15.43249999999997,0.3036773043900864,4.6865000000000006,down,yaw towards left,0.521,0
55,17:58:47.142593,5.628,15.35899999999997,0.3664301061267017,5.628,down,down,0.6186,1
56,17:58:47.148619,5.7284999999999995,15.285499999999969,0.3747669359850847,5.7284999999999995,down,yaw towards left,0.525,0
57,17:58:47.160595,5.125500000000001,15.21099999999998,0.3369600946683326,5.125500000000001,down,down,0.5022,1
58,17:58:47.177185,4.371,15.091999999999985,0.2896236416644583,4.371,down,down,0.7908,1
59,17:58:47.188312,3.9335,15.002999999999986,0.2621808971539028,3.9335,down,down,0.8949,1
60,17:58:47.196405,3.613,14.871999999999993,0.2429397525551373,3.613,down,down,0.9417,1
61,17:58:47.208424,3.755,14.74999999999999,0.2545762711864408,3.755,down,down,0.926,1
62,17:58:47.217808,3.5895,14.613499999999988,0.24562904163958,3.5895,down,down,0.9635,1
63,17:58:47.231470,3.468000000000001,14.486499999999989,0.2393952990715496,3.468000000000001,down,down,0.9396,1
64,17:58:47.241676,3.9705,14.367999999999984,0.2763432628062364,3.9705,down,down,0.8822,1
65,17:58:47.250399,2.9590000000000005,14.190499999999997,0.208519784362778,2.9590000000000005,down,down,0.9351,1
66,17:58:47.264554,3.1125000000000003,14.096500000000002,0.2207994892349164,3.1125000000000003,down,down,0.9471,1
67,17:58:47.277802,3.0825,13.984000000000004,0.2204304919908466,3.0825,down,down,0.9383,1
68,17:58:47.285043,2.975,13.924,0.2136598678540649,2.975,down,down,0.9441,1
69,17:58:47.297371,2.7835,13.862,0.2008007502524888,2.7835,down,down,0.9656,1
70,17:58:47.309934,2.8175,13.821999999999992,0.2038417016350746,2.8175,down,down,0.9423,1
71,17:58:47.322742,3.2075000000000005,13.777499999999998,0.232807113046634,3.2075000000000005,down,down,0.9017,1
72,17:58:47.332177,3.225,13.728999999999996,0.2349042173501348,3.225,down,down,0.9494,1
73,17:58:47.342172,3.3845,13.722500000000014,0.2466387320094732,3.3845,down,down,0.9619,1
74,17:58:47.356829,2.7379999999999995,13.684000000000015,0.2000876936568252,2.7379999999999995,down,down,0.967,1
75,17:58:47.390775,3.171,13.731000000000003,0.2309372951715096,3.171,down,down,0.9431,1
76,17:58:47.427173,2.868,13.71550000000001,0.2091064853632749,2.868,down,down,0.9464,1
77,17:58:47.431192,2.6864999999999997,13.671000000000015,0.1965108624094796,2.6864999999999997,down,down,0.9581,1
78,17:58:47.431192,3.665,13.57750000000002,0.2699318725833176,3.665,down,down,0.9533,1
79,17:58:47.431192,4.2455,13.46600000000002,0.3152755086885485,4.2455,down,down,0.9533,1
80,17:58:47.431192,3.987000000000001,13.33950000000002,0.2988867648712466,3.987000000000001,down,down,0.9518,1
81,17:58:47.433374,3.6235,13.200500000000025,0.2744971781371912,3.6235,down,down,0.9581,1
82,17:58:47.445021,4.101000000000001,13.14000000000002,0.3121004566210041,4.101000000000001,down,down,0.9002,1
83,17:58:47.456274,4.4015,13.057000000000016,0.337098874167113,4.4015,down,down,0.8918,1
84,17:58:47.465030,4.9165,13.021500000000014,0.3775678685251311,4.9165,down,down,0.8319,1
85,17:58:47.479396,4.843000000000001,12.958500000000017,0.3737315275687768,4.843000000000001,down,down,0.7877,1
86,17:58:47.489447,4.6739999999999995,12.896000000000017,0.3624379652605454,4.6739999999999995,down,down,0.8112,1
87,17:58:47.504236,4.8985,12.832500000000016,0.3817260861094872,4.8985,down,down,0.8443,1
88,17:58:47.508453,4.006,12.770000000000016,0.3137039937353167,4.006,down,down,0.9413,1
89,17:58:47.523203,3.4705000000000013,12.707500000000028,0.2731064332087345,3.4705000000000013,down,down,0.9418,1
90,17:58:47.535204,3.942,12.622500000000024,0.3122994652406411,3.942,down,down,0.957,1
91,17:58:47.546195,4.3275000000000015,12.586000000000013,0.3438344191959318,4.3275000000000015,down,down,0.8905,1
92,17:58:47.556622,3.967,12.501000000000024,0.317334613230941,3.967,down,down,0.9351,1
93,17:58:47.569018,3.148500000000001,12.419000000000016,0.2535228279249534,3.148500000000001,down,down,0.8812,1
94,17:58:47.581961,2.9675000000000007,12.318500000000018,0.2408978365872465,2.9675000000000007,down,down,0.8836,1
95,17:58:47.592120,2.7130000000000005,12.225000000000025,0.2219222903885477,2.7130000000000005,down,down,0.9006,1
96,17:58:47.598676,2.8600000000000008,12.180500000000029,0.2348015270309095,2.8600000000000008,down,down,0.8941,1
97,17:58:47.613359,3.2590000000000012,12.157500000000017,0.2680649804647334,3.2590000000000012,down,down,0.8434,1
98,17:58:47.623872,3.346500000000001,12.195000000000016,0.2744157441574413,3.346500000000001,down,down,0.9349,1
99,17:58:47.639019,3.2665000000000006,12.195000000000004,0.2678556785567855,3.2665000000000006,down,down,0.9012,1
100,17:58:47.641846,2.9550000000000005,12.208500000000004,0.2420444772085022,2.9550000000000005,down,down,0.7845,1
101,17:58:47.658437,2.7970000000000006,12.18850000000001,0.2294786068835376,2.7970000000000006,down,down,0.7326,1
102,17:58:47.670413,3.0875000000000004,12.13950000000002,0.2543350220355035,3.0875000000000004,down,down,0.9385,1
103,17:58:47.684912,3.661,12.09000000000002,0.3028122415219184,3.661,down,down,0.7812,1
104,17:58:47.691381,3.781,12.039000000000016,0.3140626297865267,3.781,down,down,0.961,1
105,17:58:47.704908,3.783,11.964000000000004,0.316198595787362,3.783,down,down,0.7655,1
106,17:58:47.716517,3.3395,11.846999999999998,0.2818857094623112,3.3395,down,down,0.8989,1
107,17:58:47.728718,2.7565,11.739,0.2348155720248743,2.7565,down,down,0.7096,1
108,17:58:47.738100,2.6849999999999996,11.594,0.2315853027427979,2.6849999999999996,down,down,0.8999,1
109,17:58:47.746445,2.727,11.507000000000003,0.2369861823238027,2.727,down,down,0.8703,1
110,17:58:47.761229,2.49,11.447000000000008,0.2175242421595176,2.49,down,down,0.9292,1
111,17:58:47.774691,2.1885,11.366000000000014,0.1925479500263942,2.1885,down,down,0.9485,1
112,17:58:47.781634,2.026,11.3115,0.1791097555585024,2.026,down,down,0.8519,1
113,17:58:47.794880,1.9424999999999997,11.2575,0.1725516322451698,1.9424999999999997,down,down,0.7935,1
114,17:58:47.807367,1.841,11.181,0.164654324300152,1.841,down,down,0.8129,1
115,17:58:47.818961,1.7185,11.0855,0.155022326462496,1.7185,down,down,0.8976,1
116,17:58:47.831546,2.3015,11.0185,0.2088759813041702,2.3015,down,down,0.6829,1
117,17:58:47.839435,2.496,10.953000000000005,0.2278827718433305,2.496,down,down,0.6815,1
118,17:58:47.852810,2.4214999999999995,10.889499999999998,0.2223701731025299,2.4214999999999995,down,down,0.6471,1
119,17:58:47.864039,2.635,10.850500000000006,0.2428459517994561,2.635,down,down,0.9271,1
120,17:58:47.876770,3.0419999999999994,10.787,0.2820061184759432,3.0419999999999994,down,down,0.9795,1
121,17:58:47.885033,3.41,10.769499999999994,0.3166349412693256,3.41,down,down,0.9708,1
122,17:58:47.896504,3.1049999999999995,10.746499999999996,0.2889312799516121,3.1049999999999995,down,down,0.7808,1
123,17:58:47.909375,2.7969999999999997,10.719,0.2609385203843642,2.7969999999999997,down,down,0.813,1
124,17:58:47.921665,2.6545,10.709499999999997,0.2478640459405202,2.6545,down,down,0.8322,1
125,17:58:47.930311,2.633,10.738499999999998,0.2451925315453741,2.633,down,down,0.8267,1
126,17:58:47.942509,2.1114999999999995,10.733000000000004,0.1967297121028602,2.1114999999999995,down,yaw towards left,0.5976,0
127,17:58:47.955804,2.0345,10.6755,0.1905765537913915,2.0345,down,down,0.821,1
128,17:58:47.965971,2.0595,10.6635,0.193135462090308,2.0595,down,down,0.8444,1
129,17:58:47.974319,1.9735,10.622999999999996,0.1857761460980891,1.9735,down,down,0.935,1
130,17:58:47.988147,1.5715,10.603500000000002,0.1482057811100108,1.5715,up,up,0.5978,1
131,17:58:47.994778,1.3435,10.556,0.127273588480485,1.3435,down,down,0.91,1
132,17:58:48.011770,1.6895000000000002,10.508999999999997,0.1607669616519174,1.6895000000000002,down,down,0.9389,1
133,17:58:48.020560,1.4565,10.438,0.1395382257137382,1.4565,down,down,0.8964,1
134,17:58:48.032025,1.416,10.304000000000002,0.1374223602484471,1.416,down,down,0.9127,1
135,17:58:48.043362,1.6555,10.226500000000003,0.1618833422969734,1.6555,down,down,0.9291,1
136,17:58:48.056916,1.5900000000000003,10.1315,0.1569362878152297,1.5900000000000003,down,down,0.874,1
137,17:58:48.065041,1.469,10.088500000000003,0.1456113396441492,1.469,down,down,0.8875,1
138,17:58:48.076836,1.4925000000000002,10.022500000000008,0.1489149413818906,1.4925000000000002,up,up,0.5564,1
139,17:58:48.089452,1.4345000000000003,9.959500000000002,0.1440333350067774,1.4345000000000003,down,down,0.9457,1
140,17:58:48.099925,1.5550000000000002,9.898,0.1571024449383714,1.5550000000000002,down,down,0.9366,1
141,17:58:48.110615,2.0975,9.838500000000003,0.2131930680489911,2.0975,down,down,0.6045,1
142,17:58:48.121702,2.385,9.7805,0.2438525637748581,2.385,down,yaw towards left,0.894,0
143,17:58:48.131350,3.1144999999999996,9.7015,0.3210328299747461,3.1144999999999996,down,down,0.6158,1
144,17:58:48.145922,3.5264999999999995,9.672500000000005,0.3645903334194881,3.5264999999999995,down,yaw towards left,0.5018,0
145,17:58:48.155033,4.029999999999999,9.596999999999998,0.419922892570595,4.029999999999999,down,down,0.6031,1
146,17:58:48.168010,4.822999999999999,9.57,0.5039707419017763,4.822999999999999,down,down,0.7565,1
147,17:58:48.180094,5.7065,9.5615,0.5968205825445798,5.7065,down,down,0.9033,1
148,17:58:48.190976,6.593500000000001,9.547999999999996,0.6905634687892755,6.593500000000001,down,down,0.7882,1
149,17:58:48.193313,7.002,9.527999999999995,0.7348866498740556,7.002,down,yaw towards left,0.824,0
150,17:58:48.213147,7.0295000000000005,9.459499999999997,0.7431153866483432,7.0295000000000005,down,yaw towards left,0.8566,0
151,17:58:48.225308,6.298,9.462499999999997,0.6655746367239105,6.298,down,down,0.8434,1
152,17:58:48.235631,5.827,9.4575,0.6161247687020883,5.827,down,down,0.7994,1
153,17:58:48.242965,5.409000000000001,9.491499999999997,0.5698783121740507,5.409000000000001,down,down,0.7706,1
154,17:58:48.257703,5.23,9.534999999999997,0.5485055060304145,5.23,down,down,0.7713,1
155,17:58:48.269466,5.2945,9.542000000000002,0.5548627122196603,5.2945,down,down,0.7522,1
156,17:58:48.281433,5.4535,9.496499999999996,0.5742642026009585,5.4535,down,down,0.8765,1
157,17:58:48.291057,5.4399999999999995,9.384499999999992,0.5796792583515376,5.4399999999999995,down,down,0.9135,1
158,17:58:48.302925,5.224500000000001,9.259499999999996,0.5642313299854206,5.224500000000001,down,down,0.9106,1
159,17:58:48.315402,5.388999999999999,9.102999999999998,0.5920026364934637,5.388999999999999,down,down,0.9847,1
160,17:58:48.326791,5.772499999999999,9.008499999999993,0.6407837042792922,5.772499999999999,down,down,0.9927,1
161,17:58:48.333407,5.799999999999999,8.898499999999995,0.6517952463898412,5.799999999999999,down,down,0.9226,1
162,17:58:48.347575,5.7985,8.821999999999992,0.6572772613919752,5.7985,down,down,0.8062,1
163,17:58:48.359341,5.784000000000001,8.772999999999996,0.6592955659409556,5.784000000000001,down,down,0.7599,1
164,17:58:48.372530,5.386500000000001,8.724999999999994,0.617363896848138,5.386500000000001,down,down,0.9229,1
165,17:58:48.380078,4.732000000000001,8.677999999999997,0.5452869324729204,4.732000000000001,down,down,0.7545,1
166,17:58:48.392962,4.072500000000001,8.609500000000002,0.4730239851327022,4.072500000000001,down,down,0.5329,1
167,17:58:48.404858,3.171500000000001,8.589000000000004,0.3692513680288741,3.171500000000001,down,down,0.892,1
168,17:58:48.414758,2.4735000000000005,8.520499999999998,0.290299865031395,2.4735000000000005,down,down,0.9301,1
169,17:58:48.423381,2.0575,8.501500000000004,0.2420161148032699,2.0575,down,down,0.9945,1
170,17:58:48.431079,1.6130000000000002,8.456000000000007,0.1907521286660358,1.6130000000000002,down,down,0.9793,1
171,17:58:48.449548,1.6175000000000004,8.412,0.192284831193533,1.6175000000000004,down,down,0.8991,1
172,17:58:48.461193,1.7770000000000004,8.368500000000006,0.2123439087052636,1.7770000000000004,down,down,0.7821,1
173,17:58:48.467953,1.5795,8.3245,0.1897411255931287,1.5795,down,down,0.8883,1
174,17:58:48.480436,1.658,8.281,0.2002173650525298,1.658,down,down,0.981,1
175,17:58:48.495120,1.478,8.215999999999998,0.1798928919182084,1.478,down,down,0.9857,1
176,17:58:48.506760,1.3595,8.198999999999995,0.1658129040126846,1.3595,down,down,0.9824,1
177,17:58:48.514709,1.5325,8.134499999999992,0.1883951072592048,1.5325,up,down,0.987,0
178,17:58:48.526317,1.607,8.073999999999995,0.1990339360911569,1.607,down,down,0.9753,1
179,17:58:48.540091,1.392,8.038999999999987,0.1731558651573581,1.392,down,down,0.9872,1
180,17:58:48.552355,1.275,8.04849999999999,0.1584146114182769,1.275,down,down,0.9827,1
181,17:58:48.564044,1.2795,8.049499999999995,0.158953972296416,1.2795,down,down,0.9795,1
182,17:58:48.573192,0.9875000000000004,8.021999999999991,0.1230989778110198,0.9875000000000004,down,down,0.9801,1
183,17:58:48.585219,0.8715000000000004,7.992999999999995,0.109032903790817,0.8715000000000004,down,down,0.9516,1
184,17:58:48.596635,0.8730000000000002,7.894999999999999,0.1105763141228626,0.8730000000000002,down,down,0.9785,1
185,17:58:48.609422,1.1040000000000003,7.828999999999996,0.1410141780559459,1.1040000000000003,down,down,0.9723,1
186,17:58:48.614927,1.334,7.745499999999993,0.1722290362145764,1.334,down,down,0.9938,1
187,17:58:48.630275,1.3949999999999998,7.691000000000003,0.181380834741906,1.3949999999999998,down,down,0.9967,1
188,17:58:48.641880,1.4784999999999997,7.7065,0.1918510348407188,1.4784999999999997,down,down,0.9967,1
189,17:58:48.654725,1.5364999999999998,7.668000000000006,0.2003781950965047,1.5364999999999998,down,down,0.9786,1
190,17:58:48.663189,1.9254999999999995,7.630500000000007,0.2523425725706045,1.9254999999999995,up,down,0.55,0
191,17:58:48.673142,2.0459999999999994,7.57050000000001,0.270259560134733,2.0459999999999994,down,down,0.9858,1
192,17:58:48.688223,2.344499999999999,7.536500000000006,0.3110860479002185,2.344499999999999,down,down,0.8907,1
193,17:58:48.700040,2.975999999999999,7.503000000000009,0.3966413434626143,2.975999999999999,down,down,0.7031,1
194,17:58:48.708790,3.219499999999999,7.491500000000002,0.4297537208836679,3.219499999999999,down,down,0.9246,1
195,17:58:48.716505,3.049499999999999,7.497500000000002,0.4067355785261751,3.049499999999999,down,down,0.9398,1
196,17:58:48.731792,2.8354999999999997,7.496500000000003,0.3782431801507368,2.8354999999999997,down,down,0.9077,1
197,17:58:48.745365,3.1239999999999997,7.513,0.4158125915080526,3.1239999999999997,down,yaw towards left,0.6977,0
198,17:58:48.751705,3.220999999999999,7.5210000000000035,0.4282675176173378,3.220999999999999,down,down,0.7074,1
199,17:58:48.765040,3.1759999999999997,7.522500000000003,0.4222000664672647,3.1759999999999997,down,down,0.9268,1
200,17:58:48.776670,3.031999999999999,7.473000000000002,0.4057272848922786,3.031999999999999,down,down,0.9761,1
201,17:58:48.789905,3.0549999999999993,7.448499999999996,0.4101496945693765,3.0549999999999993,down,down,0.9877,1
202,17:58:48.797182,2.6769999999999996,7.399499999999994,0.3617812014325294,2.6769999999999996,down,down,0.9207,1
203,17:58:48.810867,2.075,7.306999999999993,0.2839742712467499,2.075,up,down,0.9478,0
204,17:58:48.823092,2.2484999999999995,7.290999999999997,0.3083939103003704,2.2484999999999995,down,down,0.7029,1
205,17:58:48.834978,2.5815,7.227500000000004,0.3571774472500863,2.5815,down,yaw towards left,0.6693,0
206,17:58:48.842507,2.5004999999999997,7.190500000000003,0.3477505041374033,2.5004999999999997,down,down,0.6859,1
207,17:58:48.854977,2.1144999999999996,7.131000000000006,0.2965222268966481,2.1144999999999996,down,down,0.977,1
208,17:58:48.868917,1.8249999999999995,7.031500000000006,0.2595463272416978,1.8249999999999995,down,down,0.94,1
209,17:58:48.880207,1.9404999999999997,6.942500000000001,0.2795102628736045,1.9404999999999997,down,down,0.8772,1
210,17:58:48.888215,1.7605,6.862,0.2565578548528126,1.7605,down,down,0.9115,1
211,17:58:48.898812,1.8245,6.788500000000004,0.2687633497827206,1.8245,down,down,0.9668,1
212,17:58:48.907520,2.2279999999999993,6.720500000000004,0.3315229521612972,2.2279999999999993,down,down,0.9887,1
213,17:58:48.925143,2.5044999999999993,6.725000000000006,0.372416356877323,2.5044999999999993,down,down,0.9737,1
214,17:58:48.932991,2.418999999999999,6.678500000000002,0.3622070824286888,2.418999999999999,down,down,0.9952,1
215,17:58:48.942793,2.5614999999999988,6.678999999999997,0.3835154963317862,2.5614999999999988,down,down,0.9982,1
216,17:58:48.956566,2.506499999999999,6.6975000000000025,0.3742441209406492,2.506499999999999,down,down,0.9876,1
217,17:58:48.969864,2.3624999999999994,6.708499999999992,0.3521651635984202,2.3624999999999994,down,down,0.9443,1
218,17:58:48.977529,2.4944999999999995,6.711999999999989,0.371647794994041,2.4944999999999995,down,down,0.9276,1
219,17:58:48.990165,2.4665,6.710499999999996,0.3675583041502125,2.4665,down,down,0.9932,1
220,17:58:48.996479,2.94,6.726499999999999,0.4370772318441984,2.94,down,down,0.5353,1
221,17:58:49.015585,3.4214999999999995,6.6904999999999974,0.5113967565951724,3.4214999999999995,down,down,0.6362,1
222,17:58:49.023743,3.471,6.6550000000000065,0.5215627347858748,3.471,down,down,0.8078,1
223,17:58:49.029902,3.6635,6.575999999999999,0.557101581508516,3.6635,down,down,0.7638,1
224,17:58:49.048356,3.3605000000000005,6.481,0.5185156611634008,3.3605000000000005,down,down,0.9042,1
225,17:58:49.057104,3.0935,6.350999999999999,0.4870886474570934,3.0935,down,down,0.9882,1
226,17:58:49.064251,3.573500000000001,6.213999999999993,0.575072417122627,3.573500000000001,down,down,0.9978,1
227,17:58:49.080115,4.267,6.159999999999997,0.6926948051948056,4.267,down,down,0.9966,1
228,17:58:49.092079,4.432,6.132000000000005,0.7227658186562291,4.432,down,down,0.9631,1
229,17:58:49.105004,4.314,6.170499999999999,0.6991329713961593,4.314,down,down,0.8899,1
230,17:58:49.113571,3.7760000000000007,6.199000000000001,0.6091305049201484,3.7760000000000007,down,down,0.9424,1
231,17:58:49.125671,3.502,6.218500000000001,0.5631583179223285,3.502,down,down,0.8166,1
232,17:58:49.136997,3.854000000000001,6.252999999999991,0.6163441548056943,3.854000000000001,down,yaw towards left,0.6363,0
233,17:58:49.145031,3.665000000000001,6.25499999999999,0.5859312549960042,3.665000000000001,down,down,0.9102,1
234,17:58:49.157401,3.709500000000001,6.252999999999991,0.593235247081402,3.709500000000001,down,down,0.944,1
235,17:58:49.171422,3.676000000000001,6.268499999999994,0.5864241844141349,3.676000000000001,down,down,0.9859,1
236,17:58:49.183836,3.1665000000000005,6.298999999999995,0.5026988410858871,3.1665000000000005,down,down,0.9478,1
237,17:58:49.191953,2.545000000000001,6.254000000000002,0.4069395586824432,2.545000000000001,down,down,0.9775,1
238,17:58:49.199047,2.2670000000000017,6.210999999999996,0.3649975849299635,2.2670000000000017,down,down,0.9781,1
239,17:58:49.216579,2.5250000000000012,6.124499999999995,0.4122785533512945,2.5250000000000012,down,down,0.9872,1
240,17:58:49.228363,2.906500000000001,6.068499999999995,0.4789486693581616,2.906500000000001,down,down,0.9965,1
241,17:58:49.241004,2.813000000000001,6.061999999999995,0.4640382711976251,2.813000000000001,down,down,0.9935,1
242,17:58:49.245984,2.4650000000000007,6.029500000000001,0.408823285512895,2.4650000000000007,down,down,0.999,1
243,17:58:49.261526,2.5820000000000007,6.064500000000007,0.4257564514799238,2.5820000000000007,down,down,0.9991,1
244,17:58:49.273337,2.9844999999999997,6.08950000000001,0.4901059200262739,2.9844999999999997,down,down,0.9992,1
245,17:58:49.285030,3.2605000000000004,6.106500000000006,0.5339392450667317,3.2605000000000004,down,down,0.9993,1
246,17:58:49.293016,3.715500000000001,6.0710000000000095,0.6120079064404538,3.715500000000001,down,down,0.9992,1
247,17:58:49.306138,4.3135,6.036000000000004,0.7146288933068253,4.3135,down,down,0.91,1
248,17:58:49.318396,5.8065,5.980000000000004,0.970986622073578,5.8065,down,down,0.5494,1
249,17:58:49.330285,6.5125,5.905500000000006,1.10278553890441,5.905500000000006,down,down,0.7096,1
250,17:58:49.342407,6.647,5.838000000000003,1.138574854402192,5.838000000000003,down,down,0.927,1
251,17:58:49.347337,6.3805,5.754,1.1088807785888075,5.754,down,down,0.9447,1
252,17:58:49.363277,5.9625,5.723499999999999,1.041757665763956,5.723499999999999,down,down,0.9853,1
253,17:58:49.375772,5.639,5.648999999999998,0.9982297751814484,5.639,down,down,0.9597,1
254,17:58:49.388356,5.34,5.626999999999995,0.9489959125644224,5.34,down,down,0.7283,1
255,17:58:49.396748,5.7015,5.5815,1.0214995968825584,5.5815,down,down,0.7764,1
256,17:58:49.408788,5.683999999999999,5.538499999999999,1.0262706508982578,5.538499999999999,down,down,0.7994,1
257,17:58:49.418004,5.093,5.543000000000001,0.9188165253472846,5.093,down,down,0.8141,1
258,17:58:49.431954,3.5759999999999996,5.542000000000002,0.6452544207867194,3.5759999999999996,down,down,0.8967,1
259,17:58:49.441276,2.582,5.583000000000001,0.4624753716639798,2.582,down,down,0.9434,1
260,17:58:49.452138,2.1580000000000004,5.590999999999999,0.3859774637810768,2.1580000000000004,down,down,0.9701,1
261,17:58:49.462781,2.4850000000000008,5.570500000000001,0.4460999910241451,2.4850000000000008,down,down,0.9933,1
262,17:58:49.476774,3.045000000000001,5.482499999999999,0.5554035567715461,3.045000000000001,down,down,0.9905,1
263,17:58:49.481622,3.5655000000000014,5.426000000000002,0.6571138960560265,3.5655000000000014,down,down,0.989,1
264,17:58:49.496293,3.6625000000000014,5.373500000000002,0.6815855587605844,3.6625000000000014,down,down,0.9822,1
265,17:58:49.510605,3.127500000000001,5.348500000000001,0.5847433859960737,3.127500000000001,down,down,0.987,1
266,17:58:49.523005,2.8530000000000006,5.391,0.5292153589315527,2.8530000000000006,down,down,0.9959,1
267,17:58:49.531942,2.812500000000001,5.376499999999998,0.5231098298149357,2.812500000000001,down,down,0.9928,1
268,17:58:49.540229,3.0760000000000014,5.338499999999996,0.5761918141800138,3.0760000000000014,down,down,0.8862,1
269,17:58:49.555930,3.2245000000000004,5.257,0.6133726459958152,3.2245000000000004,down,down,0.9294,1
270,17:58:49.567179,3.714,5.162000000000001,0.7194885703215806,3.714,down,down,0.8462,1
271,17:58:49.577400,4.3605,5.078,0.8587042142575817,4.3605,down,down,0.5985,1
272,17:58:49.589240,5.2545,5.025500000000003,1.045567605213411,5.025500000000003,down,down,0.5307,1
273,17:58:49.595028,5.9035,4.955000000000001,1.1914228052472249,4.955000000000001,down,down,0.6685,1
274,17:58:49.612772,6.478,4.869,1.330457999589238,4.869,down,down,0.536,1
275,17:58:49.621715,6.3065,4.791999999999999,1.3160475792988315,4.791999999999999,down,down,0.6149,1
276,17:58:49.630188,6.4045000000000005,4.678499999999997,1.3689216629261525,4.678499999999997,down,down,0.8643,1
277,17:58:49.645032,6.792,4.602499999999997,1.4757197175448131,4.602499999999997,down,down,0.8929,1
278,17:58:49.658666,7.1385000000000005,4.579499999999999,1.558794628234524,4.579499999999999,down,down,0.8997,1
279,17:58:49.661258,7.724000000000001,4.579499999999999,1.6866470138661434,4.579499999999999,down,down,0.9419,1
280,17:58:49.676923,7.744,4.642999999999998,1.667887141934095,4.642999999999998,down,down,0.9046,1
281,17:58:49.689652,7.1930000000000005,4.715999999999999,1.5252332485156916,4.715999999999999,down,down,0.9732,1
282,17:58:49.699151,6.3565,4.817999999999998,1.319323370693234,4.817999999999998,down,down,0.9965,1
283,17:58:49.710280,5.289499999999999,4.899999999999997,1.079489795918368,4.899999999999997,down,down,0.8575,1
284,17:58:49.724177,4.763000000000001,4.988999999999999,0.9547003407496496,4.763000000000001,down,down,0.9855,1
285,17:58:49.735758,5.141500000000001,5.037999999999999,1.020543866613736,5.037999999999999,down,down,0.9931,1
286,17:58:49.743310,5.349000000000001,5.053500000000002,1.0584743247254376,5.053500000000002,down,down,0.99,1
287,17:58:49.756959,5.152000000000001,5.041000000000002,1.0220194405871847,5.041000000000002,down,down,0.9848,1
288,17:58:49.765031,4.8295,5.004000000000002,0.965127897681854,4.8295,down,down,0.9892,1
289,17:58:49.781499,4.215,4.99,0.8446893787575149,4.215,down,down,0.9766,1
290,17:58:49.793913,3.966,4.9300000000000015,0.8044624746450302,3.966,down,down,0.8197,1
291,17:58:49.796906,3.711,4.919499999999999,0.7543449537554631,3.711,down,down,0.8698,1
292,17:58:49.813357,3.657000000000001,4.8625,0.7520822622107971,3.657000000000001,down,down,0.5914,1
293,17:58:49.827308,3.6915,4.8340000000000005,0.7636532892014894,3.6915,down,down,0.9014,1
294,17:58:49.835006,3.2960000000000007,4.8065,0.685738063039634,3.2960000000000007,down,down,0.8692,1
295,17:58:49.847208,2.8715,4.779499999999999,0.6007950622450049,2.8715,down,down,0.9805,1
296,17:58:49.859548,2.7030000000000003,4.753,0.568693456764149,2.7030000000000003,down,down,0.9815,1
297,17:58:49.867979,2.614,4.726499999999999,0.5530519411826934,2.614,down,down,0.9841,1
298,17:58:49.881847,2.5515000000000003,4.722999999999999,0.5402286682193523,2.5515000000000003,down,down,0.9879,1
299,17:58:49.891048,2.483,4.672,0.5314640410958905,2.483,down,down,0.9168,1
300,17:58:49.905573,2.122,4.625499999999997,0.4587612150037836,2.122,down,down,0.9979,1
301,17:58:49.915788,2.058,4.538499999999999,0.4534537842899637,2.058,down,down,0.9742,1
302,17:58:49.928014,1.729,4.439500000000001,0.3894582723279647,1.729,down,down,0.9618,1
303,17:58:49.935864,1.7740000000000002,4.307500000000002,0.411839814277423,1.7740000000000002,down,down,0.9489,1
304,17:58:49.949082,2.4035,4.169000000000002,0.5765171503957781,2.4035,down,down,0.8108,1
305,17:58:49.962240,2.3975,4.0715,0.5888493184330099,2.3975,down,down,0.9652,1
306,17:58:49.974390,2.5204999999999997,4.007999999999998,0.6288672654690621,2.5204999999999997,down,down,0.7635,1
307,17:58:49.981939,2.4945,4.018499999999998,0.620754012691303,2.4945,down,down,0.9273,1
308,17:58:49.995025,2.2745000000000006,4.024499999999998,0.5651633743322156,2.2745000000000006,down,down,0.9769,1
309,17:58:50.006167,2.4334999999999996,4.049499999999997,0.6009383874552416,2.4334999999999996,down,down,0.9952,1
310,17:58:50.018634,2.786,4.0680000000000005,0.6848574237954768,2.786,down,down,0.9974,1
311,17:58:50.027705,3.0694999999999997,4.058000000000004,0.7564070970921628,3.0694999999999997,down,down,0.9979,1
312,17:58:50.039871,2.817999999999999,4.045500000000001,0.6965764429613146,2.817999999999999,down,down,0.9669,1
313,17:58:50.051892,2.8554999999999993,4.0550000000000015,0.7041923551171388,2.8554999999999993,down,down,0.9983,1
314,17:58:50.061550,2.617499999999999,4.060000000000002,0.6447044334975363,2.617499999999999,down,down,0.9979,1
315,17:58:50.071522,2.8729999999999993,4.061000000000004,0.7074612164491495,2.8729999999999993,down,down,0.9983,1
316,17:58:50.079968,2.7669999999999986,4.059,0.6816949987681691,2.7669999999999986,down,down,0.9982,1
317,17:58:50.097425,3.0869999999999997,4.0095,0.7699214365881032,3.0869999999999997,down,down,0.9352,1
318,17:58:50.109649,3.901,3.964500000000001,0.983982847773994,3.901,down,down,0.7469,1
319,17:58:50.116177,4.332,3.968000000000001,1.0917338709677418,3.968000000000001,down,down,0.9649,1
320,17:58:50.125968,4.3149999999999995,3.968000000000001,1.0874495967741933,3.968000000000001,down,down,0.9767,1
321,17:58:50.141376,3.838,4.032499999999999,0.951766893986361,3.838,down,down,0.9967,1
322,17:58:50.154798,3.897,4.106999999999999,0.9488677867056248,3.897,down,down,0.9868,1
323,17:58:50.162818,4.069500000000001,4.142999999999998,0.9822592324402613,4.069500000000001,down,down,0.9159,1
324,17:58:50.174279,4.147,4.148499999999996,0.999638423526577,4.147,down,down,0.9103,1
325,17:58:50.180361,4.289000000000001,4.127499999999995,1.0391278013325271,4.127499999999995,down,down,0.8457,1
326,17:58:50.198979,4.111500000000001,4.0840000000000005,1.0067335945151814,4.0840000000000005,down,down,0.9136,1
327,17:58:50.230217,4.0395,4.045000000000002,0.998640296662546,4.0395,down,down,0.9227,1
328,17:58:50.230217,3.383,4.053500000000002,0.8345873936104596,3.383,down,down,0.9083,1
329,17:58:50.232227,2.9755000000000003,3.968000000000001,0.7498739919354838,2.9755000000000003,down,down,0.9725,1
330,17:58:50.244429,3.043,3.937,0.7729235458470917,3.043,down,down,0.9819,1
331,17:58:50.259261,3.3395,3.862499999999997,0.8645954692556641,3.3395,down,down,0.943,1
332,17:58:50.265025,3.632,3.774999999999997,0.962119205298014,3.632,down,down,0.9518,1
333,17:58:50.276858,3.1335,3.7215,0.8419991938734381,3.1335,down,yaw towards left,0.713,0
334,17:58:50.289594,2.7750000000000004,3.695500000000002,0.7509132728994722,2.7750000000000004,down,down,0.7889,1
335,17:58:50.297659,2.4225000000000003,3.671000000000004,0.6599019340779073,2.4225000000000003,down,down,0.9452,1
336,17:58:50.305861,2.48,3.6700000000000017,0.6757493188010896,2.48,down,down,0.9461,1
337,17:58:50.321321,2.3795,3.7095,0.6414611133575955,2.3795,down,down,0.9794,1
338,17:58:50.334445,2.3515,3.695999999999998,0.6362283549783554,2.3515,down,down,0.9606,1
339,17:58:50.344174,2.38,3.727500000000001,0.6384976525821595,2.38,down,down,0.9899,1
340,17:58:50.349630,2.3805,3.706,0.6423367512142472,2.3805,down,down,0.9979,1
341,17:58:50.366324,2.6335,3.664000000000004,0.7187499999999992,2.6335,down,down,0.9976,1
342,17:58:50.379183,2.4485,3.6245000000000034,0.6755414539936537,2.4485,down,down,0.9948,1
343,17:58:50.390875,2.812,3.587500000000003,0.7838327526132397,2.812,down,down,0.9983,1
344,17:58:50.399187,2.7619999999999996,3.5545000000000018,0.777043184695456,2.7619999999999996,down,down,0.9793,1
345,17:58:50.407080,2.7419999999999995,3.5455000000000014,0.7733747003243544,2.7419999999999995,down,down,0.9977,1
346,17:58:50.424338,2.720999999999999,3.536000000000004,0.7695135746606324,2.720999999999999,down,down,0.9612,1
347,17:58:50.433576,2.6384999999999996,3.482000000000008,0.7577541642734043,2.6384999999999996,down,down,0.9737,1
348,17:58:50.444446,2.4939999999999993,3.432500000000007,0.7265841223597943,2.4939999999999993,down,down,0.9947,1
349,17:58:50.456806,2.232999999999999,3.432000000000005,0.6506410256410246,2.232999999999999,down,down,0.9973,1
350,17:58:50.462099,2.4019999999999992,3.430000000000004,0.7002915451895033,2.4019999999999992,down,down,0.9358,1
351,17:58:50.482122,2.073999999999999,3.4465000000000003,0.6017699115044244,2.073999999999999,down,down,0.9945,1
352,17:58:50.490903,2.240999999999999,3.4360000000000013,0.6522118742724093,2.240999999999999,down,down,0.9892,1
353,17:58:50.501093,1.8959999999999997,3.4034999999999997,0.5570736007051563,1.8959999999999997,down,down,0.9891,1
354,17:58:50.515142,2.156999999999999,3.3505000000000025,0.6437845097746597,2.156999999999999,down,down,0.9986,1
355,17:58:50.524519,2.153499999999999,3.3035000000000023,0.651884365067352,2.153499999999999,down,down,0.9961,1
356,17:58:50.533112,1.9519999999999995,3.2829999999999986,0.5945781297593665,1.9519999999999995,down,down,0.9946,1
357,17:58:50.544918,1.7874999999999992,3.2854999999999963,0.544057221123117,1.7874999999999992,up,down,0.56,0
358,17:58:50.558254,1.844,3.2849999999999966,0.5613394216133948,1.844,down,down,0.9821,1
359,17:58:50.571711,2.1254999999999997,3.237499999999997,0.656525096525097,2.1254999999999997,down,down,0.9989,1
360,17:58:50.580128,1.9099999999999997,3.2399999999999975,0.5895061728395066,1.9099999999999997,down,down,0.9955,1
361,17:58:50.592772,1.8474999999999997,3.2399999999999975,0.5702160493827163,1.8474999999999997,down,down,0.9925,1
362,17:58:50.604220,1.7074999999999996,3.282499999999999,0.5201827875095202,1.7074999999999996,down,down,0.976,1
363,17:58:50.616640,1.9004999999999996,3.3375,0.5694382022471909,1.9004999999999996,down,down,0.9957,1
364,17:58:50.624483,1.722,3.381499999999997,0.509241460890138,1.722,down,down,0.9205,1
365,17:58:50.637808,1.618,3.393999999999997,0.4767236299351801,1.618,down,down,0.97,1
366,17:58:50.650202,1.6275,3.3349999999999995,0.4880059970014993,1.6275,down,down,0.9712,1
367,17:58:50.659216,1.6255000000000002,3.2595,0.4986961190366621,1.6255000000000002,down,down,0.9669,1
368,17:58:50.665822,1.6119999999999997,3.194,0.5046963055729492,1.6119999999999997,down,down,0.9844,1
369,17:58:50.681750,1.6064999999999994,3.181,0.5050298648223827,1.6064999999999994,down,down,0.9736,1
370,17:58:50.691917,1.6139999999999994,3.1449999999999987,0.5131955484896662,1.6139999999999994,down,down,0.9778,1
371,17:58:50.707575,1.4354999999999998,3.1345,0.4579677779550166,1.4354999999999998,down,down,0.9848,1
372,17:58:50.715041,2.3065,3.1234999999999986,0.7384344485352972,2.3065,down,down,0.9976,1
373,17:58:50.726288,2.8394999999999997,3.0894999999999984,0.9190807574041112,2.8394999999999997,down,down,0.9941,1
374,17:58:50.740552,3.0519999999999996,3.102999999999997,0.983564292620046,3.0519999999999996,down,down,0.9979,1
375,17:58:50.751005,3.303,3.134499999999997,1.0537565799968107,3.134499999999997,down,down,0.9976,1
376,17:58:50.760640,3.418,3.2039999999999993,1.0667915106117356,3.2039999999999993,down,down,0.9977,1
377,17:58:50.773281,4.202,3.260499999999999,1.2887593927311765,3.260499999999999,down,down,0.9964,1
378,17:58:50.784387,5.141,3.2829999999999986,1.5659457812975943,3.2829999999999986,down,down,0.9925,1
379,17:58:50.792557,5.069000000000001,3.2325000000000017,1.5681361175560706,3.2325000000000017,down,down,0.9937,1
380,17:58:50.805978,4.887,3.1650000000000005,1.544075829383886,3.1650000000000005,down,down,0.9971,1
381,17:58:50.819707,5.3205,3.083000000000001,1.7257541355822246,3.083000000000001,down,down,0.9974,1
382,17:58:50.830122,4.673,3.0115000000000007,1.5517184127511203,3.0115000000000007,down,down,0.998,1
383,17:58:50.840862,4.2875,2.971499999999999,1.4428739693757366,2.971499999999999,down,down,0.9983,1
384,17:58:50.849896,4.022499999999999,2.9130000000000025,1.3808788190868506,2.9130000000000025,down,down,0.9972,1
385,17:58:50.860228,4.089999999999999,2.860500000000002,1.4298199615451832,2.860500000000002,down,down,0.9975,1
386,17:58:50.873992,4.2295,2.8139999999999987,1.503020611229567,2.8139999999999987,down,down,0.9994,1
387,17:58:50.887373,3.779,2.772499999999998,1.363029756537422,2.772499999999998,down,down,0.9996,1
388,17:58:50.895873,2.8105,2.757499999999999,1.019220308250227,2.757499999999999,down,down,0.997,1
389,17:58:50.907381,2.7224999999999993,2.765999999999997,0.9842733188720182,2.7224999999999993,down,down,0.9992,1
390,17:58:50.918515,2.7459999999999996,2.7704999999999997,0.99115683089695,2.7459999999999996,down,down,0.9994,1
391,17:58:50.931564,2.35,2.772499999999998,0.8476104598737607,2.35,down,down,0.9992,1
392,17:58:50.940597,1.9275,2.817,0.6842385516506921,1.9275,down,down,0.9973,1
393,17:58:50.953551,1.6479999999999997,2.8515000000000015,0.5779414343328069,1.6479999999999997,down,down,0.9877,1
394,17:58:50.963349,1.6635000000000002,2.878999999999999,0.577804793331018,1.6635000000000002,down,down,0.9948,1
395,17:58:50.977390,1.3425000000000002,2.900999999999999,0.4627714581178906,1.3425000000000002,down,down,0.9914,1
396,17:58:50.983897,1.134,2.8949999999999987,0.3917098445595857,1.134,down,down,0.9833,1
397,17:58:50.996187,0.8320000000000001,2.8655,0.2903507241319142,0.8320000000000001,down,down,0.8799,1
398,17:58:51.010420,0.931,2.7939999999999996,0.3332140300644238,0.931,up,up,0.6615,1
399,17:58:51.022872,0.9065,2.7310000000000003,0.3319296960820211,0.9065,down,down,0.9333,1
400,17:58:51.031235,0.7664999999999997,2.6300000000000012,0.2914448669201518,0.7664999999999997,down,down,0.946,1
401,17:58:51.041652,0.8559999999999995,2.543000000000002,0.3366103027919775,0.8559999999999995,down,down,0.985,1
402,17:58:51.054399,1.4044999999999996,2.4450000000000003,0.5744376278118607,1.4044999999999996,down,down,0.9963,1
403,17:58:51.064945,1.6389999999999998,2.3829999999999982,0.6877885018883764,1.6389999999999998,down,down,0.9941,1
404,17:58:51.080023,1.5904999999999996,2.3509999999999978,0.676520629519354,1.5904999999999996,down,down,0.9928,1
405,17:58:51.087569,1.9559999999999995,2.3449999999999975,0.8341151385927512,1.9559999999999995,down,down,0.9977,1
406,17:58:51.098406,2.522,2.3604999999999974,1.068417708112689,2.3604999999999974,down,down,0.9945,1
407,17:58:51.109666,3.856,2.393499999999998,1.611029872571549,2.393499999999998,down,down,0.9953,1
408,17:58:51.123748,5.3065,2.464999999999999,2.152738336713997,2.464999999999999,down,down,0.999,1
409,17:58:51.130290,6.661,2.522999999999999,2.6401109789932633,2.522999999999999,down,down,0.9988,1
410,17:58:51.142360,7.5825,2.6159999999999997,2.8985091743119273,2.6159999999999997,down,down,0.9974,1
411,17:58:51.157511,7.611500000000001,2.691999999999999,2.8274517087667177,2.691999999999999,down,down,0.9932,1
412,17:58:51.163560,7.088500000000001,2.732499999999999,2.594144556267156,2.732499999999999,down,down,0.9971,1
413,17:58:51.177961,6.844499999999999,2.742,2.49617067833698,2.742,down,down,0.9975,1
414,17:58:51.191206,7.205000000000001,2.7250000000000014,2.644036697247705,2.7250000000000014,down,down,0.9969,1
415,17:58:51.203196,7.0825000000000005,2.6860000000000013,2.636820551005211,2.6860000000000013,down,down,0.9972,1
416,17:58:51.210312,6.678500000000001,2.650500000000001,2.519713261648745,2.650500000000001,down,down,0.9984,1
417,17:58:51.222526,5.7595,2.619,2.1991218022145858,2.619,down,down,0.9993,1
418,17:58:51.230420,4.9465,2.5909999999999997,1.909108452335006,2.5909999999999997,down,down,0.9972,1
419,17:58:51.248521,4.1165,2.565499999999999,1.6045605145195876,2.565499999999999,down,down,0.9976,1
420,17:58:51.260002,3.5879999999999996,2.541999999999997,1.4114870180959889,2.541999999999997,down,down,0.9982,1
421,17:58:51.265281,3.784,2.4754999999999994,1.5285800848313476,2.4754999999999994,down,down,0.9977,1
422,17:58:51.280042,3.769,2.4170000000000003,1.5593711212246584,2.4170000000000003,down,down,0.9983,1
423,17:58:51.291561,4.016999999999999,2.3655000000000017,1.6981610653138852,2.3655000000000017,down,down,0.9958,1
424,17:58:51.305031,3.9179999999999993,2.3210000000000006,1.6880654890133555,2.3210000000000006,down,down,0.9957,1
425,17:58:51.313611,4.140999999999999,2.3034999999999997,1.7976991534621227,2.3034999999999997,down,down,0.997,1
426,17:58:51.325091,3.980999999999999,2.3099999999999996,1.7233766233766232,2.3099999999999996,down,down,0.999,1
427,17:58:51.336306,3.599499999999999,2.3139999999999987,1.5555315471045812,2.3139999999999987,down,down,0.9979,1
428,17:58:51.350498,3.163999999999999,2.314999999999999,1.3667386609071277,2.314999999999999,down,down,0.9973,1
429,17:58:51.357979,3.0954999999999986,2.3139999999999987,1.3377268798617117,2.3139999999999987,down,down,0.9993,1
430,17:58:51.371514,2.946499999999998,2.266499999999998,1.3000220604456214,2.266499999999998,down,down,0.9989,1
431,17:58:51.382948,2.880499999999998,2.2694999999999963,1.269222295659838,2.2694999999999963,down,down,0.9989,1
432,17:58:51.394935,3.123999999999998,2.269999999999996,1.376211453744495,2.269999999999996,down,down,0.9982,1
433,17:58:51.404919,3.072499999999999,2.269499999999995,1.353822427847546,2.269499999999995,down,down,0.9983,1
434,17:58:51.410337,2.8879999999999995,2.2894999999999968,1.2614107883817445,2.2894999999999968,down,down,0.9983,1
435,17:58:51.427807,3.0255,2.3049999999999984,1.312581344902387,2.3049999999999984,down,down,0.9965,1
436,17:58:51.440296,4.167,2.293499999999999,1.8168737737083067,2.293499999999999,down,down,0.9971,1
437,17:58:51.447792,4.704,2.2815,2.061801446416831,2.2815,down,down,0.999,1
438,17:58:51.458276,4.889,2.2699999999999987,2.1537444933920717,2.2699999999999987,down,down,0.999,1
439,17:58:51.471742,4.3665,2.258,1.933790965456156,2.258,down,down,0.9976,1
440,17:58:51.483118,4.176500000000001,2.2915000000000005,1.822605280384028,2.2915000000000005,down,down,0.9963,1
441,17:58:51.493358,4.155500000000001,2.3180000000000005,1.792709232096635,2.3180000000000005,down,down,0.9959,1
442,17:58:51.505078,4.111500000000001,2.339,1.7578024796921767,2.339,down,down,0.9959,1
443,17:58:51.515650,4.434500000000001,2.3545000000000003,1.8834147377362496,2.3545000000000003,down,down,0.9974,1
444,17:58:51.530474,4.5875,2.344,1.95712457337884,2.344,down,down,0.9954,1
445,17:58:51.535604,3.996,2.3549999999999995,1.696815286624204,2.3549999999999995,down,down,0.9969,1
446,17:58:51.543849,3.0824999999999996,2.363000000000001,1.3044858231062202,2.363000000000001,down,down,0.9935,1
447,17:58:51.563940,3.1079999999999997,2.3680000000000008,1.3124999999999991,2.3680000000000008,down,down,0.9946,1
448,17:58:51.571850,2.6904999999999992,2.370000000000003,1.1352320675105467,2.370000000000003,down,down,0.9931,1
449,17:58:51.580324,2.844,2.304000000000002,1.234374999999999,2.304000000000002,down,down,0.9989,1
450,17:58:51.592943,3.1879999999999997,2.2230000000000034,1.4340980656770108,2.2230000000000034,down,down,0.999,1
451,17:58:51.607754,3.5629999999999997,2.1535000000000024,1.6545159043417672,2.1535000000000024,down,down,0.9983,1
452,17:58:51.617177,4.1395,2.138500000000005,1.9357025952770588,2.138500000000005,down,down,0.9996,1
453,17:58:51.629444,4.520999999999999,2.101500000000004,2.15132048536759,2.101500000000004,down,down,0.9996,1
454,17:58:51.640705,5.169999999999999,2.0895000000000037,2.474276142617846,2.0895000000000037,down,down,0.9982,1
455,17:58:51.654819,5.614499999999999,2.034500000000004,2.759646104694022,2.034500000000004,down,down,0.9989,1
456,17:58:51.661314,5.4125,1.966000000000004,2.7530518819938905,1.966000000000004,up,down,0.9969,0
457,17:58:51.674556,4.800999999999999,1.905000000000004,2.5202099737532753,1.905000000000004,down,down,0.9979,1
458,17:58:51.684867,4.9375,1.8725000000000025,2.636849132176232,1.8725000000000025,down,down,0.9975,1
459,17:58:51.693048,5.430499999999999,1.9120000000000033,2.8402196652719613,1.9120000000000033,down,down,0.9979,1
460,17:58:51.706850,5.9315,1.9670000000000016,3.0155058464666977,1.9670000000000016,down,down,0.9986,1
461,17:58:51.713694,6.044499999999999,2.011500000000004,3.0049714143673816,2.011500000000004,down,down,0.9985,1
462,17:58:51.730713,5.468,2.0015000000000027,2.7319510367224544,2.0015000000000027,down,down,0.9991,1
463,17:58:51.743722,4.5175,2.015000000000002,2.2419354838709658,2.015000000000002,down,down,0.9982,1
464,17:58:51.749041,3.5840000000000005,2.0030000000000014,1.7893160259610574,2.0030000000000014,down,down,0.998,1
465,17:58:51.763060,3.1020000000000003,1.9905000000000015,1.5584024114544075,1.9905000000000015,down,down,0.9947,1
466,17:58:51.776770,3.0765,1.999000000000001,1.539019509754877,1.999000000000001,down,down,0.9976,1
467,17:58:51.782664,3.0870000000000006,2.006,1.5388833499501495,2.006,down,down,0.9973,1
468,17:58:51.796654,3.753,1.9905000000000015,1.8854559155990944,1.9905000000000015,down,down,0.9964,1
469,17:58:51.808704,3.4650000000000007,1.974500000000002,1.7548746518105836,1.974500000000002,down,down,0.9978,1
470,17:58:51.821827,2.9190000000000005,1.958500000000002,1.490426346693897,1.958500000000002,down,down,0.9969,1
471,17:58:51.830465,2.1719999999999997,1.9445000000000008,1.116996657238364,1.9445000000000008,down,down,0.998,1
472,17:58:51.839260,1.9479999999999995,1.9310000000000005,1.0088037286380112,1.9310000000000005,down,down,0.9956,1
473,17:58:51.854881,2.05,1.9175,1.0691003911342896,1.9175,down,down,0.9943,1
474,17:58:51.866765,2.0839999999999996,1.9055000000000009,1.0936762004723164,1.9055000000000009,down,down,0.9962,1
475,17:58:51.874493,2.1645000000000003,1.8945000000000007,1.1425178147268409,1.8945000000000007,down,down,0.9948,1
476,17:58:51.884350,2.248,1.838000000000001,1.2230685527747545,1.838000000000001,down,down,0.9944,1
477,17:58:51.899586,2.465,1.7895000000000023,1.3774797429449546,1.7895000000000023,down,down,0.9941,1
478,17:58:51.911516,1.6450000000000002,1.7015,0.9667940052894506,1.6450000000000002,down,down,0.9939,1
479,17:58:51.913593,1.27,1.628,0.7800982800982801,1.27,down,down,0.997,1
480,17:58:51.932842,1.1,1.586,0.6935687263556117,1.1,down,down,0.9966,1
481,17:58:51.941222,1.3160000000000005,1.5689999999999995,0.8387507966857874,1.3160000000000005,down,down,0.9969,1
482,17:58:51.956498,1.308,1.578,0.8288973384030418,1.308,down,down,0.9961,1
483,17:58:51.960088,1.4720000000000002,1.6070000000000022,0.9159925326695696,1.4720000000000002,down,down,0.9975,1
484,17:58:51.976931,1.4845000000000002,1.6295000000000015,0.9110156489720764,1.4845000000000002,down,down,0.9971,1
485,17:58:51.990022,1.5730000000000004,1.6025000000000005,0.981591263650546,1.5730000000000004,down,down,0.9961,1
486,17:58:51.997560,1.8095000000000008,1.624000000000001,1.114224137931034,1.624000000000001,down,down,0.9927,1
487,17:58:52.009800,2.0420000000000007,1.6410000000000011,1.2443631931748929,1.6410000000000011,down,down,0.9974,1
488,17:58:52.021546,2.5955000000000004,1.7000000000000028,1.5267647058823506,1.7000000000000028,down,down,0.9978,1
489,17:58:52.034529,2.938000000000001,1.7675000000000023,1.6622347949080605,1.7675000000000023,down,down,0.993,1
490,17:58:52.047237,2.985500000000001,1.824000000000004,1.6367872807017514,1.824000000000004,down,down,0.9989,1
491,17:58:52.055098,2.827000000000001,1.850500000000004,1.5276952175087788,1.850500000000004,down,down,0.9975,1
492,17:58:52.064998,2.996500000000001,1.847000000000004,1.6223605847319946,1.847000000000004,down,down,0.9963,1
493,17:58:52.080205,3.222500000000001,1.866000000000004,1.7269560557341876,1.866000000000004,down,down,0.9951,1
494,17:58:52.090336,3.5475000000000008,1.8805000000000036,1.8864663653283669,1.8805000000000036,down,down,0.9975,1
495,17:58:52.097253,3.430000000000001,1.9365000000000037,1.771236767363798,1.9365000000000037,down,down,0.9956,1
496,17:58:52.112061,3.190500000000001,1.9820000000000024,1.6097376387487374,1.9820000000000024,down,down,0.9993,1
497,17:58:52.124327,3.035,1.9965000000000004,1.5201602804908587,1.9965000000000004,down,down,0.9995,1
498,17:58:52.136591,2.9339999999999997,1.9840000000000004,1.4788306451612898,1.9840000000000004,down,down,0.9964,1
499,17:58:52.144403,3.0529999999999995,1.950500000000001,1.5652396821327854,1.950500000000001,down,down,0.9962,1
500,17:58:52.157891,3.3299999999999996,1.8989999999999996,1.7535545023696684,1.8989999999999996,down,down,0.9951,1
501,17:58:52.167787,3.4524999999999997,1.8534999999999997,1.8626922039384948,1.8534999999999997,down,down,0.9991,1
502,17:58:52.180383,3.291499999999999,1.8144999999999984,1.8139983466519716,1.8144999999999984,down,down,0.9983,1
503,17:58:52.189633,2.781999999999999,1.734499999999997,1.6039204381666208,1.734499999999997,down,down,0.998,1
504,17:58:52.202854,2.6984999999999992,1.665999999999998,1.6197478991596652,1.665999999999998,down,down,0.9967,1
505,17:58:52.214847,3.3594999999999993,1.6059999999999988,2.091843088418432,1.6059999999999988,down,down,0.9882,1
506,17:58:52.222825,3.7275,1.5539999999999992,2.39864864864865,1.5539999999999992,down,down,0.9907,1
507,17:58:52.230229,4.0725,1.531,2.6600261267145653,1.531,down,down,0.9054,1
508,17:58:52.247639,3.812,1.489,2.5601074546675617,1.489,down,down,0.9775,1
509,17:58:52.260507,3.3560000000000003,1.4519999999999982,2.3112947658402234,1.4519999999999982,down,down,0.9797,1
510,17:58:52.266505,3.928500000000001,1.3754999999999982,2.856052344601967,1.3754999999999982,down,down,0.9867,1
511,17:58:52.280370,4.835,1.3144999999999982,3.6782046405477415,1.3144999999999982,down,down,0.9947,1
512,17:58:52.291798,5.375,1.2794999999999987,4.200859710824545,1.2794999999999987,down,down,0.9953,1
513,17:58:52.299579,5.4115,1.2689999999999997,4.264381402679276,1.2689999999999997,down,down,0.968,1
514,17:58:52.311649,5.257999999999999,1.2834999999999994,4.09661082976237,1.2834999999999994,down,down,0.9965,1
515,17:58:52.323958,4.743999999999999,1.3154999999999988,3.606233371341698,1.3154999999999988,down,down,0.9882,1
516,17:58:52.338183,4.444,1.344,3.3065476190476195,1.344,down,down,0.9896,1
517,17:58:52.349426,3.865499999999999,1.3670000000000002,2.827724945135332,1.3670000000000002,down,down,0.9263,1
518,17:58:52.356306,3.921499999999999,1.4289999999999992,2.744226731980407,1.4289999999999992,up,up,0.5476,1
519,17:58:52.369124,4.403,1.4360000000000013,3.0661559888579357,1.4360000000000013,down,down,0.9923,1
520,17:58:52.381487,3.826999999999999,1.4850000000000008,2.577104377104375,1.4850000000000008,down,down,0.9937,1
521,17:58:52.394161,3.2324999999999995,1.5204999999999995,2.125945412693193,1.5204999999999995,down,down,0.9979,1
522,17:58:52.398488,3.3154999999999992,1.4920000000000002,2.2221849865951735,1.4920000000000002,down,down,0.9855,1
523,17:58:52.413877,3.4275,1.4649999999999992,2.339590443686008,1.4649999999999992,down,down,0.9977,1
524,17:58:52.427333,3.3270000000000004,1.435,2.318466898954704,1.435,down,down,0.9957,1
525,17:58:52.439247,3.3040000000000007,1.3945000000000014,2.3693079956973806,1.3945000000000014,down,down,0.983,1
526,17:58:52.447393,3.141,1.332,2.358108108108108,1.332,down,down,0.9965,1
527,17:58:52.460118,3.2794999999999996,1.2984999999999984,2.5256064690026983,1.2984999999999984,down,down,0.9913,1
528,17:58:52.467783,2.9805,1.2709999999999986,2.3450039339103097,1.2709999999999986,down,down,0.9964,1
529,17:58:52.485195,3.0405,1.294499999999997,2.3487833140208627,1.294499999999997,down,down,0.994,1
530,17:58:52.491689,2.6420000000000003,1.3334999999999986,1.9812523434570704,1.3334999999999986,down,down,0.9941,1
531,17:58:52.506184,2.2880000000000003,1.3405,1.7068258112644537,1.3405,down,down,0.9964,1
532,17:58:52.514414,1.6765,1.3880000000000003,1.2078530259365992,1.3880000000000003,down,down,0.9971,1
533,17:58:52.530119,1.7594999999999998,1.4090000000000005,1.248757984386089,1.4090000000000005,down,down,0.9953,1
534,17:58:52.538529,1.957,1.410499999999999,1.3874512584190015,1.410499999999999,down,down,0.9934,1
535,17:58:52.551548,1.9275,1.423499999999997,1.35405690200211,1.423499999999997,down,down,0.9939,1
536,17:58:52.561833,2.4150000000000005,1.477499999999997,1.6345177664974655,1.477499999999997,down,down,0.9956,1
537,17:58:52.571548,2.4675,1.504499999999998,1.6400797607178488,1.504499999999998,down,down,0.9941,1
538,17:58:52.580541,2.527,1.4804999999999986,1.7068557919621767,1.4804999999999986,down,down,0.991,1
539,17:58:52.593957,2.1800000000000006,1.4559999999999989,1.4972527472527488,1.4559999999999989,down,down,0.9951,1
540,17:58:52.607513,2.0635000000000003,1.414499999999998,1.458819370802406,1.414499999999998,down,down,0.9942,1
541,17:58:52.610641,1.9510000000000003,1.408499999999998,1.3851615193468254,1.408499999999998,down,down,0.994,1
542,17:58:52.628622,2.1895000000000007,1.3724999999999974,1.5952641165755954,1.3724999999999974,down,down,0.9951,1
543,17:58:52.638658,2.2205000000000004,1.3579999999999977,1.635125184094259,1.3579999999999977,down,down,0.9929,1
544,17:58:52.652303,2.3690000000000007,1.3014999999999972,1.820207452938921,1.3014999999999972,down,down,0.9958,1
545,17:58:52.660513,2.3310000000000004,1.2369999999999983,1.8843977364591784,1.2369999999999983,down,down,0.9959,1
546,17:58:52.667105,1.9370000000000005,1.1809999999999987,1.640135478408131,1.1809999999999987,down,down,0.9974,1
547,17:58:52.684886,1.6510000000000005,1.1509999999999991,1.4344048653344932,1.1509999999999991,down,down,0.9957,1
548,17:58:52.695506,1.6030000000000009,1.1929999999999985,1.343671416596817,1.1929999999999985,down,down,0.9973,1
549,17:58:52.706334,1.6940000000000004,1.2484999999999986,1.356828193832601,1.2484999999999986,down,down,0.997,1
550,17:58:52.717021,1.6465000000000003,1.2959999999999987,1.270447530864199,1.2959999999999987,down,down,0.9966,1
551,17:58:52.730105,1.845,1.3304999999999985,1.3866967305524256,1.3304999999999985,down,down,0.9981,1
552,17:58:52.742223,1.9655,1.385499999999999,1.418621436304584,1.385499999999999,down,down,0.9975,1
553,17:58:52.749631,2.1625,1.4129999999999996,1.5304317055909418,1.4129999999999996,down,down,0.9985,1
554,17:58:52.757504,1.8269999999999995,1.4754999999999996,1.238224330735344,1.4754999999999996,down,down,0.9956,1
555,17:58:52.774725,1.789,1.568499999999999,1.1405801721389872,1.568499999999999,down,down,0.9948,1
556,17:58:52.788142,1.9165,1.582499999999999,1.2110584518167464,1.582499999999999,down,down,0.9943,1
557,17:58:52.796857,1.9214999999999995,1.572499999999999,1.2219395866454696,1.572499999999999,down,down,0.9963,1
558,17:58:52.807972,1.9504999999999997,1.4944999999999993,1.3051187688190031,1.4944999999999993,down,down,0.9929,1
559,17:58:52.821432,1.7809999999999997,1.395499999999999,1.2762450734503767,1.395499999999999,down,down,0.9957,1
560,17:58:52.833167,1.8839999999999997,1.3029999999999995,1.445894090560246,1.3029999999999995,down,down,0.9981,1
561,17:58:52.840682,1.7525,1.239499999999999,1.4138765631302956,1.239499999999999,down,down,0.9981,1
562,17:58:52.852395,1.4709999999999996,1.2064999999999984,1.2192291753004572,1.2064999999999984,down,down,0.9984,1
563,17:58:52.866995,1.0694999999999997,1.151499999999998,0.9287885366912734,1.0694999999999997,down,down,0.9977,1
564,17:58:52.877199,1.0204999999999995,1.110499999999999,0.9189554254840168,1.0204999999999995,down,down,0.9953,1
565,17:58:52.886033,1.0304999999999995,0.9859999999999992,1.045131845841785,0.9859999999999992,down,down,0.9974,1
566,17:58:52.895507,0.8144999999999998,0.9314999999999998,0.8743961352657005,0.8144999999999998,down,down,0.9987,1
567,17:58:52.909222,1.0224999999999995,0.8559999999999995,1.1945093457943925,0.8559999999999995,down,down,0.999,1
568,17:58:52.922734,0.9909999999999995,0.8554999999999993,1.1583869082407954,0.8554999999999993,down,down,0.9985,1
569,17:58:52.931544,1.9555,0.8904999999999994,2.1959573273441904,0.8904999999999994,down,down,0.9953,1
570,17:58:52.941181,3.156,0.9019999999999996,3.498891352549891,0.9019999999999996,down,down,0.9885,1
571,17:58:52.956102,3.824,0.9190000000000004,4.161044613710553,0.9190000000000004,down,down,0.9964,1
572,17:58:52.964599,4.135,0.9300000000000012,4.446236559139779,0.9300000000000012,down,down,0.9969,1
573,17:58:52.976571,4.1245,0.971500000000001,4.2454966546577415,0.971500000000001,down,down,0.9829,1
574,17:58:52.989149,4.245,1.0190000000000006,4.165848871442589,1.0190000000000006,down,down,0.9968,1
575,17:58:52.995294,4.173,1.1205000000000005,3.724230254350734,1.1205000000000005,down,down,0.9968,1
576,17:58:53.009372,4.3485,1.2025,3.616216216216216,1.2025,down,down,0.9687,1
577,17:58:53.021873,4.4275,1.2550000000000003,3.5278884462151385,1.2550000000000003,down,down,0.9865,1
578,17:58:53.034323,4.403500000000001,1.279,3.44292415949961,1.279,down,down,0.9939,1
579,17:58:53.046098,3.621000000000001,1.227999999999999,2.948697068403911,1.227999999999999,down,down,0.9627,1
580,17:58:53.053307,2.7220000000000004,1.2144999999999997,2.2412515438452045,1.2144999999999997,down,down,0.9971,1
581,17:58:53.066760,2.2840000000000007,1.1499999999999992,1.986086956521741,1.1499999999999992,down,down,0.9975,1
582,17:58:53.102094,2.0170000000000003,1.0959999999999994,1.840328467153286,1.0959999999999994,down,down,0.9972,1
583,17:58:53.102094,2.264,1.0674999999999997,2.1208430913348955,1.0674999999999997,down,down,0.9977,1
584,17:58:53.139749,2.3575000000000004,1.0440000000000005,2.2581417624521065,1.0440000000000005,down,down,0.9977,1
585,17:58:53.152800,2.3995000000000006,1.0294999999999994,2.330743079164645,1.0294999999999994,down,down,0.9979,1
586,17:58:53.154673,2.4545000000000003,1.032,2.378391472868217,1.032,down,down,0.992,1
587,17:58:53.154673,2.3294999999999995,1.0809999999999995,2.154949121184089,1.0809999999999995,down,down,0.9963,1
588,17:58:53.154673,2.3834999999999993,1.1215000000000004,2.1252786446723126,1.1215000000000004,down,down,0.9956,1
589,17:58:53.156181,2.0839999999999996,1.1995000000000011,1.7373905794080848,1.1995000000000011,down,down,0.9901,1
590,17:58:53.168023,2.055499999999999,1.2575000000000005,1.634592445328031,1.2575000000000005,down,down,0.9956,1
591,17:58:53.179786,1.8484999999999996,1.3340000000000003,1.385682158920539,1.3340000000000003,down,down,0.9958,1
592,17:58:53.189515,1.7545000000000002,1.3769999999999996,1.2741466957153238,1.3769999999999996,down,down,0.9973,1
593,17:58:53.200946,1.689,1.3884999999999992,1.2164205977673757,1.3884999999999992,down,down,0.9981,1
594,17:58:53.214280,1.5725,1.3764999999999987,1.1423901198692346,1.3764999999999987,down,down,0.9943,1
595,17:58:53.225246,1.9660000000000004,1.2964999999999995,1.5163902815271897,1.2964999999999995,down,down,0.996,1
596,17:58:53.232064,2.4995000000000003,1.207999999999999,2.0691225165562934,1.207999999999999,down,down,0.9923,1
597,17:58:53.247214,2.910000000000001,1.0849999999999995,2.682027649769587,1.0849999999999995,down,down,0.9932,1
598,17:58:53.256325,2.9125000000000005,0.9899999999999992,2.941919191919195,0.9899999999999992,down,down,0.9169,1
599,17:58:53.271349,2.946,0.925999999999999,3.1814254859611264,0.925999999999999,up,down,0.9209,0
600,17:58:53.280330,2.6730000000000005,0.889,3.0067491563554563,0.889,down,down,0.9883,1
601,17:58:53.292002,2.709,0.8795000000000002,3.080159181353041,0.8795000000000002,down,down,0.9681,1
602,17:58:53.303177,3.122,0.8425000000000005,3.705637982195843,0.8425000000000005,down,down,0.9657,1
603,17:58:53.312805,3.463,0.8170000000000008,4.238678090575271,0.8170000000000008,down,down,0.9894,1
604,17:58:53.325253,3.6455,0.7945000000000008,4.5884203901825,0.7945000000000008,down,down,0.9771,1
605,17:58:53.336658,3.3815,0.8285000000000003,4.081472540736269,0.8285000000000003,down,down,0.8856,1
606,17:58:53.349396,2.8779999999999992,0.8280000000000008,3.4758454106280148,0.8280000000000008,down,down,0.9845,1
607,17:58:53.356812,2.7585,0.8850000000000001,3.1169491525423725,0.8850000000000001,down,down,0.9916,1
608,17:58:53.368231,2.782,0.9294999999999994,2.9930069930069947,0.9294999999999994,down,down,0.9823,1
609,17:58:53.382560,3.1975,0.9134999999999992,3.5002736726874697,0.9134999999999992,down,down,0.9909,1
610,17:58:53.389932,3.4519999999999995,0.8969999999999991,3.848383500557417,0.8969999999999991,down,down,0.9551,1
611,17:58:53.399899,3.9125,0.8739999999999994,4.476544622425632,0.8739999999999994,down,down,0.9971,1
612,17:58:53.410721,3.721,0.8969999999999999,4.148272017837236,0.8969999999999999,down,down,0.9787,1
613,17:58:53.426588,3.1775,0.8805,3.608745031232255,0.8805,up,down,0.5232,0
614,17:58:53.438093,2.9530000000000003,0.8809999999999996,3.351872871736665,0.8809999999999996,down,down,0.9711,1
615,17:58:53.447763,2.95,0.8779999999999994,3.359908883826882,0.8779999999999994,down,down,0.9859,1
616,17:58:53.460110,2.8225,0.9124999999999992,3.09315068493151,0.9124999999999992,down,down,0.9859,1
617,17:58:53.467794,2.786,0.9420000000000002,2.957537154989384,0.9420000000000002,down,down,0.993,1
618,17:58:53.484048,2.7985,0.9295000000000008,3.010758472296931,0.9295000000000008,down,down,0.9503,1
619,17:58:53.493285,2.482,0.9615000000000008,2.581383255330211,0.9615000000000008,down,down,0.9926,1
620,17:58:53.504853,2.4204999999999997,0.9720000000000006,2.490226337448558,0.9720000000000006,down,down,0.9952,1
621,17:58:53.516694,1.897,0.9744999999999996,1.94663930220626,0.9744999999999996,down,down,0.9967,1
622,17:58:53.530386,1.8005000000000002,0.9769999999999996,1.8428863868986705,0.9769999999999996,down,down,0.9958,1
623,17:58:53.536180,1.91,1.0209999999999997,1.870714985308522,1.0209999999999997,down,down,0.9954,1
624,17:58:53.543835,1.89,1.0494999999999997,1.8008575512148648,1.0494999999999997,down,down,0.9972,1
625,17:58:53.562606,1.7515,1.0214999999999996,1.7146353401860015,1.0214999999999996,down,down,0.9972,1
626,17:58:53.573576,1.675,0.9894999999999996,1.692774128347651,0.9894999999999996,down,down,0.9965,1
627,17:58:53.582980,1.6425,0.9464999999999996,1.7353407290015854,0.9464999999999996,down,down,0.9974,1
628,17:58:53.593407,1.65,0.9499999999999992,1.736842105263159,0.9499999999999992,down,down,0.9965,1
629,17:58:53.607581,1.5250000000000004,0.9139999999999994,1.668490153172868,0.9139999999999994,down,down,0.9956,1
630,17:58:53.619375,1.2605000000000002,0.8954999999999991,1.4075935231714145,0.8954999999999991,down,down,0.9971,1
631,17:58:53.626763,1.129,0.833999999999999,1.3537170263788985,0.833999999999999,down,down,0.9976,1
632,17:58:53.640665,1.0185,0.7759999999999991,1.312500000000001,0.7759999999999991,down,down,0.9985,1
633,17:58:53.652068,1.3279999999999998,0.7289999999999992,1.821673525377231,0.7289999999999992,down,down,0.9975,1
634,17:58:53.663055,2.032,0.7004999999999996,2.9007851534618148,0.7004999999999996,down,down,0.9958,1
635,17:58:53.673481,2.283,0.743,3.072678331090175,0.743,down,down,0.996,1
636,17:58:53.685414,2.1785,0.7484999999999999,2.910487641950568,0.7484999999999999,down,down,0.9913,1
637,17:58:53.694375,2.068,0.7594999999999998,2.722843976300198,0.7594999999999998,down,down,0.9936,1
638,17:58:53.709939,2.4814999999999996,0.7575000000000003,3.2759075907590742,0.7575000000000003,down,down,0.9854,1
639,17:58:53.715398,2.81,0.7964999999999997,3.527934714375394,0.7964999999999997,down,down,0.9833,1
640,17:58:53.730458,3.3319999999999994,0.7859999999999999,4.239185750636132,0.7859999999999999,down,down,0.9923,1
641,17:58:53.741292,3.824500000000001,0.8265,4.6273442226255295,0.8265,down,down,0.9973,1
642,17:58:53.750000,3.794,0.857,4.427071178529754,0.857,down,down,0.993,1
643,17:58:53.760166,3.4985,0.8305,4.212522576760987,0.8305,down,down,0.988,1
644,17:58:53.774916,3.7075,0.8029999999999994,4.617061021170613,0.8029999999999994,down,down,0.9967,1
645,17:58:53.788133,4.901999999999999,0.7704999999999999,6.36210253082414,0.7704999999999999,down,down,0.9938,1
646,17:58:53.795426,5.911,0.7880000000000003,7.501269035532992,0.7880000000000003,down,down,0.9966,1
647,17:58:53.808660,6.098999999999999,0.8115000000000002,7.515711645101661,0.8115000000000002,down,down,0.9955,1
648,17:58:53.820045,6.2124999999999995,0.8445000000000007,7.356423919478975,0.8445000000000007,down,down,0.993,1
649,17:58:53.833149,6.531999999999999,0.8685000000000016,7.52101324122048,0.8685000000000016,down,down,0.9905,1
650,17:58:53.840273,6.3865,0.9190000000000011,6.949401523394986,0.9190000000000011,down,down,0.9893,1
651,17:58:53.853207,6.068499999999999,0.9480000000000012,6.40137130801687,0.9480000000000012,down,down,0.9833,1
652,17:58:53.859343,6.3025,0.9645000000000004,6.53447382063245,0.9645000000000004,down,down,0.9882,1
653,17:58:53.877427,6.3255,1.0134999999999998,6.241243216576222,1.0134999999999998,down,down,0.9933,1
654,17:58:53.880072,5.6795,0.9945000000000008,5.710910005027648,0.9945000000000008,down,down,0.9965,1
655,17:58:53.898652,4.810499999999999,0.964,4.990145228215766,0.964,up,down,0.9854,0
656,17:58:53.910868,4.398999999999999,0.9234999999999992,4.763400108283706,0.9234999999999992,down,down,0.9854,1
657,17:58:53.922774,4.020499999999999,0.8829999999999991,4.553227633069087,0.8829999999999991,down,down,0.9925,1
658,17:58:53.931270,3.5124999999999993,0.8429999999999985,4.166666666666673,0.8429999999999985,down,down,0.9936,1
659,17:58:53.943159,2.8894999999999995,0.8144999999999986,3.547575199508907,0.8144999999999986,down,down,0.9891,1
660,17:58:53.954203,2.502499999999999,0.8004999999999984,3.1261711430356076,0.8004999999999984,down,down,0.9849,1
661,17:58:53.968357,2.3644999999999996,0.7434999999999985,3.180228648285144,0.7434999999999985,down,down,0.9923,1
662,17:58:53.974526,2.3364999999999996,0.6949999999999992,3.3618705035971255,0.6949999999999992,down,down,0.996,1
663,17:58:53.987140,2.5184999999999995,0.6105000000000004,4.125307125307122,0.6105000000000004,down,down,0.8687,1
664,17:58:53.999824,2.480999999999999,0.5669999999999995,4.3756613756613785,0.5669999999999995,down,down,0.9889,1
665,17:58:54.011354,2.4664999999999995,0.5364999999999999,4.5973904939422185,0.5364999999999999,down,down,0.9664,1
666,17:58:54.018550,2.501499999999999,0.53,4.719811320754715,0.53,down,down,0.9679,1
667,17:58:54.030415,3.1074999999999995,0.5304999999999996,5.857681432610748,0.5304999999999996,down,down,0.9952,1
668,17:58:54.045606,3.8025,0.4939999999999998,7.697368421052635,0.4939999999999998,down,down,0.9989,1
669,17:58:54.058069,4.023499999999999,0.4774999999999995,8.426178010471212,0.4774999999999995,down,down,0.9971,1
670,17:58:54.062032,4.350499999999999,0.4225000000000001,10.297041420118338,0.4225000000000001,down,down,0.9989,1
671,17:58:54.078595,4.811,0.4295000000000005,11.201396973224666,0.4295000000000005,down,down,0.9987,1
672,17:58:54.090420,4.586,0.4500000000000003,10.191111111111104,0.4500000000000003,down,down,0.9668,1
673,17:58:54.097563,4.481999999999999,0.5294999999999999,8.46458923512748,0.5294999999999999,down,down,0.9962,1
674,17:58:54.111068,4.5104999999999995,0.6365000000000002,7.086410054988214,0.6365000000000002,down,down,0.9951,1
675,17:58:54.123954,4.334,0.6905000000000001,6.2766111513396075,0.6905000000000001,down,down,0.9952,1
676,17:58:54.134197,4.902500000000001,0.7200000000000003,6.809027777777776,0.7200000000000003,down,down,0.9922,1
677,17:58:54.144768,5.934,0.6835000000000004,8.68178493050475,0.6835000000000004,down,down,0.9967,1
678,17:58:54.156843,6.784000000000001,0.6895000000000003,9.83901377810007,0.6895000000000003,down,down,0.9906,1
679,17:58:54.164748,7.528,0.6395000000000003,11.771696637998431,0.6395000000000003,down,down,0.8753,1
680,17:58:54.180239,7.514,0.6440000000000001,11.667701863354036,0.6440000000000001,up,down,0.6698,0
681,17:58:54.189384,7.173000000000002,0.6585000000000001,10.892938496583144,0.6585000000000001,down,down,0.9418,1
682,17:58:54.201002,7.341500000000001,0.6789999999999999,10.812223858615614,0.6789999999999999,down,down,0.9402,1
683,17:58:54.212907,7.290000000000001,0.6999999999999996,10.414285714285722,0.6999999999999996,down,down,0.965,1
684,17:58:54.226531,7.056,0.6634999999999998,10.634513941220805,0.6634999999999998,down,down,0.9452,1
685,17:58:54.233465,6.7405,0.6679999999999996,10.090568862275456,0.6679999999999996,down,down,0.9915,1
686,17:58:54.245360,5.569,0.6204999999999998,8.975020145044322,0.6204999999999998,down,down,0.9904,1
687,17:58:54.258795,4.187,0.6344999999999998,6.598896769109537,0.6344999999999998,down,down,0.9954,1
688,17:58:54.268906,2.7990000000000004,0.6535,4.28309104820199,0.6535,down,down,0.9841,1
689,17:58:54.277316,2.1960000000000006,0.7140000000000001,3.075630252100841,0.7140000000000001,down,down,0.9684,1
690,17:58:54.291089,2.148000000000001,0.7670000000000001,2.8005215123859193,0.7670000000000001,down,down,0.9935,1
691,17:58:54.304034,2.5435000000000003,0.8074999999999999,3.149845201238391,0.8074999999999999,down,down,0.9551,1
692,17:58:54.313918,2.8445000000000005,0.825,3.4478787878787887,0.825,down,down,0.9789,1
693,17:58:54.321428,2.9985,0.7699999999999999,3.894155844155845,0.7699999999999999,down,down,0.9714,1
694,17:58:54.337129,3.4685,0.7529999999999998,4.6062416998672,0.7529999999999998,down,down,0.9944,1
695,17:58:54.349183,3.426499999999999,0.7329999999999999,4.67462482946794,0.7329999999999999,down,down,0.9824,1
696,17:58:54.360490,3.5700000000000003,0.7714999999999996,4.627349319507456,0.7714999999999996,down,down,0.9581,1
697,17:58:54.369490,3.2340000000000004,0.8034999999999997,4.0248911014312405,0.8034999999999997,down,down,0.9418,1
698,17:58:54.380196,3.5465000000000004,0.7794999999999999,4.549711353431689,0.7794999999999999,down,down,0.9952,1
699,17:58:54.393676,4.1655,0.7515000000000001,5.542914171656686,0.7515000000000001,down,down,0.996,1
700,17:58:54.404807,4.7204999999999995,0.6644999999999996,7.103837471783299,0.6644999999999996,down,down,0.9902,1
701,17:58:54.414577,4.5344999999999995,0.5839999999999996,7.764554794520552,0.5839999999999996,down,down,0.9949,1
702,17:58:54.426486,4.1739999999999995,0.4834999999999997,8.632885211995868,0.4834999999999997,down,down,0.9951,1
703,17:58:54.439327,4.0165,0.4615000000000002,8.703141928494038,0.4615000000000002,down,down,0.9977,1
704,17:58:54.450831,3.832500000000001,0.4130000000000002,9.279661016949149,0.4130000000000002,down,down,0.9897,1
705,17:58:54.460229,4.352,0.3900000000000005,11.158974358974344,0.3900000000000005,down,down,0.9996,1
706,17:58:54.470421,4.902,0.3380000000000006,14.50295857988163,0.3380000000000006,down,down,0.9996,1
707,17:58:54.482971,5.572,0.2635000000000008,21.146110056925927,0.2635000000000008,down,down,0.9996,1
708,17:58:54.491528,5.423,0.2590000000000003,20.93822393822391,0.2590000000000003,down,down,0.9996,1
709,17:58:54.502674,4.772,0.2245000000000001,21.256124721603555,0.2245000000000001,down,down,0.9987,1
710,17:58:54.509957,4.01,0.2655000000000004,15.103578154425586,0.2655000000000004,down,down,0.9991,1
711,17:58:54.526427,4.297000000000001,0.3150000000000005,13.64126984126982,0.3150000000000005,down,down,0.9988,1
712,17:58:54.530972,4.5550000000000015,0.3615000000000005,12.600276625172876,0.3615000000000005,down,down,0.9987,1
713,17:58:54.548509,4.7295,0.4115000000000005,11.49331713244227,0.4115000000000005,down,down,0.9938,1
714,17:58:54.561185,4.414,0.5000000000000003,8.827999999999994,0.5000000000000003,down,down,0.9884,1
715,17:58:54.572829,3.8435,0.5665000000000002,6.784642541924093,0.5665000000000002,down,down,0.9858,1
716,17:58:54.579899,3.146,0.6585000000000004,4.777524677296884,0.6585000000000004,down,down,0.8951,1
717,17:58:54.593303,2.5625000000000004,0.7709999999999997,3.3236057068741913,0.7709999999999997,up,down,0.6703,0
718,17:58:54.606185,2.227,0.8465000000000004,2.6308328411104536,0.8465000000000004,down,down,0.9909,1
719,17:58:54.614812,2.1255,0.9300000000000004,2.285483870967741,0.9300000000000004,down,down,0.9913,1
720,17:58:54.625502,2.371,0.9280000000000002,2.554956896551724,0.9280000000000002,down,down,0.9973,1
721,17:58:54.639556,2.0705000000000005,0.8995000000000004,2.30183435241801,0.8995000000000004,down,down,0.998,1
722,17:58:54.649229,2.26,0.8970000000000006,2.5195094760312133,0.8970000000000006,down,down,0.9989,1
723,17:58:54.663591,2.66,0.8755000000000003,3.0382638492290113,0.8755000000000003,down,down,0.9854,1
724,17:58:54.671417,3.5080000000000005,0.8490000000000002,4.131919905771495,0.8490000000000002,down,down,0.9951,1
725,17:58:54.681704,4.273000000000001,0.7815000000000001,5.467690339091491,0.7815000000000001,down,down,0.9962,1
726,17:58:54.697145,4.691000000000001,0.7184999999999999,6.528879610299236,0.7184999999999999,down,down,0.9943,1
727,17:58:54.709388,4.629,0.6085000000000005,7.607230895645023,0.6085000000000005,down,down,0.9872,1
728,17:58:54.715629,4.786500000000001,0.5215,9.178331735378718,0.5215,down,down,0.9963,1
729,17:58:54.728859,4.747000000000002,0.4655000000000001,10.19763694951665,0.4655000000000001,down,down,0.9961,1
730,17:58:54.742139,4.4110000000000005,0.4735000000000003,9.315733896515306,0.4735000000000003,down,down,0.9972,1
731,17:58:54.754320,4.141000000000001,0.4935000000000002,8.39108409321175,0.4935000000000002,down,down,0.9949,1
732,17:58:54.761667,3.745000000000002,0.4824999999999999,7.761658031088088,0.4824999999999999,down,down,0.9949,1
733,17:58:54.772942,3.3885000000000005,0.473,7.163847780126851,0.473,down,down,0.9827,1
734,17:58:54.779901,2.7230000000000003,0.4580000000000002,5.945414847161571,0.4580000000000002,down,down,0.9834,1
735,17:58:54.798790,2.1815000000000007,0.4885000000000005,4.46571136131013,0.4885000000000005,down,down,0.9947,1
736,17:58:54.806282,1.9530000000000003,0.5130000000000006,3.807017543859646,0.5130000000000006,down,down,0.995,1
737,17:58:54.814873,2.0895,0.5405000000000001,3.86586493987049,0.5405000000000001,down,down,0.9939,1
738,17:58:54.831587,1.8985000000000003,0.5610000000000003,3.3841354723707653,0.5610000000000003,down,down,0.9941,1
739,17:58:54.839652,1.943,0.5195000000000001,3.740134744947064,0.5195000000000001,down,down,0.9597,1
740,17:58:54.848755,1.9660000000000004,0.4864999999999998,4.041109969167525,0.4864999999999998,down,down,0.9935,1
741,17:58:54.863886,2.164,0.4179999999999996,5.1770334928229715,0.4179999999999996,down,down,0.9934,1
742,17:58:54.873813,2.4715,0.3864999999999998,6.394566623544633,0.3864999999999998,down,down,0.996,1
743,17:58:54.881279,2.24,0.3544999999999998,6.318758815232725,0.3544999999999998,down,down,0.9987,1
744,17:58:54.897042,2.2715,0.3289999999999999,6.904255319148938,0.3289999999999999,down,down,0.999,1
745,17:58:54.908909,2.4915,0.2699999999999996,9.227777777777792,0.2699999999999996,down,down,0.9993,1
746,17:58:54.921855,2.2865,0.1979999999999993,11.547979797979837,0.1979999999999993,down,down,0.9989,1
747,17:58:54.930039,2.1845000000000003,0.1979999999999996,11.032828282828303,0.1979999999999996,down,down,0.9988,1
748,17:58:54.942667,2.2105,0.1744999999999997,12.667621776504316,0.1744999999999997,down,down,0.9988,1
749,17:58:54.954395,2.279,0.2239999999999998,10.17410714285715,0.2239999999999998,down,down,0.9983,1
750,17:58:54.965585,2.401,0.2864999999999998,8.380453752181504,0.2864999999999998,down,down,0.9987,1
751,17:58:54.975451,2.2529999999999997,0.3919999999999998,5.747448979591839,0.3919999999999998,up,down,0.9986,0
752,17:58:54.988068,1.9625,0.5009999999999998,3.917165668662676,0.5009999999999998,down,down,0.9937,1
753,17:58:54.998791,1.855,0.6045000000000001,3.068651778329197,0.6045000000000001,down,down,0.9954,1
754,17:58:55.007618,1.8365000000000005,0.6925000000000001,2.6519855595667874,0.6925000000000001,down,down,0.9952,1
755,17:58:55.017665,1.455500000000001,0.7480000000000004,1.9458556149732615,0.7480000000000004,down,down,0.9967,1
756,17:58:55.030080,1.4430000000000007,0.8065000000000004,1.7892126472411654,0.8065000000000004,down,down,0.9966,1
757,17:58:55.045291,1.4040000000000004,0.7845000000000006,1.7896749521988518,0.7845000000000006,down,down,0.9956,1
758,17:58:55.056799,1.3145000000000002,0.7895000000000003,1.6649778340721972,0.7895000000000003,down,down,0.9958,1
759,17:58:55.065343,1.2470000000000006,0.7405000000000002,1.6839972991222152,0.7405000000000002,down,down,0.9932,1
760,17:58:55.074604,1.1390000000000005,0.6845000000000002,1.6639883126369617,0.6845000000000002,down,down,0.9986,1
761,17:58:55.090546,1.2035000000000005,0.6245000000000005,1.927141713370696,0.6245000000000005,down,down,0.9987,1
762,17:58:55.101052,1.0145000000000004,0.5690000000000005,1.7829525483304034,0.5690000000000005,down,down,0.9982,1
763,17:58:55.111284,1.4065,0.5269999999999999,2.66888045540797,0.5269999999999999,down,down,0.9981,1
764,17:58:55.122464,1.487,0.4594999999999999,3.236126224156693,0.4594999999999999,down,down,0.9977,1
765,17:58:55.131519,1.6115,0.4554999999999996,3.5378704720087844,0.4554999999999996,down,down,0.9976,1
766,17:58:55.148059,1.7724999999999995,0.4094999999999998,4.328449328449329,0.4094999999999998,down,down,0.9977,1
767,17:58:55.156283,2.1605,0.4244999999999997,5.089517078916375,0.4244999999999997,down,down,0.975,1
768,17:58:55.163947,2.7045,0.4469999999999999,6.0503355704698,0.4469999999999999,down,down,0.8759,1
769,17:58:55.180455,2.7994999999999997,0.502,5.576693227091633,0.502,up,down,0.5558,0
770,17:58:55.191095,3.1975,0.5400000000000003,5.921296296296294,0.5400000000000003,up,down,0.9799,0
771,17:58:55.201372,3.5335,0.5344999999999999,6.61085126286249,0.5344999999999999,down,down,0.9939,1
772,17:58:55.213122,4.031499999999999,0.5209999999999997,7.738003838771597,0.5209999999999997,down,down,0.996,1
773,17:58:55.225894,3.792499999999999,0.4450000000000003,8.522471910112353,0.4450000000000003,down,down,0.9807,1
774,17:58:55.232526,3.903,0.4195000000000004,9.30393325387365,0.4195000000000004,down,down,0.9984,1
775,17:58:55.246396,4.067,0.3630000000000002,11.203856749311289,0.3630000000000002,down,down,0.9996,1
776,17:58:55.256989,4.366999999999999,0.3785000000000004,11.537648612945825,0.3785000000000004,down,down,0.9988,1
777,17:58:55.269930,5.2305,0.3950000000000006,13.241772151898711,0.3950000000000006,down,down,0.9982,1
778,17:58:55.278016,6.1225000000000005,0.4010000000000008,15.268079800498722,0.4010000000000008,down,down,0.9988,1
779,17:58:55.290260,7.258500000000001,0.4155000000000008,17.46931407942235,0.4155000000000008,down,down,0.9865,1
780,17:58:55.303427,7.903999999999999,0.3905000000000008,20.240717029449375,0.3905000000000008,down,down,0.9889,1
781,17:58:55.314905,7.6835,0.4015000000000007,19.136986301369827,0.4015000000000007,down,down,0.99,1
782,17:58:55.324513,7.3184999999999985,0.4040000000000006,18.11509900990096,0.4040000000000006,down,down,0.9795,1
783,17:58:55.334920,7.603999999999999,0.4585000000000001,16.584514721919298,0.4585000000000001,down,down,0.9771,1
784,17:58:55.348015,7.7174999999999985,0.4565000000000001,16.90580503833515,0.4565000000000001,down,down,0.9532,1
785,17:58:55.359442,7.787000000000001,0.457,17.039387308533918,0.457,down,down,0.971,1
786,17:58:55.367102,8.266,0.4489999999999998,18.40979955456571,0.4489999999999998,down,down,0.9812,1
787,17:58:55.380214,7.8675,0.4424999999999993,17.779661016949177,0.4424999999999993,down,down,0.9828,1
788,17:58:55.393143,6.977499999999999,0.434999999999999,16.040229885057503,0.434999999999999,down,down,0.9911,1
789,17:58:55.405987,5.460499999999999,0.3804999999999993,14.350854139290432,0.3804999999999993,down,down,0.9986,1
790,17:58:55.413720,4.609999999999999,0.3714999999999989,12.409152086137317,0.3714999999999989,down,down,0.9982,1
791,17:58:55.427169,4.557499999999999,0.3214999999999989,14.175738724727884,0.3214999999999989,down,down,0.9986,1
792,17:58:55.438094,4.8229999999999995,0.2954999999999991,16.321489001692097,0.2954999999999991,down,down,0.9988,1
793,17:58:55.447143,4.6915,0.2844999999999992,16.49033391915646,0.2844999999999992,down,down,0.9985,1
794,17:58:55.457788,4.252,0.322499999999999,13.184496124031046,0.322499999999999,down,down,0.9984,1
795,17:58:55.470053,4.058999999999999,0.3909999999999993,10.381074168797973,0.3909999999999993,down,down,0.9986,1
796,17:58:55.483359,3.166999999999999,0.4564999999999991,6.937568455640757,0.4564999999999991,down,down,0.9957,1
797,17:58:55.495767,2.3019999999999996,0.5054999999999993,4.553907022749758,0.5054999999999993,down,down,0.9859,1
798,17:58:55.502489,2.163499999999999,0.4904999999999994,4.4108053007135615,0.4904999999999994,down,down,0.9949,1
799,17:58:55.516634,2.7839999999999994,0.5034999999999992,5.529294935451845,0.5034999999999992,down,down,0.8261,1
800,17:58:55.526699,2.7879999999999994,0.5069999999999991,5.499013806706123,0.5069999999999991,down,down,0.9875,1
801,17:58:55.539342,3.0629999999999997,0.5519999999999996,5.548913043478264,0.5519999999999996,down,down,0.9065,1
802,17:58:55.547753,3.4244999999999997,0.5779999999999997,5.924740484429067,0.5779999999999997,down,down,0.9862,1
803,17:58:55.559405,3.117,0.5864999999999998,5.3145780051150915,0.5864999999999998,down,down,0.9953,1
804,17:58:55.574956,3.1005000000000003,0.5899999999999999,5.255084745762714,0.5899999999999999,down,down,0.9949,1
805,17:58:55.581789,2.999,0.5829999999999996,5.144082332761582,0.5829999999999996,down,down,0.9949,1
806,17:58:55.593942,3.425,0.5564999999999998,6.154537286612761,0.5564999999999998,down,down,0.9949,1
807,17:58:55.607723,3.7155,0.5249999999999998,7.07714285714286,0.5249999999999998,down,down,0.9966,1
808,17:58:55.615848,3.3670000000000018,0.4964999999999998,6.781470292044316,0.4964999999999998,down,down,0.9966,1
809,17:58:55.626850,2.985500000000001,0.4775,6.25235602094241,0.4775,down,down,0.9808,1
810,17:58:55.639149,2.8055000000000003,0.4480000000000002,6.262276785714283,0.4480000000000002,down,down,0.9873,1
811,17:58:55.652012,2.3320000000000003,0.4029999999999999,5.786600496277917,0.4029999999999999,down,down,0.9807,1
812,17:58:55.658239,1.7850000000000006,0.3694999999999998,4.830852503382954,0.3694999999999998,down,down,0.9992,1
813,17:58:55.669774,2.2375000000000003,0.3094999999999999,7.229402261712443,0.3094999999999999,down,down,0.9986,1
814,17:58:55.683844,2.328500000000001,0.2609999999999998,8.92145593869733,0.2609999999999998,down,down,0.9986,1
815,17:58:55.694788,2.1870000000000003,0.2315000000000001,9.447084233261336,0.2315000000000001,down,down,0.9987,1
816,17:58:55.708203,1.7675,0.1785000000000002,9.901960784313715,0.1785000000000002,down,down,0.9986,1
817,17:58:55.717863,1.5974999999999997,0.1525000000000002,10.475409836065555,0.1525000000000002,down,down,0.9988,1
818,17:58:55.727541,1.8714999999999993,0.1900000000000002,9.849999999999984,0.1900000000000002,down,down,0.9991,1
819,17:58:55.741318,1.683499999999999,0.1860000000000003,9.051075268817186,0.1860000000000003,down,down,0.9988,1
820,17:58:55.744535,2.0314999999999994,0.2015000000000002,10.08188585607939,0.2015000000000002,down,down,0.9984,1
821,17:58:55.761159,2.515499999999999,0.1970000000000002,12.769035532994904,0.1970000000000002,down,down,0.9984,1
822,17:58:55.774073,2.3844999999999996,0.1975000000000003,12.073417721518966,0.1975000000000003,down,down,0.9987,1
823,17:58:55.782784,2.0424999999999995,0.1980000000000002,10.315656565656552,0.1980000000000002,down,down,0.999,1
824,17:58:55.798263,2.0324999999999993,0.2030000000000003,10.012315270935945,0.2030000000000003,down,down,0.9984,1
825,17:58:55.807533,2.05,0.2085,9.832134292565945,0.2085,down,down,0.9991,1
826,17:58:55.814099,2.0869999999999997,0.2545000000000001,8.20039292730844,0.2545000000000001,down,down,0.9984,1
827,17:58:55.829943,2.3135,0.2950000000000001,7.84237288135593,0.2950000000000001,down,down,0.9988,1
828,17:58:55.844354,1.9905,0.2905000000000001,6.851979345955248,0.2905000000000001,down,down,0.9991,1
829,17:58:55.851234,2.0315000000000003,0.3254999999999999,6.241167434715825,0.3254999999999999,down,down,0.9969,1
830,17:58:55.862138,1.7090000000000003,0.3034999999999998,5.630971993410219,0.3034999999999998,down,down,0.9975,1
831,17:58:55.875612,1.3205000000000005,0.3169999999999998,4.16561514195584,0.3169999999999998,down,down,0.9988,1
832,17:58:55.889166,1.469,0.3039999999999997,4.832236842105268,0.3039999999999997,down,down,0.9993,1
833,17:58:55.896990,1.6299999999999997,0.3124999999999998,5.216000000000002,0.3124999999999998,down,down,0.9993,1
834,17:58:55.908381,1.531,0.3039999999999999,5.036184210526318,0.3039999999999999,down,down,0.9988,1
835,17:58:55.917666,1.7425000000000002,0.2675,6.514018691588784,0.2675,down,down,0.9996,1
836,17:58:55.933550,1.831,0.2404999999999999,7.613305613305616,0.2404999999999999,down,down,0.9996,1
837,17:58:55.942942,1.5815,0.1779999999999999,8.88483146067416,0.1779999999999999,down,down,0.9978,1
838,17:58:55.952385,1.7365,0.1699999999999999,10.214705882352945,0.1699999999999999,down,down,0.9995,1
839,17:58:55.966931,1.7224999999999997,0.1810000000000002,9.516574585635349,0.1810000000000002,down,down,0.9995,1
840,17:58:55.978639,1.8595,0.2525000000000002,7.364356435643558,0.2525000000000002,down,down,0.9997,1
841,17:58:55.988002,1.926,0.3280000000000003,5.871951219512191,0.3280000000000003,down,down,0.9995,1
842,17:58:56.021939,2.0774999999999997,0.3700000000000003,5.61486486486486,0.3700000000000003,down,down,0.9993,1
843,17:58:56.028469,2.0534999999999997,0.4155000000000003,4.94223826714801,0.4155000000000003,down,down,0.9914,1
844,17:58:56.062777,2.1509999999999994,0.4105000000000002,5.239951278928133,0.4105000000000002,down,down,0.9872,1
845,17:58:56.070527,2.096999999999999,0.4325000000000001,4.8485549132947945,0.4325000000000001,down,down,0.9967,1
846,17:58:56.072979,1.9219999999999993,0.4085000000000001,4.705018359853119,0.4085000000000001,down,down,0.9978,1
847,17:58:56.074984,2.0059999999999993,0.4270000000000001,4.69789227166276,0.4270000000000001,down,down,0.9968,1
848,17:58:56.074984,2.1939999999999995,0.4355,5.037887485648678,0.4355,down,down,0.9452,1
849,17:58:56.076992,2.3809999999999993,0.4274999999999999,5.569590643274854,0.4274999999999999,down,down,0.7579,1
850,17:58:56.088652,2.3099999999999996,0.4194999999999999,5.506555423122766,0.4194999999999999,down,down,0.8483,1
851,17:58:56.101438,2.4179999999999997,0.3689999999999998,6.552845528455288,0.3689999999999998,down,down,0.999,1
852,17:58:56.110236,2.274,0.3639999999999999,6.247252747252749,0.3639999999999999,down,down,0.999,1
853,17:58:56.121070,2.5714999999999995,0.3129999999999999,8.215654952076678,0.3129999999999999,down,down,0.9987,1
854,17:58:56.131619,2.5519999999999996,0.3264999999999999,7.816232771822359,0.3264999999999999,down,down,0.9991,1
855,17:58:56.147230,2.4379999999999997,0.3389999999999998,7.191740412979353,0.3389999999999998,down,down,0.999,1
856,17:58:56.152200,2.6260000000000003,0.384,6.838541666666667,0.384,down,down,0.9974,1
857,17:58:56.160110,3.219500000000001,0.3699999999999999,8.701351351351356,0.3699999999999999,down,down,0.9984,1
858,17:58:56.174788,3.4,0.3390000000000001,10.029498525073745,0.3390000000000001,down,down,0.9982,1
859,17:58:56.190363,3.3255000000000003,0.3020000000000001,11.011589403973506,0.3020000000000001,down,down,0.9986,1
860,17:58:56.200253,3.895000000000001,0.2375000000000001,16.399999999999988,0.2375000000000001,down,down,0.9985,1
861,17:58:56.210238,4.2625,0.216,19.733796296296298,0.216,down,down,0.9991,1
862,17:58:56.223989,4.064500000000001,0.2024999999999998,20.071604938271623,0.2024999999999998,down,down,0.9991,1
863,17:58:56.233076,3.567000000000001,0.2479999999999998,14.383064516129044,0.2479999999999998,down,down,0.9991,1
864,17:58:56.243936,3.8775000000000017,0.2914999999999999,13.301886792452835,0.2914999999999999,down,down,0.9984,1
865,17:58:56.257365,3.969000000000001,0.3264999999999999,12.156202143951004,0.3264999999999999,down,down,0.9985,1
866,17:58:56.269660,3.806500000000001,0.3644999999999997,10.443072702331971,0.3644999999999997,down,down,0.9986,1
867,17:58:56.280154,3.045500000000001,0.3829999999999997,7.951697127937346,0.3829999999999997,down,down,0.9984,1
868,17:58:56.291904,3.022500000000001,0.4029999999999997,7.500000000000007,0.4029999999999997,down,down,0.9944,1
869,17:58:56.298795,3.310500000000001,0.3924999999999997,8.434394904458607,0.3924999999999997,down,down,0.9987,1
870,17:58:56.314995,2.7895000000000008,0.4024999999999997,6.930434782608703,0.4024999999999997,down,down,0.9973,1
871,17:58:56.326213,2.3225000000000007,0.4124999999999998,5.630303030303034,0.4124999999999998,down,down,0.9788,1
872,17:58:56.335851,2.3620000000000005,0.4159999999999998,5.677884615384619,0.4159999999999998,down,down,0.9747,1
873,17:58:56.347453,2.6525000000000007,0.3704999999999998,7.159244264507428,0.3704999999999998,down,down,0.9974,1
874,17:58:56.358124,2.6465000000000005,0.3269999999999996,8.093272171253833,0.3269999999999996,down,down,0.999,1
875,17:58:56.371235,2.9805,0.2889999999999997,10.313148788927348,0.2889999999999997,down,down,0.999,1
876,17:58:56.379924,2.978,0.2539999999999997,11.72440944881891,0.2539999999999997,down,down,0.9991,1
877,17:58:56.393005,3.1855,0.2774999999999998,11.479279279279286,0.2774999999999998,down,down,0.9988,1
878,17:58:56.404128,2.795,0.2619999999999999,10.667938931297714,0.2619999999999999,down,down,0.9992,1
879,17:58:56.412349,2.4949999999999997,0.2694999999999997,9.257884972170697,0.2694999999999997,down,down,0.9991,1
880,17:58:56.425774,2.634,0.2869999999999996,9.177700348432069,0.2869999999999996,down,down,0.9976,1
881,17:58:56.438082,2.8985,0.2639999999999995,10.979166666666686,0.2639999999999995,down,down,0.9993,1
882,17:58:56.449913,3.0304999999999995,0.2489999999999995,12.170682730923716,0.2489999999999995,down,down,0.9991,1
883,17:58:56.457043,2.8234999999999997,0.2479999999999995,11.385080645161311,0.2479999999999995,down,down,0.9989,1
884,17:58:56.465029,2.5585,0.2449999999999997,10.442857142857154,0.2449999999999997,down,down,0.999,1
885,17:58:56.480186,2.15,0.2104999999999997,10.213776722090277,0.2104999999999997,down,down,0.999,1
886,17:58:56.492115,2.2009999999999996,0.1884999999999998,11.676392572944309,0.1884999999999998,down,down,0.9986,1
887,17:58:56.497645,2.1374999999999993,0.1399999999999998,15.267857142857157,0.1399999999999998,down,down,0.9989,1
888,17:58:56.513723,2.3015,0.1589999999999996,14.474842767295629,0.1589999999999996,down,down,0.9988,1
889,17:58:56.527076,2.2165,0.2004999999999999,11.054862842892772,0.2004999999999999,down,down,0.9991,1
890,17:58:56.539795,2.1719999999999997,0.1865,11.64611260053619,0.1865,down,down,0.999,1
891,17:58:56.548820,1.8069999999999993,0.2145000000000001,8.424242424242415,0.2145000000000001,down,down,0.9992,1
892,17:58:56.561276,1.9659999999999995,0.2430000000000001,8.090534979423863,0.2430000000000001,down,down,0.999,1
893,17:58:56.572708,2.2104999999999997,0.3065000000000001,7.21207177814029,0.3065000000000001,down,down,0.9987,1
894,17:58:56.584982,2.1544999999999996,0.3145000000000001,6.850556438791729,0.3145000000000001,down,down,0.9991,1
895,17:58:56.593186,2.1114999999999995,0.3505000000000002,6.024251069900137,0.3505000000000002,down,down,0.9991,1
896,17:58:56.605860,2.3129999999999997,0.3280000000000003,7.051829268292676,0.3280000000000003,down,down,0.9987,1
897,17:58:56.611839,2.501,0.3445000000000003,7.259796806966611,0.3445000000000003,down,down,0.9993,1
898,17:58:56.630283,2.6434999999999995,0.3505000000000004,7.542082738944354,0.3505000000000004,down,down,0.9952,1
899,17:58:56.638029,3.0254999999999996,0.3445000000000003,8.782293178519584,0.3445000000000003,down,down,0.995,1
900,17:58:56.649027,3.041,0.3830000000000003,7.939947780678844,0.3830000000000003,down,down,0.9961,1
901,17:58:56.660112,2.9305000000000008,0.3740000000000004,7.835561497326197,0.3740000000000004,down,down,0.9982,1
902,17:58:56.667726,2.575500000000001,0.3570000000000004,7.214285714285709,0.3570000000000004,down,down,0.9989,1
903,17:58:56.683306,2.1265,0.3305000000000003,6.434190620272308,0.3305000000000003,down,down,0.9985,1
904,17:58:56.695803,2.269000000000001,0.3495000000000002,6.492131616595133,0.3495000000000002,down,down,0.9993,1
905,17:58:56.707586,2.2905000000000006,0.3190000000000003,7.180250783699055,0.3190000000000003,down,down,0.9988,1
906,17:58:56.713675,2.4280000000000004,0.3330000000000002,7.291291291291288,0.3330000000000002,down,down,0.999,1
907,17:58:56.726996,2.5050000000000003,0.3110000000000001,8.05466237942122,0.3110000000000001,down,down,0.9992,1
908,17:58:56.741000,2.245,0.2944999999999999,7.623089983022075,0.2944999999999999,down,down,0.9986,1
909,17:58:56.753201,1.7940000000000005,0.249,7.2048192771084345,0.249,down,down,0.999,1
910,17:58:56.761662,1.5804999999999998,0.2119999999999999,7.455188679245285,0.2119999999999999,down,down,0.9989,1
911,17:58:56.774155,1.7784999999999995,0.1939999999999999,9.167525773195877,0.1939999999999999,down,down,0.9994,1
912,17:58:56.780339,1.8545,0.1884999999999999,9.838196286472147,0.1884999999999999,down,down,0.9985,1
913,17:58:56.798102,2.0204999999999997,0.1949999999999999,10.361538461538464,0.1949999999999999,down,down,0.9993,1
914,17:58:56.806742,1.818,0.2134999999999998,8.515222482435606,0.2134999999999998,down,down,0.9985,1
915,17:58:56.816821,1.769,0.2859999999999996,6.185314685314695,0.2859999999999996,down,down,0.9974,1
916,17:58:56.831220,1.356,0.3459999999999995,3.919075144508676,0.3459999999999995,down,down,0.9985,1
917,17:58:56.839076,1.3504999999999998,0.3704999999999995,3.645074224021597,0.3704999999999995,down,down,0.9993,1
918,17:58:56.850023,1.5219999999999998,0.3734999999999998,4.07496653279786,0.3734999999999998,down,down,0.9991,1
919,17:58:56.864125,2.0414999999999996,0.4049999999999997,5.040740740740744,0.4049999999999997,down,down,0.9966,1
920,17:58:56.873341,2.6359999999999997,0.423,6.231678486997635,0.423,down,down,0.9684,1
921,17:58:56.882036,2.6629999999999994,0.4604999999999998,5.7828447339848,0.4604999999999998,down,down,0.9857,1
922,17:58:56.896641,2.6329999999999996,0.4795,5.4911366006256515,0.4795,down,down,0.5878,1
923,17:58:56.907353,2.4764999999999993,0.4810000000000002,5.148648648648645,0.4810000000000002,down,down,0.9857,1
924,17:58:56.919379,2.5999999999999996,0.4225000000000005,6.153846153846146,0.4225000000000005,up,up,0.5762,1
925,17:58:56.930070,3.068999999999999,0.3580000000000005,8.572625698324007,0.3580000000000005,down,down,0.9976,1
926,17:58:56.939901,3.601999999999999,0.2950000000000005,12.2101694915254,0.2950000000000005,down,down,0.9966,1
927,17:58:56.954808,3.2069999999999994,0.2710000000000004,11.833948339483372,0.2710000000000004,down,down,0.9991,1
928,17:58:56.965566,2.961999999999999,0.2725000000000003,10.869724770642186,0.2725000000000003,down,down,0.998,1
929,17:58:56.973888,2.720999999999999,0.2450000000000002,11.106122448979576,0.2450000000000002,down,down,0.9987,1
930,17:58:56.982633,2.8169999999999993,0.2150000000000002,13.102325581395332,0.2150000000000002,down,down,0.9986,1
931,17:58:56.999545,3.1314999999999995,0.1955000000000001,16.017902813299216,0.1955000000000001,down,down,0.9986,1
932,17:58:57.007951,3.187499999999999,0.1875,16.999999999999996,0.1875,down,down,0.9991,1
933,17:58:57.019871,3.220999999999999,0.1449999999999997,22.21379310344831,0.1449999999999997,down,down,0.9984,1
934,17:58:57.032296,3.248499999999999,0.1574999999999997,20.62539682539685,0.1574999999999997,down,down,0.9992,1
935,17:58:57.043480,2.7939999999999996,0.1774999999999997,15.740845070422552,0.1774999999999997,down,down,0.9989,1
936,17:58:57.051564,2.437,0.2019999999999999,12.064356435643566,0.2019999999999999,down,down,0.9985,1
937,17:58:57.063286,3.2355000000000005,0.2450000000000001,13.206122448979588,0.2450000000000001,down,down,0.9986,1
938,17:58:57.076518,3.458500000000001,0.2665000000000002,12.977485928705436,0.2665000000000002,down,down,0.9985,1
939,17:58:57.090323,3.1435000000000004,0.3120000000000001,10.075320512820513,0.3120000000000001,down,down,0.9982,1
940,17:58:57.096535,2.4524999999999997,0.355,6.908450704225351,0.355,down,down,0.998,1
941,17:58:57.110281,1.8994999999999995,0.3770000000000001,5.0384615384615365,0.3770000000000001,down,down,0.9991,1
942,17:58:57.122786,1.9619999999999995,0.3800000000000001,5.163157894736839,0.3800000000000001,down,down,0.9988,1
943,17:58:57.129938,2.2565,0.4110000000000003,5.490267639902672,0.4110000000000003,up,up,0.5348,1
944,17:58:57.140424,2.3289999999999997,0.3955000000000002,5.888748419721868,0.3955000000000002,down,down,0.9974,1
945,17:58:57.154812,2.3695,0.3640000000000001,6.5096153846153815,0.3640000000000001,down,down,0.9985,1
946,17:58:57.164514,2.5494999999999997,0.3335,7.644677661169414,0.3335,down,down,0.9967,1
947,17:58:57.175339,2.0345,0.3044999999999999,6.681444991789822,0.3044999999999999,down,down,0.9966,1
948,17:58:57.183222,1.9464999999999997,0.2754999999999999,7.065335753176044,0.2754999999999999,down,down,0.9971,1
949,17:58:57.199533,2.4125,0.2414999999999999,9.9896480331263,0.2414999999999999,down,down,0.9975,1
950,17:58:57.211211,2.9455000000000005,0.1934999999999998,15.222222222222236,0.1934999999999998,down,down,0.9988,1
951,17:58:57.220744,3.6275,0.1549999999999999,23.40322580645163,0.1549999999999999,down,down,0.9987,1
952,17:58:57.231098,3.6015,0.1299999999999999,27.70384615384616,0.1299999999999999,down,down,0.9986,1
953,17:58:57.244655,3.5244999999999997,0.1045,33.72727272727273,0.1045,down,down,0.999,1
954,17:58:57.256426,3.3169999999999993,0.1025,32.36097560975608,0.1025,down,down,0.9985,1
955,17:58:57.262046,3.361,0.11,30.554545454545437,0.11,down,down,0.999,1
956,17:58:57.276164,3.2550000000000003,0.121,26.900826446280977,0.121,down,down,0.9981,1
957,17:58:57.290673,3.0684999999999993,0.106,28.94811320754715,0.106,down,down,0.9982,1
958,17:58:57.297853,3.0685,0.1015,30.231527093596043,0.1015,down,down,0.9971,1
959,17:58:57.309102,2.6759999999999997,0.1105,24.217194570135735,0.1105,down,down,0.9978,1
960,17:58:57.322636,2.1439999999999997,0.1145000000000001,18.7248908296943,0.1145000000000001,down,down,0.9952,1
961,17:58:57.333716,1.8480000000000003,0.138,13.391304347826082,0.138,down,down,0.9978,1
962,17:58:57.339319,2.124,0.1285,16.529182879377434,0.1285,down,down,0.9986,1
963,17:58:57.355928,1.9405000000000008,0.129,15.042635658914731,0.129,down,down,0.9954,1
964,17:58:57.368324,1.988,0.1504999999999999,13.209302325581405,0.1504999999999999,down,down,0.9971,1
965,17:58:57.380597,2.8660000000000005,0.1404999999999999,20.39857651245553,0.1404999999999999,down,down,0.9987,1
966,17:58:57.388920,4.1025,0.1319999999999999,31.079545454545467,0.1319999999999999,down,down,0.9985,1
967,17:58:57.399617,5.3629999999999995,0.1454999999999999,36.85910652920964,0.1454999999999999,down,down,0.9987,1
968,17:58:57.412915,6.727499999999999,0.1389999999999998,48.399280575539606,0.1389999999999998,down,down,0.9974,1
969,17:58:57.423586,7.223000000000001,0.1224999999999999,58.96326530612247,0.1224999999999999,down,down,0.9973,1
970,17:58:57.431652,7.341499999999999,0.1234999999999999,59.44534412955468,0.1234999999999999,down,down,0.9963,1
971,17:58:57.444316,7.091499999999999,0.1149999999999999,61.66521739130437,0.1149999999999999,down,down,0.9974,1
972,17:58:57.455984,6.855499999999999,0.1139999999999999,60.13596491228071,0.1139999999999999,down,down,0.9947,1
973,17:58:57.464996,6.934,0.1184999999999999,58.51476793248947,0.1184999999999999,down,down,0.9951,1
974,17:58:57.478484,6.895999999999999,0.1004999999999999,68.61691542288557,0.1004999999999999,down,down,0.9954,1
975,17:58:57.491038,6.196,0.1155,53.64502164502163,0.1155,down,down,0.9985,1
976,17:58:57.501358,4.790500000000001,0.1075,44.56279069767442,0.1075,down,down,0.998,1
977,17:58:57.508293,3.693000000000001,0.1105,33.420814479638004,0.1105,down,down,0.9985,1
978,17:58:57.522827,2.1675000000000004,0.1049999999999999,20.64285714285715,0.1049999999999999,down,down,0.9971,1
979,17:58:57.530062,1.7655000000000003,0.1079999999999999,16.34722222222224,0.1079999999999999,down,down,0.9967,1
980,17:58:57.547209,1.7180000000000004,0.1259999999999999,13.63492063492065,0.1259999999999999,down,down,0.9968,1
981,17:58:57.556317,1.8905,0.1049999999999999,18.004761904761924,0.1049999999999999,down,down,0.9967,1
982,17:58:57.565718,1.8089999999999995,0.1234999999999999,14.647773279352233,0.1234999999999999,down,down,0.997,1
983,17:58:57.580539,1.7104999999999997,0.1069999999999999,15.98598130841122,0.1069999999999999,down,down,0.9968,1
984,17:58:57.591384,2.175,0.1269999999999999,17.12598425196851,0.1269999999999999,down,down,0.9969,1
985,17:58:57.599770,2.6799999999999993,0.1559999999999999,17.17948717948718,0.1559999999999999,down,down,0.9985,1
986,17:58:57.613681,2.700999999999999,0.2024999999999999,13.33827160493827,0.2024999999999999,down,down,0.9984,1
987,17:58:57.624881,2.420499999999999,0.2425,9.981443298969069,0.2425,down,down,0.998,1
988,17:58:57.634932,2.4379999999999997,0.3095,7.877221324717284,0.3095,down,down,0.9979,1
989,17:58:57.644914,2.776,0.3700000000000001,7.5027027027027,0.3700000000000001,down,down,0.998,1
990,17:58:57.658735,3.0814999999999997,0.4080000000000001,7.55269607843137,0.4080000000000001,down,down,0.9926,1
991,17:58:57.671528,2.9925,0.4635000000000001,6.45631067961165,0.4635000000000001,down,down,0.9945,1
992,17:58:57.678890,3.4555000000000007,0.4885,7.073694984646879,0.4885,down,down,0.9965,1
993,17:58:57.691278,3.5735,0.5320000000000001,6.717105263157893,0.5320000000000001,down,down,0.9969,1
994,17:58:57.702471,3.249,0.5455000000000001,5.956003666361136,0.5455000000000001,down,down,0.9965,1
995,17:58:57.716289,2.5435000000000008,0.535,4.754205607476637,0.535,down,down,0.9858,1
996,17:58:57.723101,2.7920000000000003,0.4885,5.715455475946776,0.4885,down,down,0.8046,1
997,17:58:57.735319,3.304,0.469,7.044776119402984,0.469,down,down,0.9833,1
998,17:58:57.748270,3.9724999999999993,0.419,9.480906921241049,0.419,down,down,0.9962,1
999,17:58:57.756011,3.6715,0.3955,9.283185840707963,0.3955,down,down,0.9969,1
1000,17:58:57.762040,3.2325000000000004,0.361,8.954293628808864,0.361,down,down,0.9963,1
1001,17:58:57.780311,3.0565,0.3485,8.770444763271161,0.3485,down,down,0.9962,1
1002,17:58:57.793342,2.537,0.308,8.237012987012987,0.308,down,down,0.9975,1
1003,17:58:57.799471,2.5095,0.275,9.125454545454543,0.275,down,down,0.9984,1
1004,17:58:57.813079,2.5635,0.264,9.71022727272727,0.264,down,down,0.9986,1
1005,17:58:57.825784,2.4794999999999994,0.2715000000000001,9.132596685082868,0.2715000000000001,down,down,0.9975,1
1006,17:58:57.839154,2.2975000000000003,0.2760000000000001,8.32427536231884,0.2760000000000001,down,down,0.9982,1
1007,18:03:24.114355,4.8020000000000005,114.7705,0.041840019865732,4.8020000000000005,yaw towards left,down,0.7694,0
1008,18:03:24.124287,7.071000000000001,231.7275,0.0305142894132116,7.071000000000001,yaw towards left,down,0.7373,0
1009,18:03:24.132270,10.308,346.72350000000006,0.0297297414221995,10.308,yaw towards left,yaw towards left,0.9803,1
1010,18:03:24.144971,13.3275,464.035,0.0287208938980895,13.3275,yaw towards left,yaw towards left,0.9592,1
1011,18:03:24.157723,15.2655,525.992,0.0290223045217417,15.2655,yaw towards left,yaw towards left,0.9936,1
1012,18:03:24.171655,15.206,528.3495,0.0287801918994907,15.206,yaw towards left,yaw towards left,0.9782,1
1013,18:03:24.182581,15.718,531.4,0.0295784719608581,15.718,yaw towards left,yaw towards left,0.9944,1
1014,18:03:24.191193,15.822500000000002,531.3875,0.029775822728235,15.822500000000002,yaw towards left,yaw towards left,0.9891,1
1015,18:03:24.203542,15.8265,533.198,0.0296822193631634,15.8265,yaw towards left,yaw towards left,0.9919,1
1016,18:03:24.215849,15.731,533.4065,0.0294915791239889,15.731,yaw towards left,yaw towards left,0.9774,1
1017,18:03:24.228372,12.7535,420.3665,0.03033900179962,12.7535,yaw towards left,yaw towards left,0.9908,1
1018,18:03:24.236720,10.4155,305.5875,0.0340835276312022,10.4155,yaw towards left,yaw towards left,0.9826,1
1019,18:03:24.248525,7.5615,190.8675,0.0396164878777162,7.5615,yaw towards left,down,0.7875,0
1020,18:03:24.261366,5.096500000000001,74.41149999999998,0.0684907574770029,5.096500000000001,yaw towards left,yaw towards left,0.9289,1
1021,18:03:24.271690,3.8624999999999994,13.11899999999996,0.2944203064257955,3.8624999999999994,yaw towards left,yaw towards left,0.6281,1
1022,18:03:24.283278,4.140499999999999,11.294499999999948,0.3665943600867695,4.140499999999999,yaw towards left,yaw towards left,0.9241,1
1023,18:03:24.294199,3.633999999999999,9.261499999999955,0.392377044755171,3.633999999999999,yaw towards left,yaw towards left,0.9823,1
1024,18:03:24.305498,3.282999999999999,9.499999999999975,0.3455789473684218,3.282999999999999,yaw towards left,yaw towards left,0.9865,1
1025,18:03:24.316768,3.3979999999999997,9.123499999999968,0.3724447854441838,3.3979999999999997,yaw towards left,yaw towards left,0.9883,1
1026,18:03:24.330397,3.317999999999999,9.411999999999988,0.3525286867828308,3.317999999999999,yaw towards left,yaw towards left,0.972,1
1027,18:03:24.336780,3.549499999999999,8.530500000000007,0.4160951878553421,3.549499999999999,yaw towards left,yaw towards left,0.9864,1
1028,18:03:24.349749,3.6414999999999993,7.167500000000018,0.5080572026508532,3.6414999999999993,yaw towards left,yaw towards left,0.9945,1
1029,18:03:24.362897,3.651499999999999,7.016500000000019,0.5204161619040817,3.651499999999999,yaw towards left,yaw towards left,0.9955,1
1030,18:03:24.374600,3.403499999999999,7.322000000000026,0.46483201311117,3.403499999999999,yaw towards left,yaw towards left,0.995,1
1031,18:03:24.383801,2.696999999999999,6.636500000000024,0.40638890981692,2.696999999999999,yaw towards left,yaw towards left,0.996,1
1032,18:03:24.394669,2.566,7.283500000000027,0.3523031509576427,2.566,yaw towards left,yaw towards left,0.9966,1
1033,18:03:24.408091,2.575,6.8860000000000126,0.3739471391228573,2.575,yaw towards left,yaw towards left,0.9958,1
1034,18:03:24.420719,3.644,7.130999999999995,0.5110082737343994,3.644,yaw towards left,yaw towards left,0.9859,1
1035,18:03:24.428812,3.5764999999999993,6.396500000000015,0.5591339013523007,3.5764999999999993,yaw towards left,yaw towards left,0.9959,1
1036,18:03:24.440835,4.211999999999999,6.0595000000000026,0.6951068570014023,4.211999999999999,yaw towards left,yaw towards left,0.9981,1
1037,18:03:24.448374,4.435999999999999,6.5554999999999835,0.6766837007093296,4.435999999999999,yaw towards left,yaw towards left,0.9982,1
1038,18:03:24.462747,4.241999999999999,5.735999999999967,0.739539748953979,4.241999999999999,yaw towards left,yaw towards left,0.998,1
1039,18:03:24.477428,3.7385,6.579499999999962,0.5682042708412526,3.7385,yaw towards left,yaw towards left,0.9966,1
1040,18:03:24.485328,3.3985,6.021999999999958,0.5643473928927306,3.3985,yaw towards left,yaw towards left,0.9958,1
1041,18:03:24.499528,3.486,6.354499999999962,0.5485876150759337,3.486,yaw towards left,yaw towards left,0.9968,1
1042,18:03:24.510000,3.433,5.901499999999965,0.5817165127509989,3.433,yaw towards left,yaw towards left,0.996,1
1043,18:03:24.516547,3.3529999999999993,5.361999999999989,0.6253263707571812,3.3529999999999993,yaw towards left,yaw towards left,0.9982,1
1044,18:03:24.530109,2.310999999999999,5.915000000000009,0.3907016060862207,2.310999999999999,yaw towards left,yaw towards left,0.9963,1
1045,18:03:24.542926,2.299499999999999,5.232500000000004,0.4394648829431433,2.299499999999999,yaw towards left,yaw towards left,0.9934,1
1046,18:03:24.554965,1.9054999999999993,5.921500000000014,0.3217934644937929,1.9054999999999993,yaw towards left,yaw towards left,0.9836,1
1047,18:03:24.567398,1.626999999999999,5.5290000000000195,0.2942665943208524,1.626999999999999,yaw towards left,yaw towards left,0.9831,1
1048,18:03:24.576293,1.0744999999999982,5.757000000000039,0.1866423484453692,1.0744999999999982,yaw towards left,yaw towards left,0.9908,1
1049,18:03:24.588688,1.2839999999999985,5.488500000000045,0.2339437004646056,1.2839999999999985,yaw towards left,yaw towards left,0.9751,1
1050,18:03:24.600269,1.3484999999999978,4.900500000000034,0.2751760024487273,1.3484999999999978,yaw towards left,yaw towards left,0.9832,1
1051,18:03:24.613403,1.8549999999999975,5.464000000000032,0.3394948755490458,1.8549999999999975,yaw towards left,yaw towards left,0.9911,1
1052,18:03:24.621272,2.509999999999997,4.81700000000003,0.5210712061448995,2.509999999999997,yaw towards left,yaw towards left,0.9941,1
1053,18:03:24.633572,2.8344999999999976,5.452500000000032,0.5198532783126971,2.8344999999999976,yaw towards left,yaw towards left,0.9963,1
1054,18:03:24.644124,2.768499999999998,4.609500000000002,0.6006074411541374,2.768499999999998,yaw towards left,yaw towards left,0.993,1
1055,18:03:24.657999,3.179499999999998,5.246000000000004,0.6060808234845588,3.179499999999998,yaw towards left,yaw towards left,0.9972,1
1056,18:03:24.668424,3.3869999999999982,4.6884999999999994,0.722405886744161,3.3869999999999982,yaw towards left,yaw towards left,0.9914,1
1057,18:03:24.676256,3.255999999999998,4.199000000000001,0.7754227196951649,3.255999999999998,yaw towards left,yaw towards left,0.9973,1
1058,18:03:24.691630,3.3119999999999985,4.603499999999985,0.7194525904203344,3.3119999999999985,yaw towards left,yaw towards left,0.9964,1
1059,18:03:24.694622,4.933499999999997,3.875999999999999,1.2728328173374608,3.875999999999999,yaw towards left,yaw towards left,0.9863,1
1060,18:03:24.714702,5.6374999999999975,4.218000000000006,1.3365339023233735,4.218000000000006,yaw towards left,yaw towards left,0.9901,1
1061,18:03:24.722968,5.180999999999998,3.79050000000002,1.3668381480015752,3.79050000000002,yaw towards left,yaw towards left,0.9995,1
1062,18:03:24.731142,4.9224999999999985,4.287500000000023,1.148104956268215,4.287500000000023,yaw towards left,yaw towards left,0.9969,1
1063,18:03:24.748877,4.705499999999999,3.7810000000000175,1.244512033853472,3.7810000000000175,yaw towards left,yaw towards left,0.9996,1
1064,18:03:24.758038,4.899499999999999,3.595500000000038,1.362675566680558,3.595500000000038,yaw towards left,yaw towards left,0.9996,1
1065,18:03:24.767812,4.706499999999999,3.5140000000000327,1.3393568582811484,3.5140000000000327,yaw towards left,yaw towards left,0.9995,1
1066,18:03:24.781593,4.697499999999998,3.4245000000000116,1.371733099722582,3.4245000000000116,yaw towards left,yaw towards left,0.9996,1
1067,18:03:24.793747,4.973999999999998,3.2700000000000045,1.52110091743119,3.2700000000000045,yaw towards left,yaw towards left,0.9996,1
1068,18:03:24.805782,5.056499999999999,2.663499999999999,1.8984418997559604,2.663499999999999,yaw towards left,yaw towards left,0.9994,1
1069,18:03:24.814026,3.5759999999999996,2.6549999999999954,1.3468926553672338,2.6549999999999954,yaw towards left,yaw towards left,0.9993,1
1070,18:03:24.824498,3.7205,2.716000000000008,1.369845360824738,2.716000000000008,yaw towards left,yaw towards left,0.9977,1
1071,18:03:24.831636,3.532,2.46550000000002,1.4325694585276705,2.46550000000002,yaw towards left,yaw towards left,0.9992,1
1072,18:03:24.850298,3.904,2.512000000000012,1.5541401273885276,2.512000000000012,yaw towards left,yaw towards left,0.9973,1
1073,18:03:24.862356,4.295,2.685500000000002,1.5993297337553516,2.685500000000002,yaw towards left,yaw towards left,0.9983,1
1074,18:03:24.871652,4.324,2.960500000000002,1.460564093903056,2.960500000000002,yaw towards left,yaw towards left,0.9994,1
1075,18:03:24.880485,4.1115,2.737999999999988,1.501643535427326,2.737999999999988,yaw towards left,yaw towards left,0.9991,1
1076,18:03:24.896523,4.248000000000001,2.8700000000000045,1.4801393728222978,2.8700000000000045,yaw towards left,yaw towards left,0.998,1
1077,18:03:24.907980,4.722,3.115000000000009,1.515890850722307,3.115000000000009,yaw towards left,yaw towards left,0.9955,1
1078,18:03:24.915035,5.28,3.429000000000019,1.5398075240594842,3.429000000000019,yaw towards left,yaw towards left,0.9995,1
1079,18:03:24.928927,4.8740000000000006,3.810500000000002,1.27909723133447,3.810500000000002,yaw towards left,yaw towards left,0.9983,1
1080,18:03:24.941238,4.275,3.756000000000017,1.138178913738014,3.756000000000017,yaw towards left,yaw towards left,0.9994,1
1081,18:03:24.952900,4.545,10.995499999999993,0.4133509162839346,4.545,yaw towards left,yaw towards left,0.9095,1
1082,18:03:24.960922,4.287,16.9125,0.2534811529933481,4.287,yaw towards left,yaw towards left,0.7623,1
1083,18:03:24.972650,3.906499999999999,22.297499999999992,0.1751990133423029,3.906499999999999,yaw towards left,yaw towards left,0.6646,1
1084,18:03:24.983336,3.857999999999999,26.655500000000007,0.1447356080358649,3.857999999999999,yaw towards left,yaw towards left,0.7072,1
1085,18:03:24.998858,3.861499999999999,28.369500000000016,0.1361144891520822,3.861499999999999,yaw towards left,yaw towards left,0.7682,1
1086,18:03:25.010155,3.3824999999999994,28.434000000000037,0.1189596961384256,3.3824999999999994,yaw towards left,yaw towards left,0.733,1
1087,18:03:25.015157,3.346,28.760500000000047,0.1163401192607915,3.346,yaw towards left,yaw towards left,0.6628,1
1088,18:03:25.030325,3.3005000000000004,29.067000000000053,0.1135480097705299,3.3005000000000004,yaw towards left,yaw towards left,0.6258,1
1089,18:03:25.043648,3.8680000000000008,29.31150000000007,0.1319618579738325,3.8680000000000008,yaw towards left,yaw towards left,0.5592,1
1090,18:03:25.055190,4.301500000000001,29.49550000000004,0.1458358054618499,4.301500000000001,yaw towards left,yaw towards left,0.6516,1
1091,18:03:25.062875,4.623500000000002,22.98000000000004,0.2011966927763269,4.623500000000002,yaw towards left,down,0.4633,0
1092,18:03:25.074931,4.209000000000001,17.100000000000044,0.2461403508771924,4.209000000000001,yaw towards left,yaw towards left,0.6116,1
1093,18:03:25.088314,4.383000000000002,12.729500000000051,0.3443183157233185,4.383000000000002,yaw towards left,down,0.8789,0
1094,18:03:25.093715,4.955000000000001,9.20600000000004,0.5382359330871148,4.955000000000001,yaw towards left,yaw towards left,0.5443,1
1095,18:03:25.106069,5.609000000000002,7.559500000000048,0.7419802897016954,5.609000000000002,yaw towards left,yaw towards left,0.9675,1
1096,18:03:25.121675,6.522000000000001,7.247000000000026,0.8999586035600908,6.522000000000001,yaw towards left,yaw towards left,0.9572,1
1097,18:03:25.134147,6.797500000000001,7.078500000000008,0.9603023239386866,6.797500000000001,yaw towards left,yaw towards left,0.9879,1
1098,18:03:25.143616,6.979500000000002,6.834999999999991,1.0211411850768122,6.834999999999991,yaw towards left,yaw towards left,0.9816,1
1099,18:03:25.149637,6.587000000000001,6.26099999999999,1.052068359686953,6.26099999999999,yaw towards left,yaw towards left,0.9746,1
1100,18:03:25.164300,5.922500000000001,6.5514999999999874,0.9039914523391608,5.922500000000001,yaw towards left,yaw towards left,0.9432,1
1101,18:03:25.177600,5.5920000000000005,5.7549999999999955,0.971676802780192,5.5920000000000005,yaw towards left,yaw towards left,0.9682,1
1102,18:03:25.189212,5.519499999999999,5.556999999999993,0.9932517545438196,5.519499999999999,yaw towards left,yaw towards left,0.9694,1
1103,18:03:25.200638,5.186999999999999,4.925,1.053197969543147,4.925,yaw towards left,yaw towards left,0.9712,1
1104,18:03:25.211313,5.708,4.958999999999992,1.1510385158298064,4.958999999999992,yaw towards left,yaw towards left,0.9685,1
1105,18:03:25.223363,6.448499999999998,11.163999999999987,0.5776155499820858,6.448499999999998,yaw towards left,yaw towards left,0.832,1
1106,18:03:25.235813,6.1934999999999985,17.305499999999984,0.3578919996532896,6.1934999999999985,yaw towards left,yaw towards left,0.7234,1
1107,18:03:25.246272,5.293999999999999,20.617999999999984,0.2567659326801825,5.293999999999999,yaw towards left,down,0.4789,0
1108,18:03:25.256082,4.4979999999999976,23.589499999999997,0.1906780559147077,4.4979999999999976,yaw towards left,yaw towards left,0.5056,1
1109,18:03:25.262552,4.746499999999998,25.452499999999965,0.1864846282290543,4.746499999999998,yaw towards left,yaw towards left,0.5372,1
1110,18:03:25.280376,4.909999999999998,25.19749999999997,0.1948606012501242,4.909999999999998,yaw towards left,down,0.4668,0
1111,18:03:25.291506,4.716999999999999,25.71149999999998,0.1834587635882777,4.716999999999999,yaw towards left,down,0.4576,0
1112,18:03:25.296986,5.0894999999999975,27.592499999999973,0.1844522968197881,5.0894999999999975,yaw towards left,yaw towards left,0.3874,1
1113,18:03:25.314086,5.125999999999999,28.967499999999973,0.1769569344955554,5.125999999999999,yaw towards left,up,0.5293,0
1114,18:03:25.322833,4.528499999999998,28.519999999999985,0.1587833099579243,4.528499999999998,yaw towards left,yaw towards left,0.6318,1
1115,18:03:25.334582,3.094999999999999,21.88499999999999,0.1414210646561572,3.094999999999999,yaw towards left,down,0.9058,0
1116,18:03:25.341247,2.4499999999999993,16.27349999999999,0.1505515101238209,2.4499999999999993,yaw towards left,yaw towards left,0.6918,1
1117,18:03:25.355448,2.6839999999999993,13.442499999999995,0.1996652408406174,2.6839999999999993,yaw towards left,down,0.8361,0
1118,18:03:25.372341,3.308999999999999,11.214999999999986,0.295051270619706,3.308999999999999,yaw towards left,yaw towards left,0.7443,1
1119,18:03:25.380953,3.194499999999999,10.646000000000004,0.3000657523952656,3.194499999999999,yaw towards left,yaw towards left,0.7965,1
1120,18:03:25.393559,3.0119999999999987,11.387999999999987,0.2644889357218126,3.0119999999999987,yaw towards left,yaw towards left,0.849,1
1121,18:03:25.403089,3.0364999999999984,12.711499999999978,0.2388781811745273,3.0364999999999984,yaw towards left,down,0.9239,0
1122,18:03:25.415351,2.994999999999999,10.99449999999997,0.2724089317385972,2.994999999999999,yaw towards left,yaw towards left,0.7891,1
1123,18:03:25.447773,3.081499999999999,16.74849999999998,0.1839866256679704,3.081499999999999,yaw towards left,yaw towards left,0.8118,1
1124,18:03:25.449014,2.615999999999999,22.96799999999997,0.1138975966562174,2.615999999999999,yaw towards left,yaw towards left,0.6771,1
1125,18:03:25.485576,2.7849999999999993,29.05499999999996,0.0958526931681295,2.7849999999999993,yaw towards left,up,0.7,0
1126,18:03:25.494942,2.825999999999999,33.84549999999998,0.0834970675569869,2.825999999999999,yaw towards left,up,0.4309,0
1127,18:03:25.496181,2.690499999999999,35.427499999999995,0.0759438289464398,2.690499999999999,yaw towards left,up,0.3714,0
1128,18:03:25.496181,2.145499999999999,36.4525,0.0588574171867498,2.145499999999999,yaw towards left,yaw towards left,0.5023,1
1129,18:03:25.496181,2.188999999999999,37.02600000000001,0.0591206179441473,2.188999999999999,yaw towards left,yaw towards left,0.4981,1
1130,18:03:25.504677,2.9345,39.27400000000003,0.0747186433772978,2.9345,yaw towards left,up,0.4421,0
1131,18:03:25.512203,5.0280000000000005,40.153000000000034,0.1252210295619255,5.0280000000000005,yaw towards left,up,0.3768,0
1132,18:03:25.530395,7.0015,41.71350000000005,0.1678473395903003,7.0015,yaw towards left,yaw towards right,0.3903,0
1133,18:03:25.542624,8.654,34.03050000000003,0.2543012885499769,8.654,yaw towards left,down,0.38,0
1134,18:03:25.549596,9.879499999999998,27.948000000000025,0.3534957778731927,9.879499999999998,yaw towards left,yaw towards left,0.628,1
1135,18:03:25.563893,11.0935,24.690000000000033,0.4493114621304165,11.0935,yaw towards left,yaw towards left,0.5756,1
1136,18:03:25.575039,11.434,20.75050000000003,0.5510228669188686,11.434,yaw towards left,yaw towards left,0.8798,1
1137,18:03:25.580354,11.598499999999998,22.045000000000005,0.5261283737809025,11.598499999999998,yaw towards left,yaw towards left,0.9651,1
1138,18:03:25.592443,11.5055,23.616000000000007,0.4871908875338752,11.5055,yaw towards left,yaw towards left,0.9052,1
1139,18:03:25.605916,11.364499999999998,25.452,0.4465071507150714,11.364499999999998,yaw towards left,yaw towards left,0.7462,1
1140,18:03:25.613648,10.7345,25.265499999999996,0.4248679028715046,10.7345,yaw towards left,yaw towards left,0.8353,1
1141,18:03:25.630143,9.336499999999996,24.599,0.379547949103622,9.336499999999996,yaw towards left,yaw towards left,0.8958,1
1142,18:03:25.640641,7.413999999999999,24.989499999999975,0.296684607535165,7.413999999999999,yaw towards left,yaw towards left,0.6427,1
1143,18:03:25.654387,6.483999999999997,26.401499999999988,0.2455921065090998,6.483999999999997,yaw towards left,down,0.4334,0
1144,18:03:25.664561,6.419499999999997,34.196000000000005,0.1877266346941161,6.419499999999997,yaw towards left,down,0.4788,0
1145,18:03:25.675229,6.868499999999997,38.91049999999999,0.1765204764780714,6.868499999999997,yaw towards left,down,0.5972,0
1146,18:03:25.685030,8.289999999999997,44.06699999999997,0.1881226314475685,8.289999999999997,yaw towards left,yaw towards right,0.4861,0
1147,18:03:25.692152,9.990999999999998,46.114499999999985,0.2166563662188682,9.990999999999998,yaw towards left,yaw towards left,0.595,1
1148,18:03:25.709065,11.8855,45.04499999999998,0.2638583638583639,11.8855,yaw towards left,yaw towards left,0.7389,1
1149,18:03:25.722358,12.9295,41.389499999999984,0.3123859916162313,12.9295,yaw towards left,yaw towards left,0.6339,1
1150,18:03:25.730218,12.864999999999998,38.06549999999997,0.3379700778920547,12.864999999999998,yaw towards left,yaw towards left,0.7927,1
1151,18:03:25.740644,12.6155,36.34799999999997,0.3470754924617588,12.6155,yaw towards left,yaw towards left,0.7688,1
1152,18:03:25.754720,12.171,33.84949999999998,0.3595621796481486,12.171,yaw towards left,yaw towards left,0.8364,1
1153,18:03:25.764085,11.3615,32.26799999999999,0.35209805379943,11.3615,yaw towards left,yaw towards right,0.3934,0
1154,18:03:25.776460,10.0155,23.625999999999976,0.4239185642935753,10.0155,yaw towards left,yaw towards left,0.9263,1
1155,18:03:25.788952,8.605,16.06099999999999,0.5357698773426316,8.605,yaw towards left,yaw towards left,0.9559,1
1156,18:03:25.799894,7.343000000000001,9.609000000000004,0.7641794151316472,7.343000000000001,yaw towards left,yaw towards left,0.9271,1
1157,18:03:25.812807,5.347500000000002,3.98950000000001,1.3403935330241858,3.98950000000001,yaw towards left,yaw towards left,0.8741,1
1158,18:03:25.821846,3.894000000000001,6.709000000000003,0.580414368758384,3.894000000000001,yaw towards left,yaw towards left,0.9603,1
1159,18:03:25.832924,2.9930000000000003,11.374000000000011,0.2631440126604534,2.9930000000000003,yaw towards left,yaw towards left,0.9247,1
1160,18:03:25.844837,2.9230000000000005,15.637000000000024,0.1869284389588793,2.9230000000000005,yaw towards left,yaw towards left,0.7973,1
1161,18:03:25.857827,2.5215000000000005,19.222500000000036,0.1311744049941472,2.5215000000000005,yaw towards left,yaw towards left,0.665,1
1162,18:03:25.865869,2.9955,21.077500000000043,0.1421183726722805,2.9955,yaw towards left,down,0.4971,0
1163,18:03:25.876161,3.9205,21.034500000000047,0.1863842734555131,3.9205,yaw towards left,yaw towards left,0.8983,1
1164,18:03:25.890304,4.1885,21.07150000000005,0.1987755973708559,4.1885,yaw towards left,yaw towards left,0.8705,1
1165,18:03:25.901611,3.9265,21.123500000000035,0.1858830212796171,3.9265,yaw towards left,yaw towards left,0.8201,1
1166,18:03:25.911893,3.51,21.00450000000003,0.1671070484896091,3.51,yaw towards left,yaw towards left,0.8804,1
1167,18:03:25.924725,5.249,20.995000000000015,0.2500119075970467,5.249,yaw towards left,yaw towards left,0.9138,1
1168,18:03:25.934956,6.391,16.05250000000001,0.398131132222395,6.391,yaw towards left,yaw towards left,0.969,1
1169,18:03:25.945430,6.827,11.993499999999994,0.5692249968733066,6.827,yaw towards left,yaw towards left,0.9621,1
1170,18:03:25.960835,7.007,8.68549999999998,0.8067468769788747,7.007,yaw towards left,yaw towards left,0.9851,1
1171,18:03:25.967783,7.6275,5.767499999999961,1.3224967490247164,5.767499999999961,yaw towards left,yaw towards left,0.9961,1
1172,18:03:25.980344,9.32,5.189499999999964,1.7959340976972855,5.189499999999964,yaw towards left,yaw towards left,0.9918,1
1173,18:03:25.993559,9.724,6.598499999999956,1.4736682579374198,6.598499999999956,yaw towards left,yaw towards left,0.996,1
1174,18:03:26.003950,9.776999999999996,8.082999999999947,1.2095756526042387,8.082999999999947,yaw towards left,yaw towards left,0.9976,1
1175,18:03:26.014551,10.013,9.623999999999956,1.040419783873654,9.623999999999956,yaw towards left,yaw towards left,0.9636,1
1176,18:03:26.026709,10.919,11.198499999999957,0.9750413001741344,10.919,yaw towards left,yaw towards left,0.9487,1
1177,18:03:26.031963,10.395,12.614999999999965,0.824019024970276,10.395,yaw towards left,yaw towards left,0.9243,1
1178,18:03:26.050783,9.1175,13.814999999999976,0.6599710459645325,9.1175,yaw towards left,yaw towards left,0.9789,1
1179,18:03:26.057885,8.318999999999999,14.828999999999985,0.5609953469552909,8.318999999999999,yaw towards left,yaw towards left,0.9735,1
1180,18:03:26.071723,8.683000000000002,15.502999999999997,0.5600851448106821,8.683000000000002,yaw towards left,yaw towards left,0.9742,1
1181,18:03:26.080275,8.9565,16.134499999999992,0.55511481607735,8.9565,yaw towards left,yaw towards left,0.9862,1
1182,18:03:26.094681,6.973500000000001,16.567999999999973,0.4209017382906816,6.973500000000001,yaw towards left,yaw towards left,0.9728,1
1183,18:03:26.105027,6.8405000000000005,16.965999999999987,0.4031887304019808,6.8405000000000005,yaw towards left,yaw towards left,0.9697,1
1184,18:03:26.116839,8.075500000000002,17.267999999999983,0.46765693768821,8.075500000000002,yaw towards left,yaw towards left,0.9608,1
1185,18:03:26.127746,8.114500000000001,17.465499999999984,0.4646016432395298,8.114500000000001,yaw towards left,yaw towards left,0.9769,1
1186,18:03:26.138190,7.2625,17.686499999999988,0.4106239222005487,7.2625,yaw towards left,yaw towards left,0.9495,1
1187,18:03:26.147472,6.1370000000000005,17.859999999999992,0.3436170212765959,6.1370000000000005,yaw towards left,yaw towards left,0.967,1
1188,18:03:26.162090,5.953,18.083999999999993,0.3291860207918604,5.953,yaw towards left,yaw towards left,0.9683,1
1189,18:03:26.174069,6.782999999999999,18.214999999999986,0.3723853966511119,6.782999999999999,yaw towards left,yaw towards left,0.969,1
1190,18:03:26.185471,6.194999999999999,18.401999999999976,0.3366481904140858,6.194999999999999,yaw towards left,yaw towards left,0.9686,1
1191,18:03:26.194304,5.690499999999999,18.500999999999976,0.3075779687584458,5.690499999999999,yaw towards left,yaw towards left,0.9608,1
1192,18:03:26.206276,5.5504999999999995,18.591999999999985,0.2985423838209985,5.5504999999999995,yaw towards left,yaw towards left,0.9601,1
1193,18:03:26.214753,5.309499999999999,18.699999999999974,0.2839304812834227,5.309499999999999,yaw towards left,yaw towards left,0.9778,1
1194,18:03:26.231213,4.5344999999999995,18.73249999999998,0.2420659281996532,4.5344999999999995,yaw towards left,yaw towards left,0.9587,1
1195,18:03:26.237760,4.206499999999999,18.813499999999987,0.2235894437504984,4.206499999999999,yaw towards left,yaw towards left,0.9338,1
1196,18:03:26.251082,4.343499999999999,18.777999999999984,0.2313079135158165,4.343499999999999,yaw towards left,yaw towards left,0.9343,1
1197,18:03:26.259789,5.197999999999999,18.779999999999983,0.2767838125665603,5.197999999999999,yaw towards left,yaw towards left,0.9685,1
1198,18:03:26.276055,5.056499999999999,18.721499999999992,0.2700905376171781,5.056499999999999,yaw towards left,yaw towards left,0.971,1
1199,18:03:26.282655,4.738999999999999,18.680499999999995,0.2536869998126388,4.738999999999999,yaw towards left,yaw towards left,0.9702,1
1200,18:03:26.296952,5.550999999999999,18.5875,0.2986415601882985,5.550999999999999,yaw towards left,yaw towards left,0.9653,1
1201,18:03:26.307957,6.257,18.450500000000012,0.3391236009864229,6.257,yaw towards left,yaw towards left,0.9514,1
1202,18:03:26.320286,6.7615,18.343500000000017,0.3686046828576876,6.7615,yaw towards left,yaw towards left,0.9692,1
1203,18:03:26.329951,6.5409999999999995,18.195000000000014,0.3594943665842261,6.5409999999999995,yaw towards left,yaw towards left,0.9434,1
1204,18:03:26.340820,6.6450000000000005,18.144000000000027,0.3662367724867719,6.6450000000000005,yaw towards left,yaw towards left,0.9315,1
1205,18:03:26.355029,7.373500000000002,18.087000000000025,0.4076684911815111,7.373500000000002,yaw towards left,yaw towards left,0.9532,1
1206,18:03:26.365488,7.5325000000000015,18.07000000000003,0.4168511344770332,7.5325000000000015,yaw towards left,yaw towards left,0.9643,1
1207,18:03:26.375106,6.480500000000001,18.041000000000032,0.3592095781830269,6.480500000000001,yaw towards left,yaw towards left,0.9497,1
1208,18:03:26.386708,6.612500000000002,17.937000000000033,0.3686513909795389,6.612500000000002,yaw towards left,yaw towards left,0.9534,1
1209,18:03:26.398978,6.604000000000002,17.858000000000025,0.3698062493000332,6.604000000000002,yaw towards left,yaw towards left,0.9518,1
1210,18:03:26.411801,6.1110000000000015,17.73300000000004,0.3446117408221952,6.1110000000000015,yaw towards left,yaw towards left,0.9049,1
1211,18:03:26.417789,4.968000000000002,17.68050000000004,0.2809875286332394,4.968000000000002,yaw towards left,yaw towards left,0.9534,1
1212,18:03:26.429960,4.639000000000001,17.55600000000003,0.2642401458190928,4.639000000000001,yaw towards left,yaw towards left,0.9367,1
1213,18:03:26.443631,3.975,17.43750000000002,0.2279569892473115,3.975,yaw towards left,yaw towards left,0.8849,1
1214,18:03:26.455949,3.841,17.28000000000002,0.2222800925925923,3.841,yaw towards left,yaw towards left,0.9293,1
1215,18:03:26.464282,3.3309999999999995,17.067000000000007,0.1951719692974745,3.3309999999999995,yaw towards left,yaw towards left,0.5814,1
1216,18:03:26.476436,2.8214999999999995,16.919000000000004,0.1667651752467639,2.8214999999999995,yaw towards left,down,0.6708,0
1217,18:03:26.489487,2.9749999999999996,16.7365,0.1777552056881665,2.9749999999999996,yaw towards left,down,0.7747,0
1218,18:03:26.501649,3.3489999999999993,16.63649999999999,0.2013043608932168,3.3489999999999993,yaw towards left,yaw towards left,0.6479,1
1219,18:03:26.509790,2.8369999999999993,16.494499999999995,0.1719967261814544,2.8369999999999993,yaw towards left,yaw towards left,0.6961,1
1220,18:03:26.522510,2.517499999999999,16.405999999999985,0.1534499573326832,2.517499999999999,yaw towards left,yaw towards left,0.6911,1
1221,18:03:26.530162,2.4289999999999994,16.29699999999998,0.1490458366570536,2.4289999999999994,yaw towards left,yaw towards left,0.8502,1
1222,18:03:26.546150,2.3259999999999996,16.214499999999987,0.1434518486539826,2.3259999999999996,yaw towards left,yaw towards left,0.8103,1
1223,18:03:26.555647,2.2709999999999995,16.154999999999994,0.1405756731662024,2.2709999999999995,yaw towards left,yaw towards left,0.5961,1
1224,18:03:26.565446,1.8659999999999997,16.070499999999992,0.1161133754394698,1.8659999999999997,yaw towards left,down,0.9655,0
1225,18:03:26.580144,3.2714999999999996,16.076999999999998,0.203489456988244,3.2714999999999996,yaw towards left,yaw towards left,0.7183,1
1226,18:03:26.590843,6.4335,16.002999999999997,0.4020183715553334,6.4335,yaw towards left,yaw towards left,0.8246,1
1227,18:03:26.602346,8.6465,16.018000000000008,0.5397989761518289,8.6465,yaw towards left,yaw towards left,0.951,1
1228,18:03:26.612529,9.4805,16.04050000000001,0.5910351921698199,9.4805,yaw towards left,yaw towards left,0.964,1
1229,18:03:26.624883,9.98,16.025000000000013,0.6227769110764426,9.98,yaw towards left,yaw towards left,0.9553,1
1230,18:03:26.631639,10.277,16.000500000000024,0.6422924283616128,10.277,yaw towards left,yaw towards left,0.9177,1
1231,18:03:26.649152,11.19,15.923500000000011,0.7027349514867958,11.19,yaw towards left,yaw towards left,0.9384,1
1232,18:03:26.657276,12.310999999999998,15.891500000000008,0.7746908724789977,12.310999999999998,yaw towards left,yaw towards left,0.9764,1
1233,18:03:26.666558,13.097,15.807000000000006,0.8285569684317071,13.097,yaw towards left,yaw towards left,0.984,1
1234,18:03:26.680010,13.3235,15.767999999999995,0.8449708269913752,13.3235,yaw towards left,yaw towards left,0.9492,1
1235,18:03:26.693009,11.6695,15.655499999999996,0.7453929928779025,11.6695,yaw towards left,yaw towards left,0.9311,1
1236,18:03:26.694769,8.888,15.571499999999991,0.5707863725395758,8.888,yaw towards left,yaw towards left,0.9844,1
1237,18:03:26.714987,6.899999999999999,15.421499999999993,0.4474272930648771,6.899999999999999,yaw towards left,yaw towards left,0.7925,1
1238,18:03:26.727400,5.542999999999999,15.239,0.3637377780694271,5.542999999999999,yaw towards left,yaw towards left,0.7037,1
1239,18:03:26.735327,5.3965,15.186000000000002,0.3553602001843803,5.3965,yaw towards left,yaw towards left,0.7431,1
1240,18:03:26.746249,5.59,15.105999999999996,0.3700516351118762,5.59,yaw towards left,yaw towards left,0.8253,1
1241,18:03:26.759627,5.419500000000001,15.071500000000004,0.3595859735261918,5.419500000000001,yaw towards left,yaw towards left,0.7985,1
1242,18:03:26.771415,5.174000000000001,14.987,0.3452325348635485,5.174000000000001,yaw towards left,yaw towards left,0.7659,1
1243,18:03:26.780238,5.319500000000001,14.881999999999994,0.3574452358553959,5.319500000000001,yaw towards left,yaw towards left,0.7067,1
1244,18:03:26.793098,5.3065000000000015,14.760000000000002,0.3595189701897019,5.3065000000000015,yaw towards left,yaw towards left,0.7696,1
1245,18:03:26.805564,5.412000000000001,14.646000000000004,0.3695206882425235,5.412000000000001,yaw towards left,yaw towards left,0.7674,1
1246,18:03:26.817595,4.9785,14.560500000000014,0.3419182033584008,4.9785,yaw towards left,yaw towards left,0.8478,1
1247,18:03:26.828982,4.6565,14.47700000000001,0.3216481315189609,4.6565,yaw towards left,yaw towards left,0.6877,1
1248,18:03:26.836374,4.745,14.440500000000007,0.3285897302724972,4.745,yaw towards left,yaw towards left,0.7412,1
1249,18:03:26.846659,4.3885,14.308000000000003,0.3067165222253284,4.3885,yaw towards left,yaw towards left,0.6012,1
1250,18:03:26.862587,4.07,14.230999999999996,0.2859953622373692,4.07,yaw towards left,down,0.8573,0
1251,18:03:26.874127,3.5025000000000004,14.177499999999998,0.2470463763004761,3.5025000000000004,yaw towards left,down,0.5168,0
1252,18:03:26.882151,2.864,14.121000000000004,0.2028184972735641,2.864,yaw towards left,down,0.5446,0
1253,18:03:26.893238,2.460500000000001,14.130000000000006,0.1741330502476999,2.460500000000001,yaw towards left,yaw towards left,0.7896,1
1254,18:03:26.906095,2.2395000000000005,14.105000000000008,0.1587734845799361,2.2395000000000005,yaw towards left,yaw towards left,0.6918,1
1255,18:03:26.912853,2.3945000000000007,14.140500000000008,0.169336303525335,2.3945000000000007,yaw towards left,yaw towards left,0.8555,1
1256,18:03:26.924095,2.8190000000000004,14.114499999999987,0.1997236884055406,2.8190000000000004,yaw towards left,yaw towards left,0.8197,1
1257,18:03:26.940056,2.9765,14.105499999999983,0.2110169791925138,2.9765,yaw towards left,yaw towards left,0.8824,1
1258,18:03:26.953087,3.1060000000000008,14.08599999999998,0.2205026267215679,3.1060000000000008,yaw towards left,yaw towards left,0.6797,1
1259,18:03:26.960083,3.3595000000000006,14.082499999999982,0.2385584945854788,3.3595000000000006,yaw towards left,yaw towards left,0.9302,1
1260,18:03:26.972470,3.4305000000000008,21.881999999999984,0.156772689882095,3.4305000000000008,yaw towards left,yaw towards left,0.9277,1
1261,18:03:26.984996,3.2665000000000006,28.462499999999977,0.1147650417215635,3.2665000000000006,yaw towards left,down,0.8097,0
1262,18:03:26.993197,2.8965000000000005,38.00999999999998,0.0762036306235201,2.8965000000000005,yaw towards left,yaw towards left,0.8431,1
1263,18:03:27.007848,2.3225,45.561999999999976,0.0509744962907686,2.3225,yaw towards left,yaw towards left,0.574,1
1264,18:03:27.017014,2.0905000000000005,69.47199999999997,0.0300912597881161,2.0905000000000005,yaw towards left,yaw towards left,0.4693,1
1265,18:03:27.029984,1.8565000000000005,89.30149999999996,0.0207891244827914,1.8565000000000005,yaw towards left,yaw towards left,0.7803,1
1266,18:03:27.041010,1.5475000000000003,101.23849999999996,0.0152856867693614,1.5475000000000003,yaw towards left,yaw towards left,0.6778,1
1267,18:03:27.055298,1.4000000000000004,122.5725,0.0114218115809011,1.4000000000000004,yaw towards left,yaw towards left,0.98,1
1268,18:03:27.060508,1.2650000000000003,134.41199999999998,0.0094113620807666,1.2650000000000003,yaw towards left,yaw towards left,0.8609,1
1269,18:03:27.074152,1.3630000000000004,154.5555,0.0088188385402007,1.3630000000000004,yaw towards left,yaw towards left,0.9784,1
1270,18:03:27.083706,1.2075000000000005,156.82699999999994,0.0076995670388389,1.2075000000000005,yaw towards left,yaw towards left,0.9807,1
1271,18:03:27.096081,1.1960000000000004,169.36700000000002,0.0070615881488129,1.1960000000000004,yaw towards left,yaw towards left,0.976,1
1272,18:03:27.106572,1.2015000000000005,168.198,0.0071433667463346,1.2015000000000005,yaw towards left,yaw towards left,0.9874,1
1273,18:03:27.119967,1.1710000000000005,159.791,0.0073283226214242,1.1710000000000005,yaw towards left,yaw towards left,0.9702,1
1274,18:03:27.132058,1.1745,139.254,0.0084342281011676,1.1745,yaw towards left,yaw towards left,0.9624,1
1275,18:03:27.145020,1.0790000000000002,127.192,0.008483237939493,1.0790000000000002,yaw towards left,yaw towards left,0.8156,1
1276,18:03:27.149074,1.0455,117.524,0.0088960552738164,1.0455,yaw towards left,yaw towards left,0.9496,1
1277,18:03:27.165699,0.921,96.8935,0.0095052815720352,0.921,yaw towards left,up,0.3889,0
1278,18:03:27.175268,1.0930000000000002,92.0495,0.0118740460295819,1.0930000000000002,yaw towards left,down,0.5512,0
1279,18:03:27.189544,0.9265000000000002,72.21849999999999,0.01282912273171,0.9265000000000002,yaw towards left,yaw towards right,0.636,0
1280,18:03:27.197468,0.9970000000000002,64.327,0.0154989351283287,0.9970000000000002,yaw towards left,yaw towards left,0.5907,1
1281,18:03:27.209325,1.281,49.45399999999999,0.025902859222712,1.281,yaw towards left,yaw towards left,0.4152,1
1282,18:03:27.222408,2.8310000000000004,48.76249999999999,0.0580569084850038,2.8310000000000004,yaw towards left,yaw towards right,0.6727,0
1283,18:03:27.234532,5.252000000000001,64.58099999999999,0.081324228488255,5.252000000000001,yaw towards left,yaw towards left,0.5735,1
1284,18:03:27.243274,6.909000000000001,77.86699999999999,0.0887282160607189,6.909000000000001,yaw towards left,yaw towards left,0.7414,1
1285,18:03:27.251975,8.414000000000001,71.146,0.1182638517977117,8.414000000000001,yaw towards left,up,0.6767,0
1286,18:03:27.267620,8.848,71.70749999999998,0.1233901614196562,8.848,yaw towards left,yaw towards left,0.5221,1
1287,18:03:27.278419,8.9655,75.35649999999998,0.1189744746637649,8.9655,yaw towards left,yaw towards left,0.8525,1
1288,18:03:27.287817,8.758500000000002,73.7555,0.1187504660669374,8.758500000000002,yaw towards left,up,0.4769,0
1289,18:03:27.294900,8.607499999999998,79.6875,0.1080156862745097,8.607499999999998,yaw towards left,yaw towards left,0.8271,1
1290,18:03:27.310718,8.457,83.95599999999999,0.1007313354614322,8.457,yaw towards left,yaw towards left,0.8754,1
1291,18:03:27.324672,9.1945,81.63149999999999,0.1126342159583004,9.1945,yaw towards left,yaw towards left,0.7979,1
1292,18:03:27.333059,8.9275,89.71749999999999,0.0995067851868364,8.9275,yaw towards left,yaw towards left,0.4752,1
1293,18:03:27.344823,7.011500000000001,82.10249999999998,0.0853993483755062,7.011500000000001,yaw towards left,yaw towards left,0.3916,1
1294,18:03:27.358406,5.530500000000001,83.21449999999997,0.066460773062387,5.530500000000001,yaw towards left,yaw towards left,0.4736,1
1295,18:03:27.370018,4.332500000000001,92.19699999999996,0.0469917676280139,4.332500000000001,yaw towards left,yaw towards left,0.9334,1
1296,18:03:27.380320,4.0390000000000015,89.6765,0.0450396703707214,4.0390000000000015,yaw towards left,yaw towards left,0.8189,1
1297,18:03:27.391149,4.103500000000001,96.375,0.0425784695201037,4.103500000000001,yaw towards left,yaw towards left,0.9107,1
1298,18:03:27.397771,4.274000000000001,92.4445,0.0462331452925809,4.274000000000001,yaw towards left,yaw towards left,0.9107,1
1299,18:03:27.415124,4.251500000000002,96.35399999999998,0.0441237519978413,4.251500000000002,yaw towards left,yaw towards left,0.6758,1
1300,18:03:27.425013,4.6815000000000015,92.66299999999998,0.0505217832360273,4.6815000000000015,yaw towards left,yaw towards left,0.8282,1
1301,18:03:27.435303,4.354000000000002,102.1925,0.0426058663796267,4.354000000000002,yaw towards left,yaw towards left,0.8963,1
1302,18:03:27.448204,3.131000000000001,86.80700000000002,0.0360685198198302,3.131000000000001,yaw towards left,yaw towards left,0.8128,1
1303,18:03:27.456689,2.6310000000000007,82.9765,0.031707772682627,2.6310000000000007,yaw towards left,yaw towards left,0.8331,1
1304,18:03:27.470430,3.9215,70.22350000000002,0.055843129436727,3.9215,yaw towards left,yaw towards left,0.6739,1
1305,18:03:27.480848,4.588499999999999,59.82600000000001,0.0766974225253234,4.588499999999999,yaw towards left,yaw towards right,0.7343,0
1306,18:03:27.491696,4.412999999999999,66.38250000000002,0.0664783640266636,4.412999999999999,yaw towards left,yaw towards left,0.7715,1
1307,18:03:27.504974,4.7675,54.085000000000015,0.0881482851067763,4.7675,yaw towards left,yaw towards right,0.5764,0
1308,18:03:27.513591,6.487,59.32850000000002,0.1093403676142157,6.487,yaw towards left,yaw towards left,0.6951,1
1309,18:03:27.521626,8.979499999999998,48.839000000000034,0.1838592108765534,8.979499999999998,yaw towards left,yaw towards left,0.6719,1
1310,18:03:27.539221,10.6565,50.485000000000014,0.2110824997524016,10.6565,yaw towards left,yaw towards left,0.576,1
1311,18:03:27.550109,11.531,42.56750000000004,0.2708874141070062,11.531,yaw towards left,yaw towards left,0.6738,1
1312,18:03:27.558911,12.5235,43.105999999999995,0.2905280007423561,12.5235,yaw towards left,yaw towards left,0.719,1
1313,18:03:27.572515,13.0495,43.877000000000024,0.2974109442304622,13.0495,yaw towards left,yaw towards left,0.8212,1
1314,18:03:27.582458,12.7105,37.9,0.3353693931398417,12.7105,yaw towards left,yaw towards left,0.3134,1
1315,18:03:27.594872,17.3785,43.76149999999998,0.3971184717160063,17.3785,yaw towards left,yaw towards left,0.9053,1
1316,18:03:27.604909,21.3255,36.00299999999995,0.5923256395300399,21.3255,yaw towards left,yaw towards left,0.7325,1
1317,18:03:27.619449,23.1375,42.186999999999976,0.5484509446037882,23.1375,yaw towards left,yaw towards left,0.6838,1
1318,18:03:27.628090,22.09,38.12349999999996,0.5794326334150858,22.09,yaw towards left,yaw towards left,0.8127,1
1319,18:03:27.640815,19.741,39.77849999999995,0.4962731123596924,19.741,yaw towards left,yaw towards left,0.5868,1
1320,18:03:27.652681,18.304499999999997,38.73799999999996,0.4725205224843827,18.304499999999997,yaw towards left,yaw towards left,0.7504,1
1321,18:03:27.660992,20.52,34.407999999999916,0.5963729365263907,20.52,yaw towards left,yaw towards right,0.9559,0
1322,18:03:27.673534,26.5115,38.42199999999995,0.6900083285617625,26.5115,yaw towards left,yaw towards left,0.8622,1
1323,18:03:27.684049,41.21,32.89199999999995,1.2528882403015948,32.89199999999995,yaw towards left,yaw towards right,0.4998,0
1324,18:03:27.697953,53.6025,39.895999999999944,1.3435557449368376,39.895999999999944,yaw towards left,yaw towards left,0.9089,1
1325,18:03:27.706203,57.74250000000001,48.04949999999995,1.201729466487686,48.04949999999995,yaw towards left,yaw towards left,0.9992,1
1326,18:03:27.721911,62.12249999999999,50.78149999999997,1.2233293620708332,50.78149999999997,yaw towards left,yaw towards left,0.9221,1
1327,18:03:27.730880,61.555499999999995,53.14049999999995,1.1583537979507166,53.14049999999995,yaw towards left,yaw towards left,0.9995,1
1328,18:03:27.741486,61.967499999999994,49.50899999999997,1.2516411157567318,49.50899999999997,yaw towards left,yaw towards left,0.9495,1
1329,18:03:27.755229,65.148,53.74599999999996,1.2121460201689436,53.74599999999996,yaw towards left,yaw towards left,0.9996,1
1330,18:03:27.763317,65.045,50.41949999999997,1.2900762601771147,50.41949999999997,yaw towards left,yaw towards left,0.9391,1
1331,18:03:27.775569,63.822500000000005,65.8475,0.9692471240365998,63.822500000000005,yaw towards left,yaw towards left,0.6488,1
1332,18:03:27.787243,56.747,65.15149999999998,0.8710006676745741,56.747,yaw towards left,yaw towards left,0.8709,1
1333,18:03:27.799967,43.879000000000005,76.98899999999999,0.5699385626518075,43.879000000000005,yaw towards left,yaw towards left,0.7622,1
1334,18:03:27.811345,32.80150000000001,71.46400000000003,0.4589933393037053,32.80150000000001,yaw towards left,yaw towards left,0.7582,1
1335,18:03:27.824069,26.521000000000004,63.94100000000003,0.4147729938537087,26.521000000000004,yaw towards left,yaw towards left,0.8583,1
1336,18:03:27.830253,23.650500000000008,62.07700000000002,0.3809865167453324,23.650500000000008,yaw towards left,yaw towards left,0.9712,1
1337,18:03:27.840912,26.099000000000007,56.75000000000004,0.4598942731277531,26.099000000000007,yaw towards left,yaw towards left,0.8459,1
1338,18:03:27.856642,29.793500000000005,61.51150000000005,0.4843565837282456,29.793500000000005,yaw towards left,yaw towards left,0.9935,1
1339,18:03:27.867919,26.907000000000004,66.93700000000004,0.4019749914098329,26.907000000000004,yaw towards left,yaw towards left,0.9997,1
1340,18:03:27.877212,26.46,83.85050000000004,0.3155616245579929,26.46,yaw towards left,yaw towards left,0.9995,1
1341,18:03:27.889739,24.959000000000007,88.48700000000004,0.2820640320047012,24.959000000000007,yaw towards left,yaw towards left,0.9993,1
1342,18:03:27.895046,26.079000000000008,105.7675,0.246569125676602,26.079000000000008,yaw towards left,yaw towards left,0.9994,1
1343,18:03:27.914140,24.658500000000004,115.7005,0.2131235387919672,24.658500000000004,yaw towards left,yaw towards left,0.9993,1
1344,18:03:27.926377,28.373,131.897,0.2151148244463483,28.373,yaw towards left,yaw towards left,0.9993,1
1345,18:03:27.932454,41.00750000000001,139.16299999999998,0.2946724344833038,41.00750000000001,yaw towards left,yaw towards left,0.9991,1
1346,18:03:27.944978,63.267500000000005,149.9335,0.4219704068803836,63.267500000000005,yaw towards left,yaw towards left,0.997,1
1347,18:03:27.959550,84.85050000000001,156.35250000000002,0.5426871971986377,84.85050000000001,yaw towards left,yaw towards left,0.9985,1
1348,18:03:27.971902,98.055,158.94650000000004,0.6169056883920059,98.055,yaw towards left,yaw towards left,0.9993,1
1349,18:03:27.979820,102.3505,152.61700000000005,0.6706362987085317,102.3505,yaw towards left,yaw towards left,0.9994,1
1350,18:03:27.992433,102.679,138.8530000000001,0.7394798816014054,102.679,yaw towards left,yaw towards left,0.9996,1
1351,18:03:28.001840,104.3035,121.46100000000006,0.8587406657280935,104.3035,yaw towards left,yaw towards left,0.9996,1
1352,18:03:28.017667,110.475,100.81850000000006,1.0957810322510246,100.81850000000006,yaw towards left,yaw towards left,0.9998,1
1353,18:03:28.027968,117.492,80.35150000000003,1.4622253473799487,80.35150000000003,yaw towards left,yaw towards left,0.9998,1
1354,18:03:28.038251,122.744,63.00350000000003,1.9482092264715445,63.00350000000003,yaw towards left,yaw towards left,0.9997,1
1355,18:03:28.044697,119.99299999999998,48.37450000000001,2.4805010904505465,48.37450000000001,yaw towards left,yaw towards left,0.9991,1
1356,18:03:28.059195,103.072,36.38799999999999,2.8325821699461367,36.38799999999999,yaw towards left,yaw towards left,0.9986,1
1357,18:03:28.074213,86.8745,27.09399999999996,3.206411013508531,27.09399999999996,yaw towards left,yaw towards left,0.9986,1
1358,18:03:28.083134,74.0015,20.220999999999936,3.6596360219573825,20.220999999999936,yaw towards left,yaw towards left,0.9974,1
1359,18:03:28.091366,71.04049999999998,15.53949999999993,4.571607838090048,15.53949999999993,yaw towards left,yaw towards left,0.9979,1
1360,18:03:28.106233,72.86949999999999,12.807499999999914,5.689595939879014,12.807499999999914,yaw towards left,yaw towards left,0.9983,1
1361,18:03:28.116370,72.6805,11.587499999999933,6.2723193096009,11.587499999999933,yaw towards left,yaw towards left,0.9984,1
1362,18:03:28.130998,69.9035,11.588499999999954,6.0321439357984445,11.588499999999954,yaw towards left,yaw towards left,0.9976,1
1363,18:03:28.139424,73.2105,12.643499999999973,5.790366591529257,12.643499999999973,yaw towards left,yaw towards left,0.9958,1
1364,18:03:28.153069,70.08250000000001,14.54399999999996,4.818653740374051,14.54399999999996,yaw towards left,yaw towards left,0.9976,1
1365,18:03:28.163347,65.5595,17.113999999999965,3.830752600210362,17.113999999999965,yaw towards left,yaw towards left,0.9982,1
1366,18:03:28.177225,60.81700000000001,19.803499999999964,3.0710227990001826,19.803499999999964,yaw towards left,yaw towards left,0.997,1
1367,18:03:28.185790,51.73,22.12099999999996,2.338501876045391,22.12099999999996,yaw towards left,yaw towards left,0.9984,1
1368,18:03:28.219208,46.4985,24.14299999999996,1.9259619765563547,24.14299999999996,yaw towards left,yaw towards left,0.9992,1
1369,18:03:28.223677,46.45700000000001,25.706999999999972,1.807173143501772,25.706999999999972,yaw towards left,yaw towards left,0.9996,1
1370,18:03:28.259427,56.1545,26.856999999999992,2.0908701642030016,26.856999999999992,yaw towards left,yaw towards left,0.9968,1
1371,18:03:28.259427,60.426,27.88449999999998,2.16701034624971,27.88449999999998,yaw towards left,yaw towards left,0.9986,1
1372,18:03:28.259427,60.059000000000005,28.75499999999995,2.088645452964706,28.75499999999995,yaw towards left,yaw towards left,0.998,1
1373,18:03:28.260839,50.426,29.402499999999964,1.7150242326332816,29.402499999999964,yaw towards left,yaw towards left,0.9994,1
1374,18:03:28.266649,42.724,29.928999999999995,1.4275117778743027,29.928999999999995,yaw towards left,yaw towards left,0.9995,1
1375,18:03:28.277133,34.6095,30.396000000000004,1.1386202131859453,30.396000000000004,yaw towards left,yaw towards left,0.9986,1
1376,18:03:28.285039,31.705500000000008,30.67900000000002,1.0334593696013556,30.67900000000002,yaw towards left,yaw towards left,0.9987,1
1377,18:03:28.297340,37.1155,30.940500000000043,1.1995766067128828,30.940500000000043,yaw towards left,yaw towards left,0.9986,1
1378,18:03:28.310910,45.6295,31.07000000000003,1.4686031541680065,31.07000000000003,yaw towards left,yaw towards left,0.9995,1
1379,18:03:28.323742,52.1075,31.157000000000014,1.672417113329267,31.157000000000014,yaw towards left,yaw towards left,0.9994,1
1380,18:03:28.333088,45.3035,31.184000000000015,1.4527802719343246,31.184000000000015,yaw towards left,yaw towards left,0.9995,1
1381,18:03:28.343562,42.4745,31.18399999999999,1.3620606721395592,31.18399999999999,yaw towards left,yaw towards left,0.9993,1
1382,18:03:28.356596,44.766000000000005,31.227499999999985,1.433544151789289,31.227499999999985,yaw towards left,yaw towards left,0.9987,1
1383,18:03:28.369740,46.26650000000001,31.26299999999997,1.4799123564597143,31.26299999999997,yaw towards left,yaw towards left,0.9991,1
1384,18:03:28.380191,56.80300000000001,31.291999999999938,1.8152562955388,31.291999999999938,yaw towards left,yaw towards left,0.9977,1
1385,18:03:28.390028,62.31850000000001,31.20449999999994,1.9970997772757175,31.20449999999994,yaw towards left,yaw towards left,0.9954,1
1386,18:03:28.398650,59.75500000000001,31.173499999999944,1.916852454809377,31.173499999999944,yaw towards left,yaw towards left,0.9987,1
1387,18:03:28.413665,56.71,31.146999999999935,1.820721096734842,31.146999999999935,yaw towards left,yaw towards left,0.9983,1
1388,18:03:28.423411,48.245000000000005,31.12399999999993,1.5500899627297298,31.12399999999993,yaw towards left,yaw towards left,0.9984,1
1389,18:03:28.438511,43.2135,31.19199999999994,1.3854033085406543,31.19199999999994,yaw towards left,yaw towards left,0.9945,1
1390,18:03:28.443394,46.0315,31.181499999999936,1.4762439266873015,31.181499999999936,yaw towards left,yaw towards left,0.9861,1
1391,18:03:28.458004,43.0685,31.081999999999947,1.3856412071295308,31.081999999999947,yaw towards left,yaw towards left,0.9949,1
1392,18:03:28.471891,37.831,30.839999999999986,1.2266861219195857,30.839999999999986,yaw towards left,yaw towards left,0.9904,1
1393,18:03:28.480088,36.9325,30.546000000000028,1.209078111700385,30.546000000000028,yaw towards left,yaw towards left,0.9951,1
1394,18:03:28.492134,27.5015,30.251500000000032,0.909095416756193,27.5015,yaw towards left,yaw towards left,0.9904,1
1395,18:03:28.505548,24.2615,30.046500000000037,0.807465095768225,24.2615,yaw towards left,yaw towards left,0.9822,1
1396,18:03:28.516172,27.972499999999997,29.985000000000035,0.9328831082207758,27.972499999999997,yaw towards left,yaw towards left,0.9953,1
1397,18:03:28.525383,30.697999999999997,29.909500000000023,1.0263628612982487,29.909500000000023,yaw towards left,yaw towards left,0.9955,1
1398,18:03:28.538917,39.7705,29.824000000000023,1.333506571888411,29.824000000000023,yaw towards left,yaw towards left,0.9979,1
1399,18:03:28.549182,41.837,29.61800000000003,1.412553177122019,29.61800000000003,yaw towards left,yaw towards left,0.9985,1
1400,18:03:28.561024,38.44650000000001,29.400000000000023,1.3077040816326522,29.400000000000023,yaw towards left,yaw towards left,0.9962,1
1401,18:03:28.574637,43.962500000000006,29.21600000000003,1.5047405531215758,29.21600000000003,yaw towards left,yaw towards left,0.9984,1
1402,18:03:28.585880,49.99650000000001,29.061000000000018,1.7203984721792087,29.061000000000018,yaw towards left,yaw towards left,0.9973,1
1403,18:03:28.595007,54.2245,28.95149999999999,1.87294267999931,28.95149999999999,yaw towards left,yaw towards left,0.9955,1
1404,18:03:28.607472,52.720499999999994,28.814999999999987,1.8296199895887564,28.814999999999987,yaw towards left,yaw towards left,0.9973,1
1405,18:03:28.620150,51.032500000000006,28.632999999999992,1.782296650717704,28.632999999999992,yaw towards left,yaw towards left,0.9952,1
1406,18:03:28.630414,46.67700000000001,28.300499999999964,1.6493348174060551,28.300499999999964,yaw towards left,yaw towards left,0.998,1
1407,18:03:28.640949,42.6465,28.04399999999996,1.520699614890888,28.04399999999996,yaw towards left,yaw towards left,0.9951,1
1408,18:03:28.646943,33.717,27.827499999999965,1.2116431587458465,27.827499999999965,yaw towards left,yaw towards left,0.9944,1
1409,18:03:28.662796,30.2295,27.64599999999996,1.093449323591118,27.64599999999996,yaw towards left,yaw towards left,0.9937,1
1410,18:03:28.677165,27.073499999999996,27.58299999999997,0.981528477685532,27.073499999999996,yaw towards left,yaw towards left,0.9836,1
1411,18:03:28.688215,24.5465,27.464499999999976,0.8937537548471672,24.5465,yaw towards left,yaw towards left,0.9283,1
1412,18:03:28.695935,20.168,27.366499999999995,0.7369594211901414,20.168,yaw towards left,yaw towards left,0.9715,1
1413,18:03:28.707623,18.0295,27.218499999999995,0.6623987361537191,18.0295,yaw towards left,yaw towards left,0.9078,1
1414,18:03:28.722386,21.1575,27.05049999999999,0.7821482042845791,21.1575,yaw towards left,yaw towards left,0.864,1
1415,18:03:28.734202,20.5165,26.95599999999997,0.7611106989167541,20.5165,yaw towards left,yaw towards left,0.9298,1
1416,18:03:28.745254,22.609500000000004,26.877499999999987,0.8412054692586741,22.609500000000004,yaw towards left,yaw towards left,0.8738,1
1417,18:03:28.753893,21.908,26.835500000000003,0.8163812859831192,21.908,yaw towards left,yaw towards left,0.9081,1
1418,18:03:28.765033,21.7125,26.758000000000017,0.8114395694745491,21.7125,yaw towards left,yaw towards left,0.8868,1
1419,18:03:28.777393,20.6575,26.73950000000002,0.7725462331008427,20.6575,yaw towards left,yaw towards left,0.9065,1
1420,18:03:28.790198,20.0135,26.637000000000036,0.7513421181063924,20.0135,yaw towards left,yaw towards left,0.9061,1
1421,18:03:28.798777,16.449,26.55300000000002,0.6194780250819113,16.449,yaw towards left,yaw towards left,0.8535,1
1422,18:03:28.809638,13.9215,26.46099999999999,0.5261139034805943,13.9215,yaw towards left,yaw towards left,0.6704,1
1423,18:03:28.823157,10.169499999999998,26.386000000000013,0.385412718866065,10.169499999999998,yaw towards left,yaw towards left,0.7735,1
1424,18:03:28.836964,7.3145,26.370000000000022,0.2773795980280619,7.3145,yaw towards left,yaw towards left,0.572,1
1425,18:03:28.843913,8.988999999999999,26.202000000000044,0.3430654148538273,8.988999999999999,yaw towards left,yaw towards left,0.774,1
1426,18:03:28.856763,9.7685,26.10800000000006,0.3741573464072306,9.7685,yaw towards left,yaw towards left,0.7706,1
1427,18:03:28.864983,12.816999999999998,25.897000000000048,0.4949221917596623,12.816999999999998,yaw towards left,yaw towards left,0.8346,1
1428,18:03:28.880467,17.196999999999996,25.631500000000027,0.6709322513313687,17.196999999999996,yaw towards left,yaw towards left,0.833,1
1429,18:03:28.890522,19.2155,25.410000000000036,0.7562180243998414,19.2155,yaw towards left,yaw towards left,0.9077,1
1430,18:03:28.899710,18.863,25.18100000000002,0.7490965410428492,18.863,yaw towards left,yaw towards left,0.881,1
1431,18:03:28.913324,18.626,25.0135,0.7446378955364102,18.626,yaw towards left,yaw towards left,0.9443,1
1432,18:03:28.925347,18.714,24.85300000000002,0.7529875668933321,18.714,yaw towards left,yaw towards left,0.9642,1
1433,18:03:28.938223,19.3455,24.744499999999995,0.7818100992139668,19.3455,yaw towards left,yaw towards left,0.9466,1
1434,18:03:28.946499,18.872499999999995,24.611499999999975,0.7668163257014002,18.872499999999995,yaw towards left,yaw towards left,0.9743,1
1435,18:03:28.959392,17.0905,24.56999999999996,0.6955840455840467,17.0905,yaw towards left,yaw towards left,0.9355,1
1436,18:03:28.971857,16.005,24.471499999999946,0.6540261120078473,16.005,yaw towards left,yaw towards left,0.9396,1
1437,18:03:28.983793,12.336499999999996,24.36999999999996,0.5062166598276577,12.336499999999996,yaw towards left,yaw towards left,0.953,1
1438,18:03:28.992492,9.7135,24.399999999999977,0.3980942622950823,9.7135,yaw towards left,yaw towards left,0.9125,1
1439,18:03:28.999117,7.728499999999997,24.29499999999998,0.3181107223708583,7.728499999999997,yaw towards left,yaw towards left,0.6609,1
1440,18:03:29.016635,8.799499999999998,24.25549999999996,0.362783698542599,8.799499999999998,yaw towards left,yaw towards left,0.9066,1
1441,18:03:29.027059,9.470499999999998,24.136000000000013,0.3923806761683788,9.470499999999998,yaw towards left,yaw towards left,0.9159,1
1442,18:03:29.036475,10.127,23.994499999999995,0.4220550542832734,10.127,yaw towards left,yaw towards left,0.9438,1
1443,18:03:29.046544,10.665,23.83449999999999,0.4474606138161071,10.665,yaw towards left,yaw towards left,0.9868,1
1444,18:03:29.059210,12.482499999999998,23.63700000000001,0.5280915513813086,12.482499999999998,yaw towards left,yaw towards left,0.9899,1
1445,18:03:29.074387,12.8935,27.660000000000014,0.4661424439624003,12.8935,yaw towards left,yaw towards left,0.8975,1
1446,18:03:29.085359,11.919,31.021000000000015,0.3842235904709711,11.919,yaw towards left,yaw towards left,0.7379,1
1447,18:03:29.094871,12.577499999999995,29.221500000000027,0.4304193829885524,12.577499999999995,yaw towards left,yaw towards left,0.9249,1
1448,18:03:29.106158,11.7235,26.833500000000026,0.4368979074664129,11.7235,yaw towards left,yaw towards left,0.9221,1
1449,18:03:29.120118,13.901000000000002,24.898000000000003,0.5583179371837095,13.901000000000002,yaw towards left,yaw towards left,0.8666,1
1450,18:03:29.130197,13.3165,23.344000000000015,0.570446367374914,13.3165,yaw towards left,yaw towards left,0.9805,1
1451,18:03:29.139788,13.863500000000002,22.279499999999985,0.6222536412397052,13.863500000000002,yaw towards left,yaw towards left,0.9866,1
1452,18:03:29.147623,13.834,24.755999999999993,0.5588140248828568,13.834,yaw towards left,yaw towards left,0.9793,1
1453,18:03:29.161415,12.599,25.81250000000001,0.4880968523002419,12.599,yaw towards left,yaw towards left,0.9755,1
1454,18:03:29.176436,10.746000000000004,31.727499999999985,0.3386967142069185,10.746000000000004,yaw towards left,yaw towards left,0.7637,1
1455,18:03:29.186457,10.351,30.675,0.337440912795436,10.351,yaw towards left,yaw towards left,0.8097,1
1456,18:03:29.194755,9.619500000000002,27.292500000000008,0.3524594668865072,9.619500000000002,yaw towards left,yaw towards left,0.9499,1
1457,18:03:29.209770,9.6,26.769500000000004,0.3586170828741664,9.6,yaw towards left,yaw towards left,0.9682,1
1458,18:03:29.221372,9.1705,28.188500000000023,0.3253277045603701,9.1705,yaw towards left,yaw towards left,0.8972,1
1459,18:03:29.233001,6.272499999999999,31.361500000000024,0.2000063772459861,6.272499999999999,yaw towards left,yaw towards left,0.7564,1
1460,18:03:29.241621,6.1450000000000005,31.31250000000001,0.1962475049900199,6.1450000000000005,yaw towards left,yaw towards left,0.808,1
1461,18:03:29.255084,5.0219999999999985,35.53100000000002,0.1413413638794291,5.0219999999999985,yaw towards left,yaw towards left,0.9096,1
1462,18:03:29.264867,4.145499999999997,32.89050000000002,0.1260394338790834,4.145499999999997,yaw towards left,yaw towards left,0.9421,1
1463,18:03:29.278703,4.001999999999995,29.7875,0.1343516575744857,4.001999999999995,yaw towards left,yaw towards left,0.9218,1
1464,18:03:29.289631,5.7024999999999935,23.26450000000002,0.2451159491929759,5.7024999999999935,yaw towards left,yaw towards left,0.9768,1
1465,18:03:29.299862,6.1524999999999945,20.590000000000032,0.2988101019912572,6.1524999999999945,yaw towards left,yaw towards left,0.988,1
1466,18:03:29.311337,6.762499999999996,20.666000000000032,0.3272282976870214,6.762499999999996,yaw towards left,yaw towards left,0.9884,1
1467,18:03:29.323162,5.988999999999995,20.67750000000003,0.2896384959497031,5.988999999999995,yaw towards left,yaw towards left,0.9942,1
1468,18:03:29.332278,5.665999999999997,23.632500000000004,0.2397545752671108,5.665999999999997,yaw towards left,yaw towards left,0.9318,1
1469,18:03:29.342028,6.234999999999997,21.437000000000012,0.2908522647758545,6.234999999999997,yaw towards left,yaw towards left,0.9735,1
1470,18:03:29.356608,5.956999999999996,21.671500000000016,0.2748771427912231,5.956999999999996,yaw towards left,yaw towards left,0.98,1
1471,18:03:29.365445,6.714999999999996,18.222000000000023,0.3685105915925796,6.714999999999996,yaw towards left,yaw towards left,0.9388,1
1472,18:03:29.381430,7.745999999999997,19.79150000000004,0.3913801379380027,7.745999999999997,yaw towards left,yaw towards left,0.9733,1
1473,18:03:29.393773,8.623999999999999,21.729000000000063,0.3968889502508156,8.623999999999999,yaw towards left,yaw towards left,0.9675,1
1474,18:03:29.401884,9.277,20.276500000000055,0.4575247207358259,9.277,yaw towards left,yaw towards left,0.9367,1
1475,18:03:29.414227,10.4445,21.590000000000053,0.4837656322371456,10.4445,yaw towards left,yaw towards left,0.6454,1
1476,18:03:29.424097,12.488,20.331000000000063,0.6142344203433161,12.488,yaw towards left,yaw towards left,0.9646,1
1477,18:03:29.433167,15.0985,21.536000000000037,0.7010819093610687,15.0985,yaw towards left,yaw towards left,0.9557,1
1478,18:03:29.445205,17.2115,19.40750000000005,0.8868478680922303,17.2115,yaw towards left,yaw towards left,0.9773,1
1479,18:03:29.458076,19.036000000000005,22.04550000000004,0.8634868794084948,19.036000000000005,yaw towards left,yaw towards left,0.828,1
1480,18:03:29.471222,20.792,23.17700000000004,0.8970962592225035,20.792,yaw towards left,yaw towards left,0.6516,1
1481,18:03:29.483904,21.861500000000003,21.49350000000002,1.0171214553237018,21.49350000000002,yaw towards left,yaw towards left,0.9514,1
1482,18:03:29.492519,23.067500000000003,21.90450000000001,1.0530941130817866,21.90450000000001,yaw towards left,yaw towards left,0.6394,1
1483,18:03:29.502933,24.377,20.875,1.1677604790419165,20.875,yaw towards left,yaw towards left,0.926,1
1484,18:03:29.516935,24.639500000000005,32.9975,0.7467080839457536,24.639500000000005,yaw towards left,yaw towards left,0.8274,1
1485,18:03:29.527505,24.5495,40.54099999999998,0.6055474704620017,24.5495,yaw towards left,yaw towards left,0.5876,1
1486,18:03:29.536468,23.474000000000004,50.393499999999975,0.4658140434778298,23.474000000000004,yaw towards left,yaw towards left,0.8977,1
1487,18:03:29.545872,21.869000000000003,50.901499999999984,0.429633704311268,21.869000000000003,yaw towards left,yaw towards right,0.5704,0
1488,18:03:29.561308,19.8695,50.54199999999999,0.3931284871987655,19.8695,yaw towards left,yaw towards left,0.7572,1
1489,18:03:29.572914,17.692500000000003,49.29549999999999,0.3589069996247123,17.692500000000003,yaw towards left,yaw towards left,0.8273,1
1490,18:03:29.583123,16.15,48.54200000000001,0.3327015780149148,16.15,yaw towards left,yaw towards left,0.7662,1
1491,18:03:29.593413,15.044000000000002,55.38250000000003,0.2716381528461155,15.044000000000002,yaw towards left,yaw towards left,0.9355,1
1492,18:03:29.606780,13.063,55.69150000000002,0.2345600316026681,13.063,yaw towards left,yaw towards left,0.8321,1
1493,18:03:29.616023,10.9555,56.560500000000026,0.1936952466827555,10.9555,yaw towards left,yaw towards right,0.635,0
1494,18:03:29.630396,9.014,50.34900000000001,0.1790303680311425,9.014,yaw towards left,yaw towards left,0.6457,1
1495,18:03:29.639752,8.4115,40.9,0.2056601466992665,8.4115,yaw towards left,yaw towards left,0.477,1
1496,18:03:29.647101,8.314499999999999,36.136999999999986,0.2300827406812962,8.314499999999999,yaw towards left,yaw towards left,0.5129,1
1497,18:03:29.657640,9.136499999999998,36.8115,0.248196894992054,9.136499999999998,yaw towards left,yaw towards left,0.3832,1
1498,18:03:29.674493,9.618,40.92100000000001,0.2350382444221792,9.618,yaw towards left,yaw towards left,0.4815,1
1499,18:03:29.684499,11.639500000000002,39.5895,0.2940047234746587,11.639500000000002,yaw towards left,yaw towards right,0.323,0
1500,18:03:29.694704,13.898500000000002,39.74499999999998,0.3496917851302052,13.898500000000002,yaw towards left,yaw towards right,0.4598,0
1501,18:03:29.707732,15.205000000000002,35.87249999999999,0.4238622900550562,15.205000000000002,yaw towards left,yaw towards left,0.6633,1
1502,18:03:29.721609,16.819000000000006,31.56949999999997,0.5327610510144292,16.819000000000006,yaw towards left,yaw towards left,0.6104,1
1503,18:03:29.733776,18.59200000000001,33.771999999999956,0.5505152197086353,18.59200000000001,yaw towards left,yaw towards right,0.6703,0
1504,18:03:29.740790,18.748500000000003,27.830499999999983,0.6736673793140624,18.748500000000003,yaw towards left,yaw towards left,0.6825,1
1505,18:03:29.748695,19.098500000000005,29.62900000000002,0.6445880724965403,19.098500000000005,yaw towards left,down,0.5588,0
1506,18:03:29.766167,18.5235,23.78950000000002,0.778641837785577,18.5235,yaw towards left,yaw towards left,0.7696,1
1507,18:03:29.777874,18.377,23.99300000000003,0.7659317300879415,18.377,yaw towards left,yaw towards left,0.8731,1
1508,18:03:29.785268,19.665000000000003,20.304999999999996,0.9684806697857674,19.665000000000003,yaw towards left,yaw towards left,0.84,1
1509,18:03:29.799181,19.199500000000004,19.908500000000025,0.9643870708491338,19.199500000000004,yaw towards left,yaw towards left,0.9313,1
1510,18:03:29.810418,18.132,21.122000000000025,0.858441435470125,18.132,yaw towards left,yaw towards left,0.859,1
1511,18:03:29.823416,16.3515,17.957000000000015,0.9105919697054068,16.3515,yaw towards left,yaw towards left,0.9123,1
1512,18:03:29.830610,15.1615,21.081500000000027,0.7191850674762224,15.1615,yaw towards left,yaw towards left,0.8945,1
1513,18:03:29.842633,13.6675,17.086000000000034,0.7999239143158126,13.6675,yaw towards left,yaw towards left,0.9817,1
1514,18:03:29.852462,13.31,19.88700000000001,0.6692814401367724,13.31,yaw towards left,yaw towards left,0.9876,1
1515,18:03:29.869238,12.01,17.844000000000005,0.6730553687514008,12.01,yaw towards left,yaw towards left,0.9924,1
1516,18:03:29.880484,12.082000000000004,18.65499999999999,0.6476547842401504,12.082000000000004,yaw towards left,yaw towards left,0.919,1
1517,18:03:29.888254,11.2395,18.281999999999993,0.614785034460125,11.2395,yaw towards left,yaw towards left,0.9871,1
1518,18:03:29.896324,10.2015,16.22650000000001,0.6286938033463775,10.2015,yaw towards left,yaw towards left,0.9833,1
1519,18:03:29.913687,9.663,18.179999999999996,0.5315181518151817,9.663,yaw towards left,yaw towards left,0.993,1
1520,18:03:29.924600,8.389999999999997,15.503999999999996,0.5411506707946336,8.389999999999997,yaw towards left,yaw towards left,0.9659,1
1521,18:03:29.933784,8.322,18.417499999999997,0.4518528573367721,8.322,yaw towards left,yaw towards left,0.9933,1
1522,18:03:29.942475,8.522,16.875,0.5050074074074075,8.522,yaw towards left,yaw towards left,0.6727,1
1523,18:03:29.958001,7.9424999999999955,17.951999999999998,0.4424298128342244,7.9424999999999955,yaw towards left,yaw towards left,0.9938,1
1524,18:03:29.970366,7.527999999999997,17.076999999999998,0.4408268431223281,7.527999999999997,yaw towards left,yaw towards left,0.991,1
1525,18:03:29.980059,7.206499999999997,15.499499999999989,0.4649504822736218,7.206499999999997,yaw towards left,yaw towards left,0.9517,1
1526,18:03:29.991108,6.764499999999996,17.102999999999973,0.3955154066538038,6.764499999999996,yaw towards left,yaw towards left,0.99,1
1527,18:03:30.003838,5.920999999999999,16.66949999999997,0.3551996160652695,5.920999999999999,yaw towards left,yaw towards left,0.9959,1
1528,18:03:30.014224,5.122000000000002,21.065499999999997,0.243146376777195,5.122000000000002,yaw towards left,yaw towards left,0.9874,1
1529,18:03:30.028647,4.490500000000002,18.43749999999998,0.2435525423728817,4.490500000000002,yaw towards left,yaw towards left,0.9801,1
1530,18:03:30.036891,4.306500000000002,20.154999999999973,0.2136690647482018,4.306500000000002,yaw towards left,yaw towards left,0.9681,1
1531,18:03:30.047318,4.450500000000001,19.102999999999952,0.2329738784484119,4.450500000000001,yaw towards left,yaw towards left,0.8841,1
1532,18:03:30.060678,3.423500000000003,17.849499999999967,0.1917980895823417,3.423500000000003,yaw towards left,yaw towards left,0.9652,1
1533,18:03:30.067060,3.448500000000003,19.66749999999995,0.1753400279649173,3.448500000000003,yaw towards left,yaw towards left,0.9706,1
1534,18:03:30.085847,4.148500000000003,24.340499999999953,0.1704361044349956,4.148500000000003,yaw towards left,yaw towards left,0.9908,1
1535,18:03:30.093424,3.923500000000004,33.55899999999995,0.1169134956345543,3.923500000000004,yaw towards left,yaw towards left,0.8904,1
1536,18:03:30.105006,3.4460000000000024,33.584499999999956,0.1026068573300185,3.4460000000000024,yaw towards left,yaw towards left,0.965,1
1537,18:03:30.114839,3.519500000000002,36.27799999999995,0.0970147196648108,3.519500000000002,yaw towards left,yaw towards left,0.9636,1
1538,18:03:30.131036,3.2905,31.711499999999933,0.103763618876433,3.2905,yaw towards left,yaw towards left,0.9597,1
1539,18:03:30.138761,2.9219999999999997,33.17749999999994,0.0880717353628213,2.9219999999999997,yaw towards left,yaw towards left,0.9671,1
1540,18:03:30.147321,3.2204999999999986,33.35799999999995,0.0965435577672523,3.2204999999999986,yaw towards left,yaw towards left,0.9236,1
1541,18:03:30.158222,3.978999999999999,37.02999999999995,0.1074534161490684,3.978999999999999,yaw towards left,yaw towards left,0.982,1
1542,18:03:30.174338,3.9454999999999982,39.27849999999994,0.100449355245236,3.9454999999999982,yaw towards left,yaw towards left,0.9604,1
1543,18:03:30.188400,4.378,37.97949999999996,0.1152727129109126,4.378,yaw towards left,yaw towards left,0.8939,1
1544,18:03:30.196774,4.974500000000001,31.59449999999997,0.1574482900504836,4.974500000000001,yaw towards left,yaw towards left,0.7808,1
1545,18:03:30.209448,5.8665,25.41199999999999,0.2308555013379506,5.8665,yaw towards left,yaw towards left,0.8102,1
1546,18:03:30.221811,7.149000000000003,22.508000000000017,0.3176204016349741,7.149000000000003,yaw towards left,yaw towards left,0.8292,1
1547,18:03:30.232588,8.134000000000002,21.581500000000027,0.376896879271598,8.134000000000002,yaw towards left,yaw towards left,0.8222,1
1548,18:03:30.241767,9.5375,27.158500000000025,0.3511791888359074,9.5375,yaw towards left,yaw towards left,0.792,1
1549,18:03:30.248606,9.671500000000002,32.075000000000024,0.3015276695245517,9.671500000000002,yaw towards left,yaw towards left,0.8917,1
1550,18:03:30.265917,9.380000000000004,38.14550000000001,0.2459005649421294,9.380000000000004,yaw towards left,yaw towards left,0.9885,1
1551,18:03:30.277747,8.255000000000003,37.00700000000002,0.223065906450131,8.255000000000003,yaw towards left,yaw towards left,0.9792,1
1552,18:03:30.284212,8.805000000000001,39.01100000000001,0.225705570223783,8.805000000000001,yaw towards left,yaw towards left,0.9471,1
1553,18:03:30.298828,9.402,37.23300000000002,0.2525179276448311,9.402,yaw towards left,yaw towards left,0.9192,1
1554,18:03:30.309924,8.759,38.79800000000002,0.2257590597453475,8.759,yaw towards left,yaw towards left,0.936,1
1555,18:03:30.321730,8.778499999999998,38.335500000000025,0.2289914048336396,8.778499999999998,yaw towards left,yaw towards left,0.955,1
1556,18:03:30.330220,8.124999999999998,41.998500000000014,0.1934592902127455,8.124999999999998,yaw towards left,yaw towards left,0.8976,1
1557,18:03:30.343633,8.931499999999998,42.8205,0.208580002568863,8.931499999999998,yaw towards left,yaw towards left,0.9552,1
1558,18:03:30.355491,9.078,37.324499999999986,0.2432182614636499,9.078,yaw towards left,yaw towards left,0.9711,1
1559,18:03:30.368360,11.056,31.851,0.3471162600860256,11.056,yaw towards left,yaw towards left,0.9454,1
1560,18:03:30.380577,12.427,25.303500000000007,0.4911178295492717,12.427,yaw towards left,yaw towards left,0.9181,1
1561,18:03:30.388529,14.152499999999998,20.820500000000017,0.6797387190509347,14.152499999999998,yaw towards left,yaw towards left,0.9746,1
1562,18:03:30.399205,14.8555,17.220500000000015,0.8626636857234103,14.8555,yaw towards left,yaw towards left,0.9768,1
1563,18:03:30.407878,14.35,18.692000000000007,0.7677081104215704,14.35,yaw towards left,yaw towards left,0.9792,1
1564,18:03:30.426182,14.404499999999995,18.752,0.7681580631399315,14.404499999999995,yaw towards left,yaw towards left,0.9763,1
1565,18:03:30.430420,14.087,17.117999999999984,0.8229349223040082,14.087,yaw towards left,yaw towards left,0.9667,1
1566,18:03:30.446678,13.918,13.458999999999993,1.0341035738167774,13.458999999999993,yaw towards left,yaw towards left,0.9845,1
1567,18:03:30.457632,12.509,11.353999999999974,1.1017262638717655,11.353999999999974,yaw towards left,yaw towards left,0.9133,1
1568,18:03:30.469030,10.8975,11.996499999999967,0.9083899470678972,10.8975,yaw towards left,yaw towards left,0.9643,1
1569,18:03:30.477149,9.455,11.125999999999976,0.8498112529210876,9.455,yaw towards left,yaw towards left,0.9494,1
1570,18:03:30.491783,8.423999999999998,10.28299999999997,0.8192161820480427,8.423999999999998,yaw towards left,yaw towards left,0.9469,1
1571,18:03:30.503361,7.858,11.346499999999969,0.6925483629313023,7.858,yaw towards left,yaw towards left,0.7,1
1572,18:03:30.513230,7.846000000000001,11.70799999999997,0.670140075162284,7.846000000000001,yaw towards left,yaw towards left,0.8019,1
1573,18:03:30.527359,8.612000000000002,10.305999999999973,0.8356297302542233,8.612000000000002,yaw towards left,yaw towards left,0.9413,1
1574,18:03:30.535049,8.853000000000003,10.536999999999969,0.8401822150517254,8.853000000000003,yaw towards left,yaw towards left,0.7986,1
1575,18:03:30.547756,9.195500000000004,10.20949999999998,0.9006807385278437,9.195500000000004,yaw towards left,yaw towards left,0.9089,1
1576,18:03:30.557732,9.010500000000002,10.339999999999964,0.8714216634429433,9.010500000000002,yaw towards left,yaw towards left,0.9561,1
1577,18:03:30.566589,9.214500000000005,8.424999999999978,1.0937091988130596,8.424999999999978,yaw towards left,yaw towards left,0.9955,1
1578,18:03:30.581007,10.171000000000005,8.171499999999991,1.244691917028699,8.171499999999991,yaw towards left,yaw towards left,0.9966,1
1579,18:03:30.590747,9.935,9.152999999999974,1.085436468917298,9.152999999999974,yaw towards left,yaw towards left,0.9781,1
1580,18:03:30.606404,9.629,8.68199999999997,1.109076249712052,8.68199999999997,yaw towards left,yaw towards left,0.9894,1
1581,18:03:30.615971,8.528500000000001,9.514999999999963,0.8963215974776704,8.528500000000001,yaw towards left,yaw towards left,0.9125,1
1582,18:03:30.625482,7.590000000000001,8.908999999999946,0.8519474688517282,7.590000000000001,yaw towards left,yaw towards left,0.979,1
1583,18:03:30.639197,6.7415,8.780499999999938,0.7677808780821193,6.7415,yaw towards left,yaw towards left,0.8825,1
1584,18:03:30.649370,5.779000000000001,6.752999999999929,0.8557678069006459,5.779000000000001,yaw towards left,yaw towards left,0.9704,1
1585,18:03:30.661688,4.9670000000000005,6.121999999999934,0.8113361646520832,4.9670000000000005,yaw towards left,yaw towards left,0.9836,1
1586,18:03:30.671998,4.8895,7.30349999999994,0.6694735400835271,4.8895,yaw towards left,yaw towards left,0.9757,1
1587,18:03:30.684162,4.3294999999999995,7.265499999999951,0.5958984240589125,4.3294999999999995,yaw towards left,yaw towards left,0.9772,1
1588,18:03:30.694359,3.553500000000001,8.362999999999966,0.4249073299055381,3.553500000000001,yaw towards left,yaw towards left,0.9417,1
1589,18:03:30.707257,3.015000000000001,7.763499999999953,0.3883557673729656,3.015000000000001,yaw towards left,yaw towards left,0.8362,1
1590,18:03:30.716754,2.688,24.650499999999965,0.1090444412892235,2.688,yaw towards left,yaw towards left,0.3866,1
1591,18:03:30.723815,2.8675,36.75049999999999,0.0780261493040911,2.8675,yaw towards left,yaw towards left,0.5076,1
1592,18:03:30.741220,3.3025,47.16700000000001,0.0700171730235121,3.3025,yaw towards left,yaw towards left,0.5122,1
1593,18:03:30.752849,2.9964999999999993,57.45100000000002,0.0521574907312318,2.9964999999999993,yaw towards left,yaw towards left,0.4323,1
1594,18:03:30.765801,3.4629999999999996,61.284000000000034,0.0565074081326283,3.4629999999999996,yaw towards left,up,0.6277,0
1595,18:03:30.774368,3.9474999999999993,61.07800000000002,0.0646304725105602,3.9474999999999993,yaw towards left,yaw towards left,0.7621,1
1596,18:03:30.785352,4.366499999999999,61.39150000000004,0.0711254815406041,4.366499999999999,yaw towards left,yaw towards left,0.8792,1
1597,18:03:30.797748,4.435499999999999,63.78150000000005,0.0695421086051597,4.435499999999999,yaw towards left,yaw towards left,0.8722,1
1598,18:03:30.809999,4.633,65.76650000000004,0.0704461998129746,4.633,yaw towards left,yaw towards left,0.9381,1
1599,18:03:30.817848,4.545,69.30700000000006,0.0655777915650655,4.545,yaw towards left,yaw towards left,0.9542,1
1600,18:03:30.831088,4.650499999999999,56.19000000000008,0.0827638369816692,4.650499999999999,yaw towards left,yaw towards left,0.9457,1
1601,18:03:30.842895,4.520999999999999,45.16450000000005,0.1001007428400623,4.520999999999999,yaw towards left,yaw towards left,0.6238,1
1602,18:03:30.856469,3.9585,36.04650000000006,0.1098164870375762,3.9585,yaw towards left,up,0.5382,0
1603,18:03:30.864454,4.323,27.225500000000057,0.1587849626269487,4.323,yaw towards left,yaw towards left,0.8189,1
1604,18:03:30.874699,4.357,24.034500000000047,0.1812810751211796,4.357,yaw towards left,yaw towards left,0.8361,1
1605,18:03:30.889257,3.9795000000000007,24.263000000000055,0.1640151671269007,3.9795000000000007,yaw towards left,yaw towards left,0.8479,1
1606,18:03:30.900448,3.674000000000001,22.644000000000027,0.1622504857798974,3.674000000000001,yaw towards left,yaw towards left,0.5758,1
1607,18:03:30.910876,3.8690000000000007,20.165999999999983,0.1918575820688288,3.8690000000000007,yaw towards left,down,0.8297,0
1608,18:03:30.919265,4.204,16.999999999999954,0.2472941176470594,4.204,yaw towards left,yaw towards left,0.6182,1
1609,18:03:30.931389,5.403499999999999,13.51699999999994,0.399755862987351,5.403499999999999,yaw towards left,yaw towards left,0.6216,1
1610,18:03:30.945095,6.403499999999999,10.763499999999908,0.5949273005992525,6.403499999999999,yaw towards left,down,0.625,0
1611,18:03:30.955192,7.876499999999998,9.159999999999922,0.8598799126637626,7.876499999999998,yaw towards left,yaw towards left,0.823,1
1612,18:03:30.963190,8.847,8.61199999999992,1.0272875058058617,8.61199999999992,yaw towards left,yaw towards left,0.7374,1
1613,18:03:30.979124,8.955499999999999,8.891499999999928,1.0071978856211068,8.891499999999928,yaw towards left,yaw towards left,0.8327,1
1614,18:03:31.012030,8.365499999999999,9.892499999999927,0.8456406368461017,8.365499999999999,yaw towards left,yaw towards left,0.6015,1
1615,18:03:31.013166,8.1745,11.480999999999904,0.7120024388119561,8.1745,yaw towards left,down,0.6027,0
1616,18:03:31.022605,8.258999999999999,13.518499999999928,0.6109405629322812,8.258999999999999,yaw towards left,yaw towards left,0.6891,1
1617,18:03:31.049650,8.691999999999998,15.317999999999936,0.5674370022196131,8.691999999999998,yaw towards left,yaw towards left,0.7558,1
1618,18:03:31.051261,8.7895,16.95999999999997,0.5182488207547179,8.7895,yaw towards left,yaw towards left,0.6234,1
1619,18:03:31.051261,7.687499999999998,18.313499999999976,0.4197722991235978,7.687499999999998,yaw towards left,yaw towards left,0.6075,1
1620,18:03:31.056130,7.582499999999999,19.356499999999983,0.3917288766047583,7.582499999999999,yaw towards left,down,0.5265,0
1621,18:03:31.064276,6.680499999999998,20.194999999999983,0.3307997028967568,6.680499999999998,yaw towards left,down,0.7135,0
1622,18:03:31.080633,7.236999999999997,20.912499999999977,0.3460609683203828,7.236999999999997,yaw towards left,yaw towards left,0.6542,1
1623,18:03:31.092157,9.272499999999996,21.547999999999956,0.4303183590124381,9.272499999999996,yaw towards left,yaw towards left,0.9059,1
1624,18:03:31.105448,12.410999999999998,22.091499999999975,0.5617997872484898,12.410999999999998,yaw towards left,yaw towards left,0.9581,1
1625,18:03:31.113665,15.630999999999997,22.624,0.6909034653465345,15.630999999999997,yaw towards left,yaw towards left,0.9141,1
1626,18:03:31.124951,17.4745,22.967499999999973,0.7608359638619797,17.4745,yaw towards left,yaw towards left,0.9208,1
1627,18:03:31.135558,18.502,23.263000000000012,0.795340239865881,18.502,yaw towards left,yaw towards left,0.9634,1
1628,18:03:31.145035,18.684499999999996,23.474,0.7959657493396948,18.684499999999996,yaw towards left,yaw towards left,0.968,1
1629,18:03:31.158033,19.656,23.544500000000017,0.8348446558644262,19.656,yaw towards left,yaw towards left,0.9237,1
1630,18:03:31.172266,19.6695,23.631500000000027,0.832342424306539,19.6695,yaw towards left,yaw towards left,0.9285,1
1631,18:03:31.183583,19.725,23.71050000000005,0.831909913329536,19.725,yaw towards left,yaw towards left,0.9082,1
1632,18:03:31.195501,18.77,23.736500000000024,0.7907652771048799,18.77,yaw towards left,yaw towards left,0.965,1
1633,18:03:31.205045,16.569499999999998,23.71800000000003,0.6986044354498684,16.569499999999998,yaw towards left,yaw towards left,0.9594,1
1634,18:03:31.216391,14.231500000000002,23.684500000000003,0.6008782114885263,14.231500000000002,yaw towards left,yaw towards left,0.9454,1
1635,18:03:31.227852,12.6935,23.571499999999993,0.5385104893621536,12.6935,yaw towards left,yaw towards left,0.9927,1
1636,18:03:31.239654,10.391000000000002,23.502999999999997,0.4421137727098669,10.391000000000002,yaw towards left,yaw towards left,0.9297,1
1637,18:03:31.252926,8.5525,23.45049999999997,0.3647043773053884,8.5525,yaw towards left,yaw towards left,0.9571,1
1638,18:03:31.261122,8.342500000000003,23.366499999999963,0.3570282241670774,8.342500000000003,yaw towards left,yaw towards left,0.977,1
1639,18:03:31.274498,7.528000000000001,23.38999999999995,0.3218469431380939,7.528000000000001,yaw towards left,yaw towards left,0.8961,1
1640,18:03:31.280077,6.4300000000000015,23.346999999999944,0.2754101169315122,6.4300000000000015,yaw towards left,yaw towards left,0.9154,1
1641,18:03:31.298212,5.489500000000002,23.269499999999937,0.2359096671608765,5.489500000000002,yaw towards left,yaw towards left,0.8735,1
1642,18:03:31.306651,5.380000000000004,23.208499999999948,0.2318116207424011,5.380000000000004,yaw towards left,yaw towards left,0.9362,1
1643,18:03:31.314788,5.353000000000003,23.073499999999942,0.2319977463323733,5.353000000000003,yaw towards left,yaw towards left,0.9001,1
1644,18:03:31.330142,5.803500000000002,22.963999999999963,0.2527216512802652,5.803500000000002,yaw towards left,yaw towards left,0.9112,1
1645,18:03:31.341180,5.024000000000004,22.831999999999972,0.2200420462508764,5.024000000000004,yaw towards left,yaw towards left,0.7347,1
1646,18:03:31.351365,5.424500000000002,22.703999999999983,0.238922656800564,5.424500000000002,yaw towards left,yaw towards left,0.8937,1
1647,18:03:31.364403,6.555500000000002,22.555999999999983,0.2906322042915413,6.555500000000002,yaw towards left,yaw towards left,0.8882,1
1648,18:03:31.376493,6.693500000000002,22.45799999999998,0.2980452400035625,6.693500000000002,yaw towards left,yaw towards left,0.9092,1
1649,18:03:31.388437,7.162000000000002,22.313999999999975,0.320964416957964,7.162000000000002,yaw towards left,yaw towards left,0.8852,1
1650,18:03:31.394317,7.949000000000001,22.19799999999998,0.3580953239030547,7.949000000000001,yaw towards left,yaw towards left,0.9572,1
1651,18:03:31.408514,9.594,22.105999999999984,0.433999819053651,9.594,yaw towards left,yaw towards left,0.9329,1
1652,18:03:31.417204,10.207,21.966499999999986,0.4646620991054563,10.207,yaw towards left,yaw towards left,0.9393,1
1653,18:03:31.433888,9.655,21.920999999999992,0.4404452351626296,9.655,yaw towards left,yaw towards left,0.9663,1
1654,18:03:31.441127,9.024,21.799,0.4139639433001514,9.024,yaw towards left,yaw towards left,0.9824,1
1655,18:03:31.453232,9.0445,21.7245,0.416327188197657,9.0445,yaw towards left,yaw towards left,0.9725,1
1656,18:03:31.465119,9.525000000000002,21.667500000000008,0.4395984769816545,9.525000000000002,yaw towards left,yaw towards left,0.9489,1
1657,18:03:31.475270,8.420000000000002,21.58050000000002,0.3901670489562334,8.420000000000002,yaw towards left,yaw towards left,0.9641,1
1658,18:03:31.483307,8.2245,21.49150000000002,0.3826861782565197,8.2245,yaw towards left,yaw towards left,0.9594,1
1659,18:03:31.495428,8.110000000000003,21.37700000000002,0.3793797071619028,8.110000000000003,yaw towards left,yaw towards left,0.9594,1
1660,18:03:31.510884,8.175500000000003,21.24150000000002,0.3848833651107499,8.175500000000003,yaw towards left,yaw towards left,0.9581,1
1661,18:03:31.523904,7.052000000000001,21.06650000000001,0.3347494837775615,7.052000000000001,yaw towards left,yaw towards left,0.9601,1
1662,18:03:31.530416,5.916500000000001,20.948,0.2824374641970594,5.916500000000001,yaw towards left,yaw towards left,0.9381,1
1663,18:03:31.543019,6.7555000000000005,20.809500000000003,0.3246353828780124,6.7555000000000005,yaw towards left,yaw towards left,0.9568,1
1664,18:03:31.555617,7.020000000000001,20.743999999999993,0.3384111068260704,7.020000000000001,yaw towards left,yaw towards left,0.9649,1
1665,18:03:31.566815,7.309000000000002,20.69449999999999,0.3531856290318685,7.309000000000002,yaw towards left,yaw towards left,0.9461,1
1666,18:03:31.574643,6.523500000000001,20.592999999999996,0.3167824017870151,6.523500000000001,yaw towards left,yaw towards left,0.8869,1
1667,18:03:31.582595,7.261500000000001,20.53599999999999,0.3535985586287497,7.261500000000001,yaw towards left,yaw towards left,0.9479,1
1668,18:03:31.600951,7.6125,20.427,0.3726685269496255,7.6125,yaw towards left,yaw towards left,0.9204,1
1669,18:03:31.612391,8.325500000000002,20.342999999999996,0.4092562552229269,8.325500000000002,yaw towards left,yaw towards left,0.9643,1
1670,18:03:31.621635,8.5925,20.279499999999995,0.4237037402302819,8.5925,yaw towards left,yaw towards left,0.9695,1
1671,18:03:31.630342,9.4615,20.254500000000007,0.4671307610654421,9.4615,yaw towards left,yaw towards left,0.9558,1
1672,18:03:31.646878,10.527999999999995,20.21850000000001,0.5207112298142786,10.527999999999995,yaw towards left,yaw towards left,0.9382,1
1673,18:03:31.658120,10.519499999999995,20.12850000000001,0.5226171845890152,10.519499999999995,yaw towards left,yaw towards left,0.9556,1
1674,18:03:31.664530,10.4385,20.015000000000008,0.5215338496127901,10.4385,yaw towards left,yaw towards left,0.9582,1
1675,18:03:31.680110,9.6415,19.8365,0.4860484460464295,9.6415,yaw towards left,yaw towards left,0.9575,1
1676,18:03:31.691435,10.589999999999998,19.693500000000007,0.5377408789702183,10.589999999999998,yaw towards left,yaw towards left,0.9673,1
1677,18:03:31.701751,10.252,19.535000000000014,0.5248016380854872,10.252,yaw towards left,yaw towards left,0.9675,1
1678,18:03:31.712158,9.294999999999998,19.454000000000008,0.4777937699187825,9.294999999999998,yaw towards left,yaw towards left,0.9703,1
1679,18:03:31.724077,9.162499999999998,19.393000000000008,0.4724642912391066,9.162499999999998,yaw towards left,yaw towards left,0.972,1
1680,18:03:31.730329,9.299499999999998,19.281500000000005,0.4823016881466689,9.299499999999998,yaw towards left,yaw towards left,0.9673,1
1681,18:03:31.748813,8.552499999999998,19.218000000000007,0.4450254969299612,8.552499999999998,yaw towards left,yaw towards left,0.9742,1
1682,18:03:31.758065,7.373499999999998,19.105500000000017,0.3859359870194442,7.373499999999998,yaw towards left,yaw towards left,0.9454,1
1683,18:03:31.767773,6.544,19.062000000000012,0.3433008078900428,6.544,yaw towards left,yaw towards left,0.9579,1
1684,18:03:31.780248,5.734999999999999,18.98900000000001,0.3020169571857389,5.734999999999999,yaw towards left,yaw towards left,0.9699,1
1685,18:03:31.791039,5.536,18.959000000000017,0.2919985231288567,5.536,yaw towards left,yaw towards left,0.9717,1
1686,18:03:31.805462,5.3504999999999985,18.917500000000008,0.2828333553587945,5.3504999999999985,yaw towards left,yaw towards left,0.9669,1
1687,18:03:31.811763,5.5779999999999985,18.847,0.2959622221043136,5.5779999999999985,yaw towards left,yaw towards left,0.9554,1
1688,18:03:31.825921,6.034499999999999,18.75050000000001,0.3218314178288576,6.034499999999999,yaw towards left,yaw towards left,0.9509,1
1689,18:03:31.838607,5.097499999999998,18.609500000000015,0.2739192347994301,5.097499999999998,yaw towards left,yaw towards left,0.9702,1
1690,18:03:31.850573,4.513499999999999,18.4995,0.2439795670153246,4.513499999999999,yaw towards left,yaw towards left,0.9505,1
1691,18:03:31.857487,4.911999999999999,18.302499999999988,0.2683786367982517,4.911999999999999,yaw towards left,yaw towards left,0.9396,1
1692,18:03:31.870948,5.167999999999998,18.166999999999984,0.2844718445533111,5.167999999999998,yaw towards left,yaw towards left,0.9499,1
1693,18:03:31.883494,6.159999999999998,17.97199999999999,0.3427553972846651,6.159999999999998,yaw towards left,yaw towards left,0.9705,1
1694,18:03:31.895678,6.844999999999999,17.837999999999987,0.3837313600179394,6.844999999999999,yaw towards left,yaw towards left,0.9625,1
1695,18:03:31.905335,6.5845,17.733499999999992,0.3713029012885219,6.5845,yaw towards left,yaw towards left,0.9613,1
1696,18:03:31.915723,5.7965,17.610000000000003,0.32915956842703,5.7965,yaw towards left,yaw towards left,0.9297,1
1697,18:03:31.924213,5.1345,17.604000000000006,0.2916666666666666,5.1345,yaw towards left,yaw towards left,0.9486,1
1698,18:03:31.940671,5.7575,17.563,0.3278198485452371,5.7575,yaw towards left,yaw towards left,0.9603,1
1699,18:03:31.945861,6.019500000000001,17.583000000000006,0.342347722231701,6.019500000000001,yaw towards left,yaw towards left,0.9511,1
1700,18:03:31.962435,5.290000000000001,17.563500000000012,0.3011928146440059,5.290000000000001,yaw towards left,yaw towards left,0.9476,1
1701,18:03:31.973377,4.5145,17.557000000000027,0.2571339067038784,4.5145,yaw towards left,yaw towards left,0.9534,1
1702,18:03:31.982408,4.719500000000001,17.51550000000003,0.269447061174388,4.719500000000001,yaw towards left,yaw towards left,0.8285,1
1703,18:03:31.991496,4.2095,17.445500000000028,0.2412943165859387,4.2095,yaw towards left,yaw towards left,0.9261,1
1704,18:03:32.006679,3.638500000000001,17.395500000000037,0.2091632893564423,3.638500000000001,yaw towards left,yaw towards left,0.6541,1
1705,18:03:32.014651,3.841499999999999,17.295500000000025,0.2221097973461301,3.841499999999999,yaw towards left,yaw towards left,0.6863,1
1706,18:03:32.030593,4.4625,17.220000000000017,0.2591463414634144,4.4625,yaw towards left,yaw towards left,0.8122,1
1707,18:03:32.038734,4.418499999999999,17.053999999999995,0.2590887768265509,4.418499999999999,yaw towards left,yaw towards left,0.8893,1
1708,18:03:32.049654,3.762999999999998,16.9235,0.222353532070789,3.762999999999998,yaw towards left,down,0.5879,0
1709,18:03:32.065308,3.839999999999999,16.754499999999997,0.2291921573308663,3.839999999999999,yaw towards left,yaw towards left,0.6309,1
1710,18:03:32.073844,4.602999999999999,16.5995,0.2772975089611132,4.602999999999999,yaw towards left,yaw towards left,0.8569,1
1711,18:03:32.084171,4.8279999999999985,16.478499999999997,0.2929878326303971,4.8279999999999985,yaw towards left,yaw towards left,0.8904,1
1712,18:03:32.095028,5.0024999999999995,16.3405,0.3061411829503381,5.0024999999999995,yaw towards left,yaw towards left,0.8665,1
1713,18:03:32.107322,5.1,16.301999999999985,0.3128450496871552,5.1,yaw towards left,yaw towards left,0.8776,1
1714,18:03:32.122254,5.464499999999999,16.190499999999975,0.3375127389518549,5.464499999999999,yaw towards left,yaw towards left,0.8668,1
1715,18:03:32.130234,5.3115,16.127499999999987,0.3293442877073324,5.3115,yaw towards left,yaw towards left,0.8653,1
1716,18:03:32.142295,4.6005,16.08549999999998,0.2860029218861711,4.6005,yaw towards left,yaw towards left,0.8645,1
1717,18:03:32.148700,4.822500000000001,16.014499999999988,0.3011333479034627,4.822500000000001,yaw towards left,yaw towards left,0.844,1
1718,18:03:32.166962,4.641,15.941999999999997,0.2911178020323673,4.641,yaw towards left,yaw towards left,0.8553,1
1719,18:03:32.174127,4.0360000000000005,15.847500000000002,0.2546773939107115,4.0360000000000005,yaw towards left,yaw towards left,0.5812,1
1720,18:03:32.187601,3.211500000000001,15.778500000000008,0.2035364578381975,3.211500000000001,yaw towards left,down,0.8586,0
1721,18:03:32.197801,4.364,15.6635,0.2786095061767804,4.364,yaw towards left,yaw towards left,0.8133,1
1722,18:03:32.211123,5.57,15.599999999999987,0.3570512820512823,5.57,yaw towards left,yaw towards left,0.8061,1
1723,18:03:32.216035,5.838499999999999,15.51149999999999,0.3763981562066855,5.838499999999999,yaw towards left,yaw towards left,0.5344,1
1724,18:03:32.230128,5.650999999999999,15.423999999999989,0.3663770746887969,5.650999999999999,yaw towards left,yaw towards left,0.6884,1
1725,18:03:32.243528,5.5920000000000005,15.38349999999998,0.3635063542106808,5.5920000000000005,yaw towards left,yaw towards left,0.7273,1
1726,18:03:32.256740,5.5855,15.293499999999984,0.3652205185209406,5.5855,yaw towards left,yaw towards left,0.6985,1
1727,18:03:32.265492,5.911,15.250499999999988,0.3875938493819877,5.911,yaw towards left,yaw towards left,0.6215,1
1728,18:03:32.277213,5.554499999999999,15.180499999999984,0.3658970389644613,5.554499999999999,yaw towards left,yaw towards left,0.6769,1
1729,18:03:32.290112,6.053999999999999,15.176999999999987,0.398893061869935,6.053999999999999,yaw towards left,yaw towards left,0.7331,1
1730,18:03:32.300740,6.7655,15.161999999999978,0.4462142197599268,6.7655,yaw towards left,yaw towards left,0.7997,1
1731,18:03:32.309796,5.741999999999999,15.137999999999977,0.3793103448275867,5.741999999999999,yaw towards left,down,0.6596,0
1732,18:03:32.321170,7.022499999999999,15.151499999999976,0.4634854634854641,7.022499999999999,yaw towards left,yaw towards left,0.5806,1
1733,18:03:32.331951,8.461500000000001,15.038999999999977,0.5626371434270905,8.461500000000001,yaw towards left,yaw towards left,0.9313,1
1734,18:03:32.345577,9.2965,14.93349999999998,0.6225265343020733,9.2965,yaw towards left,yaw towards left,0.9394,1
1735,18:03:32.355038,9.7445,14.743999999999982,0.6609129137276187,9.7445,yaw towards left,yaw towards left,0.9509,1
1736,18:03:32.364231,9.754499999999998,14.593499999999985,0.6684140199403851,9.754499999999998,yaw towards left,yaw towards left,0.9544,1
1737,18:03:32.380006,9.668,14.434499999999993,0.6697841975821821,9.668,yaw towards left,yaw towards left,0.9549,1
1738,18:03:32.390770,9.8345,14.356499999999984,0.6850207223209008,9.8345,yaw towards left,yaw towards left,0.959,1
1739,18:03:32.397284,10.096,14.25649999999997,0.7081682039771346,10.096,yaw towards left,yaw towards left,0.8642,1
1740,18:03:32.410753,9.9555,14.138999999999976,0.7041162741353715,9.9555,yaw towards left,yaw towards left,0.948,1
1741,18:03:32.423971,9.3695,14.117999999999984,0.6636563252585358,9.3695,yaw towards left,yaw towards left,0.9574,1
1742,18:03:32.437820,6.364999999999999,13.999499999999978,0.4546590949676781,6.364999999999999,yaw towards left,yaw towards left,0.8696,1
1743,18:03:32.448104,4.747499999999998,13.978999999999983,0.3396165677087061,4.747499999999998,yaw towards left,yaw towards left,0.8004,1
1744,18:03:32.457689,4.774499999999998,13.950999999999988,0.3422335316464771,4.774499999999998,yaw towards left,yaw towards left,0.768,1
1745,18:03:32.464841,4.820499999999998,13.894999999999992,0.3469233537243613,4.820499999999998,yaw towards left,yaw towards left,0.7706,1
1746,18:03:32.480219,5.010999999999998,13.837999999999989,0.362118803295274,5.010999999999998,yaw towards left,yaw towards left,0.7901,1
1747,18:03:32.494524,5.536999999999997,13.777999999999986,0.401872550442735,5.536999999999997,yaw towards left,yaw towards left,0.8734,1
1748,18:03:32.502725,5.803999999999999,13.694499999999982,0.4238197816641723,5.803999999999999,yaw towards left,yaw towards left,0.8577,1
1749,18:03:32.514724,5.122,13.591499999999986,0.3768531802965092,5.122,yaw towards left,yaw towards left,0.817,1
1750,18:03:32.526728,5.3340000000000005,13.539499999999975,0.3939584179622593,5.3340000000000005,yaw towards left,yaw towards left,0.8949,1
1751,18:03:32.532818,5.8145,13.39649999999998,0.4340312768260372,5.8145,yaw towards left,yaw towards left,0.8721,1
1752,18:03:32.541401,6.9855,13.311000000000002,0.5247915258057245,6.9855,yaw towards left,yaw towards left,0.9408,1
1753,18:03:32.557730,7.0390000000000015,13.206000000000008,0.5330152960775404,7.0390000000000015,yaw towards left,yaw towards left,0.9073,1
1754,18:03:32.572381,5.9250000000000025,13.106499999999992,0.4520657688932976,5.9250000000000025,yaw towards left,yaw towards left,0.9165,1
1755,18:03:32.582703,6.168500000000003,13.078499999999986,0.4716519478533478,6.168500000000003,yaw towards left,yaw towards left,0.762,1
1756,18:03:32.593071,6.788000000000002,13.02249999999998,0.5212516797849885,6.788000000000002,yaw towards left,yaw towards left,0.8847,1
1757,18:03:32.599610,6.663000000000002,13.010999999999978,0.5121051418030907,6.663000000000002,yaw towards left,yaw towards left,0.8869,1
1758,18:03:32.617068,6.682500000000002,12.968999999999983,0.5152671755725199,6.682500000000002,yaw towards left,yaw towards left,0.8869,1
1759,18:03:32.628605,6.764500000000003,12.94649999999998,0.5224964276059176,6.764500000000003,yaw towards left,yaw towards left,0.9408,1
1760,18:03:32.638311,6.766500000000002,12.873500000000002,0.5256146347147241,6.766500000000002,yaw towards left,yaw towards left,0.9501,1
1761,18:03:32.645794,6.296500000000002,12.800999999999998,0.491875634716038,6.296500000000002,yaw towards left,yaw towards left,0.862,1
1762,18:03:32.659579,5.750500000000002,12.729999999999997,0.4517282010997647,5.750500000000002,yaw towards left,yaw towards left,0.9104,1
1763,18:03:32.674292,5.008500000000001,12.66049999999999,0.395600489712097,5.008500000000001,yaw towards left,yaw towards left,0.6921,1
1764,18:03:32.683303,5.3425,12.637499999999989,0.4227497527200795,5.3425,yaw towards left,yaw towards left,0.6237,1
1765,18:03:32.694514,5.389500000000001,12.541999999999996,0.4297161537234892,5.389500000000001,yaw towards left,yaw towards left,0.8891,1
1766,18:03:32.707639,5.299,12.496500000000015,0.424038730844636,5.299,yaw towards left,yaw towards left,0.8454,1
1767,18:03:32.714478,4.968999999999999,12.403500000000008,0.4006127302777438,4.968999999999999,yaw towards left,yaw towards left,0.7882,1
1768,18:03:32.724318,5.131,12.293000000000015,0.417392011713983,5.131,yaw towards left,yaw towards left,0.847,1
1769,18:03:32.739719,4.937,12.212500000000034,0.4042579324462629,4.937,yaw towards left,yaw towards left,0.697,1
1770,18:03:32.751051,4.928,12.112000000000023,0.406869220607661,4.928,yaw towards left,yaw towards left,0.6827,1
1771,18:03:32.757473,5.165000000000001,12.063500000000024,0.428151034111161,5.165000000000001,yaw towards left,yaw towards left,0.8614,1
1772,18:03:32.772680,4.462000000000001,11.991000000000009,0.372112417646568,4.462000000000001,yaw towards left,yaw towards left,0.6348,1
1773,18:03:32.780104,4.711,11.965000000000009,0.3937317175094021,4.711,yaw towards left,yaw towards left,0.883,1
1774,18:03:32.793080,4.661500000000001,11.911500000000013,0.391344499013558,4.661500000000001,yaw towards left,yaw towards left,0.8608,1
1775,18:03:32.808780,4.103500000000001,11.902500000000009,0.344759504305818,4.103500000000001,yaw towards left,yaw towards left,0.6954,1
1776,18:03:32.817238,3.496000000000001,11.886,0.2941275450109373,3.496000000000001,yaw towards left,yaw towards left,0.8031,1
1777,18:03:32.830152,3.302500000000001,11.863500000000004,0.2783748472204661,3.302500000000001,yaw towards left,yaw towards left,0.7918,1
1778,18:03:32.842697,3.0485000000000015,11.88099999999999,0.2565861459473111,3.0485000000000015,yaw towards left,yaw towards left,0.7645,1
1779,18:03:32.853652,3.225500000000001,11.84199999999998,0.2723779766931267,3.225500000000001,yaw towards left,yaw towards left,0.7995,1
1780,18:03:32.863053,2.4800000000000013,11.867499999999971,0.2089740888982521,2.4800000000000013,yaw towards left,yaw towards left,0.8215,1
1781,18:03:32.874215,2.536500000000001,11.834999999999969,0.2143219264892275,2.536500000000001,yaw towards left,yaw towards left,0.7801,1
1782,18:03:32.888737,2.6450000000000005,11.81999999999997,0.2237732656514388,2.6450000000000005,yaw towards left,yaw towards left,0.7142,1
1783,18:03:32.899497,3.281,11.754499999999974,0.2791271427963765,3.281,yaw towards left,yaw towards left,0.598,1
1784,18:03:32.907187,3.341,11.667499999999984,0.2863509749303625,3.341,yaw towards left,yaw towards left,0.7903,1
1785,18:03:32.915139,3.0814999999999997,11.606999999999982,0.2654863444473166,3.0814999999999997,yaw towards left,yaw towards left,0.7591,1
1786,18:03:32.932036,3.0454999999999997,11.503499999999985,0.2647455122354069,3.0454999999999997,yaw towards left,yaw towards left,0.8153,1
1787,18:03:32.943561,2.7384999999999997,11.451999999999988,0.2391285365001748,2.7384999999999997,yaw towards left,yaw towards left,0.6179,1
1788,18:03:32.951822,2.4204999999999997,11.376499999999991,0.2127631521118095,2.4204999999999997,yaw towards left,yaw towards left,0.7659,1
1789,18:03:32.965727,2.63,11.327499999999992,0.2321783270801149,2.63,yaw towards left,down,0.6457,0
1790,18:03:32.974239,2.8274999999999997,11.232,0.2517361111111111,2.8274999999999997,yaw towards left,yaw towards left,0.6899,1
1791,18:03:32.990438,2.4965,11.143,0.2240419994615453,2.4965,yaw towards left,yaw towards left,0.7009,1
1792,18:03:32.994004,2.6625,11.060500000000008,0.240721486370417,2.6625,yaw towards left,yaw towards left,0.7198,1
1793,18:03:33.010704,2.0385,10.981500000000006,0.1856303783636114,2.0385,yaw towards left,yaw towards left,0.8724,1
1794,18:03:33.023393,1.6434999999999995,10.952499999999995,0.1500570645971239,1.6434999999999995,yaw towards left,yaw towards left,0.8917,1
1795,18:03:33.034847,1.6854999999999998,10.897500000000004,0.1546685019499884,1.6854999999999998,yaw towards left,yaw towards left,0.8783,1
1796,18:03:33.043861,1.5919999999999996,10.886499999999996,0.1462361640564001,1.5919999999999996,yaw towards left,yaw towards left,0.8882,1
1797,18:03:33.055479,1.8804999999999992,10.823499999999996,0.1737423199519563,1.8804999999999992,yaw towards left,yaw towards left,0.903,1
1798,18:03:33.065203,2.3714999999999997,10.741000000000003,0.2207894981845264,2.3714999999999997,yaw towards left,yaw towards left,0.6569,1
1799,18:03:33.080699,2.0645,10.6615,0.1936406696993856,2.0645,yaw towards left,yaw towards left,0.8457,1
1800,18:03:33.091999,1.887,10.5865,0.1782458791857554,1.887,yaw towards left,yaw towards left,0.769,1
1801,18:03:33.100692,2.2079999999999993,10.561000000000002,0.2090711106902754,2.2079999999999993,yaw towards left,yaw towards left,0.8131,1
1802,18:03:33.113251,2.4329999999999994,10.508,0.231537875904073,2.4329999999999994,yaw towards left,down,0.79,0
1803,18:03:33.125664,2.3385,10.500499999999994,0.222703680777106,2.3385,yaw towards left,yaw towards left,0.7997,1
1804,18:03:33.134969,2.8005000000000004,10.4415,0.2682085907197242,2.8005000000000004,yaw towards left,yaw towards left,0.6497,1
1805,18:03:33.145331,3.128,10.360999999999995,0.3019013608725028,3.128,yaw towards left,down,0.8306,0
1806,18:03:33.157847,3.72,10.285500000000004,0.3616742015458655,3.72,yaw towards left,yaw towards left,0.7232,1
1807,18:03:33.163864,3.8190000000000017,10.214499999999996,0.3738802682461209,3.8190000000000017,yaw towards left,yaw towards left,0.7445,1
1808,18:03:33.182387,3.369000000000001,10.190499999999991,0.3306020313036655,3.369000000000001,yaw towards left,yaw towards left,0.8546,1
1809,18:03:33.190332,3.252000000000001,10.140999999999991,0.3206784340794797,3.252000000000001,yaw towards left,yaw towards left,0.8927,1
1810,18:03:33.203344,3.540000000000002,10.13649999999999,0.3492329699600459,3.540000000000002,yaw towards left,yaw towards left,0.7525,1
1811,18:03:33.214135,3.243000000000001,10.079999999999997,0.3217261904761908,3.243000000000001,yaw towards left,yaw towards left,0.8721,1
1812,18:03:33.227790,2.744000000000001,10.047999999999996,0.2730891719745225,2.744000000000001,yaw towards left,yaw towards left,0.8027,1
1813,18:03:33.235323,3.3135000000000003,9.9685,0.3323970507097357,3.3135000000000003,yaw towards left,yaw towards left,0.7029,1
1814,18:03:33.247304,3.3260000000000005,9.8935,0.336180320412392,3.3260000000000005,yaw towards left,yaw towards left,0.7454,1
1815,18:03:33.259332,2.948000000000001,9.867,0.2987736900780379,2.948000000000001,yaw towards left,yaw towards left,0.7669,1
1816,18:03:33.272775,2.4005000000000005,9.7925,0.2451365841205004,2.4005000000000005,yaw towards left,yaw towards left,0.8745,1
1817,18:03:33.281583,1.9475,9.767,0.1993959250537524,1.9475,yaw towards left,yaw towards left,0.7935,1
1818,18:03:33.293323,2.0445,9.716000000000008,0.2104261012762451,2.0445,yaw towards left,yaw towards left,0.7632,1
1819,18:03:33.303583,2.4194999999999993,9.688000000000011,0.249741948802642,2.4194999999999993,yaw towards left,yaw towards left,0.8228,1
1820,18:03:33.317075,2.317999999999999,9.612000000000013,0.2411568872243025,2.317999999999999,yaw towards left,yaw towards left,0.5961,1
1821,18:03:33.324687,2.6854999999999993,9.539500000000004,0.2815137061690862,2.6854999999999993,yaw towards left,down,0.7498,0
1822,18:03:33.338880,2.9609999999999994,9.471500000000002,0.3126220767565854,2.9609999999999994,yaw towards left,down,0.8997,0
1823,18:03:33.346924,2.4324999999999988,9.407,0.2585840331667906,2.4324999999999988,yaw towards left,down,0.7804,0
1824,18:03:33.360351,2.8019999999999996,9.389999999999992,0.2984025559105434,2.8019999999999996,yaw towards left,yaw towards left,0.8746,1
1825,18:03:33.370033,3.1704999999999997,9.346999999999998,0.3391997432331229,3.1704999999999997,yaw towards left,yaw towards left,0.8264,1
1826,18:03:33.380404,3.931999999999999,9.347499999999997,0.420647231880182,3.931999999999999,yaw towards left,yaw towards left,0.8167,1
1827,18:03:33.395814,5.842999999999999,9.296499999999998,0.6285161082127683,5.842999999999999,yaw towards left,yaw towards left,0.6766,1
1828,18:03:33.407114,6.898999999999999,9.223499999999996,0.7479807014690738,6.898999999999999,yaw towards left,yaw towards left,0.9569,1
1829,18:03:33.415957,7.671000000000001,9.155499999999996,0.837857025831468,7.671000000000001,yaw towards left,yaw towards left,0.9743,1
1830,18:03:33.425765,8.357000000000001,9.091499999999996,0.919210251333664,8.357000000000001,yaw towards left,yaw towards left,0.9888,1
1831,18:03:33.439156,8.634500000000001,9.075,0.951460055096419,8.634500000000001,yaw towards left,yaw towards left,0.9886,1
1832,18:03:33.452703,8.916500000000003,9.032,0.9872121346324184,8.916500000000003,yaw towards left,yaw towards left,0.9902,1
1833,18:03:33.458943,9.1175,9.033499999999998,1.009298721425804,9.033499999999998,yaw towards left,yaw towards left,0.9861,1
1834,18:03:33.473373,8.261500000000002,8.982499999999998,0.9197328138046204,8.261500000000002,yaw towards left,yaw towards left,0.9894,1
1835,18:03:33.484660,8.018500000000001,8.91049999999999,0.8998933842096415,8.018500000000001,yaw towards left,yaw towards left,0.9778,1
1836,18:03:33.497450,7.695500000000001,8.843499999999988,0.8701871430994529,7.695500000000001,yaw towards left,yaw towards left,0.9798,1
1837,18:03:33.502941,6.786500000000001,8.779999999999996,0.7729498861047841,6.786500000000001,yaw towards left,yaw towards left,0.9694,1
1838,18:03:33.518647,6.969000000000003,8.764999999999992,0.7950941243582441,6.969000000000003,yaw towards left,yaw towards left,0.9369,1
1839,18:03:33.529915,7.200000000000001,8.72349999999999,0.8253567948644476,7.200000000000001,yaw towards left,yaw towards left,0.9344,1
1840,18:03:33.542375,7.004500000000002,8.725999999999994,0.8027160210864093,7.004500000000002,yaw towards left,yaw towards left,0.9686,1
1841,18:03:33.546462,6.8715,8.676999999999992,0.7919211709116061,6.8715,yaw towards left,yaw towards left,0.953,1
1842,18:03:33.563459,6.977000000000001,8.606499999999993,0.810666356823332,6.977000000000001,yaw towards left,yaw towards left,0.946,1
1843,18:03:33.574346,6.823500000000001,8.495499999999998,0.803189924077453,6.823500000000001,yaw towards left,yaw towards left,0.9535,1
1844,18:03:33.585178,7.1735000000000015,8.395999999999997,0.8543949499761796,7.1735000000000015,yaw towards left,yaw towards left,0.9547,1
1845,18:03:33.595685,7.627000000000001,8.350500000000006,0.9133584815280515,7.627000000000001,yaw towards left,yaw towards left,0.9606,1
1846,18:03:33.608456,7.1625,8.28300000000001,0.8647229264759134,7.1625,yaw towards left,yaw towards left,0.9761,1
1847,18:03:33.621523,6.3774999999999995,8.286000000000001,0.7696717354573979,6.3774999999999995,yaw towards left,yaw towards left,0.856,1
1848,18:03:33.633272,4.9815,8.260000000000009,0.6030871670702173,4.9815,yaw towards left,yaw towards left,0.5843,1
1849,18:03:33.643800,4.119999999999999,8.20850000000001,0.5019187427666436,4.119999999999999,yaw towards left,yaw towards left,0.8923,1
1850,18:03:33.651435,3.8194999999999992,8.115000000000004,0.4706715958102276,3.8194999999999992,yaw towards left,yaw towards left,0.9062,1
1851,18:03:33.666243,3.701999999999999,8.030500000000007,0.4609924662225261,3.701999999999999,yaw towards left,yaw towards left,0.8836,1
1852,18:03:33.677948,3.283499999999999,7.997000000000003,0.4105914718019255,3.283499999999999,yaw towards left,yaw towards left,0.9273,1
1853,18:03:33.683880,3.0805,7.9860000000000015,0.3857375406962183,3.0805,yaw towards left,yaw towards left,0.8664,1
1854,18:03:33.698527,2.9869999999999997,8.037,0.3716560905810625,2.9869999999999997,yaw towards left,yaw towards left,0.6982,1
1855,18:03:33.708925,2.8754999999999997,8.006,0.3591681239070696,2.8754999999999997,yaw towards left,yaw towards left,0.9401,1
1856,18:03:33.722372,4.227,7.996999999999997,0.5285732149556086,4.227,yaw towards left,yaw towards left,0.9363,1
1857,18:03:33.731371,4.823,7.916500000000002,0.6092338786079706,4.823,yaw towards left,yaw towards left,0.9349,1
1858,18:03:33.740926,5.128,7.820499999999993,0.6557125503484438,5.128,yaw towards left,yaw towards left,0.9397,1
1859,18:03:33.754898,4.836,7.800999999999993,0.6199205230098711,4.836,yaw towards left,yaw towards left,0.9419,1
1860,18:03:33.765010,4.501,7.8005,0.5770142939555157,4.501,yaw towards left,yaw towards left,0.9356,1
1861,18:03:33.780186,4.298,7.838999999999999,0.5482842199260111,4.298,yaw towards left,yaw towards left,0.9273,1
1862,18:03:33.788874,4.492,7.843500000000001,0.5727035124625486,4.492,yaw towards left,yaw towards left,0.8652,1
1863,18:03:33.795390,4.596500000000001,7.862500000000006,0.5846104928457866,4.596500000000001,yaw towards left,yaw towards left,0.9361,1
1864,18:03:33.812514,4.541000000000001,7.807000000000005,0.5816574868707568,4.541000000000001,yaw towards left,yaw towards left,0.9361,1
1865,18:03:33.824663,4.234,7.776499999999999,0.5444608757152962,4.234,yaw towards left,yaw towards left,0.9416,1
1866,18:03:33.830246,3.098,7.744,0.400051652892562,3.098,yaw towards left,yaw towards left,0.9313,1
1867,18:03:33.843676,2.3495000000000004,7.6664999999999965,0.3064631839822607,2.3495000000000004,yaw towards left,yaw towards left,0.8439,1
1868,18:03:33.858074,2.0415,7.640000000000003,0.2672120418848167,2.0415,yaw towards left,yaw towards left,0.8483,1
1869,18:03:33.868581,2.8125,7.566500000000008,0.3717042225599679,2.8125,yaw towards left,yaw towards left,0.9178,1
1870,18:03:33.878505,3.3284999999999996,7.522000000000003,0.4425019941504917,3.3284999999999996,yaw towards left,yaw towards left,0.9083,1
1871,18:03:33.891857,3.146,7.456,0.4219420600858369,3.146,yaw towards left,yaw towards left,0.9018,1
1872,18:03:33.905051,3.0349999999999997,7.439499999999998,0.4079575240271524,3.0349999999999997,yaw towards left,yaw towards left,0.9276,1
1873,18:03:33.913592,3.6985,7.3754999999999935,0.5014575283031664,3.6985,yaw towards left,yaw towards left,0.9306,1
1874,18:03:33.922883,3.7125,7.314499999999998,0.5075534896438583,3.7125,yaw towards left,yaw towards left,0.9233,1
1875,18:03:33.935502,3.6835,7.303499999999997,0.5043472307797633,3.6835,yaw towards left,yaw towards left,0.9202,1
1876,18:03:33.949150,3.9609999999999994,7.243499999999995,0.5468350935321326,3.9609999999999994,yaw towards left,yaw towards left,0.8837,1
1877,18:03:33.974050,4.38,7.276999999999998,0.6018963858732995,4.38,yaw towards left,yaw towards left,0.9089,1
1878,18:03:33.978075,5.104499999999999,7.276999999999992,0.7014566442215204,5.104499999999999,yaw towards left,yaw towards left,0.9196,1
1879,18:03:33.981596,4.856999999999999,7.249499999999989,0.669977239809643,4.856999999999999,yaw towards left,yaw towards left,0.8118,1
1880,18:03:33.993377,4.544999999999999,7.175499999999994,0.6334053376071358,4.544999999999999,yaw towards left,yaw towards left,0.9036,1
1881,18:03:34.012151,5.157499999999999,7.084999999999996,0.7279463655610446,5.157499999999999,yaw towards left,yaw towards left,0.9619,1
1882,18:03:34.014160,4.957499999999999,6.980500000000006,0.7101926796074771,4.957499999999999,yaw towards left,yaw towards left,0.9679,1
1883,18:03:34.026957,4.661999999999999,6.910500000000008,0.6746255697851087,4.661999999999999,yaw towards left,yaw towards left,0.9676,1
1884,18:03:34.038788,4.837999999999999,6.913000000000006,0.6998408795023862,4.837999999999999,yaw towards left,yaw towards left,0.9679,1
1885,18:03:34.048813,5.072999999999999,6.887500000000012,0.7365517241379296,5.072999999999999,yaw towards left,yaw towards left,0.9554,1
1886,18:03:34.058481,4.578999999999999,6.906500000000011,0.6629986244841803,4.578999999999999,yaw towards left,yaw towards left,0.9629,1
1887,18:03:34.064933,4.476999999999999,6.872000000000009,0.6514842840512214,4.476999999999999,yaw towards left,yaw towards left,0.922,1
1888,18:03:34.083728,3.7559999999999993,6.815000000000009,0.5511371973587665,3.7559999999999993,yaw towards left,yaw towards left,0.8941,1
1889,18:03:34.093933,3.3629999999999995,6.806500000000011,0.4940865349298455,3.3629999999999995,yaw towards left,yaw towards left,0.7443,1
1890,18:03:34.099609,3.1355,6.794000000000006,0.4615101560200172,3.1355,yaw towards left,yaw towards left,0.9048,1
1891,18:03:34.116301,2.8825,6.823500000000007,0.4224371656774378,2.8825,yaw towards left,yaw towards left,0.7916,1
1892,18:03:34.128824,2.9844999999999997,6.8205000000000044,0.4375778901840038,2.9844999999999997,yaw towards left,yaw towards left,0.8707,1
1893,18:03:34.140584,2.4965,6.834500000000003,0.3652790986904674,2.4965,yaw towards left,yaw towards left,0.8338,1
1894,18:03:34.147796,2.269,6.774500000000001,0.3349324673407631,2.269,yaw towards left,yaw towards left,0.5435,1
1895,18:03:34.158344,2.3335,6.695499999999998,0.3485176611156748,2.3335,yaw towards left,yaw towards left,0.7195,1
1896,18:03:34.173542,2.383,6.578999999999996,0.3622131022951818,2.383,yaw towards left,yaw towards left,0.8641,1
1897,18:03:34.185576,2.3549999999999995,6.476499999999999,0.3636223268740832,2.3549999999999995,yaw towards left,yaw towards left,0.6915,1
1898,18:03:34.192349,2.8749999999999996,6.4305,0.4470880957934841,2.8749999999999996,yaw towards left,yaw towards left,0.9239,1
1899,18:03:34.206452,3.758999999999999,6.3195,0.5948255399952527,3.758999999999999,yaw towards left,yaw towards left,0.8933,1
1900,18:03:34.217992,4.3809999999999985,6.2875,0.6967793240556658,4.3809999999999985,yaw towards left,yaw towards left,0.93,1
1901,18:03:34.230476,4.161499999999999,6.233499999999998,0.6676024705221787,4.161499999999999,yaw towards left,yaw towards left,0.8803,1
1902,18:03:34.234600,5.235499999999999,6.160499999999996,0.8498498498498502,5.235499999999999,yaw towards left,yaw towards left,0.9458,1
1903,18:03:34.251766,7.7395,6.072000000000003,1.2746212121212117,6.072000000000003,yaw towards left,yaw towards left,0.9812,1
1904,18:03:34.263538,8.9485,6.015500000000003,1.487573767766602,6.015500000000003,yaw towards left,yaw towards left,0.9868,1
1905,18:03:34.275777,9.618,5.963500000000005,1.6128112685503464,5.963500000000005,yaw towards left,yaw towards left,0.9837,1
1906,18:03:34.281995,9.6545,5.937000000000012,1.6261579922519758,5.937000000000012,yaw towards left,yaw towards left,0.9808,1
1907,18:03:34.297128,9.3475,5.97650000000001,1.5640424997908449,5.97650000000001,yaw towards left,yaw towards left,0.9829,1
1908,18:03:34.308575,9.5765,5.982000000000011,1.6008859913072522,5.982000000000011,yaw towards left,yaw towards left,0.9856,1
1909,18:03:34.313851,9.5965,6.027500000000015,1.5921194525093283,6.027500000000015,yaw towards left,yaw towards left,0.9869,1
1910,18:03:34.326994,10.417500000000002,6.017000000000013,1.731344523849091,6.017000000000013,yaw towards left,yaw towards left,0.9696,1
1911,18:03:34.342194,11.696500000000002,5.981000000000011,1.955609429861224,5.981000000000011,yaw towards left,yaw towards left,0.945,1
1912,18:03:34.354199,11.599000000000002,5.992000000000007,1.9357476635514,5.992000000000007,yaw towards left,yaw towards left,0.9358,1
1913,18:03:34.363970,9.125500000000002,5.996000000000004,1.5219312875250162,5.996000000000004,yaw towards left,yaw towards left,0.9879,1
1914,18:03:34.374558,7.917000000000002,6.040000000000004,1.310761589403973,6.040000000000004,yaw towards left,yaw towards left,0.9734,1
1915,18:03:34.386817,6.877500000000003,6.094500000000002,1.1284764952005908,6.094500000000002,yaw towards left,yaw towards left,0.9749,1
1916,18:03:34.399062,6.897500000000003,6.113499999999999,1.1282407786047275,6.113499999999999,yaw towards left,yaw towards left,0.9632,1
1917,18:03:34.411046,6.846500000000003,6.058499999999995,1.130065197656187,6.058499999999995,yaw towards left,yaw towards left,0.9649,1
1918,18:03:34.414585,6.052000000000001,5.985999999999995,1.0110257266956242,5.985999999999995,yaw towards left,yaw towards left,0.8265,1
1919,18:03:34.430229,6.544500000000001,5.896999999999991,1.109801594030865,5.896999999999991,yaw towards left,yaw towards left,0.9226,1
1920,18:03:34.444378,7.6755,5.7729999999999935,1.3295513597782795,5.7729999999999935,yaw towards left,yaw towards left,0.9824,1
1921,18:03:34.456700,7.9295,5.730499999999995,1.383736148678127,5.730499999999995,yaw towards left,yaw towards left,0.972,1
1922,18:03:34.461183,7.733000000000001,5.667499999999999,1.3644464049404506,5.667499999999999,yaw towards left,yaw towards left,0.9669,1
1923,18:03:34.475320,8.0995,5.654499999999996,1.432398974268283,5.654499999999996,yaw towards left,yaw towards left,0.9792,1
1924,18:03:34.488106,7.947,5.616499999999999,1.4149381287278555,5.616499999999999,yaw towards left,yaw towards left,0.9496,1
1925,18:03:34.497345,8.135000000000002,5.581499999999997,1.4574935053301097,5.581499999999997,yaw towards left,yaw towards left,0.9718,1
1926,18:03:34.507034,8.882499999999999,5.5479999999999965,1.6010273972602749,5.5479999999999965,yaw towards left,yaw towards left,0.9747,1
1927,18:03:34.521512,9.568499999999998,5.514499999999998,1.7351527790370844,5.514499999999998,yaw towards left,yaw towards left,0.9582,1
1928,18:03:34.532962,9.99,5.481999999999997,1.8223276176577905,5.481999999999997,yaw towards left,yaw towards left,0.9555,1
1929,18:03:34.543816,8.398,5.472499999999997,1.53458200091366,5.472499999999997,yaw towards left,yaw towards left,0.9764,1
1930,18:03:34.557486,5.8515,5.5499999999999945,1.0543243243243252,5.5499999999999945,yaw towards left,yaw towards left,0.9181,1
1931,18:03:34.565182,4.154999999999999,5.566499999999993,0.7464295338183786,4.154999999999999,yaw towards left,yaw towards left,0.8636,1
1932,18:03:34.575804,3.8919999999999986,5.5769999999999955,0.6978662363277751,3.8919999999999986,yaw towards left,yaw towards left,0.8476,1
1933,18:03:34.589841,4.805999999999999,5.537499999999994,0.8679006772009037,4.805999999999999,yaw towards left,yaw towards left,0.7827,1
1934,18:03:34.602311,5.836499999999999,5.454999999999993,1.0699358386801112,5.454999999999993,yaw towards left,yaw towards left,0.7723,1
1935,18:03:34.612151,6.6930000000000005,5.402499999999998,1.2388708931050445,5.402499999999998,yaw towards left,yaw towards left,0.9042,1
1936,18:03:34.623745,6.9935,5.375999999999996,1.300874255952382,5.375999999999996,yaw towards left,yaw towards left,0.8888,1
1937,18:03:34.630408,7.202000000000001,5.417499999999999,1.3293954776188284,5.417499999999999,yaw towards left,yaw towards left,0.9143,1
1938,18:03:34.648152,7.643000000000001,5.470999999999998,1.3970023761652357,5.470999999999998,yaw towards left,yaw towards left,0.9419,1
1939,18:03:34.657505,8.412,5.4899999999999975,1.5322404371584708,5.4899999999999975,yaw towards left,yaw towards left,0.9505,1
1940,18:03:34.663890,9.229000000000005,5.435000000000002,1.6980680772769088,5.435000000000002,yaw towards left,yaw towards left,0.8958,1
1941,18:03:34.680423,9.878000000000004,5.3625000000000025,1.842051282051282,5.3625000000000025,yaw towards left,yaw towards left,0.8199,1
1942,18:03:34.693446,9.201000000000002,5.318000000000003,1.7301617149304245,5.318000000000003,yaw towards left,yaw towards left,0.9251,1
1943,18:03:34.697730,7.850000000000001,5.232000000000005,1.5003822629969408,5.232000000000005,yaw towards left,yaw towards left,0.7776,1
1944,18:03:34.713663,7.796000000000001,5.178000000000006,1.5056006179992258,5.178000000000006,yaw towards left,yaw towards left,0.705,1
1945,18:03:34.726127,7.090000000000002,5.106,1.3885624755189976,5.106,yaw towards left,yaw towards left,0.8188,1
1946,18:03:34.738400,6.849500000000001,5.0195000000000025,1.3645781452335886,5.0195000000000025,yaw towards left,yaw towards left,0.8863,1
1947,18:03:34.746937,6.381500000000001,4.897500000000003,1.303011740684022,4.897500000000003,yaw towards left,yaw towards left,0.7386,1
1948,18:03:34.759795,5.5615000000000006,4.812500000000003,1.1556363636363631,4.812500000000003,yaw towards left,yaw towards left,0.7779,1
1949,18:03:34.772246,4.901000000000001,4.804000000000002,1.0201915070774352,4.804000000000002,yaw towards left,yaw towards left,0.629,1
1950,18:03:34.782536,4.334500000000001,4.8155,0.9001142145156268,4.334500000000001,yaw towards left,yaw towards left,0.8303,1
1951,18:03:34.792563,3.757000000000001,4.888499999999999,0.7685384064641508,3.757000000000001,yaw towards left,yaw towards left,0.8183,1
1952,18:03:34.805238,3.896500000000001,4.924999999999997,0.7911675126903559,3.896500000000001,yaw towards left,yaw towards left,0.8803,1
1953,18:03:34.817487,4.5760000000000005,5.019,0.9117354054592548,4.5760000000000005,yaw towards left,yaw towards left,0.767,1
1954,18:03:34.827939,4.3675,5.0725,0.8610152784622966,4.3675,yaw towards left,yaw towards left,0.7323,1
1955,18:03:34.837256,3.9955,5.091000000000003,0.7848163425653109,3.9955,yaw towards left,yaw towards left,0.9109,1
1956,18:03:34.848886,3.0490000000000004,5.147500000000003,0.5923263720252547,3.0490000000000004,yaw towards left,yaw towards left,0.9657,1
1957,18:03:34.861277,2.8265,5.169499999999999,0.5467646774349552,2.8265,yaw towards left,yaw towards left,0.9635,1
1958,18:03:34.874182,2.9495000000000005,5.140000000000001,0.5738326848249028,2.9495000000000005,yaw towards left,yaw towards left,0.9427,1
1959,18:03:34.880406,3.1455,5.067000000000002,0.6207815275310833,3.1455,yaw towards left,yaw towards left,0.8631,1
1960,18:03:34.894363,3.1035,5.023500000000001,0.6177963571215287,3.1035,yaw towards left,yaw towards left,0.8738,1
1961,18:03:34.907708,3.4365,4.916000000000002,0.6990439381611063,3.4365,yaw towards left,yaw towards left,0.5507,1
1962,18:03:34.915257,3.3255000000000003,4.8205000000000044,0.6898661964526496,3.3255000000000003,yaw towards left,yaw towards left,0.8952,1
1963,18:03:34.926203,2.7270000000000003,4.713499999999999,0.578550970616315,2.7270000000000003,yaw towards left,yaw towards left,0.8732,1
1964,18:03:34.940291,2.1615,4.619999999999999,0.4678571428571429,2.1615,yaw towards left,down,0.8571,0
1965,18:03:34.952061,2.3855000000000004,4.582999999999998,0.5205105825878248,2.3855000000000004,yaw towards left,yaw towards left,0.9656,1
1966,18:03:34.964598,2.4524999999999997,4.525999999999996,0.5418692001767569,2.4524999999999997,yaw towards left,yaw towards left,0.9139,1
1967,18:03:34.972952,2.5464999999999995,4.495999999999998,0.5663923487544485,2.5464999999999995,yaw towards left,yaw towards left,0.9523,1
1968,18:03:34.980344,2.5364999999999993,4.488999999999999,0.5650478948540878,2.5364999999999993,yaw towards left,yaw towards left,0.9269,1
1969,18:03:34.997661,2.5529999999999995,4.456999999999996,0.5728068207314341,2.5529999999999995,yaw towards left,yaw towards left,0.9776,1
1970,18:03:35.007699,2.9779999999999993,4.426999999999995,0.6726903094646494,2.9779999999999993,yaw towards left,yaw towards left,0.9683,1
1971,18:03:35.017786,2.757499999999999,4.420499999999995,0.6237982128718476,2.757499999999999,yaw towards left,yaw towards left,0.9528,1
1972,18:03:35.030366,2.6879999999999997,4.457999999999993,0.6029609690444154,2.6879999999999997,yaw towards left,yaw towards left,0.9364,1
1973,18:03:35.042731,2.6094999999999997,4.486499999999995,0.5816337902596684,2.6094999999999997,yaw towards left,yaw towards left,0.9439,1
1974,18:03:35.054463,2.4569999999999994,4.550999999999997,0.5398813447593939,2.4569999999999994,yaw towards left,yaw towards left,0.9434,1
1975,18:03:35.061589,2.480999999999999,4.556499999999994,0.5444968725995836,2.480999999999999,yaw towards left,yaw towards left,0.8271,1
1976,18:03:35.074173,3.0494999999999997,4.535999999999996,0.6722883597883603,3.0494999999999997,yaw towards left,yaw towards left,0.9643,1
1977,18:03:35.087579,4.177,4.492999999999995,0.929668373024706,4.177,yaw towards left,yaw towards left,0.929,1
1978,18:03:35.099417,4.542,4.430499999999995,1.0251664597675216,4.430499999999995,yaw towards left,yaw towards left,0.9455,1
1979,18:03:35.108288,4.116499999999999,4.374999999999997,0.940914285714286,4.116499999999999,yaw towards left,yaw towards left,0.9048,1
1980,18:03:35.120491,3.6334999999999993,4.301999999999998,0.8446071594607162,3.6334999999999993,yaw towards left,yaw towards left,0.9467,1
1981,18:03:35.132133,3.4735,4.236999999999997,0.8198017465187638,3.4735,yaw towards left,down,0.6186,0
1982,18:03:35.141464,3.938,4.133499999999998,0.9527035200193544,3.938,yaw towards left,yaw towards left,0.8767,1
1983,18:03:35.150078,4.263,4.0435,1.0542846543835789,4.0435,yaw towards left,yaw towards left,0.8569,1
1984,18:03:35.164618,4.5975,3.941999999999999,1.1662861491628618,3.941999999999999,yaw towards left,yaw towards left,0.9482,1
1985,18:03:35.178078,4.353,3.831,1.1362568519968674,3.831,yaw towards left,yaw towards left,0.9599,1
1986,18:03:35.189098,3.701000000000001,3.7565000000000026,0.9852256089444956,3.701000000000001,yaw towards left,yaw towards left,0.9493,1
1987,18:03:35.193897,2.614,3.668000000000004,0.7126499454743722,2.614,yaw towards left,yaw towards left,0.9313,1
1988,18:03:35.209602,3.0904999999999996,3.613000000000002,0.8553833379463044,3.0904999999999996,yaw towards left,yaw towards left,0.9622,1
1989,18:03:35.223176,5.0,3.609000000000003,1.3854253255749502,3.609000000000003,yaw towards left,yaw towards left,0.927,1
1990,18:03:35.231527,5.746,3.6245000000000034,1.5853221133949498,3.6245000000000034,yaw towards left,yaw towards left,0.9827,1
1991,18:03:35.243175,5.9205,3.6580000000000017,1.618507381082558,3.6580000000000017,yaw towards left,yaw towards left,0.9716,1
1992,18:03:35.255469,6.0424999999999995,3.7055000000000007,1.6306841182026712,3.7055000000000007,yaw towards left,yaw towards left,0.9743,1
1993,18:03:35.266718,5.706999999999999,3.7875,1.5067986798679864,3.7875,yaw towards left,yaw towards left,0.9414,1
1994,18:03:35.277486,5.331999999999999,3.8535000000000026,1.3836771765927067,3.8535000000000026,yaw towards left,yaw towards left,0.9359,1
1995,18:03:35.288842,5.956499999999998,3.9970000000000026,1.4902426820115071,3.9970000000000026,yaw towards left,yaw towards left,0.916,1
1996,18:03:35.298204,6.904499999999999,4.115,1.677885783718104,4.115,yaw towards left,yaw towards left,0.966,1
1997,18:03:35.312850,7.884499999999997,4.279000000000002,1.842603412012151,4.279000000000002,yaw towards left,yaw towards left,0.9123,1
1998,18:03:35.324391,8.208499999999999,4.393000000000001,1.868540860459822,4.393000000000001,yaw towards left,yaw towards left,0.9736,1
1999,18:03:35.333560,7.598999999999999,4.4404999999999974,1.711293773223737,4.4404999999999974,yaw towards left,yaw towards left,0.8023,1
2000,18:03:35.345976,7.3865,4.432499999999999,1.66644106034969,4.432499999999999,yaw towards left,yaw towards left,0.7853,1
2001,18:03:35.358258,7.183499999999998,4.332500000000001,1.6580496249278698,4.332500000000001,yaw towards left,yaw towards left,0.9533,1
2002,18:03:35.368673,6.625499999999998,4.245000000000002,1.5607773851590094,4.245000000000002,yaw towards left,yaw towards left,0.8544,1
2003,18:03:35.382248,6.7379999999999995,4.122500000000002,1.634445118253486,4.122500000000002,yaw towards left,yaw towards left,0.9257,1
2004,18:03:35.390537,6.7475,4.017000000000001,1.6797361214836937,4.017000000000001,yaw towards left,yaw towards left,0.9217,1
2005,18:03:35.396467,6.267,3.902000000000001,1.6060994361865706,3.902000000000001,yaw towards left,yaw towards left,0.9039,1
2006,18:03:35.414633,5.3175,3.801000000000002,1.3989739542225723,3.801000000000002,yaw towards left,yaw towards left,0.7289,1
2007,18:03:35.424561,4.073,3.6685,1.1102630502930353,3.6685,yaw towards left,down,0.5479,0
2008,18:03:35.434828,2.7935000000000003,3.5754999999999995,0.7812893301636137,2.7935000000000003,yaw towards left,yaw towards left,0.7424,1
2009,18:03:35.443200,1.5955,3.516500000000002,0.4537181856960043,1.5955,yaw towards left,yaw towards left,0.9592,1
2010,18:03:35.459294,0.8680000000000003,3.487500000000003,0.2488888888888887,0.8680000000000003,yaw towards left,yaw towards left,0.9634,1
2011,18:03:35.472306,1.0780000000000007,3.5275000000000007,0.3055988660524452,1.0780000000000007,yaw towards left,yaw towards left,0.9382,1
2012,18:03:35.480154,1.004000000000001,3.491500000000002,0.2875554919089217,1.004000000000001,yaw towards left,yaw towards left,0.9775,1
2013,18:03:35.493418,1.2670000000000006,3.4589999999999974,0.3662908355015905,1.2670000000000006,yaw towards left,yaw towards left,0.761,1
2014,18:07:48.784870,2.157000000000001,13.108,0.1645559963381142,2.157000000000001,down,down,0.9829,1
2015,18:07:48.785834,3.108000000000001,22.600500000000004,0.1375190814362514,3.108000000000001,down,down,0.9787,1
2016,18:07:48.785834,4.372000000000002,31.9655,0.1367724578060722,4.372000000000002,up,up,0.9654,1
2017,18:07:48.788255,5.520000000000001,41.224500000000006,0.1339009569552086,5.520000000000001,up,up,0.9663,1
2018,18:07:48.790285,6.309500000000001,45.634,0.1382631371345926,6.309500000000001,up,up,0.9397,1
2019,18:07:48.792223,6.152000000000001,45.371500000000005,0.1355917260835546,6.152000000000001,up,up,0.9556,1
2020,18:07:48.800642,6.222,45.18300000000001,0.1377066595843569,6.222,up,up,0.9499,1
2021,18:07:48.813809,6.142,45.12200000000001,0.1361198528434023,6.142,up,up,0.9722,1
2022,18:07:48.826059,6.313000000000001,45.18900000000001,0.1397021399013034,6.313000000000001,up,up,0.971,1
2023,18:07:48.838788,6.306000000000001,45.42700000000001,0.1388161225702776,6.306000000000001,up,up,0.9785,1
2024,18:07:48.847729,5.871500000000001,35.97950000000001,0.1631901499464973,5.871500000000001,up,up,0.9665,1
2025,18:07:48.857963,5.3455,26.686500000000013,0.2003072714668464,5.3455,down,down,0.9772,1
2026,18:07:48.872095,5.0955,17.54100000000001,0.2904908500085512,5.0955,down,down,0.8865,1
2027,18:07:48.883959,4.891500000000001,8.47300000000001,0.5773043786144217,4.891500000000001,down,down,0.7303,1
2028,18:07:48.892602,5.8635,4.2760000000000105,1.3712581852198282,4.2760000000000105,down,down,0.8234,1
2029,18:07:48.905273,7.972500000000001,4.70100000000001,1.6959157626036978,4.70100000000001,down,down,0.7683,1
2030,18:07:48.914711,10.185000000000002,5.05450000000001,2.0150361064398026,5.05450000000001,down,down,0.9664,1
2031,18:07:48.927407,12.9145,5.305500000000009,2.4341720855715727,5.305500000000009,down,down,0.9765,1
2032,18:07:48.933473,15.436000000000002,5.471500000000009,2.821164214566385,5.471500000000009,down,down,0.9559,1
2033,18:07:48.949909,18.024,5.457000000000008,3.3029136888400172,5.457000000000008,down,down,0.9871,1
2034,18:07:48.961880,20.3665,5.46400000000001,3.727397510980959,5.46400000000001,down,down,0.9905,1
2035,18:07:48.974847,22.7315,5.487000000000009,4.1427920539456835,5.487000000000009,down,down,0.9777,1
2036,18:07:48.983083,24.402499999999996,5.435500000000005,4.489467390304475,5.435500000000005,down,down,0.9833,1
2037,18:07:48.993930,26.291500000000003,5.433500000000007,4.838777951596572,5.433500000000007,down,down,0.9813,1
2038,18:07:49.006822,27.3435,5.4055000000000035,5.058458976967899,5.4055000000000035,down,down,0.9819,1
2039,18:07:49.019215,28.088500000000003,5.4,5.201574074074075,5.4,down,down,0.997,1
2040,18:07:49.025384,28.501500000000004,5.391500000000002,5.2863767040712215,5.391500000000002,down,down,0.9989,1
2041,18:07:49.040036,27.9175,5.379500000000005,5.1896086996932755,5.379500000000005,down,down,0.9996,1
2042,18:07:49.050618,27.377500000000005,5.410000000000002,5.0605360443622915,5.410000000000002,down,down,0.9983,1
2043,18:07:49.061954,25.9925,5.432000000000002,4.785069955817376,5.432000000000002,down,down,0.9983,1
2044,18:07:49.073253,24.5965,5.468999999999999,4.497440117023222,5.468999999999999,down,down,0.9849,1
2045,18:07:49.084339,22.816000000000003,5.451999999999998,4.184886280264125,5.451999999999998,down,down,0.9982,1
2046,18:07:49.095528,20.858,5.455999999999998,3.822947214076248,5.455999999999998,down,down,0.9989,1
2047,18:07:49.108872,18.4455,5.432499999999996,3.395398067188222,5.432499999999996,down,down,0.9988,1
2048,18:07:49.120390,15.672,5.384999999999996,2.910306406685239,5.384999999999996,down,down,0.9987,1
2049,18:07:49.125257,12.9965,5.386000000000001,2.4130152246565166,5.386000000000001,down,down,0.999,1
2050,18:07:49.141081,10.422999999999998,5.337999999999999,1.9526039715249155,5.337999999999999,down,down,0.9926,1
2051,18:07:49.156161,8.157,5.3154999999999974,1.5345687141378994,5.3154999999999974,down,down,0.9593,1
2052,18:07:49.166463,6.432999999999997,5.248500000000002,1.2256835286272258,5.248500000000002,down,down,0.9727,1
2053,18:07:49.175031,5.364499999999997,5.1655,1.0385248281870094,5.1655,down,down,0.9773,1
2054,18:07:49.185859,4.464999999999996,5.0465,0.8847716238977502,4.464999999999996,down,down,0.975,1
2055,18:07:49.198687,4.315999999999998,4.941500000000002,0.8734190023272278,4.315999999999998,down,down,0.9759,1
2056,18:07:49.208998,4.504,4.849000000000004,0.9288513095483598,4.504,down,down,0.9776,1
2057,18:07:49.219045,5.262000000000002,4.790000000000001,1.0985386221294366,4.790000000000001,down,down,0.9857,1
2058,18:07:49.232829,6.251500000000002,4.803999999999999,1.3013114071607,4.803999999999999,down,down,0.9881,1
2059,18:07:49.245180,7.225000000000001,4.789499999999995,1.5085081950099195,4.789499999999995,down,down,0.989,1
2060,18:07:49.256729,8.021000000000003,4.818999999999994,1.664453206059351,4.818999999999994,down,down,0.993,1
2061,18:07:49.261120,9.009500000000005,4.795499999999995,1.8787404858721743,4.795499999999995,down,down,0.9949,1
2062,18:07:49.276962,9.700000000000005,4.748999999999993,2.0425352705832847,4.748999999999993,down,down,0.9995,1
2063,18:07:49.290878,10.125000000000004,4.706499999999994,2.1512801444810403,4.706499999999994,down,down,0.9996,1
2064,18:07:49.301880,10.901500000000002,4.666999999999996,2.3358688665095375,4.666999999999996,down,down,0.9997,1
2065,18:07:49.309839,10.941,4.6749999999999945,2.3403208556149764,4.6749999999999945,down,down,0.9997,1
2066,18:07:49.322594,11.243999999999998,4.700999999999996,2.391831525207404,4.700999999999996,down,down,0.9998,1
2067,18:07:49.333741,11.1805,4.7639999999999985,2.3468723761544923,4.7639999999999985,down,down,0.9998,1
2068,18:07:49.344932,11.368,4.768500000000003,2.383978190206562,4.768500000000003,down,down,0.9997,1
2069,18:07:49.351670,11.660999999999998,4.746500000000006,2.4567576108711644,4.746500000000006,down,down,0.9992,1
2070,18:07:49.366737,11.944999999999997,4.701500000000007,2.5406785068595084,4.701500000000007,down,down,0.9993,1
2071,18:07:49.380032,12.462499999999997,4.638000000000005,2.6870418283742956,4.638000000000005,down,down,0.9985,1
2072,18:07:49.393230,12.565499999999997,4.625500000000005,2.716571181493889,4.625500000000005,down,down,0.999,1
2073,18:07:49.395567,13.031,4.589000000000004,2.839616474177378,4.589000000000004,down,down,0.9896,1
2074,18:07:49.412426,12.95,4.6445000000000025,2.788244159758853,4.6445000000000025,down,down,0.9891,1
2075,18:07:49.424947,13.294000000000002,4.643500000000003,2.86292667169161,4.643500000000003,down,down,0.9909,1
2076,18:07:49.429967,13.525000000000002,4.616500000000002,2.9297086537420114,4.616500000000002,down,down,0.9911,1
2077,18:07:49.443633,13.722000000000005,4.545500000000004,3.018809811901879,4.545500000000004,down,down,0.9923,1
2078,18:07:49.458080,14.112000000000004,4.460000000000003,3.1641255605381153,4.460000000000003,down,down,0.9914,1
2079,18:07:49.468810,14.140000000000004,4.361500000000001,3.242003897741603,4.361500000000001,down,down,0.9912,1
2080,18:07:49.480295,14.446000000000003,4.297500000000002,3.361489237929028,4.297500000000002,down,down,0.9891,1
2081,18:07:49.490991,14.056000000000004,4.3515000000000015,3.2301505228082266,4.3515000000000015,down,down,0.9909,1
2082,18:07:49.499411,14.135500000000002,4.3720000000000026,3.23318847209515,4.3720000000000026,down,down,0.9882,1
2083,18:07:49.510330,13.818500000000004,4.476000000000002,3.0872430741733687,4.476000000000002,down,down,0.9865,1
2084,18:07:49.524645,13.897500000000004,4.4700000000000015,3.1090604026845634,4.4700000000000015,down,down,0.9871,1
2085,18:07:49.539233,13.897,4.417000000000002,3.146253112972605,4.417000000000002,down,down,0.9849,1
2086,18:07:49.544997,13.6795,4.346500000000001,3.147244909697457,4.346500000000001,down,down,0.9831,1
2087,18:07:49.558700,13.389,4.260499999999999,3.1425888980166654,4.260499999999999,down,down,0.996,1
2088,18:07:49.573079,12.5235,4.229499999999999,2.960988296488947,4.229499999999999,down,down,0.9909,1
2089,18:07:49.580310,11.325,4.246,2.667216203485633,4.246,down,down,0.9904,1
2090,18:07:49.593595,10.142,4.3004999999999995,2.3583304266945704,4.3004999999999995,down,down,0.9539,1
2091,18:07:49.605382,9.397500000000004,4.255000000000004,2.2085781433607505,4.255000000000004,down,down,0.9815,1
2092,18:07:49.613496,8.380500000000001,4.190000000000003,2.0001193317422423,4.190000000000003,down,down,0.9705,1
2093,18:07:49.626778,7.661500000000001,4.064500000000004,1.884979702300404,4.064500000000004,down,down,0.9573,1
2094,18:07:49.635003,6.415000000000001,3.933000000000004,1.6310704296974303,3.933000000000004,down,down,0.9184,1
2095,18:07:49.650080,5.218000000000001,3.886500000000004,1.342596166216389,3.886500000000004,down,down,0.9904,1
2096,18:07:49.660083,4.018,3.8445000000000022,1.0451294056444265,3.8445000000000022,down,down,0.9516,1
2097,18:07:49.673795,3.0075000000000003,3.9185,0.7675130789843052,3.0075000000000003,down,down,0.988,1
2098,18:07:49.680335,2.412,3.956,0.6097067745197168,2.412,down,down,0.9847,1
2099,18:07:49.694987,2.386,4.0065,0.5955322600773743,2.386,down,down,0.9466,1
2100,18:07:49.707603,2.6285,4.002000000000001,0.6567966016991503,2.6285,down,down,0.8329,1
2101,18:07:49.712866,2.902499999999999,3.972,0.730740181268882,2.902499999999999,down,down,0.8726,1
2102,18:07:49.725086,3.2864999999999993,3.966499999999999,0.8285642253876213,3.2864999999999993,down,down,0.9022,1
2103,18:07:49.740488,3.862999999999999,3.958500000000001,0.9758747000126308,3.862999999999999,down,down,0.8637,1
2104,18:07:49.752711,4.507499999999999,4.0390000000000015,1.115994057935132,4.0390000000000015,down,down,0.8144,1
2105,18:07:49.761420,5.2924999999999995,4.081,1.2968635138446456,4.081,down,down,0.9244,1
2106,18:07:49.773699,6.154999999999999,4.1800000000000015,1.4724880382775112,4.1800000000000015,down,down,0.9124,1
2107,18:07:49.785239,6.869999999999999,4.148500000000004,1.65602024828251,4.148500000000004,down,down,0.7948,1
2108,18:07:49.798011,7.631499999999998,4.074000000000003,1.8732204221894924,4.074000000000003,down,down,0.9889,1
2109,18:07:49.808439,7.9345,3.9410000000000025,2.0133214920071034,3.9410000000000025,down,down,0.9985,1
2110,18:07:49.813006,8.1345,3.803000000000003,2.1389692348146183,3.803000000000003,down,down,0.9979,1
2111,18:07:49.830100,8.144,3.7285000000000026,2.1842564033793734,3.7285000000000026,down,down,0.9981,1
2112,18:07:49.841658,8.3375,3.618500000000003,2.3041315462208076,3.618500000000003,down,down,0.9984,1
2113,18:07:49.855515,8.001999999999999,3.7685,2.1233912697359685,3.7685,down,down,0.9988,1
2114,18:07:49.858484,8.297,3.825,2.1691503267973857,3.825,down,down,0.9985,1
2115,18:07:49.875369,7.900999999999999,3.8480000000000016,2.053274428274427,3.8480000000000016,down,down,0.9988,1
2116,18:07:49.888663,7.4285,3.842500000000004,1.9332465842550404,3.842500000000004,down,down,0.9907,1
2117,18:07:49.897807,7.3215,3.812500000000002,1.9203934426229496,3.812500000000002,down,down,0.9904,1
2118,18:07:49.907990,6.850499999999999,3.761500000000004,1.821214940848064,3.761500000000004,down,down,0.9892,1
2119,18:07:49.920436,6.978999999999999,3.760500000000005,1.8558702300226009,3.760500000000005,down,down,0.9898,1
2120,18:07:49.931692,6.498499999999998,33.920500000000004,0.1915803127902005,6.498499999999998,down,down,0.9648,1
2121,18:07:49.942722,6.331499999999999,59.550500000000014,0.106321525427998,6.331499999999999,up,up,0.9616,1
2122,18:07:49.948368,6.362499999999999,81.3395,0.0782215282857652,6.362499999999999,up,up,0.9677,1
2123,18:07:49.965283,6.348499999999999,99.63,0.0637207668372979,6.348499999999999,down,down,0.9285,1
2124,18:07:49.977540,5.833499999999999,107.1595,0.0544375440348265,5.833499999999999,down,down,0.9762,1
2125,18:07:49.989648,5.262999999999999,107.92600000000002,0.0487648944647258,5.262999999999999,down,down,0.9824,1
2126,18:07:49.998369,5.075999999999999,110.7375,0.0458381307145275,5.075999999999999,down,down,0.9876,1
2127,18:07:50.009321,4.395999999999999,111.36,0.0394755747126436,4.395999999999999,down,down,0.9887,1
2128,18:07:50.023372,4.150499999999999,114.129,0.0363667428961964,4.150499999999999,down,down,0.9857,1
2129,18:07:50.033973,3.5404999999999993,118.756,0.0298132304894068,3.5404999999999993,down,down,0.9664,1
2130,18:07:50.043223,3.414,93.53,0.0365016572222816,3.414,up,up,0.7035,1
2131,18:07:50.055227,2.9509999999999996,73.101,0.0403688048043118,2.9509999999999996,up,up,0.984,1
2132,18:07:50.067421,2.390000000000001,56.68649999999999,0.0421617139883393,2.390000000000001,up,up,0.992,1
2133,18:07:50.079917,2.0715000000000012,43.547,0.0475692929478494,2.0715000000000012,up,up,0.9905,1
2134,18:07:50.084912,2.095000000000001,40.6515,0.0515356136919917,2.095000000000001,up,up,0.9921,1
2135,18:07:50.100618,2.214000000000001,43.8235,0.050520839275731,2.214000000000001,up,up,0.9912,1
2136,18:07:50.112585,2.2290000000000005,66.3425,0.0335983720842597,2.2290000000000005,up,up,0.9944,1
2137,18:07:50.125251,2.5145000000000004,86.162,0.0291833987140502,2.5145000000000004,up,up,0.944,1
2138,18:07:50.131199,2.495000000000001,99.6455,0.0250387624127532,2.495000000000001,down,down,0.9654,1
2139,18:07:50.145892,2.724000000000001,107.675,0.0252983515207801,2.724000000000001,down,down,0.9868,1
2140,18:07:50.158441,2.6185,107.7325,0.0243055716705729,2.6185,down,down,0.9812,1
2141,18:07:50.167820,2.904000000000001,103.538,0.0280476733180088,2.904000000000001,down,down,0.9741,1
2142,18:07:50.178261,2.588,101.439,0.0255128698035272,2.588,down,down,0.9656,1
2143,18:07:50.191657,2.407,117.994,0.0203993423394409,2.407,down,down,0.9947,1
2144,18:07:50.203434,2.101999999999999,125.727,0.0167187636704924,2.101999999999999,down,down,0.9832,1
2145,18:07:50.212930,2.4339999999999997,125.08400000000002,0.0194589236033385,2.4339999999999997,down,down,0.9903,1
2146,18:07:50.223818,2.5989999999999993,100.07,0.0259718197261916,2.5989999999999993,down,down,0.9686,1
2147,18:07:50.236082,2.3715,80.399,0.0294966355302926,2.3715,up,up,0.9935,1
2148,18:07:50.246728,2.2044999999999995,66.41900000000001,0.0331908038362516,2.2044999999999995,up,up,0.9946,1
2149,18:07:50.259015,1.9824999999999997,57.778000000000006,0.0343123680293537,1.9824999999999997,up,up,0.9978,1
2150,18:07:50.264931,2.2614999999999994,72.772,0.031076512944539,2.2614999999999994,up,up,0.9782,1
2151,18:07:50.280695,2.068499999999999,81.27450000000002,0.0254507871472601,2.068499999999999,up,up,0.9927,1
2152,18:07:50.292803,2.041999999999999,80.7655,0.0252830725990676,2.041999999999999,up,up,0.9938,1
2153,18:07:50.306021,2.161499999999999,58.818000000000005,0.0367489544017137,2.161499999999999,up,up,0.9976,1
2154,18:07:50.313953,2.0879999999999987,47.87800000000001,0.0436108442290822,2.0879999999999987,up,up,0.9912,1
2155,18:07:50.324991,1.7569999999999992,47.6075,0.0369059496928004,1.7569999999999992,up,up,0.9916,1
2156,18:07:50.338692,1.3404999999999994,51.926,0.0258155837152871,1.3404999999999994,up,up,0.9883,1
2157,18:07:50.349261,1.2819999999999994,52.8235,0.0242695012636421,1.2819999999999994,up,up,0.9874,1
2158,18:07:50.357827,1.3394999999999997,55.387,0.0241843753949482,1.3394999999999997,up,up,0.9887,1
2159,18:07:50.371656,1.6949999999999996,69.31949999999999,0.0244519940276545,1.6949999999999996,up,up,0.9913,1
2160,18:07:50.383070,1.4690000000000003,60.698,0.0242017858908036,1.4690000000000003,up,up,0.992,1
2161,18:07:50.395430,1.6740000000000008,56.854,0.0294438386041439,1.6740000000000008,up,up,0.9966,1
2162,18:07:50.407863,2.121000000000001,55.47950000000001,0.0382303373318072,2.121000000000001,up,up,0.995,1
2163,18:07:50.415931,2.0460000000000007,55.56599999999999,0.0368210776374041,2.0460000000000007,up,up,0.998,1
2164,18:07:50.428696,2.088000000000001,55.70549999999999,0.0374828338314888,2.088000000000001,up,up,0.9976,1
2165,18:07:50.440303,2.345000000000001,57.16299999999999,0.041023039378619,2.345000000000001,up,up,0.9915,1
2166,18:07:50.449754,3.0305000000000013,70.99000000000001,0.0426891111424144,3.0305000000000013,up,up,0.9838,1
2167,18:07:50.459575,3.427500000000001,76.90900000000002,0.0445656555149592,3.427500000000001,up,up,0.9887,1
2168,18:07:50.474392,3.930000000000001,71.78500000000001,0.0547468134011283,3.930000000000001,up,up,0.9834,1
2169,18:07:50.484933,3.9195000000000007,55.88250000000001,0.070138236478325,3.9195000000000007,up,up,0.9953,1
2170,18:07:50.492249,4.1705000000000005,48.184000000000005,0.0865536277602523,4.1705000000000005,up,up,0.997,1
2171,18:07:50.506714,4.505,47.6605,0.0945227179740036,4.505,up,up,0.9963,1
2172,18:07:50.518279,4.3825,52.3215,0.0837609778007129,4.3825,up,up,0.9972,1
2173,18:07:50.530296,4.721,70.82050000000001,0.0666614892580538,4.721,up,up,0.9878,1
2174,18:07:50.541378,5.191,76.85000000000001,0.0675471698113207,5.191,up,up,0.9534,1
2175,18:07:50.545940,5.555999999999999,93.0175,0.0597306958368048,5.555999999999999,down,down,0.9805,1
2176,18:07:50.563423,5.687499999999998,87.1625,0.065251685070988,5.687499999999998,up,up,0.9551,1
2177,18:07:50.575501,5.7559999999999985,85.24699999999999,0.0675214377045526,5.7559999999999985,up,up,0.9839,1
2178,18:07:50.588400,5.733999999999999,86.592,0.0662185883222468,5.733999999999999,up,up,0.9819,1
2179,18:07:50.594863,5.412999999999999,90.5725,0.059764277236468,5.412999999999999,down,down,0.8954,1
2180,18:07:50.609265,5.1934999999999985,102.3845,0.0507254516064443,5.1934999999999985,down,down,0.9836,1
2181,18:07:50.616556,4.6395,101.64050000000002,0.0456461745072092,4.6395,down,down,0.9804,1
2182,18:07:50.629781,4.5675,119.218,0.0383121676256941,4.5675,down,down,0.9591,1
2183,18:07:50.641657,4.081999999999999,112.5645,0.0362636532832287,4.081999999999999,down,down,0.9872,1
2184,18:07:50.648495,3.467,106.213,0.0326419553162042,3.467,down,down,0.9694,1
2185,18:07:50.662886,2.9055,88.56400000000001,0.0328067837947698,2.9055,up,up,0.9853,1
2186,18:07:50.675640,2.1345,83.20150000000001,0.0256545855543469,2.1345,up,up,0.9946,1
2187,18:07:50.685130,1.7950000000000006,89.2945,0.020102021961039,1.7950000000000006,up,up,0.9052,1
2188,18:07:50.698927,1.2390000000000008,104.581,0.0118472762738929,1.2390000000000008,up,up,0.862,1
2189,18:07:50.707632,1.2910000000000008,103.0035,0.0125335546850349,1.2910000000000008,down,down,0.9355,1
2190,18:07:50.722652,1.3655000000000004,87.5655,0.0155940410321416,1.3655000000000004,up,up,0.8997,1
2191,18:07:50.731476,1.637,98.4605,0.016625956601886,1.637,down,down,0.7345,1
2192,18:07:50.743697,1.934,81.2695,0.0237973655553436,1.934,up,up,0.9779,1
2193,18:07:50.755984,2.3015,69.8095,0.0329682922811365,2.3015,up,up,0.9751,1
2194,18:07:50.762059,2.857,71.87500000000003,0.0397495652173912,2.857,up,up,0.9878,1
2195,18:07:50.777229,2.7195,76.44650000000001,0.0355738980855892,2.7195,up,up,0.9898,1
2196,18:07:50.789491,2.896499999999999,81.167,0.0356856850690551,2.896499999999999,up,up,0.9311,1
2197,18:07:50.796597,2.9804999999999993,70.81350000000002,0.0420894320998114,2.9804999999999993,up,up,0.9802,1
2198,18:07:50.809223,3.373499999999999,74.23500000000001,0.0454435239442311,3.373499999999999,up,up,0.8331,1
2199,18:07:50.815170,3.286499999999999,78.8115,0.0417007670200414,3.286499999999999,up,up,0.8871,1
2200,18:07:50.833790,3.2004999999999995,79.06400000000001,0.0404798644136395,3.2004999999999995,up,up,0.9956,1
2201,18:07:50.841433,3.161,69.26200000000001,0.0456383009442407,3.161,up,up,0.9902,1
2202,18:07:50.855496,2.789,71.2725,0.0391315023325967,2.789,up,up,0.9846,1
2203,18:07:50.863163,2.657,81.285,0.0326874577105247,2.657,up,up,0.8646,1
2204,18:07:50.874965,2.1720000000000006,77.91749999999999,0.0278756376937145,2.1720000000000006,up,up,0.9891,1
2205,18:07:50.892236,2.1120000000000005,88.1395,0.0239620147606918,2.1120000000000005,up,up,0.9042,1
2206,18:07:50.903325,2.0565000000000007,82.23149999999998,0.02500866456285,2.0565000000000007,up,up,0.891,1
2207,18:07:50.912871,2.1175,83.44649999999999,0.0253755400166573,2.1175,up,up,0.9774,1
2208,18:07:50.923745,2.069,69.91399999999999,0.0295935005864347,2.069,up,up,0.9956,1
2209,18:07:50.935897,2.1695,72.13199999999999,0.0300768036377751,2.1695,up,up,0.9866,1
2210,18:07:50.945180,2.133,89.33249999999998,0.0238770884056754,2.133,up,up,0.9915,1
2211,18:07:50.956174,1.8909999999999996,105.3435,0.017950799052623,1.8909999999999996,down,up,0.4605,0
2212,18:07:50.967599,1.7755,96.8965,0.0183236752617483,1.7755,down,down,0.8793,1
2213,18:07:50.979912,1.5459999999999998,90.47799999999998,0.017087026680519,1.5459999999999998,down,down,0.8507,1
2214,18:07:50.993320,1.4664999999999997,107.142,0.0136874428328759,1.4664999999999997,up,up,0.8656,1
2215,18:07:51.002499,1.6784999999999997,97.0415,0.0172967235667214,1.6784999999999997,up,up,0.6276,1
2216,18:07:51.012582,1.6729999999999996,92.0715,0.018170660845104,1.6729999999999996,down,down,0.961,1
2217,18:07:51.025835,1.4834999999999998,91.7465,0.0161695541519295,1.4834999999999998,down,down,0.9658,1
2218,18:07:51.039210,1.3704999999999998,91.643,0.0149547701406544,1.3704999999999998,down,down,0.9248,1
2219,18:07:51.045765,1.2105,92.8335,0.0130394738968152,1.2105,down,down,0.826,1
2220,18:07:51.059127,1.1029999999999998,76.39350000000002,0.0144384011728746,1.1029999999999998,up,up,0.9905,1
2221,18:07:51.071692,1.0684999999999998,74.81700000000002,0.0142815135597524,1.0684999999999998,up,up,0.9082,1
2222,18:07:51.083632,1.095,82.36700000000003,0.013294159068559,1.095,up,up,0.9761,1
2223,18:07:51.091378,1.2499999999999998,79.55250000000004,0.015712894000817,1.2499999999999998,up,up,0.9956,1
2224,18:07:51.104271,1.505,68.37750000000001,0.0220101641621878,1.505,up,up,0.9984,1
2225,18:07:51.116724,1.4695,69.84850000000002,0.0210383902302841,1.4695,up,up,0.9979,1
2226,18:07:51.128479,1.354,78.06450000000002,0.0173446316827751,1.354,up,up,0.9855,1
2227,18:07:51.136688,1.3475,75.61600000000001,0.0178203025814642,1.3475,up,up,0.9891,1
2228,18:07:51.148332,1.0910000000000002,86.05699999999999,0.012677643887191,1.0910000000000002,up,up,0.8232,1
2229,18:07:51.161740,1.0890000000000002,79.18050000000001,0.0137533862504025,1.0890000000000002,up,up,0.9833,1
2230,18:07:51.172769,1.0575000000000006,80.1465,0.0131945874118021,1.0575000000000006,up,up,0.9845,1
2231,18:07:51.180135,0.9690000000000004,62.8295,0.0154226915700427,0.9690000000000004,up,up,0.8947,1
2232,18:07:51.194810,0.9585000000000002,61.15199999999999,0.0156740580847723,0.9585000000000002,up,up,0.9892,1
2233,18:07:51.205036,1.0510000000000002,72.98400000000001,0.0144004165296503,1.0510000000000002,up,up,0.9818,1
2234,18:07:51.219243,1.132,85.3935,0.0132562782881601,1.132,up,up,0.9845,1
2235,18:07:51.226630,1.1465,77.12800000000001,0.0148648999066486,1.1465,up,up,0.9213,1
2236,18:07:51.233451,1.2120000000000002,71.12950000000002,0.0170393437322067,1.2120000000000002,up,up,0.9892,1
2237,18:07:51.251576,1.1525,84.4825,0.0136418784955464,1.1525,up,up,0.9211,1
2238,18:07:51.261557,1.3909999999999998,72.04600000000002,0.0193071093468061,1.3909999999999998,up,up,0.877,1
2239,18:07:51.272803,1.5559999999999998,67.19250000000002,0.0231573464300331,1.5559999999999998,up,up,0.9938,1
2240,18:07:51.281218,1.8375,70.19149999999999,0.0261783834224941,1.8375,up,up,0.9986,1
2241,18:07:51.294896,2.157,75.64600000000002,0.0285143960024323,2.157,up,up,0.9977,1
2242,18:07:51.308988,2.251,79.55500000000002,0.0282948903274464,2.251,up,up,0.9765,1
2243,18:07:51.316314,2.021,66.6535,0.030320988395208,2.021,up,up,0.9821,1
2244,18:07:51.330051,1.7465000000000004,65.37100000000001,0.0267167398387664,1.7465000000000004,up,up,0.9142,1
2245,18:07:51.341696,1.7050000000000003,70.133,0.0243109520482511,1.7050000000000003,up,up,0.9484,1
2246,18:07:51.352780,1.5945000000000005,69.09349999999999,0.0230774240702815,1.5945000000000005,up,up,0.9747,1
2247,18:07:51.361482,1.5615,61.598,0.0253498490210721,1.5615,up,up,0.9986,1
2248,18:07:51.374859,1.3550000000000004,67.8285,0.0199768533875878,1.3550000000000004,up,up,0.9974,1
2249,18:07:51.383163,1.2685000000000002,74.54700000000003,0.0170161106416086,1.2685000000000002,up,up,0.9973,1
2250,18:07:51.397259,1.008,81.96250000000002,0.0122983071526612,1.008,up,up,0.9972,1
2251,18:07:51.407335,0.7594999999999998,78.65600000000002,0.0096559703010577,0.7594999999999998,up,up,0.9787,1
2252,18:07:51.413790,0.6544999999999996,69.327,0.0094407662238377,0.6544999999999996,up,up,0.9857,1
2253,18:07:51.431540,0.6704999999999999,86.34500000000003,0.0077653598934506,0.6704999999999999,up,up,0.8239,1
2254,18:07:51.444306,0.6484999999999997,77.84500000000003,0.0083306570749566,0.6484999999999997,up,up,0.9876,1
2255,18:07:51.452001,0.4779999999999997,72.92550000000003,0.0065546345242747,0.4779999999999997,up,up,0.982,1
2256,18:07:51.463285,0.5384999999999998,72.45850000000003,0.0074318402947894,0.5384999999999998,up,up,0.9928,1
2257,18:07:51.477577,0.5234999999999997,73.99100000000003,0.0070751848197753,0.5234999999999997,up,up,0.9971,1
2258,18:07:51.488603,0.5619999999999996,72.811,0.007718613945695,0.5619999999999996,up,up,0.9694,1
2259,18:07:51.496771,0.6294999999999996,65.41350000000003,0.0096233957822162,0.6294999999999996,up,up,0.9336,1
2260,18:07:51.508781,0.6749999999999998,68.93200000000004,0.0097922590378924,0.6749999999999998,up,up,0.7584,1
2261,18:07:51.523396,0.6855,69.56400000000004,0.0098542349491116,0.6855,up,up,0.9011,1
2262,18:07:51.534267,0.651,71.65000000000005,0.0090858339148639,0.651,up,up,0.9754,1
2263,18:07:51.542411,0.7259999999999999,60.16600000000003,0.0120666156965728,0.7259999999999999,up,up,0.9885,1
2264,18:07:51.550746,0.6675,62.29550000000004,0.0107150596752574,0.6675,up,up,0.9965,1
2265,18:07:51.567565,0.763,62.866500000000045,0.0121368296310435,0.763,up,up,0.9131,1
2266,18:07:51.575348,1.03,68.25250000000003,0.0150910223068752,1.03,up,up,0.9825,1
2267,18:07:51.588433,1.4635000000000002,70.22100000000003,0.0208413437575653,1.4635000000000002,up,up,0.8785,1
2268,18:07:51.596794,1.7265,62.523000000000025,0.0276138381075764,1.7265,up,up,0.9346,1
2269,18:07:51.608819,2.0225,80.48300000000002,0.0251295304598486,2.0225,up,up,0.9759,1
2270,18:07:51.624177,2.051,73.31800000000001,0.0279740309337406,2.051,up,up,0.9066,1
2271,18:07:51.665139,1.9715000000000005,68.82650000000001,0.0286444901309815,1.9715000000000005,up,up,0.9145,1
2272,18:07:51.702726,2.1580000000000004,69.0995,0.0312303272816735,2.1580000000000004,up,up,0.9409,1
2273,18:07:51.715039,2.138000000000001,71.88300000000001,0.0297427764561857,2.138000000000001,up,up,0.9699,1
2274,18:07:51.715039,2.7625,68.56800000000001,0.0402884727569711,2.7625,up,up,0.7744,1
2275,18:07:51.716751,2.9140000000000006,67.104,0.0434251311397234,2.9140000000000006,up,yaw towards right,0.5221,0
2276,18:07:51.716751,2.5965000000000003,72.90150000000001,0.0356165510997716,2.5965000000000003,up,up,0.9146,1
2277,18:07:51.716751,2.2475,67.74300000000001,0.03317685960173,2.2475,up,up,0.8943,1
2278,18:07:51.716751,2.035,69.3595,0.0293398885516764,2.035,up,yaw towards right,0.5451,0
2279,18:07:51.722972,1.6425,57.54050000000002,0.0285451117039302,1.6425,up,up,0.9933,1
2280,18:07:51.735100,1.6175000000000002,60.10400000000002,0.0269116864102222,1.6175000000000002,up,up,0.997,1
2281,18:07:51.744803,1.9175,66.3605,0.0288952012115641,1.9175,up,up,0.875,1
2282,18:07:51.757100,1.9435,63.48350000000001,0.0306142540975213,1.9435,up,up,0.8855,1
2283,18:07:51.766459,1.866,68.21849999999999,0.0273532839332439,1.866,up,up,0.9798,1
2284,18:07:51.778209,1.3745,65.367,0.0210274297428365,1.3745,up,yaw towards right,0.6969,0
2285,18:07:51.792726,1.294,67.41399999999999,0.019194826000534,1.294,up,up,0.8508,1
2286,18:07:51.799249,1.3995000000000002,59.532999999999994,0.0235079703693749,1.3995000000000002,up,up,0.9296,1
2287,18:07:51.813413,1.512,64.96999999999998,0.0232722795136216,1.512,up,up,0.9985,1
2288,18:07:51.822986,1.4310000000000005,74.872,0.0191126188695373,1.4310000000000005,up,up,0.9982,1
2289,18:07:51.835832,1.4860000000000009,85.704,0.0173387473163446,1.4860000000000009,up,up,0.989,1
2290,18:07:51.849502,1.6820000000000004,74.48800000000001,0.0225808183868542,1.6820000000000004,up,up,0.9955,1
2291,18:07:51.857332,1.7899999999999998,70.5085,0.0253870100767992,1.7899999999999998,up,up,0.9954,1
2292,18:07:51.865987,1.899,84.32400000000003,0.0225202789241497,1.899,up,up,0.9877,1
2293,18:07:51.882319,1.875,76.92050000000002,0.0243758165898557,1.875,up,up,0.991,1
2294,18:07:51.890882,1.847,73.24050000000003,0.0252182876960151,1.847,up,up,0.9563,1
2295,18:07:51.901946,1.6915,74.28200000000001,0.022771330874236,1.6915,up,up,0.9994,1
2296,18:07:51.914788,1.5719999999999998,74.99200000000003,0.0209622359718369,1.5719999999999998,up,up,0.9985,1
2297,18:07:51.927761,1.5834999999999997,75.04350000000002,0.0211010946984082,1.5834999999999997,up,up,0.988,1
2298,18:07:51.935759,1.9144999999999992,62.42350000000001,0.030669539516368,1.9144999999999992,up,up,0.9137,1
2299,18:07:51.947513,2.4524999999999992,61.39350000000002,0.0399472256835006,2.4524999999999992,up,up,0.6125,1
2300,18:07:51.959354,2.6209999999999996,67.02300000000002,0.0391059785446786,2.6209999999999996,up,up,0.9073,1
2301,18:07:51.971834,2.4269999999999996,65.47100000000003,0.0370698477188373,2.4269999999999996,up,up,0.6802,1
2302,18:07:51.980096,2.080999999999999,56.77850000000003,0.0366511971961217,2.080999999999999,up,up,0.9576,1
2303,18:07:51.991844,2.212499999999999,59.78900000000003,0.0370051347237785,2.212499999999999,up,up,0.9971,1
2304,18:07:52.005528,2.150999999999999,66.95550000000003,0.0321258149069157,2.150999999999999,up,up,0.9623,1
2305,18:07:52.015000,2.1724999999999985,63.64250000000002,0.0341359940291471,2.1724999999999985,up,up,0.8136,1
2306,18:07:52.024694,2.3584999999999985,71.52200000000002,0.0329758675652246,2.3584999999999985,up,up,0.9452,1
2307,18:07:52.035028,2.1609999999999987,66.39650000000003,0.0325468962972445,2.1609999999999987,up,up,0.9635,1
2308,18:07:52.049724,1.942499999999999,82.33800000000004,0.0235917802229832,1.942499999999999,up,up,0.978,1
2309,18:07:52.061583,1.475999999999999,73.34550000000002,0.0201239339836799,1.475999999999999,up,up,0.9265,1
2310,18:07:52.068707,1.193999999999999,67.66000000000001,0.0176470588235293,1.193999999999999,up,up,0.8769,1
2311,18:07:52.083077,1.047499999999999,72.9795,0.0143533458025883,1.047499999999999,up,up,0.8504,1
2312,18:07:52.095707,1.1039999999999994,80.703,0.0136797888554328,1.1039999999999994,up,up,0.9954,1
2313,18:07:52.107345,1.0094999999999994,75.0895,0.0134439568781254,1.0094999999999994,up,up,0.7369,1
2314,18:07:52.110723,1.2509999999999994,70.67250000000001,0.0177013689907672,1.2509999999999994,up,up,0.8691,1
2315,18:07:52.123760,1.4404999999999994,80.522,0.0178895208762822,1.4404999999999994,up,up,0.9729,1
2316,18:07:52.140250,1.9644999999999997,67.774,0.0289860418449552,1.9644999999999997,up,up,0.9158,1
2317,18:07:52.151908,2.3489999999999993,68.0655,0.0345108755536945,2.3489999999999993,up,up,0.7475,1
2318,18:07:52.160840,2.3434999999999997,59.17599999999997,0.0396022035960524,2.3434999999999997,up,up,0.7892,1
2319,18:07:52.173811,2.2024999999999997,63.67699999999998,0.0345886269767734,2.2024999999999997,up,up,0.9631,1
2320,18:07:52.184823,2.0609999999999995,69.18099999999997,0.0297914167184631,2.0609999999999995,up,up,0.9179,1
2321,18:07:52.193437,2.1039999999999996,63.126999999999974,0.0333296370808053,2.1039999999999996,up,up,0.8026,1
2322,18:07:52.203804,2.1479999999999997,61.92999999999999,0.0346843210075892,2.1479999999999997,up,up,0.7646,1
2323,18:07:52.213334,2.1054999999999997,61.977999999999994,0.0339717319048694,2.1054999999999997,up,up,0.7118,1
2324,18:07:52.230356,2.03,73.40900000000002,0.027653285019548,2.03,up,up,0.9748,1
2325,18:07:52.242056,2.0534999999999997,69.33650000000003,0.0296164357877885,2.0534999999999997,up,up,0.9527,1
2326,18:07:52.250612,1.735,68.81350000000002,0.0252130759226023,1.735,up,up,0.973,1
2327,18:07:52.263702,1.4565,72.29150000000001,0.0201475968820677,1.4565,up,up,0.9684,1
2328,18:07:52.275217,1.4235000000000002,78.665,0.0180957223669993,1.4235000000000002,up,up,0.9928,1
2329,18:07:52.282189,1.802,68.66550000000002,0.0262431643256074,1.802,up,up,0.955,1
2330,18:07:52.292471,3.2089999999999996,67.32950000000002,0.0476611292227032,3.2089999999999996,up,yaw towards right,0.5002,0
2331,18:07:52.308556,5.1705,75.19550000000001,0.0687607636095244,5.1705,up,up,0.8606,1
2332,18:07:52.318370,7.152499999999999,64.0885,0.1116034858047855,7.152499999999999,up,up,0.9211,1
2333,18:07:52.332271,8.541,65.74699999999999,0.1299070680031028,8.541,up,up,0.8555,1
2334,18:07:52.340532,9.164,58.49699999999996,0.1566576063729765,9.164,up,up,0.6445,1
2335,18:07:52.353184,9.2855,63.911499999999954,0.1452868419611495,9.2855,up,up,0.9747,1
2336,18:07:52.365973,8.927499999999998,68.95249999999996,0.1294731880642471,8.927499999999998,up,up,0.8508,1
2337,18:07:52.376767,9.0685,61.37449999999997,0.1477568045360859,9.0685,up,up,0.8634,1
2338,18:07:52.385023,9.0725,58.82899999999997,0.1542181577113329,9.0725,up,up,0.8181,1
2339,18:07:52.398200,8.8845,60.55199999999998,0.1467251288149029,8.8845,up,up,0.8914,1
2340,18:07:52.406951,7.9255,68.20849999999999,0.1161951956134499,7.9255,up,up,0.6654,1
2341,18:07:52.422551,6.129,62.73999999999999,0.0976888747210711,6.129,up,up,0.9478,1
2342,18:07:52.430122,4.343,63.674,0.0682068034048434,4.343,up,yaw towards right,0.6071,0
2343,18:07:52.443514,3.4075,69.6,0.0489583333333333,3.4075,up,up,0.9394,1
2344,18:07:52.455183,3.185,63.10450000000001,0.0504718363983551,3.185,up,up,0.5046,1
2345,18:07:52.467403,2.8385,65.18700000000001,0.0435439581511651,2.8385,up,up,0.8784,1
2346,18:07:52.480418,3.105999999999999,61.26100000000001,0.0507010985782145,3.105999999999999,up,up,0.6527,1
2347,18:07:52.488391,3.281,72.848,0.0450389852844278,3.281,up,up,0.8972,1
2348,18:07:52.494815,3.7425,62.99100000000001,0.059413249511835,3.7425,up,up,0.6491,1
2349,18:07:52.513234,4.0409999999999995,65.93900000000001,0.0612839139204416,4.0409999999999995,up,up,0.9171,1
2350,18:07:52.523715,4.1049999999999995,65.2965,0.0628670755706661,4.1049999999999995,up,up,0.726,1
2351,18:07:52.530274,4.3565,78.43300000000002,0.0555442224573839,4.3565,up,up,0.8324,1
2352,18:07:52.541795,4.371499999999999,78.39650000000002,0.0557614179204428,4.371499999999999,up,up,0.9185,1
2353,18:07:52.558318,4.0455,73.57600000000002,0.0549839621615744,4.0455,up,up,0.6581,1
2354,18:07:52.568616,3.554,77.90950000000002,0.045617030015595,3.554,up,up,0.9275,1
2355,18:07:52.579007,3.5465000000000004,64.93350000000002,0.0546174162797323,3.5465000000000004,up,up,0.9411,1
2356,18:07:52.591804,3.2305000000000006,69.554,0.0464459269057135,3.2305000000000006,up,up,0.855,1
2357,18:07:52.597133,2.9905,66.31750000000002,0.0450936781392543,2.9905,up,yaw towards right,0.6152,0
2358,18:07:52.615069,2.565500000000001,75.85650000000003,0.0338204372730089,2.565500000000001,up,up,0.9393,1
2359,18:07:52.623490,2.0455000000000005,74.22350000000002,0.0275586572985644,2.0455000000000005,up,up,0.924,1
2360,18:07:52.633006,1.9545,64.396,0.0303512640536679,1.9545,up,up,0.6149,1
2361,18:07:52.647995,1.5905000000000002,57.891000000000005,0.0274740460520633,1.5905000000000002,up,up,0.7885,1
2362,18:07:52.661110,1.7365000000000002,58.82550000000001,0.0295195110963782,1.7365000000000002,up,up,0.7233,1
2363,18:07:52.668089,1.8095,56.2115,0.0321909217864671,1.8095,up,up,0.7576,1
2364,18:07:52.680352,1.7280000000000002,56.75450000000001,0.0304469249134429,1.7280000000000002,down,up,0.9141,0
2365,18:07:52.694425,1.768,66.61200000000001,0.0265417642466822,1.768,up,up,0.8978,1
2366,18:07:52.702913,1.8784999999999996,65.86550000000003,0.0285202420083351,1.8784999999999996,up,up,0.8515,1
2367,18:07:52.713186,1.6920000000000002,57.07000000000001,0.0296478009462064,1.6920000000000002,up,up,0.8988,1
2368,18:07:52.726747,1.6955000000000002,56.81400000000001,0.0298429964445383,1.6955000000000002,up,up,0.9078,1
2369,18:07:52.739588,1.7390000000000008,55.49000000000001,0.0313389799963957,1.7390000000000008,up,up,0.9195,1
2370,18:07:52.748252,1.3120000000000005,66.418,0.0197536812309916,1.3120000000000005,up,yaw towards right,0.6474,0
2371,18:07:52.760137,1.225,60.6595,0.020194693329157,1.225,up,up,0.5958,1
2372,18:07:52.771911,1.1745,59.154500000000006,0.0198547870407154,1.1745,up,up,0.5572,1
2373,18:07:52.783262,1.3155,67.8885,0.0193773614087805,1.3155,up,yaw towards right,0.5959,0
2374,18:07:52.795451,2.1965000000000003,78.39700000000002,0.0280176537367501,2.1965000000000003,up,up,0.8181,1
2375,18:07:52.803033,2.564,68.997,0.0371610359870719,2.564,up,up,0.8166,1
2376,18:07:52.810813,3.029,68.79450000000001,0.0440296826054408,3.029,up,up,0.6275,1
2377,18:07:52.827877,3.2840000000000003,75.6315,0.0434210613302658,3.2840000000000003,up,up,0.9035,1
2378,18:07:52.841538,3.2954999999999997,65.36100000000002,0.0504199752145774,3.2954999999999997,up,up,0.8967,1
2379,18:07:52.851079,3.5955,66.26500000000003,0.0542594129631026,3.5955,up,up,0.6427,1
2380,18:07:52.859125,3.8465,60.909000000000034,0.063151586793413,3.8465,up,up,0.5379,1
2381,18:07:52.874139,3.9855,65.47600000000003,0.0608696316207465,3.9855,up,up,0.6202,1
2382,18:07:52.886879,3.6155,71.13250000000002,0.0508276807366534,3.6155,up,up,0.8517,1
2383,18:07:52.896855,3.3334999999999995,58.73950000000004,0.0567505681866545,3.3334999999999995,up,yaw towards right,0.6294,0
2384,18:07:52.903880,2.771,53.98850000000002,0.0513257452976096,2.771,up,up,0.6101,1
2385,18:07:52.917509,2.5195,57.17400000000002,0.0440672333578199,2.5195,up,up,0.5166,1
2386,18:07:52.930411,1.995,54.12600000000005,0.0368584414144773,1.995,up,up,0.7782,1
2387,18:07:52.943501,1.7854999999999996,51.62650000000003,0.0345849515268321,1.7854999999999996,up,up,0.8155,1
2388,18:07:52.944766,1.7674999999999996,59.85350000000001,0.0295304368165604,1.7674999999999996,up,up,0.9304,1
2389,18:07:52.964444,1.4579999999999995,61.606500000000025,0.0236663339095712,1.4579999999999995,up,up,0.6657,1
2390,18:07:52.976086,1.3079999999999998,54.470000000000006,0.0240132182852946,1.3079999999999998,up,up,0.8022,1
2391,18:07:52.988760,1.3090000000000004,56.58700000000003,0.0231325216039019,1.3090000000000004,up,up,0.6101,1
2392,18:07:52.996692,1.4580000000000006,53.58000000000002,0.0272116461366181,1.4580000000000006,up,up,0.5891,1
2393,18:07:53.009342,1.4210000000000005,65.213,0.0217901338690138,1.4210000000000005,up,up,0.8915,1
2394,18:07:53.023226,1.1575000000000002,57.28799999999999,0.020204929479123,1.1575000000000002,up,up,0.7931,1
2395,18:07:53.030054,1.0795,54.468,0.0198189762796504,1.0795,up,up,0.9109,1
2396,18:07:53.040669,1.2619999999999998,57.66199999999999,0.0218861641982588,1.2619999999999998,up,yaw towards right,0.6292,0
2397,18:07:53.048365,1.2314999999999998,53.779999999999994,0.0228988471550762,1.2314999999999998,up,up,0.823,1
2398,18:07:53.065120,1.0824999999999996,54.793499999999995,0.0197559929553687,1.0824999999999996,up,up,0.863,1
2399,18:07:53.077729,1.3669999999999998,48.97899999999999,0.0279099205782069,1.3669999999999998,up,yaw towards right,0.5644,0
2400,18:07:53.086154,1.7529999999999997,60.24549999999999,0.029097608950046,1.7529999999999997,up,up,0.9162,1
2401,18:07:53.097750,1.6144999999999996,52.30749999999998,0.0308655546527744,1.6144999999999996,up,up,0.7891,1
2402,18:07:53.111351,1.4784999999999997,52.39549999999999,0.0282180721626857,1.4784999999999997,up,up,0.6643,1
2403,18:07:53.122201,1.881,49.622499999999995,0.0379061917476951,1.881,up,yaw towards right,0.5008,0
2404,18:07:53.130361,1.835,58.432500000000005,0.0314037564711419,1.835,up,up,0.7853,1
2405,18:07:53.143270,1.912,57.28099999999999,0.0333793055288839,1.912,up,up,0.6292,1
2406,18:07:53.157324,1.9610000000000003,56.36499999999999,0.0347910937638605,1.9610000000000003,up,up,0.7304,1
2407,18:07:53.168991,2.5165,61.939499999999995,0.040628355088433,2.5165,up,up,0.6821,1
2408,18:07:53.177033,2.9770000000000003,52.35050000000001,0.0568666965931557,2.9770000000000003,up,yaw towards right,0.6899,0
2409,18:07:53.190726,3.3345000000000007,57.13300000000002,0.0583638177585633,3.3345000000000007,up,yaw towards right,0.5674,0
2410,18:07:53.197717,3.665000000000001,53.38500000000003,0.0686522431394586,3.665000000000001,up,yaw towards right,0.6437,0
2411,18:07:53.213851,4.1245,60.43500000000004,0.0682468768097956,4.1245,up,yaw towards right,0.5232,0
2412,18:07:53.223194,4.6035,60.96300000000004,0.0755130160917277,4.6035,up,yaw towards right,0.6634,0
2413,18:07:53.230060,4.3795,53.69750000000003,0.0815587317845336,4.3795,up,up,0.5172,1
2414,18:07:53.246642,4.5475,50.22850000000005,0.0905362493405137,4.5475,up,up,0.5341,1
2415,18:07:53.259060,4.5445,52.51150000000005,0.0865429477352579,4.5445,up,yaw towards right,0.7819,0
2416,18:07:53.267143,4.3265,51.13950000000004,0.0846019221932165,4.3265,up,up,0.5282,1
2417,18:07:53.279887,3.7565,45.975500000000025,0.0817065611031962,3.7565,up,yaw towards right,0.6392,0
2418,18:07:53.292023,3.3009999999999997,50.191500000000026,0.0657681081458015,3.3009999999999997,up,yaw towards right,0.6894,0
2419,18:07:53.304007,2.7909999999999995,51.60300000000002,0.0540860027517779,2.7909999999999995,up,up,0.5047,1
2420,18:07:53.316296,2.254,44.647000000000006,0.050484914999888,2.254,up,up,0.7727,1
2421,18:07:53.324286,1.8214999999999997,45.152,0.0403415131112685,1.8214999999999997,up,up,0.8952,1
2422,18:07:53.333530,1.541,42.410999999999994,0.0363349131121643,1.541,up,up,0.8908,1
2423,18:07:53.343793,1.4549999999999998,52.258500000000005,0.0278423605729211,1.4549999999999998,up,up,0.7738,1
2424,18:07:53.359005,1.253,46.53649999999998,0.0269251018018114,1.253,up,up,0.7527,1
2425,18:07:53.370332,1.1185,47.41149999999998,0.0235913227803381,1.1185,up,up,0.8111,1
2426,18:07:53.381267,1.218,54.08349999999998,0.0225207318313348,1.218,up,up,0.8489,1
2427,18:07:53.392488,1.3595000000000002,67.40799999999997,0.0201682292902919,1.3595000000000002,up,up,0.6788,1
2428,18:07:53.406931,1.48,63.96199999999997,0.0231387386260592,1.48,up,up,0.8287,1
2429,18:07:53.414729,1.5240000000000002,62.84349999999999,0.0242507180535775,1.5240000000000002,up,up,0.7222,1
2430,18:07:53.427439,1.5245000000000002,67.88149999999999,0.0224582544581366,1.5245000000000002,up,up,0.946,1
2431,18:07:53.438859,1.4135000000000004,57.13250000000001,0.0247407342580842,1.4135000000000004,up,up,0.6256,1
2432,18:07:53.445228,1.4055000000000004,60.92050000000002,0.0230710516164509,1.4055000000000004,up,yaw towards right,0.6185,0
2433,18:07:53.458409,1.2935000000000003,56.935500000000005,0.022718690447963,1.2935000000000003,up,up,0.8202,1
2434,18:07:53.474538,1.5035000000000005,62.65350000000001,0.0239970632127494,1.5035000000000005,up,up,0.8449,1
2435,18:07:53.480406,1.6400000000000006,64.28150000000001,0.0255127836158148,1.6400000000000006,up,up,0.8713,1
2436,18:07:53.496874,1.7185,54.936000000000014,0.0312818552497451,1.7185,up,up,0.5525,1
2437,18:07:53.500986,2.011,49.75250000000004,0.0404200793929952,2.011,up,up,0.6635,1
2438,18:07:53.516304,1.9195000000000004,51.52400000000004,0.0372544833475661,1.9195000000000004,up,up,0.8711,1
2439,18:07:53.530301,1.9105000000000003,47.428000000000026,0.0402821118326726,1.9105000000000003,up,up,0.6754,1
2440,18:07:53.541881,1.6310000000000002,43.78650000000002,0.0372489237550386,1.6310000000000002,up,up,0.8988,1
2441,18:07:53.546964,1.8735000000000004,48.39650000000001,0.0387114770696228,1.8735000000000004,up,up,0.8973,1
2442,18:07:53.561975,1.768,49.17100000000001,0.0359561530170222,1.768,up,up,0.905,1
2443,18:07:53.575451,2.0580000000000003,42.688,0.0482102698650674,2.0580000000000003,up,up,0.5093,1
2444,18:07:53.584906,2.2245000000000004,43.20750000000001,0.0514841173407394,2.2245000000000004,up,up,0.8559,1
2445,18:07:53.595022,2.1930000000000005,40.52050000000002,0.0541207536925753,2.1930000000000005,up,yaw towards right,0.5455,0
2446,18:07:53.604803,1.996,51.66300000000003,0.0386349999032189,1.996,up,up,0.9203,1
2447,18:07:53.618847,1.5780000000000003,46.62350000000002,0.0338455928877068,1.5780000000000003,up,up,0.7538,1
2448,18:07:53.632221,1.7340000000000004,45.643000000000015,0.037990491422562,1.7340000000000004,up,up,0.8985,1
2449,18:07:53.643665,1.8035000000000003,52.96650000000002,0.0340498239453239,1.8035000000000003,up,up,0.9344,1
2450,18:07:53.651191,2.2835,63.83050000000001,0.0357744338521553,2.2835,up,yaw towards right,0.5941,0
2451,18:07:53.664258,3.5120000000000005,59.69850000000001,0.0588289488010586,3.5120000000000005,up,up,0.631,1
2452,18:07:53.675748,4.3965000000000005,58.269500000000015,0.0754511365294021,4.3965000000000005,up,yaw towards right,0.7531,0
2453,18:07:53.688986,4.547500000000001,63.26700000000003,0.0718779142364897,4.547500000000001,up,up,0.7506,1
2454,18:07:53.694542,4.250500000000001,53.447000000000024,0.0795273822665444,4.250500000000001,up,yaw towards right,0.4989,0
2455,18:07:53.709093,4.3325000000000005,56.040000000000006,0.0773108493932905,4.3325000000000005,up,yaw towards right,0.5896,0
2456,18:07:53.723040,4.751,50.83500000000001,0.0934592308448903,4.751,up,yaw towards right,0.6863,0
2457,18:07:53.730264,5.079000000000001,55.24300000000001,0.0919392502217475,5.079000000000001,up,yaw towards right,0.5709,0
2458,18:07:53.742178,4.963500000000001,57.87600000000002,0.0857609371760315,4.963500000000001,up,yaw towards right,0.7693,0
2459,18:07:53.756561,5.016,50.08950000000003,0.1001407480609708,5.016,up,up,0.7749,1
2460,18:07:53.767140,4.5504999999999995,46.14750000000003,0.0986077252288855,4.5504999999999995,up,up,0.7887,1
2461,18:07:53.776065,3.0844999999999994,48.32700000000003,0.0638256047344134,3.0844999999999994,up,yaw towards right,0.7331,0
2462,18:07:53.784133,2.1109999999999993,46.42200000000003,0.0454741286459006,2.1109999999999993,up,up,0.6434,1
2463,18:07:53.795031,1.8489999999999995,45.39550000000002,0.0407309094513773,1.8489999999999995,up,yaw towards right,0.5313,0
2464,18:07:53.812472,1.8074999999999992,53.939500000000024,0.0335097655706856,1.8074999999999992,up,up,0.6699,1
2465,18:07:53.818270,1.7549999999999997,54.148000000000025,0.0324111693876043,1.7549999999999997,up,up,0.6558,1
2466,18:07:53.830454,2.3099999999999996,47.79000000000001,0.0483364720652856,2.3099999999999996,up,up,0.5194,1
2467,18:07:53.845503,3.461999999999999,48.12600000000002,0.0719361675601545,3.461999999999999,up,up,0.7619,1
2468,18:07:53.857783,4.372999999999999,46.477000000000025,0.094089549669729,4.372999999999999,up,yaw towards right,0.5822,0
2469,18:07:53.865038,4.530499999999999,57.06500000000001,0.0793919214930342,4.530499999999999,up,up,0.809,1
2470,18:07:53.877449,4.641499999999999,52.49350000000002,0.0884204711059463,4.641499999999999,up,up,0.6821,1
2471,18:07:53.890183,4.8469999999999995,50.42650000000002,0.0961200955846627,4.8469999999999995,up,up,0.5945,1
2472,18:07:53.902014,5.334,57.53400000000001,0.0927103973302742,5.334,up,up,0.6274,1
2473,18:07:53.915009,5.5115,54.05650000000003,0.1019581363943281,5.5115,up,up,0.6654,1
2474,18:07:53.925314,5.464,55.56200000000001,0.098340592491271,5.464,up,up,0.8225,1
2475,18:07:53.933940,5.324,51.84250000000005,0.1026956647538215,5.324,up,up,0.8387,1
2476,18:07:53.947640,4.720000000000001,61.578000000000046,0.0766507518919094,4.720000000000001,up,up,0.7738,1
2477,18:07:53.958618,3.4825000000000004,53.56900000000003,0.0650096137691575,3.4825000000000004,up,up,0.6804,1
2478,18:07:53.965571,2.5090000000000003,55.908000000000015,0.0448772984188309,2.5090000000000003,up,up,0.6024,1
2479,18:07:53.980649,2.2870000000000004,55.77400000000002,0.0410047692473195,2.2870000000000004,up,yaw towards right,0.6668,0
2480,18:07:53.992373,2.2050000000000005,66.31050000000002,0.0332526522948854,2.2050000000000005,up,up,0.6757,1
2481,18:07:54.005434,2.1855,68.07650000000004,0.0321035893443405,2.1855,up,up,0.9284,1
2482,18:07:54.013061,1.7939999999999998,63.964000000000034,0.0280470264523794,1.7939999999999998,up,up,0.6501,1
2483,18:07:54.024874,1.7239999999999998,66.29600000000002,0.0260045854953541,1.7239999999999998,up,up,0.9386,1
2484,18:07:54.035966,1.8369999999999993,56.645000000000024,0.0324300467825933,1.8369999999999993,up,up,0.7972,1
2485,18:07:54.048401,1.9044999999999992,61.064500000000024,0.031188333647209,1.9044999999999992,up,up,0.6273,1
2486,18:07:54.057495,1.8174999999999992,58.53100000000002,0.0310519212041482,1.8174999999999992,up,up,0.6568,1
2487,18:07:54.067816,1.9364999999999992,66.15500000000002,0.0292721638576071,1.9364999999999992,up,yaw towards right,0.5596,0
2488,18:07:54.080409,2.3334999999999995,64.91900000000003,0.0359447927417242,2.3334999999999995,up,up,0.5992,1
2489,18:07:54.091529,2.215999999999999,54.78800000000001,0.0404468131707672,2.215999999999999,up,up,0.5731,1
2490,18:07:54.105810,2.2574999999999994,48.10650000000001,0.0469271304293598,2.2574999999999994,up,up,0.827,1
2491,18:07:54.114074,2.2005,47.964000000000006,0.0458781586189642,2.2005,up,up,0.5769,1
2492,18:07:54.126610,2.3,45.002500000000005,0.0511082717626798,2.3,up,up,0.8198,1
2493,18:07:54.140193,2.386,46.059999999999995,0.0518019973947025,2.386,up,up,0.7406,1
2494,18:07:54.150909,2.428000000000001,53.93249999999998,0.0450192370092245,2.428000000000001,up,up,0.6509,1
2495,18:07:54.159079,2.5515000000000008,52.9885,0.0481519575002123,2.5515000000000008,up,up,0.5766,1
2496,18:07:54.173759,2.382000000000001,45.85549999999999,0.0519457862197555,2.382000000000001,up,up,0.8331,1
2497,18:07:54.182899,2.3690000000000007,45.849999999999994,0.0516684841875681,2.3690000000000007,up,up,0.8229,1
2498,18:07:54.190770,1.9640000000000009,44.6615,0.0439752359414708,1.9640000000000009,up,up,0.6996,1
2499,18:07:54.206544,1.9390000000000007,54.45600000000002,0.0356067283678566,1.9390000000000007,up,up,0.8778,1
2500,18:07:54.217266,1.8775,50.41150000000002,0.0372434861093202,1.8775,up,up,0.8223,1
2501,18:07:54.230453,1.8,48.75950000000001,0.0369158830586859,1.8,up,up,0.8697,1
2502,18:07:54.241803,1.5510000000000004,46.7385,0.0331846336531981,1.5510000000000004,up,up,0.9241,1
2503,18:07:54.254289,1.2690000000000003,47.46499999999999,0.0267354893079111,1.2690000000000003,up,up,0.8207,1
2504,18:07:54.262602,1.3895000000000002,44.400500000000015,0.0312946926273352,1.3895000000000002,up,up,0.5827,1
2505,18:07:54.273473,1.238,40.09400000000001,0.0308774380206514,1.238,up,up,0.589,1
2506,18:07:54.283046,1.3645,47.57250000000003,0.0286825371800935,1.3645,up,up,0.8096,1
2507,18:07:54.295399,1.4755000000000005,40.46900000000002,0.0364600064246707,1.4755000000000005,up,up,0.9584,1
2508,18:07:54.305644,1.539,41.028000000000034,0.0375109681193331,1.539,up,up,0.9095,1
2509,18:07:54.313245,1.4480000000000002,35.62550000000003,0.0406450435783357,1.4480000000000002,up,yaw towards right,0.6302,0
2510,18:07:54.330638,1.5910000000000004,40.39250000000003,0.0393885003404097,1.5910000000000004,up,up,0.948,1
2511,18:07:54.344246,1.5660000000000005,42.60000000000003,0.0367605633802816,1.5660000000000005,up,up,0.9243,1
2512,18:07:54.351877,1.5920000000000003,44.114500000000035,0.0360879076040757,1.5920000000000003,up,up,0.9107,1
2513,18:07:54.365033,1.5335000000000003,45.56900000000006,0.0336522636002545,1.5335000000000003,up,up,0.886,1
2514,18:07:54.377595,1.4415000000000002,41.43350000000003,0.0347906886939312,1.4415000000000002,up,up,0.9691,1
2515,18:07:54.388497,1.4035000000000002,44.58550000000003,0.0314788440187953,1.4035000000000002,up,up,0.7731,1
2516,18:07:54.394423,1.1235000000000002,42.06650000000001,0.0267077127880855,1.1235000000000002,up,yaw towards right,0.5593,0
2517,18:07:54.410256,0.8195000000000002,48.626500000000014,0.0168529505516539,0.8195000000000002,up,up,0.9689,1
2518,18:07:54.423224,1.1705000000000003,49.422,0.0236837845493909,1.1705000000000003,up,yaw towards right,0.5605,0
2519,18:07:54.434747,1.3280000000000003,44.694,0.0297131606032129,1.3280000000000003,up,up,0.8188,1
2520,18:07:54.442069,1.5470000000000004,43.989999999999995,0.0351670834280518,1.5470000000000004,up,up,0.8028,1
2521,18:07:54.455595,1.5795000000000003,43.63999999999999,0.0361938588450962,1.5795000000000003,up,up,0.9164,1
2522,18:07:54.467986,1.5380000000000005,49.8105,0.0308770239206593,1.5380000000000005,up,up,0.7807,1
2523,18:07:54.477436,1.6220000000000003,45.033999999999985,0.0360172314251454,1.6220000000000003,up,up,0.9192,1
2524,18:07:54.485761,1.75,45.37799999999999,0.038564943364626,1.75,up,up,0.9727,1
2525,18:07:54.493193,2.0385,49.308499999999995,0.0413417564922883,2.0385,up,up,0.9152,1
2526,18:07:54.512993,2.473,44.518,0.055550563816883,2.473,up,up,0.944,1
2527,18:07:54.523366,2.7495000000000003,45.9145,0.0598830434829955,2.7495000000000003,up,up,0.7587,1
2528,18:07:54.532596,2.489,43.10000000000001,0.0577494199535962,2.489,up,up,0.7353,1
2529,18:07:54.542314,2.5205,51.254,0.0491766496273461,2.5205,up,up,0.7533,1
2530,18:07:54.557660,2.2039999999999997,44.24950000000002,0.0498084724121176,2.2039999999999997,up,up,0.8102,1
2531,18:07:54.569898,2.169,46.42800000000001,0.0467174980615145,2.169,up,up,0.8786,1
2532,18:07:54.578288,2.1845,45.103500000000025,0.0484330484330484,2.1845,up,up,0.8294,1
2533,18:07:54.589625,2.086,54.03200000000004,0.0386067515546342,2.086,up,up,0.8913,1
2534,18:07:54.628924,1.9910000000000003,53.33100000000004,0.0373328833136449,1.9910000000000003,up,up,0.7221,1
2535,18:07:54.657110,1.7270000000000003,50.22550000000004,0.0343849239927924,1.7270000000000003,up,up,0.885,1
2536,18:07:54.664928,1.4895,54.09150000000004,0.0275366739691078,1.4895,up,up,0.646,1
2537,18:07:54.666941,1.033,44.79600000000004,0.0230600946513081,1.033,up,up,0.5104,1
2538,18:07:54.667948,0.8885,48.10200000000005,0.0184711654401064,0.8885,up,up,0.8576,1
2539,18:07:54.684539,1.0029999999999997,46.07500000000004,0.0217688551275094,1.0029999999999997,up,up,0.6956,1
2540,18:07:54.684539,0.9224999999999997,53.48300000000002,0.0172484714769178,0.9224999999999997,up,up,0.9082,1
2541,18:07:54.684539,1.1819999999999995,52.08300000000004,0.0226945452450895,1.1819999999999995,up,up,0.6741,1
2542,18:07:54.691289,1.3099999999999996,46.61150000000001,0.0281046522853802,1.3099999999999996,up,up,0.6573,1
2543,18:07:54.704476,1.6224999999999994,42.733999999999995,0.0379674264052042,1.6224999999999994,up,up,0.8185,1
2544,18:07:54.715009,1.5654999999999997,43.57299999999999,0.0359282124251256,1.5654999999999997,up,up,0.7207,1
2545,18:07:54.724599,1.893,42.34049999999999,0.0447089665922698,1.893,up,up,0.5686,1
2546,18:07:54.732174,1.6954999999999998,42.81299999999998,0.0396024571975801,1.6954999999999998,up,up,0.7403,1
2547,18:07:54.745037,2.0509999999999997,50.396499999999975,0.0406972706437947,2.0509999999999997,up,yaw towards right,0.6484,0
2548,18:07:54.761835,2.5575,49.84649999999998,0.0513075140681893,2.5575,up,yaw towards right,0.6232,0
2549,18:07:54.763315,2.4045000000000005,43.60399999999999,0.055144023484084,2.4045000000000005,up,up,0.6003,1
2550,18:07:54.779930,2.6175000000000006,42.96900000000001,0.0609160092159463,2.6175000000000006,up,up,0.8762,1
2551,18:07:54.794144,2.370000000000001,42.163,0.0562104214595735,2.370000000000001,up,up,0.7513,1
2552,18:07:54.804608,2.5260000000000007,50.65750000000001,0.0498642846567635,2.5260000000000007,up,up,0.888,1
2553,18:07:54.813083,2.3595000000000006,47.230000000000025,0.0499576540334533,2.3595000000000006,up,up,0.6876,1
2554,18:07:54.825375,2.2050000000000005,46.29250000000003,0.0476319058162769,2.2050000000000005,up,up,0.6132,1
2555,18:07:54.840186,2.3220000000000005,45.69000000000004,0.0508207485226526,2.3220000000000005,up,up,0.7878,1
2556,18:07:54.851923,2.4345000000000008,47.55800000000006,0.0511901257412001,2.4345000000000008,up,yaw towards right,0.5178,0
2557,18:07:54.861179,2.3845000000000005,43.185000000000066,0.0552159314576819,2.3845000000000005,up,up,0.8875,1
2558,18:07:54.871879,1.9005000000000003,40.043500000000066,0.0474608862861637,1.9005000000000003,up,yaw towards right,0.5093,0
2559,18:07:54.885041,1.807,46.010500000000064,0.039273644059508,1.807,up,up,0.9113,1
2560,18:07:54.896626,1.7405000000000002,39.12800000000005,0.0444822122265384,1.7405000000000002,up,up,0.687,1
2561,18:07:54.909490,1.8645,39.77350000000004,0.0468779463713276,1.8645,up,yaw towards right,0.5579,0
2562,18:07:54.917351,1.666,34.87400000000004,0.0477719791248494,1.666,up,up,0.8652,1
2563,18:07:54.930255,1.6645,39.56300000000003,0.042072138108839,1.6645,up,yaw towards right,0.5112,0
2564,18:07:54.941903,1.9215000000000004,42.05700000000002,0.0456879948641129,1.9215000000000004,up,up,0.8792,1
2565,18:07:54.953227,1.436,41.265000000000015,0.0347994668605355,1.436,up,up,0.7875,1
2566,18:07:54.963679,1.3930000000000002,41.49350000000001,0.0335715232506296,1.3930000000000002,up,up,0.9138,1
2567,18:07:54.975083,1.0935,39.251000000000005,0.0278591628238771,1.0935,up,up,0.6492,1
2568,18:07:54.988585,1.2145,41.3925,0.0293410642024521,1.2145,up,yaw towards right,0.6038,0
2569,18:07:54.998859,1.3075000000000003,39.596,0.0330210122234569,1.3075000000000003,up,up,0.619,1
2570,18:07:55.006303,1.6465,46.167,0.0356640024259752,1.6465,up,up,0.7192,1
2571,18:07:55.020647,1.532,47.140000000000015,0.0324989393296563,1.532,up,up,0.6071,1
2572,18:07:55.030467,1.6465000000000003,42.50050000000002,0.0387407206974035,1.6465000000000003,up,up,0.6958,1
2573,18:07:55.041700,1.6495000000000002,41.85600000000002,0.0394089258409785,1.6495000000000002,up,up,0.7895,1
2574,18:07:55.052064,1.4084999999999996,41.141500000000015,0.0342355042961486,1.4084999999999996,up,up,0.765,1
2575,18:07:55.065482,1.4809999999999994,47.08500000000003,0.0314537538494212,1.4809999999999994,up,up,0.7781,1
2576,18:07:55.077838,1.5474999999999994,41.816000000000024,0.0370073656016835,1.5474999999999994,up,up,0.6802,1
2577,18:07:55.086042,1.9909999999999997,41.93650000000002,0.0474765419145612,1.9909999999999997,up,up,0.5122,1
2578,18:07:55.097765,2.082,45.96800000000003,0.0452923773059519,2.082,up,up,0.8712,1
2579,18:07:55.110123,2.25,41.70550000000003,0.0539497188620205,2.25,up,up,0.5832,1
2580,18:07:55.123087,2.2220000000000004,43.36950000000003,0.0512341622568855,2.2220000000000004,up,up,0.8387,1
2581,18:07:55.135028,2.755,40.869000000000035,0.0674105067410506,2.755,up,yaw towards right,0.5954,0
2582,18:07:55.143472,2.601,48.73350000000002,0.0533719104927821,2.601,up,up,0.8654,1
2583,18:07:55.156619,2.5525,42.026500000000006,0.0607354883228439,2.5525,up,up,0.8455,1
2584,18:07:55.162702,2.5460000000000003,44.01750000000003,0.0578406315669903,2.5460000000000003,up,up,0.5321,1
2585,18:07:55.180340,2.542500000000001,45.28350000000001,0.0561462784457915,2.542500000000001,up,yaw towards right,0.5075,0
2586,18:07:55.191489,2.4450000000000003,56.03800000000001,0.0436311074627931,2.4450000000000003,up,yaw towards right,0.6209,0
2587,18:07:55.199768,2.0750000000000006,56.092500000000015,0.0369924677987253,2.0750000000000006,up,up,0.6112,1
2588,18:07:55.211889,2.0125000000000006,53.592000000000006,0.0375522466039707,2.0125000000000006,up,up,0.8912,1
2589,18:07:55.224622,1.9420000000000008,56.72449999999999,0.0342356477359871,1.9420000000000008,up,up,0.8763,1
2590,18:07:55.237747,1.5170000000000008,47.3685,0.0320255021797186,1.5170000000000008,up,up,0.6555,1
2591,18:07:55.246254,0.946000000000001,50.575,0.0187048937221947,0.946000000000001,up,up,0.7047,1
2592,18:07:55.257973,1.018000000000001,48.59,0.02095081292447,1.018000000000001,up,up,0.5241,1
2593,18:07:55.269169,1.2840000000000007,55.00500000000002,0.023343332424325,1.2840000000000007,up,up,0.7469,1
2594,18:07:55.281650,1.4215000000000004,54.28100000000002,0.0261878005195188,1.4215000000000004,up,up,0.7114,1
2595,18:07:55.290540,1.423,46.233999999999995,0.0307782151663278,1.423,up,up,0.8526,1
2596,18:07:55.302277,1.3870000000000002,41.11200000000001,0.0337371083868456,1.3870000000000002,up,up,0.609,1
2597,18:07:55.313628,1.341,41.63849999999999,0.0322057711012644,1.341,up,up,0.8039,1
2598,18:07:55.323844,1.277,39.50049999999998,0.0323287046999405,1.277,up,up,0.7206,1
2599,18:07:55.333037,1.172,40.049499999999995,0.0292637860647448,1.172,up,up,0.5603,1
2600,18:07:55.348341,1.2299999999999998,47.2585,0.026027063914428,1.2299999999999998,up,up,0.8462,1
2601,18:07:55.360367,1.5324999999999995,46.63149999999999,0.03286405112424,1.5324999999999995,up,up,0.787,1
2602,18:07:55.371891,1.4839999999999998,40.468,0.0366709498863299,1.4839999999999998,up,up,0.8817,1
2603,18:07:55.380335,1.5969999999999998,40.6445,0.0392919091143943,1.5969999999999998,up,up,0.8109,1
2604,18:07:55.393275,1.5779999999999998,39.481999999999985,0.0399675801631123,1.5779999999999998,up,up,0.761,1
2605,18:07:55.405711,1.6310000000000002,47.9755,0.0339965190566018,1.6310000000000002,up,up,0.6989,1
2606,18:07:55.415170,1.6685000000000003,44.0445,0.0378821419246444,1.6685000000000003,up,up,0.709,1
2607,18:07:55.425472,1.7395000000000005,42.61599999999999,0.0408180026281209,1.7395000000000005,up,up,0.7668,1
2608,18:07:55.439738,1.6744999999999997,48.258,0.0346989100252807,1.6744999999999997,up,up,0.8164,1
2609,18:07:55.446633,1.4994999999999998,45.07699999999999,0.0332653015950484,1.4994999999999998,up,up,0.6949,1
2610,18:07:55.461433,1.935,46.348499999999994,0.0417489239133952,1.935,up,up,0.8975,1
2611,18:07:55.475108,1.7365000000000002,43.22749999999999,0.0401711873228847,1.7365000000000002,up,up,0.8591,1
2612,18:07:55.483287,1.707,51.2895,0.033281665838037,1.707,up,up,0.9451,1
2613,18:07:55.496290,1.4460000000000002,44.47699999999998,0.0325111855565798,1.4460000000000002,up,up,0.8242,1
2614,18:07:55.508028,1.5690000000000004,46.44049999999998,0.033785165965052,1.5690000000000004,up,up,0.8724,1
2615,18:07:55.514965,1.5255000000000003,50.11150000000001,0.0304421140855891,1.5255000000000003,up,up,0.8263,1
2616,18:07:55.526132,1.7690000000000006,62.2615,0.0284124218015948,1.7690000000000006,up,up,0.9185,1
2617,18:07:55.541681,1.8495000000000004,66.11100000000002,0.0279756772700458,1.8495000000000004,up,up,0.9305,1
2618,18:07:55.550664,1.9365000000000008,64.96100000000001,0.0298101938085928,1.9365000000000008,up,up,0.8904,1
2619,18:07:55.564973,2.2825,65.43050000000002,0.0348843429287564,2.2825,up,up,0.8462,1
2620,18:07:55.573192,2.0215000000000005,57.77150000000004,0.0349913019395376,2.0215000000000005,up,up,0.6233,1
2621,18:07:55.585690,2.0375000000000005,60.776500000000055,0.033524470806973,2.0375000000000005,up,up,0.5416,1
2622,18:07:55.594608,2.2525000000000004,57.93100000000004,0.038882463620514,2.2525000000000004,up,up,0.6375,1
2623,18:07:55.608511,2.032,63.652000000000065,0.0319235844906679,2.032,up,up,0.7597,1
2624,18:07:55.614258,1.7965000000000004,63.56600000000005,0.0282619639429883,1.7965000000000004,up,up,0.8696,1
2625,18:07:55.631067,1.9244999999999997,50.60450000000005,0.0380302147042258,1.9244999999999997,up,up,0.8976,1
2626,18:07:55.643459,1.795,42.971000000000046,0.0417723581019757,1.795,up,up,0.8375,1
2627,18:07:55.656476,1.8415,41.15350000000004,0.0447471053494842,1.8415,up,up,0.7612,1
2628,18:07:55.661873,1.925,36.06850000000003,0.0533706696979358,1.925,up,yaw towards right,0.5092,0
2629,18:07:55.676132,1.6190000000000002,38.16150000000003,0.042424957090261,1.6190000000000002,up,up,0.5791,1
2630,18:07:55.686638,1.5490000000000002,43.95750000000003,0.0352385827219473,1.5490000000000002,up,up,0.9148,1
2631,18:07:55.697261,1.576,44.24650000000003,0.0356186365023221,1.576,up,up,0.8417,1
2632,18:07:55.710247,1.3075,38.767500000000034,0.03372670406913,1.3075,up,up,0.667,1
2633,18:07:55.714138,1.307,39.784000000000034,0.0328524029760707,1.307,up,yaw towards right,0.5806,0
2634,18:07:55.732979,1.4795000000000005,37.92000000000003,0.0390163502109704,1.4795000000000005,up,up,0.7728,1
2635,18:07:55.744923,1.5645,47.314500000000024,0.0330659734330913,1.5645,up,up,0.9657,1
2636,18:07:55.753432,1.806,43.05600000000001,0.0419453734671125,1.806,up,up,0.909,1
2637,18:07:55.762345,1.838,40.848000000000006,0.0449960830395612,1.838,up,up,0.8642,1
2638,18:07:55.768810,1.7005000000000003,47.13950000000001,0.0360737810116781,1.7005000000000003,up,up,0.8968,1
2639,18:07:55.790740,1.6615000000000002,44.681500000000014,0.0371854123071069,1.6615000000000002,up,up,0.8765,1
2640,18:07:55.798619,1.4875,46.22050000000001,0.0321826894992481,1.4875,up,up,0.9042,1
2641,18:07:55.811210,1.3725,42.938500000000005,0.0319643210638471,1.3725,up,yaw towards right,0.5093,0
2642,18:07:55.822644,1.4905000000000002,51.144,0.0291432035038323,1.4905000000000002,up,up,0.9359,1
2643,18:07:55.835777,1.6185000000000005,44.37400000000001,0.0364740613872988,1.6185000000000005,up,up,0.931,1
2644,18:07:55.843546,1.6030000000000002,46.2015,0.0346958432085538,1.6030000000000002,up,up,0.9695,1
2645,18:07:55.855104,1.6010000000000002,43.82499999999998,0.036531660011409,1.6010000000000002,up,up,0.975,1
2646,18:07:55.862806,1.4385,50.60349999999999,0.0284268874682581,1.4385,up,up,0.9494,1
2647,18:07:55.881104,1.1924999999999997,51.02749999999999,0.0233697516045269,1.1924999999999997,up,up,0.7481,1
2648,18:07:55.892789,1.1089999999999995,47.074499999999986,0.023558402107298,1.1089999999999995,up,up,0.8594,1
2649,18:07:55.901528,1.1114999999999997,49.47999999999999,0.0224636216653193,1.1114999999999997,up,up,0.8258,1
2650,18:07:55.908941,1.207,41.64449999999999,0.0289834191790032,1.207,up,yaw towards right,0.6625,0
2651,18:07:55.925055,1.1935,45.028499999999994,0.0265054354464394,1.1935,up,up,0.7458,1
2652,18:07:55.936547,1.1765,43.183,0.0272445175184679,1.1765,up,up,0.6328,1
2653,18:07:55.942973,1.124,50.136,0.0224190202648795,1.124,up,up,0.6649,1
2654,18:07:55.955320,1.057,48.46000000000002,0.021811803549319,1.057,up,up,0.6252,1
2655,18:07:55.963552,0.7930000000000003,43.09950000000003,0.0183992853745403,0.7930000000000003,up,yaw towards right,0.6383,0
2656,18:07:55.983258,0.6100000000000005,38.89750000000004,0.015682241789318,0.6100000000000005,up,up,0.6859,1
2657,18:07:55.991043,0.6300000000000004,39.18150000000006,0.0160790168829677,0.6300000000000004,up,up,0.6752,1
2658,18:07:56.003401,0.6410000000000002,43.80000000000006,0.014634703196347,0.6410000000000002,up,up,0.8329,1
2659,18:07:56.014412,0.6860000000000002,43.35050000000005,0.0158245002941142,0.6860000000000002,up,up,0.7778,1
2660,18:07:56.027026,0.674,43.75750000000004,0.0154030737587841,0.674,up,up,0.8195,1
2661,18:07:56.031223,0.7164999999999999,46.81550000000005,0.0153047601755828,0.7164999999999999,up,yaw towards right,0.9323,0
2662,18:07:56.049142,0.6904999999999999,41.30800000000004,0.0167158903844291,0.6904999999999999,up,yaw towards right,0.6161,0
2663,18:07:56.061053,0.6874999999999998,41.334500000000055,0.0166325950477204,0.6874999999999998,up,up,0.5842,1
2664,18:07:56.072769,0.6504999999999999,39.45000000000005,0.0164892268694549,0.6504999999999999,up,up,0.5933,1
2665,18:07:56.080108,0.8350000000000002,45.53600000000005,0.018337139845397,0.8350000000000002,up,yaw towards right,0.9269,0
2666,18:07:56.090073,0.954,40.17350000000002,0.0237469973987827,0.954,up,yaw towards right,0.9597,0
2667,18:07:56.106628,0.931,43.29100000000001,0.0215056247256935,0.931,up,yaw towards right,0.5087,0
2668,18:07:56.117365,0.9310000000000004,41.5295,0.0224177993956103,0.9310000000000004,up,yaw towards right,0.5491,0
2669,18:07:56.127016,1.4750000000000003,48.744000000000014,0.0302601345806663,1.4750000000000003,up,up,0.8321,1
2670,18:07:56.138820,1.6720000000000006,48.841000000000015,0.0342335333019389,1.6720000000000006,up,up,0.8725,1
2671,18:07:56.152010,1.6480000000000004,45.654,0.036097603714899,1.6480000000000004,up,up,0.9756,1
2672,18:07:56.162240,1.6080000000000003,48.077000000000005,0.0334463464858456,1.6080000000000003,up,up,0.9174,1
2673,18:07:56.172006,1.5620000000000005,40.55349999999999,0.038517020725708,1.5620000000000005,up,up,0.9549,1
2674,18:07:56.180007,1.5490000000000002,44.50349999999998,0.0348062511937263,1.5490000000000002,up,up,0.97,1
2675,18:07:56.192044,1.5014999999999998,43.46150000000001,0.0345478181839098,1.5014999999999998,up,up,0.9727,1
2676,18:07:56.208393,1.4554999999999998,50.374500000000026,0.0288935870331219,1.4554999999999998,up,up,0.8797,1
2677,18:07:56.211547,1.5889999999999995,48.62550000000003,0.0326783272151442,1.5889999999999995,up,up,0.8117,1
2678,18:07:56.228439,1.5874999999999997,43.27500000000004,0.0366839976891969,1.5874999999999997,up,up,0.9747,1
2679,18:07:56.240662,1.0114999999999996,38.96900000000004,0.0259565295491287,1.0114999999999996,up,yaw towards right,0.6064,0
2680,18:07:56.252429,0.8984999999999996,39.11050000000003,0.0229733703225476,0.8984999999999996,up,yaw towards right,0.9422,0
2681,18:07:56.260520,0.8619999999999995,43.62550000000002,0.0197590858557494,0.8619999999999995,up,up,0.5132,1
2682,18:07:56.274391,0.9369999999999996,43.459499999999984,0.0215603032708613,0.9369999999999996,up,up,0.502,1
2683,18:07:56.286905,0.9519999999999996,43.7305,0.021769703067653,0.9519999999999996,up,up,0.6165,1
2684,18:07:56.298365,0.9739999999999996,48.45300000000002,0.0201019544713433,0.9739999999999996,up,yaw towards right,0.752,0
2685,18:07:56.307431,0.9115,53.899,0.0169112599491641,0.9115,up,yaw towards right,0.8273,0
2686,18:07:56.313652,0.8565000000000002,47.552000000000014,0.0180118606998654,0.8565000000000002,up,yaw towards right,0.6573,0
2687,18:07:56.330400,0.7920000000000004,49.26700000000001,0.0160756693121156,0.7920000000000004,up,yaw towards right,0.5505,0
2688,18:07:56.342545,0.7660000000000003,51.606500000000025,0.0148430914710356,0.7660000000000003,up,yaw towards right,0.7918,0
2689,18:07:56.351169,0.9375000000000004,45.62400000000002,0.020548395581273,0.9375000000000004,up,yaw towards right,0.6528,0
2690,18:07:56.364026,1.0005000000000004,47.96550000000003,0.0208587422209713,1.0005000000000004,up,up,0.5302,1
2691,18:07:56.374874,1.2980000000000005,44.19550000000003,0.0293695059451754,1.2980000000000005,up,up,0.8827,1
2692,18:07:56.388853,1.2155,47.00500000000006,0.0258589511754068,1.2155,up,up,0.9033,1
2693,18:07:56.394585,1.1885,50.76250000000005,0.0234129524747598,1.1885,up,up,0.8771,1
2694,18:07:56.409045,1.3425,41.30000000000004,0.0325060532687651,1.3425,up,up,0.8362,1
2695,18:07:56.422817,1.4770000000000003,37.11500000000004,0.0397952310386635,1.4770000000000003,up,up,0.6144,1
2696,18:07:56.431193,1.6680000000000004,38.24700000000002,0.0436112636285198,1.6680000000000004,up,up,0.8385,1
2697,18:07:56.441497,1.671,37.54500000000001,0.0445065920894926,1.671,up,up,0.7691,1
2698,18:07:56.452994,1.6725,38.184,0.0438010685103708,1.6725,up,up,0.7558,1
2699,18:07:56.466303,1.592,44.8295,0.0355123300505247,1.592,up,up,0.9671,1
2700,18:07:56.476864,1.611,45.304,0.0355597739713932,1.611,up,up,0.9771,1
2701,18:07:56.481957,1.3355,40.68200000000002,0.0328277862445307,1.3355,up,up,0.8806,1
2702,18:07:56.496929,1.453,41.892000000000024,0.0346844266208345,1.453,up,up,0.9567,1
2703,18:07:56.510479,1.7020000000000004,40.027000000000015,0.0425212981237664,1.7020000000000004,up,up,0.937,1
2704,18:07:56.524387,1.8020000000000005,49.3315,0.0365283845007753,1.8020000000000005,up,up,0.9284,1
2705,18:07:56.530108,1.938,45.31849999999998,0.0427639926299414,1.938,up,up,0.9254,1
2706,18:07:56.543723,1.934,42.67849999999997,0.0453155570134845,1.934,up,up,0.9453,1
2707,18:07:56.557409,2.0549999999999997,45.34649999999998,0.0453177202209652,2.0549999999999997,up,up,0.9359,1
2708,18:07:56.563865,2.1119999999999997,49.78999999999998,0.0424181562562763,2.1119999999999997,up,up,0.7986,1
2709,18:07:56.575314,2.006,43.69299999999999,0.0459112443640857,2.006,up,up,0.9204,1
2710,18:07:56.589829,1.9040000000000004,43.14199999999998,0.0441333271521951,1.9040000000000004,up,up,0.8907,1
2711,18:07:56.601253,1.954,48.15849999999996,0.0405743534370879,1.954,up,up,0.8634,1
2712,18:07:56.614167,2.275,41.53949999999997,0.054767149339785,2.275,up,up,0.6748,1
2713,18:07:56.622150,2.367,41.923499999999976,0.056459980679094,2.367,up,up,0.7072,1
2714,18:07:56.630101,2.1770000000000005,37.39399999999999,0.0582178959191314,2.1770000000000005,up,up,0.736,1
2715,18:07:56.646930,1.8270000000000004,39.78100000000001,0.0459264472989618,1.8270000000000004,up,up,0.8122,1
2716,18:07:56.657560,1.5995,43.67400000000002,0.0366236204606859,1.5995,up,up,0.9806,1
2717,18:07:56.665177,1.6244999999999998,37.610500000000016,0.043192725435716,1.6244999999999998,up,up,0.7414,1
2718,18:07:56.673974,1.591,35.680000000000014,0.0445908071748878,1.591,up,up,0.5624,1
2719,18:07:56.690969,1.736,37.40700000000001,0.0464084262303846,1.736,up,up,0.5506,1
2720,18:07:56.703895,1.5909999999999995,43.02750000000002,0.0369763523328103,1.5909999999999995,up,up,0.951,1
2721,18:07:56.712346,1.5759999999999998,41.216000000000015,0.0382375776397515,1.5759999999999998,up,up,0.9544,1
2722,18:07:56.724845,1.1879999999999995,40.947500000000005,0.0290127602417729,1.1879999999999995,up,yaw towards right,0.5064,0
2723,18:07:56.735041,0.9919999999999995,45.67300000000001,0.0217196155277735,0.9919999999999995,up,yaw towards right,0.8889,0
2724,18:07:56.742346,1.0649999999999995,42.0645,0.0253182612416645,1.0649999999999995,up,yaw towards right,0.5295,0
2725,18:07:56.760119,1.0884999999999996,43.378000000000014,0.0250933653003826,1.0884999999999996,up,yaw towards right,0.6246,0
2726,18:07:56.762881,1.1864999999999997,40.393000000000015,0.0293739014185626,1.1864999999999997,up,yaw towards right,0.7349,0
2727,18:07:56.781200,0.9724999999999998,48.04000000000001,0.0202435470441298,0.9724999999999998,up,yaw towards right,0.5018,0
2728,18:07:56.794577,1.1289999999999998,41.71950000000003,0.0270616857824278,1.1289999999999998,up,up,0.6704,1
2729,18:07:56.806436,1.1275,43.40100000000002,0.0259786640860809,1.1275,up,up,0.7795,1
2730,18:07:56.809589,1.2389999999999997,41.32100000000002,0.0299847535151617,1.2389999999999997,up,up,0.6437,1
2731,18:07:56.826774,1.1894999999999996,47.776000000000025,0.0248974380442062,1.1894999999999996,up,up,0.7372,1
2732,18:07:56.840570,1.3299999999999996,48.27650000000003,0.0275496359512391,1.3299999999999996,up,up,0.7628,1
2733,18:07:56.849138,1.1845,44.581500000000034,0.0265693168691048,1.1845,up,yaw towards right,0.6217,0
2734,18:07:56.858722,1.032,46.796000000000035,0.022053166937345,1.032,up,yaw towards right,0.5585,0
2735,18:07:56.872658,0.975,39.449000000000005,0.0247154553981089,0.975,up,yaw towards right,0.9509,0
2736,18:07:56.880362,0.8865000000000001,42.67750000000002,0.0207720695917052,0.8865000000000001,up,up,0.5142,1
2737,18:07:56.896216,0.8705,40.98400000000002,0.0212399960960374,0.8705,up,yaw towards right,0.5816,0
2738,18:07:56.909061,0.7065000000000001,47.4395,0.0148926527471832,0.7065000000000001,up,yaw towards right,0.8066,0
2739,18:07:56.914458,0.5885000000000001,45.99300000000001,0.0127954253908203,0.5885000000000001,up,yaw towards right,0.9886,0
2740,18:07:56.926927,0.5885000000000001,40.6645,0.0144720825289872,0.5885000000000001,up,yaw towards right,0.9852,0
2741,18:07:56.934668,0.6245,36.64050000000002,0.0170439813867168,0.6245,up,yaw towards right,0.9925,0
2742,18:07:56.947043,0.6375,36.87200000000002,0.0172895422000433,0.6375,up,up,0.8822,1
2743,18:07:56.962404,0.6874999999999998,34.55550000000001,0.0198955303786661,0.6874999999999998,up,up,0.6506,1
2744,18:07:56.974139,0.6594999999999998,32.503000000000014,0.0202904347291019,0.6594999999999998,up,yaw towards right,0.9987,0
2745,18:07:56.985697,0.8159999999999998,35.708000000000034,0.0228520219558642,0.8159999999999998,up,yaw towards right,0.9552,0
2746,18:07:56.994184,0.9245,43.039000000000016,0.0214805176700202,0.9245,up,up,0.8294,1
2747,18:07:57.007595,0.9614999999999998,50.39650000000002,0.0190787058625102,0.9614999999999998,up,up,0.9126,1
2748,18:07:57.012401,0.9779999999999998,45.537500000000016,0.021476804831183,0.9779999999999998,up,yaw towards right,0.8368,0
2749,18:07:57.030066,1.0519999999999996,47.01200000000003,0.0223772653790521,1.0519999999999996,up,up,0.8618,1
2750,18:07:57.039672,0.9719999999999998,50.36150000000003,0.0193004576908948,0.9719999999999998,up,up,0.6532,1
2751,18:07:57.049573,1.025,45.51850000000001,0.0225183167283631,1.025,up,up,0.7449,1
2752,18:07:57.060833,0.8049999999999999,45.431,0.0177191785344808,0.8049999999999999,up,up,0.5377,1
2753,18:07:57.076398,0.7895,47.21850000000001,0.0167201414699746,0.7895,up,yaw towards right,0.9114,0
2754,18:07:57.083867,0.8530000000000001,50.750000000000014,0.016807881773399,0.8530000000000001,up,yaw towards right,0.9439,0
2755,18:07:57.096899,0.9440000000000002,52.68700000000001,0.0179171332586786,0.9440000000000002,up,up,0.5969,1
2756,18:07:57.108973,0.805,41.599,0.0193514267169883,0.805,up,yaw towards right,0.8915,0
2757,18:07:57.118174,0.8365000000000002,37.239500000000014,0.0224627076088561,0.8365000000000002,up,yaw towards right,0.7765,0
2758,18:07:57.130107,0.8644999999999999,38.062500000000014,0.0227126436781609,0.8644999999999999,up,yaw towards right,0.5232,0
2759,18:07:57.141186,0.9285000000000002,34.978000000000016,0.0265452570186974,0.9285000000000002,up,up,0.6869,1
2760,18:07:57.154770,1.116,33.09150000000001,0.03372467249898,1.116,up,yaw towards right,0.9077,0
2761,18:07:57.165919,1.2020000000000002,37.066000000000024,0.0324286408028921,1.2020000000000002,up,up,0.8257,1
2762,18:07:57.174940,1.298,42.94350000000002,0.0302257617567268,1.298,up,up,0.9502,1
2763,18:07:57.182678,1.3155,48.56650000000001,0.0270865720198078,1.3155,up,up,0.9519,1
2764,18:07:57.199736,1.616,44.04700000000001,0.0366880831838717,1.616,up,up,0.8997,1
2765,18:07:57.211179,2.1450000000000005,39.9915,0.0536363977345185,2.1450000000000005,up,yaw towards right,0.535,0
2766,18:07:57.217304,2.9575000000000005,47.7085,0.0619910498129264,2.9575000000000005,up,up,0.5145,1
2767,18:07:57.231923,4.325,42.31599999999998,0.1022072029492391,4.325,up,up,0.5618,1
2768,18:07:57.244520,5.276999999999999,39.74799999999998,0.132761396799839,5.276999999999999,up,up,0.641,1
2769,18:07:57.249855,6.176,40.32899999999998,0.1531404200451289,6.176,down,down,0.6447,1
2770,18:07:57.258624,6.388,40.91749999999999,0.1561190199792265,6.388,up,down,0.4859,0
2771,18:07:57.276914,6.7765,41.24249999999998,0.1643086621810027,6.7765,up,up,0.6379,1
2772,18:07:57.288413,6.7505,34.64199999999998,0.1948646152069743,6.7505,down,down,0.7732,1
2773,18:07:57.301211,6.7525,34.6065,0.195122303613483,6.7525,down,down,0.8345,1
2774,18:07:57.303359,6.401000000000001,37.623000000000005,0.1701352895834994,6.401000000000001,down,down,0.6297,1
2775,18:07:57.323517,5.6535,37.31150000000002,0.1515216488214089,5.6535,up,up,0.8011,1
2776,18:07:57.331914,4.9985,32.36150000000003,0.15445822968651,4.9985,up,up,0.7588,1
2777,18:07:57.342639,3.616,34.15150000000004,0.1058811472409702,3.616,up,up,0.5878,1
2778,18:07:57.354869,4.0405,37.74750000000003,0.1070402013378368,4.0405,up,up,0.8599,1
2779,18:07:57.367595,4.305,36.18800000000003,0.1189620868796285,4.305,up,up,0.8691,1
2780,18:07:57.380397,6.6395,40.492500000000014,0.1639686361671914,6.6395,down,down,0.6145,1
2781,18:07:57.391215,9.212,37.620500000000035,0.2448664956606103,9.212,down,down,0.6941,1
2782,18:07:57.395688,12.892,39.24050000000004,0.3285381175061476,12.892,up,up,0.4266,1
2783,18:07:57.412972,16.9615,33.55550000000002,0.5054760024437124,16.9615,down,down,0.9543,1
2784,18:07:57.424163,19.059,36.52500000000002,0.5218069815195069,19.059,down,down,0.9566,1
2785,18:07:57.436534,22.294,40.76150000000002,0.5469376740306414,22.294,down,down,0.9209,1
2786,18:07:57.444595,23.173499999999997,45.43600000000002,0.5100250902368163,23.173499999999997,down,down,0.9339,1
2787,18:07:57.457725,24.789499999999997,41.30450000000001,0.6001646309724119,24.789499999999997,down,down,0.4941,1
2788,18:07:57.464280,23.7215,37.99500000000001,0.6243321489669691,23.7215,down,down,0.8954,1
2789,18:07:57.481148,22.592,46.5885,0.4849265376648743,22.592,down,down,0.5746,1
2790,18:07:57.493121,20.0695,42.80450000000001,0.4688642549264678,20.0695,up,up,0.6904,1
2791,18:07:57.503113,17.557,40.89900000000001,0.4292769994376389,17.557,down,down,0.6971,1
2792,18:07:57.514519,14.302000000000003,40.627,0.3520318999680016,14.302000000000003,down,down,0.9475,1
2793,18:07:57.527816,10.382,41.1925,0.2520361716331856,10.382,up,up,0.7279,1
2794,18:07:57.563695,8.556000000000001,39.74750000000001,0.2152588213095163,8.556000000000001,down,down,0.7707,1
2795,18:07:57.564437,5.356000000000001,34.42550000000001,0.155582344483014,5.356000000000001,up,up,0.752,1
2796,18:07:57.576558,5.676,35.11850000000001,0.1616242151572532,5.676,up,up,0.8176,1
2797,18:07:57.576558,5.592499999999999,36.69700000000001,0.1523966536774122,5.592499999999999,up,up,0.7665,1
2798,18:07:57.609475,7.1215,37.12750000000001,0.1918119991919735,7.1215,down,down,0.6296,1
2799,18:07:57.611536,8.693999999999999,31.729500000000023,0.2740036874202238,8.693999999999999,down,down,0.5734,1
2800,18:07:57.611536,9.5285,33.46100000000002,0.2847643525298106,9.5285,down,down,0.8751,1
2801,18:07:57.617193,10.4305,37.07450000000001,0.2813389256766779,10.4305,down,up,0.5835,0
2802,18:07:57.627785,11.102999999999998,35.45500000000001,0.3131575236214918,11.102999999999998,up,up,0.8172,1
2803,18:07:57.633296,12.303999999999998,39.29100000000001,0.3131505942836781,12.303999999999998,up,up,0.8167,1
2804,18:07:57.650196,13.626,37.012000000000015,0.3681508699881118,13.626,up,up,0.8267,1
2805,18:07:57.661745,15.080499999999995,48.80800000000001,0.3089759875430256,15.080499999999995,down,down,0.8837,1
2806,18:07:57.674532,15.238500000000002,52.147000000000006,0.2922219878420619,15.238500000000002,down,down,0.7983,1
2807,18:07:57.682136,14.95,61.060500000000005,0.2448391349563138,14.95,up,up,0.7891,1
2808,18:07:57.692431,13.804999999999998,60.2865,0.2289899065296541,13.804999999999998,down,up,0.7264,0
2809,18:07:57.707523,12.678,58.64300000000001,0.2161894855310949,12.678,up,up,0.8144,1
2810,18:07:57.715259,12.3055,58.96600000000001,0.2086880575246751,12.3055,up,up,0.8544,1
2811,18:07:57.725521,11.689,56.620500000000014,0.2064446622689661,11.689,down,yaw towards right,0.473,0
2812,18:07:57.741532,11.216,67.35900000000001,0.1665107854926587,11.216,up,up,0.8358,1
2813,18:07:57.748408,10.624,65.42050000000002,0.1623955793673236,10.624,up,up,0.8569,1
2814,18:07:57.765033,9.5605,64.474,0.1482845798306294,9.5605,up,up,0.787,1
2815,18:07:57.773408,8.638000000000002,64.7305,0.1334455936536872,8.638000000000002,up,up,0.7667,1
2816,18:07:57.783479,7.374,66.52800000000002,0.1108405483405483,7.374,up,up,0.764,1
2817,18:07:57.793172,6.272,56.70850000000003,0.1106007035982259,6.272,down,yaw towards right,0.5399,0
2818,18:07:57.808895,5.9405,60.77650000000001,0.0977433712043306,5.9405,up,up,0.8092,1
2819,18:07:57.810912,5.7909999999999995,62.83050000000001,0.0921686123777464,5.7909999999999995,up,up,0.9615,1
2820,18:07:57.829989,5.663499999999999,56.814500000000024,0.0996840595270572,5.663499999999999,up,up,0.7202,1
2821,18:07:57.842711,5.388999999999999,56.72950000000001,0.0949946676773107,5.388999999999999,up,up,0.7146,1
2822,18:07:57.856717,5.178499999999999,49.16300000000002,0.105333279092,5.178499999999999,up,up,0.7582,1
2823,18:07:57.861472,4.8485,47.613000000000014,0.1018314325919391,4.8485,up,up,0.564,1
2824,18:07:57.876030,4.2915,52.52800000000002,0.0816992841912884,4.2915,up,up,0.5146,1
2825,18:07:57.889594,4.4105,41.63150000000001,0.1059414145538834,4.4105,up,up,0.6195,1
2826,18:07:57.894699,4.401,38.23500000000001,0.1151039623381718,4.401,up,up,0.8021,1
2827,18:07:57.911904,4.245,40.219,0.1055471294661727,4.245,up,up,0.8337,1
2828,18:07:57.912908,3.9860000000000007,35.93650000000001,0.110917869018964,3.9860000000000007,up,up,0.7818,1
2829,18:07:57.932394,3.5075000000000003,35.23950000000001,0.0995331942848224,3.5075000000000003,up,up,0.7929,1
2830,18:07:57.942543,3.2590000000000012,39.775000000000006,0.0819358893777498,3.2590000000000012,up,yaw towards right,0.774,0
2831,18:07:57.957170,2.6140000000000008,42.601000000000006,0.0613600619703762,2.6140000000000008,up,up,0.9104,1
2832,18:07:57.964238,2.197000000000001,39.44549999999999,0.0556971010634927,2.197000000000001,up,up,0.6804,1
2833,18:07:57.978046,1.6910000000000007,43.39449999999999,0.03896807199069,1.6910000000000007,up,up,0.9026,1
2834,18:07:57.991224,2.003000000000001,39.67599999999998,0.0504839197499748,2.003000000000001,up,up,0.6177,1
2835,18:07:58.001804,1.7600000000000002,46.70699999999999,0.0376817179437771,1.7600000000000002,up,up,0.7677,1
2836,18:07:58.009534,1.88,39.491,0.0476057835962624,1.88,up,up,0.5135,1
2837,18:07:58.023602,2.3914999999999997,36.16600000000001,0.0661256428689929,2.3914999999999997,up,yaw towards right,0.5515,0
2838,18:07:58.035104,2.6954999999999996,40.62250000000002,0.0663548526063142,2.6954999999999996,up,yaw towards right,0.6796,0
2839,18:07:58.047614,2.9079999999999995,45.78700000000003,0.0635114770568064,2.9079999999999995,up,yaw towards right,0.6922,0
2840,18:07:58.056767,2.5789999999999997,42.11650000000004,0.061234907933945,2.5789999999999997,up,up,0.5697,1
2841,18:07:58.064557,2.8365,39.74850000000003,0.0713611834408845,2.8365,up,yaw towards right,0.8194,0
2842,18:07:58.080254,2.8149999999999995,45.127500000000026,0.0623788155780842,2.8149999999999995,up,up,0.7313,1
2843,18:07:58.092499,2.9865,37.44350000000002,0.0797601719924686,2.9865,up,yaw towards right,0.5951,0
2844,18:07:58.100678,3.0325,37.06650000000003,0.0818124182213048,3.0325,up,up,0.5113,1
2845,18:07:58.113085,2.6835,33.003000000000036,0.0813107899281882,2.6835,up,up,0.4911,1
2846,18:07:58.125806,2.363,36.63250000000003,0.0645055620009553,2.363,up,yaw towards right,0.6837,0
2847,18:07:58.138485,2.079,39.55950000000003,0.0525537481515185,2.079,up,up,0.5956,1
2848,18:07:58.143887,1.735,35.05950000000003,0.0494873001611545,1.735,up,up,0.5279,1
2849,18:07:58.158508,1.8855,33.94400000000003,0.055547372142352,1.8855,up,up,0.8666,1
2850,18:07:58.167344,2.6735,35.07100000000003,0.0762310741068118,2.6735,up,up,0.8843,1
2851,18:07:58.180478,3.464,34.79100000000004,0.0995659797073954,3.464,up,up,0.7145,1
2852,18:07:58.194442,4.3345,33.14000000000006,0.1307936028968012,4.3345,up,up,0.6201,1
2853,18:07:58.202913,4.866499999999999,39.154000000000046,0.1242912601522192,4.866499999999999,up,up,0.7757,1
2854,18:07:58.211299,5.33,40.44650000000004,0.1317790167257981,5.33,up,up,0.8355,1
2855,18:07:58.224421,6.0675,36.58750000000003,0.1658353262726339,6.0675,up,up,0.7546,1
2856,18:07:58.239588,6.4435,36.94500000000002,0.1744079036405466,6.4435,up,up,0.6732,1
2857,18:07:58.249037,6.306,35.50050000000003,0.1776313009675918,6.306,up,down,0.5527,0
2858,18:07:58.258644,6.35,45.286000000000016,0.1402199355209114,6.35,up,up,0.6305,1
2859,18:07:58.272466,6.6245,48.85600000000001,0.1355923530374979,6.6245,up,yaw towards right,0.6588,0
2860,18:07:58.280319,6.741000000000001,57.48,0.1172755741127349,6.741000000000001,down,down,0.7903,1
2861,18:07:58.292647,6.6835,56.477500000000006,0.1183391616130317,6.6835,down,down,0.6024,1
2862,18:07:58.306539,5.9305,54.36749999999999,0.1090817124201039,5.9305,up,up,0.8375,1
2863,18:07:58.317744,5.7764999999999995,53.96900000000001,0.1070336674757731,5.7764999999999995,up,up,0.7959,1
2864,18:07:58.330215,4.932,52.10850000000001,0.0946486657647024,4.932,up,up,0.7359,1
2865,18:07:58.335045,4.3824999999999985,62.054000000000016,0.0706239726689657,4.3824999999999985,up,up,0.8212,1
2866,18:07:58.348346,4.3575,60.34400000000003,0.0722109903221529,4.3575,up,yaw towards right,0.5064,0
2867,18:07:58.361009,4.7075000000000005,59.26100000000001,0.0794367290460842,4.7075000000000005,up,yaw towards right,0.539,0
2868,18:07:58.374486,5.4855,53.07900000000002,0.1033459560278075,5.4855,up,up,0.7759,1
2869,18:07:58.384351,5.833,49.53800000000002,0.117747991440914,5.833,up,up,0.678,1
2870,18:07:58.395672,6.3685,41.01450000000001,0.1552743541918101,6.3685,up,yaw towards right,0.4941,0
2871,18:07:58.408613,8.0595,41.71050000000002,0.1932247275865788,8.0595,down,down,0.6085,1
2872,18:07:58.419696,9.4225,46.555000000000014,0.2023950166469766,9.4225,down,down,0.5721,1
2873,18:07:58.424629,11.4055,42.10000000000001,0.2709144893111638,11.4055,down,down,0.5843,1
2874,18:07:58.441346,13.388,42.498,0.3150265894865641,13.388,up,up,0.9084,1
2875,18:07:58.453476,15.216,36.34449999999999,0.4186603199933966,15.216,down,down,0.9435,1
2876,18:07:58.460380,17.012499999999996,37.37099999999999,0.4552326670412887,17.012499999999996,down,down,0.9667,1
2877,18:07:58.473570,17.565499999999997,40.39449999999999,0.4348488036737675,17.565499999999997,down,down,0.782,1
2878,18:07:58.480010,18.309499999999996,36.43049999999998,0.5025871179368937,18.309499999999996,down,down,0.8295,1
2879,18:07:58.497650,18.847999999999995,36.872499999999974,0.5111668587700864,18.847999999999995,up,down,0.467,0
2880,18:07:58.510510,18.738499999999995,37.04449999999998,0.5058375737288938,18.738499999999995,down,down,0.7816,1
2881,18:07:58.522998,16.3175,37.15099999999997,0.439221016930904,16.3175,down,down,0.845,1
2882,18:07:58.530868,14.954,34.19999999999998,0.4372514619883043,14.954,down,down,0.9453,1
2883,18:07:58.541832,12.63,38.935999999999986,0.3243784672282721,12.63,down,down,0.7333,1
2884,18:07:58.556428,10.661,40.5715,0.2627706641361547,10.661,down,down,0.5067,1
2885,18:07:58.566167,9.101,36.6255,0.2484880752481195,9.101,down,down,0.6797,1
2886,18:07:58.574236,7.593500000000001,37.42700000000001,0.2028882892029818,7.593500000000001,down,down,0.7386,1
2887,18:07:58.589560,6.982500000000002,35.614500000000014,0.1960577854525544,6.982500000000002,down,down,0.6997,1
2888,18:07:58.601292,6.815000000000002,35.80500000000002,0.1903365451752548,6.815000000000002,down,down,0.6985,1
2889,18:07:58.608551,6.669000000000002,30.789000000000016,0.2166033323589593,6.669000000000002,down,down,0.8312,1
2890,18:07:58.622531,6.1190000000000015,32.48400000000001,0.1883696589090013,6.1190000000000015,down,down,0.8655,1
2891,18:07:58.630149,7.217,46.2665,0.1559875936152507,7.217,down,yaw towards right,0.4885,0
2892,18:07:58.646200,7.158499999999999,59.532,0.1202462541154337,7.158499999999999,up,up,0.6287,1
2893,18:07:58.658134,7.766500000000001,57.78349999999998,0.1344068808569921,7.766500000000001,down,down,0.8046,1
2894,18:07:58.667118,7.805,59.38149999999998,0.1314382425502892,7.805,down,down,0.7483,1
2895,18:07:58.677192,8.0925,64.21449999999997,0.1260229387443646,8.0925,up,up,0.7259,1
2896,18:07:58.691702,8.271999999999998,58.48099999999997,0.1414476496639934,8.271999999999998,up,up,0.5014,1
2897,18:07:58.702733,8.112499999999999,56.39899999999996,0.1438412028582067,8.112499999999999,down,yaw towards right,0.6408,0
2898,18:07:58.710118,7.443999999999998,58.74149999999995,0.1267247176187193,7.443999999999998,down,down,0.7493,1
2899,18:07:58.723929,6.069499999999998,59.97449999999996,0.1012013439044927,6.069499999999998,up,yaw towards right,0.5087,0
2900,18:07:58.734913,6.190499999999998,63.16699999999999,0.0980021213608371,6.190499999999998,up,up,0.7528,1
2901,18:07:58.747752,5.745999999999998,49.64749999999999,0.1157359383654765,5.745999999999998,up,yaw towards right,0.6052,0
2902,18:07:58.757760,7.039999999999999,43.5765,0.1615549665530733,7.039999999999999,up,up,0.5412,1
2903,18:07:58.765656,7.423499999999999,43.33500000000001,0.1713049498096226,7.423499999999999,down,yaw towards right,0.5619,0
2904,18:07:58.780636,8.727,37.91950000000001,0.2301454396814303,8.727,down,down,0.6682,1
2905,18:07:58.793156,9.275,35.674500000000016,0.2599896284460888,9.275,up,up,0.7097,1
2906,18:07:58.800214,9.891,38.39550000000001,0.2576083134742352,9.891,down,down,0.5476,1
2907,18:07:58.811129,10.113,43.16600000000001,0.2342816105268034,10.113,up,up,0.4577,1
2908,18:07:58.824355,10.1005,40.68050000000001,0.2482884920293506,10.1005,down,down,0.5802,1
2909,18:07:58.838454,10.389,45.625499999999995,0.2277016142288851,10.389,down,down,0.6457,1
2910,18:07:58.845924,9.475,41.3435,0.2291775006953934,9.475,up,up,0.717,1
2911,18:07:58.858228,8.887,48.88700000000001,0.1817865690265305,8.887,down,down,0.4603,1
2912,18:07:58.870527,7.8325,42.45700000000001,0.1844807687778222,7.8325,down,down,0.6287,1
2913,18:07:58.883438,6.8085,38.177500000000016,0.1783380263244056,6.8085,down,down,0.4744,1
2914,18:07:58.892489,6.042,46.26450000000001,0.1305968939467626,6.042,up,up,0.7661,1
2915,18:07:58.897138,5.142,44.77150000000001,0.114849848676055,5.142,up,up,0.8773,1
2916,18:07:58.916437,3.8215,48.66950000000002,0.0785194012677343,3.8215,up,up,0.8527,1
2917,18:07:58.929039,3.469499999999999,44.988000000000014,0.077120565484129,3.469499999999999,up,up,0.8891,1
2918,18:07:58.940107,2.6275,53.057500000000026,0.0495217452763511,2.6275,up,up,0.9417,1
2919,18:07:58.946848,2.494,45.441500000000026,0.0548837516367197,2.494,up,up,0.9302,1
2920,18:07:58.959287,2.746,46.51050000000001,0.0590404317304694,2.746,up,up,0.7113,1
2921,18:07:58.973560,2.9745,51.97250000000001,0.0572321901005339,2.9745,up,up,0.6201,1
2922,18:07:58.983277,3.1569999999999996,64.79550000000002,0.0487225193107545,3.1569999999999996,up,up,0.6685,1
2923,18:07:58.992918,3.752,70.92750000000001,0.0528990870959782,3.752,up,up,0.8611,1
2924,18:07:59.008028,3.8899999999999992,71.11300000000001,0.0547016719868378,3.8899999999999992,up,up,0.8565,1
2925,18:07:59.014727,4.18,70.46300000000001,0.059321913628429,4.18,up,up,0.7735,1
2926,18:07:59.029981,4.046999999999999,63.95449999999998,0.0632793626718995,4.046999999999999,up,up,0.9054,1
2927,18:07:59.038623,4.2364999999999995,65.69099999999999,0.0644913306236775,4.2364999999999995,up,up,0.9194,1
2928,18:07:59.051488,4.294999999999999,61.9365,0.0693452164717089,4.294999999999999,up,up,0.6764,1
2929,18:07:59.060538,4.806499999999998,66.40899999999999,0.0723772380249664,4.806499999999998,up,up,0.7911,1
2930,18:07:59.072729,4.793499999999999,67.30850000000001,0.071216859683398,4.793499999999999,up,up,0.9641,1
2931,18:07:59.080372,4.6455,52.38199999999999,0.0886850444809285,4.6455,up,up,0.542,1
2932,18:07:59.096371,4.657499999999999,43.683499999999995,0.1066192040472947,4.657499999999999,up,up,0.9375,1
2933,18:07:59.107751,4.154499999999999,40.31499999999999,0.1030509735830336,4.154499999999999,up,up,0.6696,1
2934,18:07:59.120876,3.624499999999999,41.566,0.0871986719915315,3.624499999999999,up,up,0.8615,1
2935,18:07:59.133328,3.138499999999999,45.298000000000016,0.0692856196741577,3.138499999999999,up,up,0.7623,1
2936,18:07:59.142244,3.2849999999999993,43.91700000000002,0.0748001912698954,3.2849999999999993,up,up,0.7024,1
2937,18:07:59.148476,3.2699999999999996,48.89900000000003,0.0668725331806375,3.2699999999999996,up,up,0.8589,1
2938,18:07:59.165663,3.3354999999999997,45.741500000000016,0.0729206519244012,3.3354999999999997,up,up,0.7602,1
2939,18:07:59.174912,2.6999999999999997,48.055,0.0561856206430132,2.6999999999999997,up,up,0.9191,1
2940,18:07:59.185037,2.4509999999999996,44.404,0.0551977299342401,2.4509999999999996,up,up,0.9206,1
2941,18:07:59.194645,2.111,52.27450000000003,0.0403829783163875,2.111,up,up,0.9603,1
2942,18:07:59.210721,1.873,44.799500000000016,0.0418085023270348,1.873,up,up,0.6742,1
2943,18:07:59.223807,2.0515,45.77950000000001,0.0448126344761301,2.0515,up,up,0.6338,1
2944,18:07:59.231409,1.867,40.34200000000001,0.0462793118833969,1.867,up,up,0.8465,1
2945,18:07:59.244080,1.6054999999999997,37.0765,0.0433023613339986,1.6054999999999997,up,up,0.8129,1
2946,18:07:59.249785,1.8604999999999996,42.28200000000001,0.044002175866799,1.8604999999999996,up,up,0.9635,1
2947,18:07:59.266272,2.22,34.264500000000005,0.0647900888674867,2.22,up,up,0.851,1
2948,18:07:59.275887,2.096,38.53150000000001,0.0543970517628433,2.096,up,up,0.9714,1
2949,18:07:59.286083,2.0500000000000003,31.402000000000022,0.0652824660849627,2.0500000000000003,up,up,0.8001,1
2950,18:07:59.301036,2.1595000000000004,34.456000000000024,0.0626741351288599,2.1595000000000004,up,up,0.69,1
2951,18:07:59.309282,2.1695,28.550499999999992,0.0759881613281729,2.1695,up,up,0.8862,1
2952,18:07:59.324927,2.0885000000000007,33.153499999999994,0.0629948572548901,2.0885000000000007,up,up,0.902,1
2953,18:07:59.330120,2.0155000000000003,30.15349999999999,0.0668413285356592,2.0155000000000003,up,up,0.8105,1
2954,18:07:59.345858,2.5445,28.22649999999999,0.0901457849892831,2.5445,up,up,0.8565,1
2955,18:07:59.358658,2.7825000000000006,30.8225,0.0902749614729499,2.7825000000000006,up,up,0.8961,1
2956,18:07:59.364032,2.998,25.893999999999966,0.1157797173090292,2.998,down,down,0.8553,1
2957,18:07:59.376826,3.07,39.59249999999999,0.0775399381195933,3.07,up,up,0.6593,1
2958,18:07:59.391790,3.651,49.0355,0.0744562612800929,3.651,up,up,0.5402,1
2959,18:07:59.404522,4.1455,64.77099999999999,0.0640024084852789,4.1455,up,up,0.7843,1
2960,18:07:59.412680,4.061999999999999,65.0605,0.0624341958638497,4.061999999999999,up,up,0.8353,1
2961,18:07:59.424430,4.0200000000000005,67.69500000000002,0.0593840017726567,4.0200000000000005,up,up,0.878,1
2962,18:07:59.436438,4.364,65.05100000000002,0.0670858249681019,4.364,up,up,0.929,1
2963,18:07:59.444577,4.2395000000000005,64.97350000000002,0.0652496787151684,4.2395000000000005,up,up,0.9651,1
2964,18:07:59.458561,3.823,71.896,0.0531740291532213,3.823,up,up,0.9526,1
2965,18:07:59.468107,3.8365,72.70250000000001,0.0527698497300642,3.8365,up,up,0.9278,1
2966,18:07:59.480230,3.5095,72.93650000000002,0.0481171978364741,3.5095,up,up,0.9599,1
2967,18:07:59.491581,2.9460000000000006,67.373,0.0437267154498092,2.9460000000000006,up,up,0.9786,1
2968,18:07:59.505072,2.866500000000001,54.0305,0.0530533680051082,2.866500000000001,up,up,0.5625,1
2969,18:07:59.513473,3.195500000000001,45.24650000000002,0.0706242471793398,3.195500000000001,up,up,0.6472,1
2970,18:07:59.525314,3.795000000000001,42.81099999999999,0.0886454415921142,3.795000000000001,up,up,0.7275,1
2971,18:07:59.540096,3.988000000000001,46.29149999999999,0.0861497251115216,3.988000000000001,up,up,0.9131,1
2972,18:07:59.550714,3.6525000000000007,44.372999999999976,0.0823135690622676,3.6525000000000007,up,up,0.874,1
2973,18:07:59.559223,3.434,47.04799999999999,0.0729892875361333,3.434,up,up,0.7347,1
2974,18:07:59.572410,3.492,41.955999999999975,0.0832300505291258,3.492,up,up,0.8856,1
2975,18:07:59.580358,3.5144999999999995,38.334499999999984,0.0916798184403083,3.5144999999999995,up,up,0.6459,1
2976,18:07:59.595272,3.4590000000000005,43.058,0.0803335036462446,3.4590000000000005,up,up,0.8425,1
2977,18:07:59.608261,3.6774999999999993,34.92050000000002,0.1053106341547227,3.6774999999999993,up,up,0.9121,1
2978,18:07:59.615039,4.013,38.60350000000001,0.1039543046614944,4.013,up,up,0.9,1
2979,18:07:59.624368,3.6429999999999993,31.679,0.114997316834496,3.6429999999999993,up,up,0.8547,1
2980,18:07:59.640877,3.033499999999999,33.46800000000001,0.0906388191705509,3.033499999999999,up,up,0.9328,1
2981,18:07:59.653282,3.087499999999999,28.503500000000013,0.1083200308734014,3.087499999999999,up,up,0.7004,1
2982,18:07:59.661227,2.9784999999999986,29.145500000000045,0.1021941637645603,2.9784999999999986,up,up,0.9051,1
2983,18:07:59.674183,3.131999999999999,29.406500000000033,0.1065070647645927,3.131999999999999,up,up,0.5149,1
2984,18:07:59.686263,3.500999999999999,25.617000000000058,0.136667057032439,3.500999999999999,down,down,0.7931,1
2985,18:07:59.698149,3.3465000000000003,29.39400000000003,0.1138497652582158,3.3465000000000003,up,up,0.7583,1
2986,18:07:59.707025,3.2605000000000004,24.264000000000017,0.1343760303330035,3.2605000000000004,down,down,0.8309,1
2987,18:07:59.715028,2.9785000000000004,28.67100000000001,0.1038854591747758,2.9785000000000004,up,up,0.9115,1
2988,18:07:59.731271,2.4925,32.95650000000001,0.0756299971174123,2.4925,up,up,0.9601,1
2989,18:07:59.741482,2.401,43.93600000000002,0.0546476693372177,2.401,up,up,0.6509,1
2990,18:07:59.755647,2.4044999999999996,42.93050000000004,0.0560091310373743,2.4044999999999996,up,up,0.9234,1
2991,18:07:59.760710,2.3085,44.85600000000005,0.0514646869983948,2.3085,up,up,0.8059,1
2992,18:07:59.774907,2.721,44.959000000000046,0.0605218087590915,2.721,up,up,0.8968,1
2993,18:07:59.789568,2.8195,41.86300000000004,0.0673506437665718,2.8195,up,up,0.8369,1
2994,18:07:59.797627,2.953,43.13350000000003,0.0684618683853616,2.953,up,up,0.7566,1
2995,18:07:59.808458,3.2879999999999994,42.78250000000004,0.0768538537953601,3.2879999999999994,up,up,0.7526,1
2996,18:07:59.820480,3.6999999999999984,48.24500000000007,0.0766918851694474,3.6999999999999984,up,yaw towards right,0.5148,0
2997,18:07:59.834190,3.834999999999998,46.63850000000003,0.0822282020219345,3.834999999999998,up,up,0.814,1
2998,18:07:59.841713,3.5345,38.00800000000003,0.0929935802988843,3.5345,up,up,0.5888,1
2999,18:07:59.850147,3.8289999999999993,31.416000000000025,0.121880570409982,3.8289999999999993,up,up,0.8374,1
3000,18:07:59.867059,4.455,29.03749999999999,0.1534222987516143,4.455,up,up,0.8185,1
3001,18:07:59.878990,4.5755,26.994999999999997,0.1694943508057047,4.5755,down,yaw towards right,0.4389,0
3002,18:07:59.892039,4.261,30.090000000000003,0.1416085078099036,4.261,up,yaw towards right,0.7799,0
3003,18:07:59.899204,4.1155,35.81800000000001,0.1149003294432966,4.1155,up,up,0.8382,1
3004,18:07:59.910618,3.564999999999999,36.660999999999994,0.0972423010828946,3.564999999999999,up,up,0.8158,1
3005,18:07:59.922804,3.2399999999999993,33.560500000000005,0.0965420658214269,3.2399999999999993,up,up,0.8877,1
3006,18:07:59.930084,3.033499999999999,33.397000000000006,0.0908315118124382,3.033499999999999,up,up,0.9183,1
3007,18:07:59.945993,3.3339999999999996,31.809500000000032,0.1048114556971972,3.3339999999999996,up,up,0.902,1
3008,18:07:59.956207,4.0815,35.28450000000005,0.1156740211707688,4.0815,up,up,0.7911,1
3009,18:07:59.962843,3.7359999999999993,30.397000000000077,0.1229068658091255,3.7359999999999993,up,up,0.7112,1
3010,18:07:59.980561,3.25,31.83200000000007,0.1020985172153805,3.25,up,up,0.8554,1
3011,18:07:59.992689,3.6959999999999993,33.09600000000005,0.111675126903553,3.6959999999999993,up,up,0.8524,1
3012,18:08:00.002282,4.233999999999999,28.275000000000052,0.1497435897435894,4.233999999999999,up,up,0.6582,1
3013,18:08:00.013405,4.2909999999999995,29.22400000000004,0.1468313714754993,4.2909999999999995,up,yaw towards right,0.5303,0
3014,18:08:00.026396,4.324,28.122000000000043,0.1537586231420238,4.324,down,up,0.5264,0
3015,18:08:00.033442,4.467499999999999,33.005000000000024,0.1353582790486288,4.467499999999999,up,up,0.7763,1
3016,18:08:00.046696,4.6685,28.518999999999988,0.1636978856201129,4.6685,up,up,0.7665,1
3017,18:08:00.059365,5.0794999999999995,30.52000000000001,0.1664318479685451,5.0794999999999995,up,up,0.5825,1
3018,18:08:00.073133,4.836,36.232999999999976,0.1334694891397345,4.836,up,up,0.7856,1
3019,18:08:00.081370,4.88,48.64099999999995,0.1003268847268766,4.88,up,up,0.5232,1
3020,18:08:00.091869,4.767499999999999,50.014999999999944,0.0953214035789264,4.767499999999999,up,up,0.691,1
3021,18:11:27.065009,4.947999999999999,50.28299999999995,0.0984030388003898,4.947999999999999,yaw towards right,yaw towards right,0.7815,1
3022,18:11:27.075979,5.054999999999999,50.65099999999996,0.0998005962369943,5.054999999999999,yaw towards right,yaw towards right,0.9293,1
3023,18:11:27.085024,5.824,51.782999999999944,0.1124693432207482,5.824,yaw towards right,yaw towards right,0.9469,1
3024,18:11:27.100164,6.5745000000000005,59.479999999999976,0.1105329522528581,6.5745000000000005,yaw towards right,yaw towards right,0.9249,1
3025,18:11:27.106635,6.574,60.62349999999999,0.1084397964485719,6.574,yaw towards right,yaw towards right,0.8904,1
3026,18:11:27.115089,6.135499999999999,61.86400000000001,0.0991772274667011,6.135499999999999,yaw towards right,yaw towards right,0.9703,1
3027,18:11:27.131923,5.1785,59.39999999999998,0.0871801346801347,5.1785,yaw towards right,yaw towards right,0.9547,1
3028,18:11:27.145370,4.754,55.80149999999999,0.0851948424325511,4.754,yaw towards right,yaw towards right,0.9569,1
3029,18:11:27.156580,4.507,44.05749999999999,0.1022981331214889,4.507,yaw towards right,yaw towards right,0.9164,1
3030,18:11:27.165036,4.51,48.68,0.0926458504519309,4.51,yaw towards right,yaw towards right,0.9032,1
3031,18:11:27.176937,3.6654999999999993,47.6955,0.0768521139310836,3.6654999999999993,yaw towards right,yaw towards right,0.8743,1
3032,18:11:27.188664,2.7999999999999994,47.60249999999999,0.0588204401029357,2.7999999999999994,yaw towards right,yaw towards right,0.8265,1
3033,18:11:27.197218,1.8489999999999995,48.57250000000002,0.0380668073498378,1.8489999999999995,yaw towards right,up,0.6159,0
3034,18:11:27.211035,1.0059999999999998,50.803500000000014,0.0198017853100672,1.0059999999999998,yaw towards right,yaw towards right,0.816,1
3035,18:11:27.218677,0.9585,45.474,0.0210779786251484,0.9585,yaw towards right,yaw towards right,0.6909,1
3036,18:11:27.234716,0.9969999999999996,47.10550000000001,0.0211652567109997,0.9969999999999996,yaw towards right,yaw towards right,0.6283,1
3037,18:11:27.247024,1.0539999999999996,49.273,0.0213910255109289,1.0539999999999996,yaw towards right,yaw towards right,0.8741,1
3038,18:11:27.255202,1.0204999999999995,42.8265,0.0238287041901626,1.0204999999999995,yaw towards right,yaw towards right,0.8208,1
3039,18:11:27.262469,1.0604999999999998,44.18850000000002,0.0239994568722631,1.0604999999999998,yaw towards right,yaw towards right,0.7263,1
3040,18:11:27.280211,1.142,39.49550000000002,0.0289146864832702,1.142,yaw towards right,yaw towards right,0.9178,1
3041,18:11:27.297307,1.085,40.13000000000001,0.0270371293296785,1.085,yaw towards right,yaw towards right,0.928,1
3042,18:11:27.299291,1.206,44.44500000000001,0.0271346608167397,1.206,yaw towards right,yaw towards right,0.7745,1
3043,18:11:27.313397,1.221,35.21300000000001,0.0346746940050549,1.221,yaw towards right,yaw towards right,0.9663,1
3044,18:11:27.325827,1.1574999999999998,31.698499999999985,0.03651592346641,1.1574999999999998,yaw towards right,yaw towards right,0.9988,1
3045,18:11:27.333318,0.9264999999999995,32.60599999999999,0.028415015641293,0.9264999999999995,yaw towards right,yaw towards right,0.9986,1
3046,18:11:27.343681,0.7955,37.21599999999996,0.0213752149613069,0.7955,yaw towards right,yaw towards right,0.9874,1
3047,18:11:27.358485,0.7730000000000002,38.36149999999995,0.0201504112195821,0.7730000000000002,yaw towards right,yaw towards right,0.9905,1
3048,18:11:27.367297,0.7295,38.23999999999996,0.0190768828451883,0.7295,yaw towards right,yaw towards right,0.9823,1
3049,18:11:27.377846,0.5809999999999998,47.14749999999997,0.0123230287926189,0.5809999999999998,yaw towards right,yaw towards right,0.9836,1
3050,18:11:27.389629,0.4864999999999998,56.49849999999999,0.0086108480756126,0.4864999999999998,yaw towards right,yaw towards right,0.9948,1
3051,18:11:27.397801,0.5915000000000001,55.32899999999999,0.0106905962515136,0.5915000000000001,yaw towards right,yaw towards right,0.9963,1
3052,18:11:27.414882,0.6480000000000002,55.026,0.0117762512266928,0.6480000000000002,yaw towards right,yaw towards right,0.9924,1
3053,18:11:27.426033,0.7900000000000003,56.81700000000001,0.0139042892092155,0.7900000000000003,yaw towards right,yaw towards right,0.9955,1
3054,18:11:27.431579,0.7795000000000002,49.57100000000002,0.0157249198119868,0.7795000000000002,yaw towards right,yaw towards right,0.9049,1
3055,18:11:27.447914,0.8605,48.83000000000003,0.0176223633012492,0.8605,yaw towards right,yaw towards right,0.8634,1
3056,18:11:27.460683,0.9335,43.471500000000034,0.0214738391819927,0.9335,yaw towards right,yaw towards right,0.88,1
3057,18:11:27.467796,0.976,43.532500000000056,0.0224200310113133,0.976,yaw towards right,yaw towards right,0.8135,1
3058,18:11:27.480340,1.0815,48.40300000000005,0.0223436563849348,1.0815,yaw towards right,yaw towards right,0.7845,1
3059,18:11:27.493826,1.1120000000000003,37.65400000000004,0.0295320550273543,1.1120000000000003,yaw towards right,yaw towards right,0.9139,1
3060,18:11:27.504980,1.1570000000000005,32.93950000000004,0.0351250018974179,1.1570000000000005,yaw towards right,yaw towards right,0.9981,1
3061,18:11:27.513589,1.0160000000000002,32.721500000000034,0.0310499213055635,1.0160000000000002,yaw towards right,yaw towards right,0.9983,1
3062,18:11:27.525793,0.9015000000000002,37.22150000000002,0.0242198729229074,0.9015000000000002,yaw towards right,yaw towards right,0.9902,1
3063,18:11:27.538624,0.7755000000000001,39.51450000000003,0.0196257070189424,0.7755000000000001,yaw towards right,yaw towards right,0.9851,1
3064,18:11:27.546781,0.8010000000000002,39.03700000000003,0.0205189947998053,0.8010000000000002,yaw towards right,yaw towards right,0.9008,1
3065,18:11:27.560531,0.7155000000000002,44.07650000000004,0.0162331401086746,0.7155000000000002,yaw towards right,yaw towards right,0.9213,1
3066,18:11:27.571943,0.6495000000000001,42.04950000000005,0.0154460814040594,0.6495000000000001,yaw towards right,yaw towards right,0.8207,1
3067,18:11:27.583264,0.7790000000000002,44.64600000000003,0.0174483716346369,0.7790000000000002,yaw towards right,yaw towards right,0.9398,1
3068,18:11:27.594886,0.7445000000000002,41.0155,0.0181516743670075,0.7445000000000002,yaw towards right,yaw towards right,0.9882,1
3069,18:11:27.608106,0.7290000000000001,47.736,0.0152714932126696,0.7290000000000001,yaw towards right,yaw towards right,0.9298,1
3070,18:11:27.616260,0.7270000000000001,40.58549999999998,0.0179128013699474,0.7270000000000001,yaw towards right,yaw towards right,0.9825,1
3071,18:11:27.628333,0.9235,40.99249999999998,0.022528511313045,0.9235,yaw towards right,yaw towards right,0.8292,1
3072,18:11:27.640682,0.9535,37.555,0.0253894288377047,0.9535,yaw towards right,yaw towards right,0.9598,1
3073,18:11:27.652702,1.011,41.446,0.0243931863147227,1.011,yaw towards right,yaw towards right,0.9105,1
3074,18:11:27.661213,1.001,42.03949999999999,0.0238109397114618,1.001,yaw towards right,yaw towards right,0.9368,1
3075,18:11:27.698594,0.9715,38.20299999999997,0.0254299400570636,0.9715,yaw towards right,yaw towards right,0.9728,1
3076,18:11:27.732749,0.9295,40.02499999999997,0.0232229856339787,0.9295,yaw towards right,yaw towards right,0.9622,1
3077,18:11:27.741443,0.8345,33.63049999999998,0.0248137851057819,0.8345,yaw towards right,yaw towards right,0.9988,1
3078,18:11:27.748973,0.8550000000000001,35.146,0.0243270926990269,0.8550000000000001,yaw towards right,yaw towards right,0.9299,1
3079,18:11:27.748973,0.8530000000000001,28.782999999999987,0.0296355487614216,0.8530000000000001,yaw towards right,yaw towards right,0.9971,1
3080,18:11:27.748973,0.8330000000000002,31.752999999999968,0.0262337416936982,0.8330000000000002,yaw towards right,yaw towards right,0.9982,1
3081,18:11:27.748973,0.7590000000000001,31.86299999999996,0.023820732511063,0.7590000000000001,yaw towards right,yaw towards right,0.9987,1
3082,18:11:27.750980,0.8849999999999998,27.075999999999947,0.0326857733786379,0.8849999999999998,yaw towards right,yaw towards right,0.995,1
3083,18:11:27.762565,0.9939999999999998,24.45699999999993,0.0406427607637896,0.9939999999999998,yaw towards right,yaw towards right,0.9951,1
3084,18:11:27.774294,1.0064999999999995,24.57149999999993,0.040962090226482,1.0064999999999995,yaw towards right,yaw towards right,0.9968,1
3085,18:11:27.782933,1.0384999999999998,27.22849999999992,0.0381401839983841,1.0384999999999998,yaw towards right,yaw towards right,0.9984,1
3086,18:11:27.795066,1.031,25.36849999999991,0.0406409523621815,1.031,yaw towards right,yaw towards right,0.9987,1
3087,18:11:27.806737,0.97,28.04299999999992,0.0345897371893165,0.97,yaw towards right,yaw towards right,0.9976,1
3088,18:11:27.819404,0.8969999999999999,35.99249999999991,0.0249218587205668,0.8969999999999999,yaw towards right,yaw towards right,0.9611,1
3089,18:11:27.830333,0.9024999999999996,48.16799999999991,0.0187365055638598,0.9024999999999996,yaw towards right,yaw towards right,0.7826,1
3090,18:11:27.840218,1.0319999999999996,48.34699999999991,0.0213456884605043,1.0319999999999996,yaw towards right,yaw towards right,0.7857,1
3091,18:11:27.847050,0.9599999999999996,50.685999999999915,0.0189401412618869,0.9599999999999996,yaw towards right,yaw towards right,0.8813,1
3092,18:11:27.863629,0.7790000000000001,51.049999999999905,0.0152595494613124,0.7790000000000001,yaw towards right,yaw towards right,0.9567,1
3093,18:11:27.873363,0.6825000000000001,46.33999999999991,0.0147280966767371,0.6825000000000001,yaw towards right,up,0.6928,0
3094,18:11:27.889190,0.8720000000000001,48.452499999999915,0.0179970073783602,0.8720000000000001,yaw towards right,yaw towards right,0.8132,1
3095,18:11:27.895038,0.979,46.593499999999935,0.0210115144816337,0.979,yaw towards right,yaw towards right,0.8595,1
3096,18:11:27.910915,1.0135,50.48199999999994,0.0200764628976665,1.0135,yaw towards right,up,0.6159,0
3097,18:11:27.922842,1.039,51.24349999999995,0.0202757422892659,1.039,yaw towards right,yaw towards right,0.9372,1
3098,18:11:27.934887,1.1185,40.50899999999995,0.0276111481399195,1.1185,yaw towards right,yaw towards right,0.8511,1
3099,18:11:27.944301,1.2335000000000005,34.41199999999996,0.0358450540509125,1.2335000000000005,yaw towards right,yaw towards right,0.9841,1
3100,18:11:27.956110,1.054,32.67749999999998,0.0322546094407467,1.054,yaw towards right,yaw towards right,0.9976,1
3101,18:11:27.965233,1.1125,34.70899999999999,0.0320522054798467,1.1125,yaw towards right,yaw towards right,0.9865,1
3102,18:11:27.980157,1.1909999999999998,37.193500000000014,0.0320217242260072,1.1909999999999998,yaw towards right,yaw towards right,0.9596,1
3103,18:11:27.985044,1.0909999999999995,36.4845,0.0299031095396675,1.0909999999999995,yaw towards right,yaw towards right,0.9849,1
3104,18:11:28.001176,0.8854999999999998,40.33500000000001,0.0219536382794099,0.8854999999999998,yaw towards right,yaw towards right,0.9404,1
3105,18:11:28.010980,0.7994999999999999,37.26350000000001,0.0214553114978464,0.7994999999999999,yaw towards right,yaw towards right,0.9851,1
3106,18:11:28.025348,0.7544999999999998,38.74349999999999,0.0194742343877037,0.7544999999999998,yaw towards right,yaw towards right,0.9896,1
3107,18:11:28.034464,0.6764999999999997,35.846499999999985,0.018872135354916,0.6764999999999997,yaw towards right,yaw towards right,0.9868,1
3108,18:11:28.042391,0.6034999999999997,42.509,0.0141969935778305,0.6034999999999997,yaw towards right,yaw towards right,0.9547,1
3109,18:11:28.057715,0.6539999999999997,36.489999999999995,0.0179227185530282,0.6539999999999997,yaw towards right,yaw towards right,0.9747,1
3110,18:11:28.069619,0.8084999999999998,37.625499999999995,0.0214880865370559,0.8084999999999998,yaw towards right,yaw towards right,0.9153,1
3111,18:11:28.079332,0.8584999999999997,35.337999999999994,0.0242939611749391,0.8584999999999997,yaw towards right,yaw towards right,0.9856,1
3112,18:11:28.091996,0.7469999999999999,40.21049999999998,0.0185772372887678,0.7469999999999999,yaw towards right,yaw towards right,0.9549,1
3113,18:11:28.097904,0.7645,40.6935,0.0187867841301436,0.7645,yaw towards right,yaw towards right,0.9796,1
3114,18:11:28.113788,0.8805,37.36799999999999,0.023562941554271,0.8805,yaw towards right,yaw towards right,0.9785,1
3115,18:11:28.124600,0.8285,39.21899999999999,0.0211249649404625,0.8285,yaw towards right,yaw towards right,0.9446,1
3116,18:11:28.130190,0.8355,33.06399999999999,0.0252691749334623,0.8355,yaw towards right,yaw towards right,0.9987,1
3117,18:11:28.146716,1.003,34.979500000000016,0.0286739375920181,1.003,yaw towards right,yaw towards right,0.9818,1
3118,18:11:28.159139,1.0745,32.81100000000001,0.0327481637255798,1.0745,yaw towards right,yaw towards right,0.9569,1
3119,18:11:28.163577,0.941,38.04450000000002,0.0247341928531062,0.941,yaw towards right,yaw towards right,0.9544,1
3120,18:11:28.181135,0.8329999999999999,36.86400000000002,0.0225965711805555,0.8329999999999999,yaw towards right,yaw towards right,0.9755,1
3121,18:11:28.192813,0.8655000000000002,32.539500000000004,0.0265984418936984,0.8655000000000002,yaw towards right,yaw towards right,0.9981,1
3122,18:11:28.205382,0.9455000000000002,29.325500000000016,0.032241564508704,0.9455000000000002,yaw towards right,yaw towards right,0.9983,1
3123,18:11:28.214188,1.0315,29.70900000000002,0.0347201184826146,1.0315,yaw towards right,yaw towards right,0.9985,1
3124,18:11:28.225258,0.917,33.20350000000001,0.0276175704368515,0.917,yaw towards right,yaw towards right,0.9986,1
3125,18:11:28.238684,1.0720000000000005,32.747499999999995,0.0327353233071226,1.0720000000000005,yaw towards right,yaw towards right,0.9988,1
3126,18:11:28.250646,1.0740000000000005,33.10050000000002,0.0324466397788553,1.0740000000000005,yaw towards right,yaw towards right,0.9986,1
3127,18:11:28.258235,0.9895000000000008,46.370999999999995,0.0213387677643354,0.9895000000000008,yaw towards right,yaw towards right,0.8282,1
3128,18:11:28.264729,0.8515000000000008,58.96600000000001,0.0144405250483329,0.8515000000000008,yaw towards right,yaw towards right,0.8755,1
3129,18:11:28.284041,0.8810000000000009,60.33400000000002,0.0146020485961481,0.8810000000000009,yaw towards right,yaw towards right,0.9854,1
3130,18:11:28.293748,0.9545000000000008,66.03100000000002,0.0144553315866789,0.9545000000000008,yaw towards right,yaw towards right,0.9002,1
3131,18:11:28.300540,0.7880000000000008,64.96400000000001,0.0121297949633643,0.7880000000000008,yaw towards right,yaw towards right,0.9884,1
3132,18:11:28.308511,0.7045000000000007,61.427,0.0114688980415778,0.7045000000000007,yaw towards right,yaw towards right,0.9944,1
3133,18:11:28.329098,0.6515000000000006,61.765499999999975,0.0105479596214715,0.6515000000000006,yaw towards right,yaw towards right,0.9876,1
3134,18:11:28.339850,0.8005000000000007,57.19099999999999,0.0139969575632529,0.8005000000000007,yaw towards right,yaw towards right,0.9967,1
3135,18:11:28.344691,0.6580000000000005,57.9375,0.0113570658036677,0.6580000000000005,yaw towards right,yaw towards right,0.9927,1
3136,18:11:28.359272,0.7845000000000003,63.06999999999998,0.0124385603297923,0.7845000000000003,yaw towards right,yaw towards right,0.9814,1
3137,18:11:28.372841,0.7660000000000001,48.55049999999999,0.0157773864326835,0.7660000000000001,yaw towards right,yaw towards right,0.8831,1
3138,18:11:28.380560,0.834,40.1785,0.0207573702353248,0.834,yaw towards right,yaw towards right,0.979,1
3139,18:11:28.393191,0.7844999999999998,36.33549999999998,0.0215904556150321,0.7844999999999998,yaw towards right,yaw towards right,0.9899,1
3140,18:11:28.405680,0.6889999999999998,37.694,0.0182787711572133,0.6889999999999998,yaw towards right,yaw towards right,0.9723,1
3141,18:11:28.413108,0.8309999999999998,42.51650000000002,0.0195453529806075,0.8309999999999998,yaw towards right,yaw towards right,0.8955,1
3142,18:11:28.429913,0.9034999999999996,41.189000000000014,0.0219354682075311,0.9034999999999996,yaw towards right,yaw towards right,0.8744,1
3143,18:11:28.438443,0.8619999999999998,47.300000000000026,0.0182241014799154,0.8619999999999998,yaw towards right,yaw towards right,0.8551,1
3144,18:11:28.450354,0.7969999999999996,54.491500000000045,0.014626134351229,0.7969999999999996,yaw towards right,yaw towards right,0.991,1
3145,18:11:28.462960,0.9309999999999998,51.84500000000005,0.0179573729385668,0.9309999999999998,yaw towards right,yaw towards right,0.9039,1
3146,18:11:28.474769,0.8869999999999998,49.33300000000007,0.0179798512152108,0.8869999999999998,yaw towards right,yaw towards right,0.8898,1
3147,18:11:28.480075,0.943,51.66700000000007,0.0182514951516441,0.943,yaw towards right,yaw towards right,0.9182,1
3148,18:11:28.493014,0.873,43.20400000000006,0.0202064623645958,0.873,yaw towards right,yaw towards right,0.8371,1
3149,18:11:28.508391,0.9395000000000004,41.95850000000008,0.0223911722297031,0.9395000000000004,yaw towards right,yaw towards right,0.556,1
3150,18:11:28.522934,0.9675000000000004,36.394500000000065,0.0265836870955775,0.9675000000000004,yaw towards right,yaw towards right,0.9795,1
3151,18:11:28.530124,0.8290000000000003,36.05550000000006,0.0229923312670743,0.8290000000000003,yaw towards right,yaw towards right,0.9595,1
3152,18:11:28.541433,0.8410000000000004,39.838000000000065,0.0211104975149354,0.8410000000000004,yaw towards right,yaw towards right,0.9733,1
3153,18:11:28.554075,0.9245000000000004,32.43450000000006,0.0285035995621945,0.9245000000000004,yaw towards right,yaw towards right,0.9973,1
3154,18:11:28.562760,0.8285000000000003,29.96650000000005,0.0276475397527238,0.8285000000000003,yaw towards right,yaw towards right,0.999,1
3155,18:11:28.574623,0.7060000000000002,31.90400000000005,0.0221288866599799,0.7060000000000002,yaw towards right,yaw towards right,0.9995,1
3156,18:11:28.586399,0.7915000000000003,36.55050000000004,0.0216549705202391,0.7915000000000003,yaw towards right,yaw towards right,0.9865,1
3157,18:11:28.598540,0.9000000000000001,36.244000000000035,0.0248316962807636,0.9000000000000001,yaw towards right,yaw towards right,0.9162,1
3158,18:11:28.608565,0.9150000000000004,36.13500000000004,0.025321710253217,0.9150000000000004,yaw towards right,yaw towards right,0.9872,1
3159,18:11:28.617825,0.8520000000000003,40.47450000000003,0.021050290923915,0.8520000000000003,yaw towards right,yaw towards right,0.9677,1
3160,18:11:28.632598,0.9285000000000002,37.77250000000002,0.0245813753392017,0.9285000000000002,yaw towards right,yaw towards right,0.9871,1
3161,18:11:28.642996,0.9445,39.590000000000025,0.0238570346046981,0.9445,yaw towards right,yaw towards right,0.9759,1
3162,18:11:28.656935,0.8695,36.593000000000025,0.0237613751263902,0.8695,yaw towards right,yaw towards right,0.9927,1
3163,18:11:28.665223,0.8455000000000001,43.16350000000003,0.019588309567111,0.8455000000000001,yaw towards right,yaw towards right,0.9477,1
3164,18:11:28.675680,1.0465000000000002,36.976500000000016,0.028301759225454,1.0465000000000002,yaw towards right,yaw towards right,0.7843,1
3165,18:11:28.684234,1.131,37.881,0.0298566563712679,1.131,yaw towards right,yaw towards right,0.9644,1
3166,18:11:28.701200,1.0955,35.24450000000002,0.0310828639929634,1.0955,yaw towards right,yaw towards right,0.8685,1
3167,18:11:28.713668,0.8719999999999999,39.74700000000003,0.0219387626739124,0.8719999999999999,yaw towards right,yaw towards right,0.8558,1
3168,18:11:28.720273,0.9395,40.23450000000001,0.0233506070660751,0.9395,yaw towards right,yaw towards right,0.969,1
3169,18:11:28.730687,1.0949999999999995,36.85550000000001,0.0297106266364585,1.0949999999999995,yaw towards right,yaw towards right,0.9703,1
3170,18:11:28.747049,1.0014999999999996,38.691500000000026,0.0258842381401599,1.0014999999999996,yaw towards right,yaw towards right,0.9665,1
3171,18:11:28.758133,0.9734999999999996,32.53500000000002,0.0299216228676809,0.9734999999999996,yaw towards right,yaw towards right,0.9976,1
3172,18:11:28.765495,0.9929999999999995,36.405,0.0272764730119489,0.9929999999999995,yaw towards right,yaw towards right,0.9786,1
3173,18:11:28.776414,1.0819999999999994,35.97500000000001,0.0300764419735927,1.0819999999999994,yaw towards right,yaw towards right,0.5727,1
3174,18:11:28.791640,0.8784999999999996,42.117500000000014,0.020858313052769,0.8784999999999996,yaw towards right,yaw towards right,0.9005,1
3175,18:11:28.802328,0.7869999999999996,40.190000000000026,0.0195819855685493,0.7869999999999996,yaw towards right,yaw towards right,0.961,1
3176,18:11:28.812186,0.7764999999999996,36.19900000000003,0.0214508688085305,0.7764999999999996,yaw towards right,yaw towards right,0.9893,1
3177,18:11:28.825133,0.9794999999999996,32.91900000000003,0.0297548528205595,0.9794999999999996,yaw towards right,yaw towards right,0.9978,1
3178,18:11:28.836197,1.0064999999999995,33.179000000000045,0.0303354531480755,1.0064999999999995,yaw towards right,yaw towards right,0.9979,1
3179,18:11:28.848197,0.8659999999999997,37.14750000000004,0.023312470556565,0.8659999999999997,yaw towards right,yaw towards right,0.976,1
3180,18:11:28.855265,1.0025,37.191500000000026,0.0269550838229165,1.0025,yaw towards right,yaw towards right,0.9807,1
3181,18:11:28.863721,1.0145000000000004,37.14600000000003,0.0273111505949496,1.0145000000000004,yaw towards right,yaw towards right,0.9796,1
3182,18:11:28.882575,1.0390000000000006,40.65850000000007,0.0255543121364536,1.0390000000000006,yaw towards right,yaw towards right,0.9235,1
3183,18:11:28.892703,0.8705000000000004,44.862500000000075,0.0194037336305377,0.8705000000000004,yaw towards right,yaw towards right,0.8244,1
3184,18:11:28.901582,1.0360000000000005,39.55100000000009,0.0261940279638946,1.0360000000000005,yaw towards right,yaw towards right,0.9574,1
3185,18:11:28.912816,1.0880000000000003,41.80900000000009,0.0260231050730703,1.0880000000000003,yaw towards right,yaw towards right,0.8566,1
3186,18:11:28.925157,1.0775000000000008,43.43300000000008,0.0248083254668109,1.0775000000000008,yaw towards right,yaw towards right,0.8229,1
3187,18:11:28.938983,0.8675000000000006,38.72050000000006,0.0224041528389354,0.8675000000000006,yaw towards right,yaw towards right,0.9449,1
3188,18:11:28.946684,0.8285000000000003,40.51950000000006,0.0204469452979429,0.8285000000000003,yaw towards right,yaw towards right,0.8822,1
3189,18:11:28.960234,0.7745000000000004,37.19750000000006,0.020821291753478,0.7745000000000004,yaw towards right,yaw towards right,0.9636,1
3190,18:11:28.972149,0.6255000000000001,39.13050000000007,0.0159849733583777,0.6255000000000001,yaw towards right,yaw towards right,0.9193,1
3191,18:11:28.983529,0.8019999999999998,42.64500000000007,0.0188064251377652,0.8019999999999998,yaw towards right,yaw towards right,0.939,1
3192,18:11:28.992515,0.9654999999999998,34.281000000000056,0.0281642892564393,0.9654999999999998,yaw towards right,yaw towards right,0.976,1
3193,18:11:28.999724,0.9704999999999996,30.658500000000032,0.0316551690395811,0.9704999999999996,yaw towards right,yaw towards right,0.9991,1
3194,18:11:29.016966,0.7979999999999997,31.363500000000027,0.025443588885169,0.7979999999999997,yaw towards right,yaw towards right,0.9987,1
3195,18:11:29.027216,0.7759999999999996,35.57700000000004,0.0218118447311464,0.7759999999999996,yaw towards right,yaw towards right,0.9904,1
3196,18:11:29.035483,0.6529999999999994,36.10250000000005,0.0180873900699397,0.6529999999999994,yaw towards right,yaw towards right,0.9702,1
3197,18:11:29.047578,0.6819999999999995,36.169500000000056,0.0188556656851766,0.6819999999999995,yaw towards right,yaw towards right,0.9807,1
3198,18:11:29.061509,0.6469999999999996,40.06650000000006,0.0161481536944828,0.6469999999999996,yaw towards right,yaw towards right,0.8511,1
3199,18:11:29.072822,0.6494999999999995,37.16700000000006,0.0174751795948018,0.6494999999999995,yaw towards right,yaw towards right,0.9682,1
3200,18:11:29.083087,0.7604999999999997,38.76700000000007,0.0196172001960429,0.7604999999999997,yaw towards right,yaw towards right,0.9834,1
3201,18:11:29.094964,0.5834999999999999,35.906500000000065,0.0162505395958948,0.5834999999999999,yaw towards right,yaw towards right,0.9924,1
3202,18:11:29.106959,0.3614999999999998,42.48200000000004,0.0085094863706981,0.3614999999999998,yaw towards right,yaw towards right,0.9978,1
3203,18:11:29.119977,0.4664999999999999,36.45450000000006,0.0127967740608155,0.4664999999999999,yaw towards right,yaw towards right,0.9976,1
3204,18:11:29.127605,0.6699999999999997,37.44750000000004,0.0178917150677615,0.6699999999999997,yaw towards right,yaw towards right,0.9549,1
3205,18:11:29.139724,0.6644999999999998,34.93500000000002,0.0190210390725633,0.6644999999999998,yaw towards right,yaw towards right,0.9746,1
3206,18:11:29.146921,0.6839999999999998,39.542,0.0172980628192807,0.6839999999999998,yaw towards right,yaw towards right,0.9448,1
3207,18:11:29.164371,0.7529999999999998,40.014,0.0188184135552556,0.7529999999999998,yaw towards right,yaw towards right,0.9878,1
3208,18:11:29.177094,0.7499999999999997,36.6855,0.0204440446497935,0.7499999999999997,yaw towards right,yaw towards right,0.9924,1
3209,18:11:29.182979,0.8674999999999997,38.4785,0.0225450576295853,0.8674999999999997,yaw towards right,yaw towards right,0.9844,1
3210,18:11:29.196290,0.7854999999999996,32.40599999999999,0.0242393383941245,0.7854999999999996,yaw towards right,yaw towards right,0.9988,1
3211,18:11:29.210104,0.9019999999999996,32.723999999999975,0.0275638674978609,0.9019999999999996,yaw towards right,yaw towards right,0.9989,1
3212,18:11:29.222149,1.0134999999999996,28.0545,0.0361261116754887,1.0134999999999996,yaw towards right,yaw towards right,0.998,1
3213,18:11:29.230705,0.9919999999999995,31.44550000000002,0.0315466441939227,0.9919999999999995,yaw towards right,yaw towards right,0.9967,1
3214,18:11:29.242738,0.9044999999999996,31.277500000000018,0.0289185516745263,0.9044999999999996,yaw towards right,yaw towards right,0.9991,1
3215,18:11:29.255180,0.9814999999999996,26.791500000000024,0.0366347535598976,0.9814999999999996,yaw towards right,yaw towards right,0.9977,1
3216,18:11:29.266988,1.0964999999999996,23.55850000000002,0.0465437103380944,1.0964999999999996,yaw towards right,yaw towards right,0.9891,1
3217,18:11:29.275726,1.0769999999999995,23.38650000000002,0.0460522096081071,1.0769999999999995,yaw towards right,yaw towards right,0.9918,1
3218,18:11:29.280123,1.0509999999999995,26.262500000000017,0.0400190385530699,1.0509999999999995,yaw towards right,yaw towards right,0.9989,1
3219,18:11:29.300280,1.0369999999999997,24.958499999999997,0.0415489712923452,1.0369999999999997,yaw towards right,yaw towards right,0.9973,1
3220,18:11:29.311954,1.0174999999999996,27.07050000000001,0.0375870412441587,1.0174999999999996,yaw towards right,yaw towards right,0.9986,1
3221,18:11:29.313819,0.8904999999999997,39.887000000000015,0.0223255697344999,0.8904999999999997,yaw towards right,yaw towards right,0.8792,1
3222,18:11:29.331226,0.7739999999999997,53.480500000000006,0.0144725647665971,0.7739999999999997,yaw towards right,yaw towards right,0.984,1
3223,18:11:29.342670,0.7344999999999997,55.70899999999997,0.0131845841784989,0.7344999999999997,yaw towards right,yaw towards right,0.9895,1
3224,18:11:29.355375,0.6764999999999999,60.136999999999965,0.0112493140662154,0.6764999999999999,yaw towards right,yaw towards right,0.9887,1
3225,18:11:29.363966,0.558,59.31149999999995,0.0094079562985255,0.558,yaw towards right,yaw towards right,0.9964,1
3226,18:11:29.376489,0.5835000000000001,56.02049999999997,0.0104158299194045,0.5835000000000001,yaw towards right,yaw towards right,0.9961,1
3227,18:11:29.390260,0.7475000000000003,57.435499999999976,0.0130145989849483,0.7475000000000003,yaw towards right,yaw towards right,0.9966,1
3228,18:11:29.401479,0.9770000000000004,54.27299999999998,0.018001584581652,0.9770000000000004,yaw towards right,yaw towards right,0.8505,1
3229,18:11:29.410239,0.8990000000000002,56.6595,0.0158667125548231,0.8990000000000002,yaw towards right,yaw towards right,0.9657,1
3230,18:11:29.417414,0.9425,58.92999999999999,0.0159935516714746,0.9425,yaw towards right,yaw towards right,0.9754,1
3231,18:11:29.435155,0.9845,45.224,0.0217694144701928,0.9845,yaw towards right,yaw towards right,0.8108,1
3232,18:11:29.445757,1.0805,37.4915,0.0288198658362562,1.0805,yaw towards right,yaw towards right,0.9724,1
3233,18:11:29.456480,1.0814999999999997,34.01799999999999,0.0317919924745722,1.0814999999999997,yaw towards right,yaw towards right,0.988,1
3234,18:11:29.466870,1.0375,34.934,0.0296988607087651,1.0375,yaw towards right,yaw towards right,0.9926,1
3235,18:11:29.478873,1.104,39.136,0.0282093213409648,1.104,yaw towards right,yaw towards right,0.9513,1
3236,18:11:29.492084,1.0049999999999997,37.621499999999976,0.0267134484270962,1.0049999999999997,yaw towards right,yaw towards right,0.9625,1
3237,18:11:29.496519,0.7879999999999996,42.53249999999998,0.0185270087580085,0.7879999999999996,yaw towards right,yaw towards right,0.8403,1
3238,18:11:29.512116,0.6064999999999996,40.67699999999998,0.014910145782629,0.6064999999999996,yaw towards right,yaw towards right,0.9096,1
3239,18:11:29.524864,0.7374999999999996,43.17699999999996,0.0170808532320448,0.7374999999999996,yaw towards right,yaw towards right,0.9585,1
3240,18:11:29.533686,0.8304999999999998,39.61949999999995,0.0209619000744583,0.8304999999999998,yaw towards right,yaw towards right,0.9822,1
3241,18:11:29.544611,0.7705,45.95749999999994,0.0167654898547571,0.7705,yaw towards right,yaw towards right,0.8921,1
3242,18:11:29.556856,0.7735,38.96749999999993,0.0198498748957464,0.7735,yaw towards right,yaw towards right,0.9879,1
3243,18:11:29.563421,0.7849999999999998,39.25649999999997,0.0199966884464993,0.7849999999999998,yaw towards right,yaw towards right,0.9504,1
3244,18:11:29.581520,0.8854999999999998,35.85299999999998,0.0246980726856887,0.8854999999999998,yaw towards right,yaw towards right,0.9875,1
3245,18:11:29.590633,0.8089999999999999,39.48199999999998,0.0204903500329264,0.8089999999999999,yaw towards right,yaw towards right,0.9381,1
3246,18:11:29.598160,0.8105000000000002,39.979999999999976,0.020272636318159,0.8105000000000002,yaw towards right,yaw towards right,0.972,1
3247,18:11:29.614975,0.8560000000000002,36.32649999999997,0.0235640648011782,0.8560000000000002,yaw towards right,yaw towards right,0.9881,1
3248,18:11:29.627432,0.8130000000000003,38.07999999999995,0.0213497899159664,0.8130000000000003,yaw towards right,yaw towards right,0.9898,1
3249,18:11:29.633548,0.7275000000000003,32.02949999999997,0.0227134360511403,0.7275000000000003,yaw towards right,yaw towards right,0.9983,1
3250,18:11:29.646417,0.6465000000000002,36.994499999999974,0.0174755706929408,0.6465000000000002,yaw towards right,yaw towards right,0.9725,1
3251,18:11:29.659901,0.7040000000000001,31.92799999999998,0.0220496116261588,0.7040000000000001,yaw towards right,yaw towards right,0.9994,1
3252,18:11:29.667457,0.6435000000000002,32.68999999999999,0.0196849189354542,0.6435000000000002,yaw towards right,yaw towards right,0.9969,1
3253,18:11:29.680396,0.5795000000000003,34.10999999999997,0.0169891527411316,0.5795000000000003,yaw towards right,yaw towards right,0.9986,1
3254,18:11:29.694033,0.7345000000000003,29.014999999999947,0.0253144925038773,0.7345000000000003,yaw towards right,yaw towards right,0.9964,1
3255,18:11:29.706414,0.9990000000000002,26.99199999999997,0.037010966212211,0.9990000000000002,yaw towards right,yaw towards right,0.9986,1
3256,18:11:29.717073,1.0765,26.780999999999977,0.0401964079011239,1.0765,yaw towards right,yaw towards right,0.9983,1
3257,18:11:29.729906,1.033,29.12699999999998,0.0354653757681876,1.033,yaw towards right,yaw towards right,0.9973,1
3258,18:11:29.738300,1.0915,26.9445,0.0405091948264024,1.0915,yaw towards right,yaw towards right,0.9991,1
3259,18:11:29.749493,1.1470000000000002,30.01649999999998,0.0382123165592257,1.1470000000000002,yaw towards right,yaw towards right,0.9989,1
3260,18:11:29.759024,1.1730000000000005,41.40599999999998,0.0283292276481669,1.1730000000000005,yaw towards right,yaw towards right,0.7516,1
3261,18:11:29.773978,1.1565000000000003,57.93749999999998,0.0199611650485437,1.1565000000000003,yaw towards right,yaw towards right,0.8659,1
3262,18:11:29.783453,1.2620000000000002,65.42099999999998,0.0192904419070329,1.2620000000000002,yaw towards right,yaw towards right,0.8672,1
3263,18:11:29.794647,1.2865000000000004,70.84799999999996,0.0181585930442637,1.2865000000000004,yaw towards right,yaw towards right,0.6804,1
3264,18:11:29.807519,1.0205000000000004,71.64849999999997,0.0142431453554505,1.0205000000000004,yaw towards right,yaw towards right,0.9078,1
3265,18:11:29.816999,0.8100000000000003,67.35449999999996,0.0120259225441507,0.8100000000000003,yaw towards right,yaw towards right,0.9873,1
3266,18:11:29.825634,0.7795000000000003,68.60299999999995,0.0113624768596125,0.7795000000000003,yaw towards right,yaw towards right,0.9478,1
3267,18:11:29.839754,0.8380000000000003,65.73899999999996,0.0127473797897747,0.8380000000000003,yaw towards right,yaw towards right,0.9763,1
3268,18:11:29.852457,0.7650000000000003,68.56349999999993,0.0111575400905729,0.7650000000000003,yaw towards right,yaw towards right,0.9499,1
3269,18:11:29.860546,0.7830000000000003,70.17999999999995,0.0111570247933884,0.7830000000000003,yaw towards right,yaw towards right,0.9235,1
3270,18:11:29.873017,0.7740000000000002,53.44499999999996,0.0144821779399382,0.7740000000000002,yaw towards right,yaw towards right,0.9824,1
3271,18:11:29.884370,0.7755000000000002,43.30699999999997,0.0179070358140716,0.7755000000000002,yaw towards right,yaw towards right,0.9663,1
3272,18:11:29.897854,0.6750000000000003,37.36599999999997,0.0180645506610287,0.6750000000000003,yaw towards right,yaw towards right,0.9443,1
3273,18:11:29.908997,0.7645000000000004,35.87499999999997,0.0213101045296167,0.7645000000000004,yaw towards right,yaw towards right,0.9941,1
3274,18:11:29.918334,0.9060000000000006,39.48599999999998,0.0229448412095426,0.9060000000000006,yaw towards right,yaw towards right,0.9628,1
3275,18:11:29.930600,0.8980000000000004,38.02499999999999,0.0236160420775805,0.8980000000000004,yaw towards right,yaw towards right,0.9486,1
3276,18:11:29.943007,0.8010000000000005,43.1805,0.0185500399485879,0.8010000000000005,yaw towards right,yaw towards right,0.9309,1
3277,18:11:29.955506,0.7180000000000006,41.7205,0.0172097649836411,0.7180000000000006,yaw towards right,yaw towards right,0.9618,1
3278,18:11:29.963659,0.8365000000000006,44.58300000000001,0.018762757104726,0.8365000000000006,yaw towards right,yaw towards right,0.9399,1
3279,18:11:29.974136,0.7430000000000004,40.89450000000001,0.0181687023927423,0.7430000000000004,yaw towards right,yaw towards right,0.9597,1
3280,18:11:29.988263,0.6545000000000004,46.775000000000006,0.0139925173703901,0.6545000000000004,yaw towards right,yaw towards right,0.9556,1
3281,18:11:29.999793,0.7030000000000003,39.53749999999998,0.0177805880493202,0.7030000000000003,yaw towards right,yaw towards right,0.9824,1
3282,18:11:30.006694,0.7385000000000003,39.65099999999998,0.0186250031525056,0.7385000000000003,yaw towards right,yaw towards right,0.9849,1
3283,18:11:30.016463,0.6285000000000003,36.06100000000002,0.0174288011979701,0.6285000000000003,yaw towards right,yaw towards right,0.9933,1
3284,18:11:30.033715,0.5625000000000001,39.36800000000002,0.0142882544198333,0.5625000000000001,yaw towards right,yaw towards right,0.9872,1
3285,18:11:30.045105,0.7605000000000002,39.79750000000001,0.019109240530184,0.7605000000000002,yaw towards right,yaw towards right,0.9892,1
3286,18:11:30.050323,0.9860000000000004,36.1035,0.0273103715706233,0.9860000000000004,yaw towards right,yaw towards right,0.9908,1
3287,18:11:30.059753,1.2405000000000004,37.7855,0.0328300538566381,1.2405000000000004,yaw towards right,yaw towards right,0.8788,1
3288,18:11:30.077381,1.1540000000000004,31.735499999999995,0.0363630634462983,1.1540000000000004,yaw towards right,yaw towards right,0.9987,1
3289,18:11:30.090697,1.1010000000000004,36.59850000000001,0.0300832001311529,1.1010000000000004,yaw towards right,yaw towards right,0.9721,1
3290,18:11:30.097427,1.0780000000000003,31.63350000000002,0.0340777972718794,1.0780000000000003,yaw towards right,yaw towards right,0.9975,1
3291,18:11:30.111175,1.0355000000000003,32.270500000000034,0.032088130025875,1.0355000000000003,yaw towards right,yaw towards right,0.9982,1
3292,18:11:30.123003,1.0910000000000006,33.78750000000004,0.0322900480947095,1.0910000000000006,yaw towards right,yaw towards right,0.9985,1
3293,18:11:30.135046,1.1265000000000005,28.867500000000017,0.039023122889062,1.1265000000000005,yaw towards right,yaw towards right,0.9964,1
3294,18:11:30.143185,1.0705000000000005,26.945999999999987,0.0397276033548579,1.0705000000000005,yaw towards right,yaw towards right,0.9988,1
3295,18:11:30.156914,0.8395000000000004,26.754999999999978,0.0313773126518408,0.8395000000000004,yaw towards right,yaw towards right,0.9981,1
3296,18:11:30.166035,0.7060000000000002,29.138999999999992,0.0242286969353787,0.7060000000000002,yaw towards right,yaw towards right,0.9986,1
3297,18:11:30.179969,0.6770000000000003,26.991500000000023,0.0250819702498934,0.6770000000000003,yaw towards right,yaw towards right,0.9995,1
3298,18:11:30.192127,0.8,30.036500000000007,0.0266342616483278,0.8,yaw towards right,yaw towards right,0.9986,1
3299,18:11:30.201561,0.9835,32.77899999999999,0.0300039659538119,0.9835,yaw towards right,yaw towards right,0.9953,1
3300,18:11:30.214028,1.0550000000000002,41.94099999999999,0.0251543835387806,1.0550000000000002,yaw towards right,yaw towards right,0.8616,1
3301,18:11:30.225666,1.098,43.39400000000001,0.0253030372862607,1.098,yaw towards right,yaw towards right,0.7916,1
3302,18:11:30.237503,1.1045000000000005,43.508,0.0253861358830559,1.1045000000000005,yaw towards right,yaw towards right,0.8004,1
3303,18:11:30.245829,1.1725,44.732,0.0262116605562013,1.1725,yaw towards right,yaw towards right,0.8464,1
3304,18:11:30.258004,1.154,39.49650000000002,0.0292177787905257,1.154,yaw towards right,yaw towards right,0.8833,1
3305,18:11:30.269562,1.277,53.609500000000025,0.0238204049655378,1.277,yaw towards right,yaw towards right,0.8477,1
3306,18:11:30.282594,1.2185,62.18800000000003,0.0195938123110567,1.2185,yaw towards right,yaw towards right,0.9035,1
3307,18:11:30.290819,1.0094999999999998,73.891,0.0136620156717326,1.0094999999999998,yaw towards right,up,0.8748,0
3308,18:11:30.303212,0.9934999999999998,71.51700000000002,0.0138918019491869,0.9934999999999998,yaw towards right,yaw towards right,0.8973,1
3309,18:11:30.315739,0.8759999999999998,64.53300000000002,0.0135744502812514,0.8759999999999998,yaw towards right,yaw towards right,0.9585,1
3310,18:11:30.327059,0.8409999999999996,57.551,0.0146131257493353,0.8409999999999996,yaw towards right,yaw towards right,0.9916,1
3311,18:11:30.335693,0.7544999999999996,56.105999999999995,0.0134477595979039,0.7544999999999996,yaw towards right,yaw towards right,0.9943,1
3312,18:11:30.347873,0.6869999999999997,60.056999999999995,0.0114391328238173,0.6869999999999997,yaw towards right,yaw towards right,0.9907,1
3313,18:11:30.360254,0.7469999999999998,63.84799999999998,0.0116996616965292,0.7469999999999998,yaw towards right,yaw towards right,0.9869,1
3314,18:11:30.372822,0.8189999999999997,65.14399999999996,0.0125721478570551,0.8189999999999997,yaw towards right,yaw towards right,0.9857,1
3315,18:11:30.410411,0.7164999999999998,57.11899999999996,0.0125439871146203,0.7164999999999998,yaw towards right,yaw towards right,0.9964,1
3316,18:11:30.412420,0.6839999999999997,44.41599999999997,0.0153998559077809,0.6839999999999997,yaw towards right,up,0.6705,0
3317,18:11:30.413589,0.7404999999999998,38.93299999999995,0.019019854622043,0.7404999999999998,yaw towards right,yaw towards right,0.991,1
3318,18:11:30.458506,0.671,40.514499999999956,0.0165619716397833,0.671,yaw towards right,yaw towards right,0.9263,1
3319,18:11:30.466306,0.6275000000000002,46.13799999999997,0.0136005028393081,0.6275000000000002,yaw towards right,yaw towards right,0.9444,1
3320,18:11:30.466306,0.5865000000000002,43.950499999999984,0.0133445580823881,0.5865000000000002,yaw towards right,yaw towards right,0.9643,1
3321,18:11:30.466306,0.7705000000000003,44.59599999999999,0.0172773342900708,0.7705000000000003,yaw towards right,yaw towards right,0.9525,1
3322,18:11:30.466306,0.7250000000000003,39.931500000000014,0.0181560923080775,0.7250000000000003,yaw towards right,yaw towards right,0.981,1
3323,18:11:30.470328,0.6725000000000001,41.798000000000044,0.0160892865687353,0.6725000000000001,yaw towards right,yaw towards right,0.8721,1
3324,18:11:30.482758,0.8985000000000001,39.97950000000007,0.0224740179341912,0.8985000000000001,yaw towards right,yaw towards right,0.9105,1
3325,18:11:30.492722,1.06,36.21800000000007,0.0292672151968633,1.06,yaw towards right,yaw towards right,0.949,1
3326,18:11:30.505226,1.2315,38.34250000000004,0.0321184064680184,1.2315,yaw towards right,yaw towards right,0.8746,1
3327,18:11:30.515711,1.197,31.644500000000058,0.0378264785349744,1.197,yaw towards right,yaw towards right,0.9989,1
3328,18:11:30.527624,1.2244999999999997,34.67200000000004,0.0353166820489155,1.2244999999999997,yaw towards right,yaw towards right,0.9751,1
3329,18:11:30.539396,1.3054999999999994,28.44700000000004,0.0458923612331703,1.3054999999999994,yaw towards right,yaw towards right,0.9969,1
3330,18:11:30.552928,1.3359999999999994,28.173500000000057,0.0474204482936091,1.3359999999999994,yaw towards right,yaw towards right,0.9964,1
3331,18:11:30.560784,1.2694999999999994,30.641000000000048,0.0414314154237785,1.2694999999999994,yaw towards right,yaw towards right,0.996,1
3332,18:11:30.573535,1.2449999999999992,26.614500000000017,0.0467790114411316,1.2449999999999992,yaw towards right,yaw towards right,0.9953,1
3333,18:11:30.584648,1.2809999999999993,25.58050000000001,0.0500772072477081,1.2809999999999993,yaw towards right,yaw towards right,0.995,1
3334,18:11:30.595021,0.9864999999999996,26.081499999999988,0.0378237447999539,0.9864999999999996,yaw towards right,yaw towards right,0.9988,1
3335,18:11:30.608658,0.8489999999999996,28.798999999999985,0.0294801902843848,0.8489999999999996,yaw towards right,yaw towards right,0.9986,1
3336,18:11:30.611901,0.7774999999999996,26.052000000000003,0.0298441578381697,0.7774999999999996,yaw towards right,yaw towards right,0.9994,1
3337,18:11:30.630929,0.9124999999999996,29.104500000000012,0.0313525399852256,0.9124999999999996,yaw towards right,yaw towards right,0.9985,1
3338,18:11:30.640309,0.9165,25.71100000000002,0.0356462214616311,0.9165,yaw towards right,yaw towards right,0.9986,1
3339,18:11:30.654074,0.9965000000000002,29.434999999999995,0.0338542551384406,0.9965000000000002,yaw towards right,yaw towards right,0.9987,1
3340,18:11:30.663482,1.0560000000000005,28.414499999999983,0.0371641239507998,1.0560000000000005,yaw towards right,yaw towards right,0.9977,1
3341,18:11:30.675663,0.9385000000000004,25.73649999999996,0.0364657198919822,0.9385000000000004,yaw towards right,yaw towards right,0.9985,1
3342,18:11:30.685041,1.0275000000000003,28.61399999999997,0.0359089955965611,1.0275000000000003,yaw towards right,yaw towards right,0.9973,1
3343,18:11:30.699067,0.9030000000000002,22.999499999999973,0.0392617230809365,0.9030000000000002,yaw towards right,yaw towards right,0.9791,1
3344,18:11:30.708791,1.0290000000000004,25.14199999999999,0.0409275316203961,1.0290000000000004,yaw towards right,yaw towards right,0.9964,1
3345,18:11:30.716611,1.0070000000000003,24.515500000000003,0.0410760539250678,1.0070000000000003,yaw towards right,yaw towards right,0.9948,1
3346,18:11:30.732223,0.8980000000000002,31.1085,0.0288667084558882,0.8980000000000002,yaw towards right,yaw towards right,0.9977,1
3347,18:11:30.744651,1.1135000000000002,28.17749999999998,0.0395173453996983,1.1135000000000002,yaw towards right,yaw towards right,0.9951,1
3348,18:11:30.751705,1.2075,28.21449999999999,0.0427971433128356,1.2075,yaw towards right,yaw towards right,0.9925,1
3349,18:11:30.764353,1.197,26.94149999999999,0.0444295974611658,1.197,yaw towards right,yaw towards right,0.996,1
3350,18:11:30.774382,1.2005,26.56849999999999,0.0451850876037412,1.2005,yaw towards right,yaw towards right,0.9969,1
3351,18:11:30.790558,1.265,30.982000000000035,0.040830159447421,1.265,yaw towards right,yaw towards right,0.9945,1
3352,18:11:30.798897,1.1849999999999998,30.021000000000065,0.0394723693414608,1.1849999999999998,yaw towards right,yaw towards right,0.9964,1
3353,18:11:30.811232,1.3055,30.411500000000064,0.0429278397974449,1.3055,yaw towards right,yaw towards right,0.9952,1
3354,18:11:30.815325,1.3069999999999995,32.83300000000008,0.0398075107361495,1.3069999999999995,yaw towards right,yaw towards right,0.9972,1
3355,18:11:30.835422,1.4914999999999996,28.53000000000008,0.052278303540133,1.4914999999999996,yaw towards right,yaw towards right,0.9881,1
3356,18:11:30.845741,1.7289999999999996,26.96800000000008,0.0641130228418864,1.7289999999999996,yaw towards right,yaw towards right,0.9929,1
3357,18:11:30.856128,1.5379999999999996,27.087000000000085,0.0567800051685308,1.5379999999999996,yaw towards right,yaw towards right,0.9917,1
3358,18:11:30.863182,1.797,30.327000000000073,0.0592541299831831,1.797,yaw towards right,yaw towards right,0.9832,1
3359,18:11:30.880657,2.1714999999999995,27.17350000000009,0.0799124146687026,2.1714999999999995,yaw towards right,yaw towards right,0.8713,1
3360,18:11:30.890719,3.2340000000000004,30.375500000000084,0.1064673832529502,3.2340000000000004,yaw towards right,up,0.7695,0
3361,18:11:30.896834,4.626,27.042500000000068,0.1710640658223163,4.626,yaw towards right,yaw towards right,0.83,1
3362,18:11:30.913321,6.878500000000001,26.19750000000004,0.2625632216814578,6.878500000000001,yaw towards right,down,0.553,0
3363,18:11:30.926190,8.967500000000001,29.12400000000003,0.3079075676418071,8.967500000000001,yaw towards right,down,0.7617,0
3364,18:11:30.938376,11.500500000000002,24.156500000000012,0.476083041831391,11.500500000000002,yaw towards right,down,0.5018,0
3365,18:11:30.945885,13.6775,27.879500000000014,0.4905934467978261,13.6775,yaw towards right,yaw towards right,0.5846,1
3366,18:11:30.957665,15.475,22.5435,0.6864506398740212,15.475,yaw towards right,yaw towards right,0.8251,1
3367,18:11:30.967863,17.2275,25.702500000000015,0.6702655383717533,17.2275,yaw towards right,yaw towards left,0.8301,0
3368,18:11:30.980073,18.1455,26.727000000000004,0.6789201930631945,18.1455,yaw towards right,yaw towards left,0.719,0
3369,18:11:30.990936,18.961,34.59450000000001,0.5480929049415367,18.961,yaw towards right,yaw towards right,0.7132,1
3370,18:11:31.003557,18.6505,32.65000000000002,0.5712251148545173,18.6505,yaw towards right,yaw towards right,0.8921,1
3371,18:11:31.013712,17.9085,33.48050000000002,0.5348934454383892,17.9085,yaw towards right,yaw towards right,0.8549,1
3372,18:11:31.026781,15.815499999999997,34.294000000000025,0.4611739662914791,15.815499999999997,yaw towards right,yaw towards right,0.7995,1
3373,18:11:31.039816,13.7345,31.12100000000002,0.4413257928729794,13.7345,yaw towards right,yaw towards right,0.8465,1
3374,18:11:31.046531,11.338499999999998,36.62700000000002,0.3095667130805142,11.338499999999998,yaw towards right,yaw towards right,0.551,1
3375,18:11:31.057273,8.941999999999998,33.82699999999999,0.2643450498122801,8.941999999999998,yaw towards right,yaw towards right,0.454,1
3376,18:11:31.073450,6.927499999999999,35.27950000000003,0.1963604926373671,6.927499999999999,yaw towards right,down,0.4443,0
3377,18:11:31.084920,5.389,35.85700000000001,0.1502914354240454,5.389,yaw towards right,yaw towards right,0.5274,1
3378,18:11:31.092914,4.035500000000001,29.446500000000032,0.1370451496782299,4.035500000000001,yaw towards right,yaw towards right,0.8059,1
3379,18:11:31.101135,3.1025000000000005,26.190000000000015,0.1184612447499044,3.1025000000000005,yaw towards right,yaw towards right,0.7812,1
3380,18:11:31.118025,2.443500000000001,25.109500000000033,0.0973137657062067,2.443500000000001,yaw towards right,yaw towards right,0.9199,1
3381,18:11:31.130219,2.014500000000001,26.241000000000017,0.076769178003887,2.014500000000001,yaw towards right,yaw towards right,0.9869,1
3382,18:11:31.138601,2.1970000000000005,24.832000000000026,0.0884745489690721,2.1970000000000005,yaw towards right,yaw towards right,0.9825,1
3383,18:11:31.151805,2.0754999999999995,27.61500000000004,0.0751584283903674,2.0754999999999995,yaw towards right,yaw towards right,0.9776,1
3384,18:11:31.163564,2.1689999999999996,24.81200000000004,0.0874173786877315,2.1689999999999996,yaw towards right,yaw towards right,0.984,1
3385,18:11:31.174330,2.2655000000000003,24.656000000000045,0.0918843283582088,2.2655000000000003,yaw towards right,yaw towards right,0.9527,1
3386,18:11:31.180326,3.015999999999999,26.21250000000001,0.1150596089651883,3.015999999999999,yaw towards right,yaw towards right,0.7997,1
3387,18:11:31.192031,2.8714999999999997,22.215500000000027,0.1292566001215365,2.8714999999999997,yaw towards right,down,0.6921,0
3388,18:11:31.207253,3.629,26.078000000000003,0.1391594447426949,3.629,yaw towards right,yaw towards right,0.6714,1
3389,18:11:31.217214,4.097499999999999,21.127000000000027,0.1939461352771332,4.097499999999999,yaw towards right,yaw towards right,0.4584,1
3390,18:11:31.230043,4.216499999999999,24.455,0.172418728276426,4.216499999999999,yaw towards right,yaw towards right,0.474,1
3391,18:11:31.240914,4.820499999999999,31.001500000000014,0.1554924761705077,4.820499999999999,yaw towards right,yaw towards right,0.7771,1
3392,18:11:31.249335,4.927,43.04950000000001,0.1144496451759021,4.927,yaw towards right,yaw towards right,0.7097,1
3393,18:11:31.263230,5.428,44.79649999999999,0.1211701807060819,5.428,yaw towards right,yaw towards right,0.5736,1
3394,18:11:31.275102,6.0085,48.40449999999998,0.1241310208761582,6.0085,yaw towards right,yaw towards right,0.8579,1
3395,18:11:31.281174,7.313,47.70599999999999,0.1532930868234603,7.313,yaw towards right,yaw towards right,0.7711,1
3396,18:11:31.299924,8.1715,45.46650000000001,0.1797257321324491,8.1715,yaw towards right,down,0.4717,0
3397,18:11:31.310172,9.6185,48.074,0.2000769646794525,9.6185,yaw towards right,yaw towards right,0.7245,1
3398,18:11:31.322591,10.5515,47.998000000000005,0.219832076336514,10.5515,yaw towards right,yaw towards right,0.5235,1
3399,18:11:31.331264,11.0105,52.40049999999999,0.2101220408202212,11.0105,yaw towards right,yaw towards right,0.8632,1
3400,18:11:31.341898,11.3295,51.819,0.218636021536502,11.3295,yaw towards right,yaw towards right,0.7935,1
3401,18:11:31.356274,11.161,40.4405,0.2759857073972874,11.161,yaw towards right,down,0.3632,0
3402,18:11:31.367554,10.7425,33.3035,0.3225636945065834,10.7425,yaw towards right,yaw towards right,0.7608,1
3403,18:11:31.375326,10.863,30.09800000000002,0.3609209914280016,10.863,yaw towards right,yaw towards right,0.5078,1
3404,18:11:31.388803,11.1055,30.285000000000032,0.366699686313356,11.1055,yaw towards right,yaw towards right,0.6741,1
3405,18:11:31.395029,11.05,32.39750000000003,0.3410757002855156,11.05,yaw towards right,yaw towards right,0.7372,1
3406,18:11:31.412997,11.1745,31.56000000000003,0.3540716096324457,11.1745,yaw towards right,yaw towards right,0.6564,1
3407,18:11:31.424139,12.162999999999998,34.51150000000002,0.352433246888718,12.162999999999998,yaw towards right,yaw towards right,0.8283,1
3408,18:11:31.432975,12.518999999999998,31.457000000000026,0.3979718345678224,12.518999999999998,yaw towards right,yaw towards right,0.7378,1
3409,18:11:31.443183,14.343,32.55050000000004,0.440638392651418,14.343,yaw towards right,yaw towards right,0.771,1
3410,18:11:31.457658,16.847,30.289500000000025,0.5561993430066521,16.847,yaw towards right,yaw towards right,0.7324,1
3411,18:11:31.470713,18.6325,36.06850000000002,0.5165864951411894,18.6325,yaw towards right,yaw towards right,0.6517,1
3412,18:11:31.477416,22.002,31.271000000000033,0.7035911867225217,22.002,yaw towards right,yaw towards right,0.8183,1
3413,18:11:31.491434,24.201,32.59300000000001,0.7425214003006778,24.201,yaw towards right,yaw towards right,0.8217,1
3414,18:11:31.503531,25.8635,28.94750000000002,0.8934623024440791,25.8635,yaw towards right,yaw towards right,0.8916,1
3415,18:11:31.512983,26.378499999999995,27.323000000000008,0.9654320535812316,26.378499999999995,yaw towards right,yaw towards right,0.9205,1
3416,18:11:31.524180,26.856499999999993,30.82200000000001,0.8713418986438254,26.856499999999993,yaw towards right,yaw towards right,0.8117,1
3417,18:11:31.537084,25.4625,25.18750000000003,1.0109181141439194,25.18750000000003,yaw towards right,yaw towards right,0.902,1
3418,18:11:31.548508,25.265499999999996,28.446000000000033,0.8881916613935164,25.265499999999996,yaw towards right,yaw towards right,0.7955,1
3419,18:11:31.559029,23.801499999999997,23.02300000000003,1.03381401207488,23.02300000000003,yaw towards right,yaw towards right,0.6751,1
3420,18:11:31.572826,21.712,25.792500000000025,0.8417950954734895,21.712,yaw towards right,yaw towards right,0.8296,1
3421,18:11:31.581403,20.6405,33.112500000000026,0.6233446583616454,20.6405,yaw towards right,yaw towards right,0.9597,1
3422,18:11:31.593543,17.3705,46.49300000000002,0.3736153829608756,17.3705,yaw towards right,yaw towards right,0.9698,1
3423,18:11:31.606354,15.1275,49.57150000000003,0.3051652663324691,15.1275,yaw towards right,yaw towards right,0.9267,1
3424,18:11:31.617597,12.3145,53.98550000000002,0.2281075473969861,12.3145,yaw towards right,yaw towards right,0.9776,1
3425,18:11:31.625929,10.887000000000004,53.07400000000003,0.205128688246599,10.887000000000004,yaw towards right,yaw towards right,0.9045,1
3426,18:11:31.636217,9.044500000000005,50.745999999999995,0.1782307965159816,9.044500000000005,yaw towards right,yaw towards right,0.9625,1
3427,18:11:31.643587,8.349500000000004,55.529999999999994,0.1503601656762111,8.349500000000004,yaw towards right,yaw towards right,0.957,1
3428,18:11:31.663105,7.288000000000002,52.73249999999998,0.1382069881003177,7.288000000000002,yaw towards right,yaw towards right,0.9572,1
3429,18:11:31.674802,6.4385,52.611999999999966,0.1223770242530222,6.4385,yaw towards right,yaw towards right,0.9776,1
3430,18:11:31.680109,6.1195,55.35149999999999,0.1105570761406646,6.1195,yaw towards right,yaw towards right,0.9354,1
3431,18:11:31.697947,5.2565,43.30099999999997,0.1213944250710146,5.2565,yaw towards right,yaw towards right,0.9263,1
3432,18:11:31.708854,5.150499999999999,35.07449999999997,0.146844573693139,5.150499999999999,yaw towards right,yaw towards right,0.7356,1
3433,18:11:31.719920,5.2735,30.321499999999997,0.1739194960671471,5.2735,yaw towards right,yaw towards right,0.7755,1
3434,18:11:31.728870,5.866000000000001,29.135,0.2013385961901493,5.866000000000001,yaw towards right,yaw towards right,0.7128,1
3435,18:11:31.741724,6.763,29.740999999999993,0.2273965233179786,6.763,yaw towards right,yaw towards right,0.6986,1
3436,18:11:31.753241,8.048499999999999,31.10750000000001,0.2587318170859116,8.048499999999999,yaw towards right,yaw towards right,0.6254,1
3437,18:11:31.763925,8.033499999999998,29.349000000000007,0.273723125149068,8.033499999999998,yaw towards right,yaw towards right,0.7889,1
3438,18:11:31.773838,8.482499999999998,28.801500000000015,0.2945159106296545,8.482499999999998,yaw towards right,yaw towards right,0.6706,1
3439,18:11:31.786455,8.706499999999998,32.68400000000002,0.2663841635050787,8.706499999999998,yaw towards right,yaw towards right,0.4207,1
3440,18:11:31.796907,9.504499999999997,26.47150000000002,0.3590465217309178,9.504499999999997,yaw towards right,yaw towards left,0.7895,0
3441,18:11:31.810213,10.411499999999997,29.52000000000001,0.352693089430894,10.411499999999997,yaw towards right,yaw towards right,0.6501,1
3442,18:11:31.822413,12.156999999999996,24.16100000000002,0.5031662596746818,12.156999999999996,yaw towards right,yaw towards left,0.6631,0
3443,18:11:31.830090,14.0765,25.932499999999987,0.5428130723994989,14.0765,yaw towards right,yaw towards right,0.7169,1
3444,18:11:31.842939,15.632999999999996,22.27000000000001,0.7019757521329137,15.632999999999996,yaw towards right,yaw towards right,0.75,1
3445,18:11:31.856972,16.865,22.9155,0.7359647400231283,16.865,yaw towards right,yaw towards right,0.7067,1
3446,18:11:31.864152,17.1625,23.0205,0.7455311570122284,17.1625,yaw towards right,yaw towards right,0.8337,1
3447,18:11:31.874816,18.7595,20.131,0.931871243356018,18.7595,yaw towards right,yaw towards right,0.6911,1
3448,18:11:31.888747,19.509,23.085999999999995,0.8450576106731355,19.509,yaw towards right,yaw towards right,0.8565,1
3449,18:11:31.902027,20.7325,19.16050000000001,1.0820437880013567,19.16050000000001,yaw towards right,yaw towards left,0.4538,0
3450,18:11:31.913758,21.4015,22.646999999999984,0.9450037532565028,21.4015,yaw towards right,yaw towards right,0.8218,1
3451,18:11:31.921949,22.167000000000005,31.742,0.6983491903471742,22.167000000000005,yaw towards right,yaw towards right,0.8366,1
3452,18:11:31.932820,21.7785,45.264,0.4811439554612938,21.7785,yaw towards right,yaw towards right,0.6648,1
3453,18:11:31.946325,20.344,48.52000000000001,0.4192910140148392,20.344,yaw towards right,yaw towards left,0.8159,0
3454,18:11:31.955878,18.4,53.566999999999986,0.3434950622584801,18.4,yaw towards right,yaw towards right,0.7249,1
3455,18:11:31.963780,15.882,52.27750000000001,0.3038018267897278,15.882,yaw towards right,yaw towards left,0.5432,0
3456,18:11:31.974904,13.995,50.8625,0.275153600393217,13.995,yaw towards right,yaw towards right,0.8294,1
3457,18:11:31.989664,12.05,52.855500000000006,0.2279800588396666,12.05,yaw towards right,yaw towards right,0.8448,1
3458,18:11:31.998962,10.1745,52.39300000000001,0.1941957895138663,10.1745,yaw towards right,yaw towards right,0.7654,1
3459,18:11:32.009493,8.418,56.26700000000001,0.1496081184353173,8.418,yaw towards right,yaw towards right,0.6096,1
3460,18:11:32.023503,6.304499999999999,56.16000000000001,0.1122596153846153,6.304499999999999,yaw towards right,yaw towards right,0.5571,1
3461,18:11:32.034232,4.176,42.93750000000001,0.0972576419213973,4.176,yaw towards right,up,0.523,0
3462,18:11:32.046415,2.797999999999999,34.84350000000001,0.0803019214487637,2.797999999999999,yaw towards right,up,0.6817,0
3463,18:11:32.060444,1.8844999999999996,30.393,0.0620044089099463,1.8844999999999996,yaw towards right,yaw towards right,0.9181,1
3464,18:11:32.069285,1.8784999999999992,29.54449999999999,0.063582054189443,1.8784999999999992,yaw towards right,yaw towards right,0.8176,1
3465,18:11:32.081009,1.8259999999999992,32.45049999999996,0.0562703194095623,1.8259999999999992,yaw towards right,yaw towards right,0.8914,1
3466,18:11:32.090232,1.8925,31.079999999999966,0.0608912483912484,1.8925,yaw towards right,yaw towards right,0.8869,1
3467,18:11:32.105402,1.8560000000000003,34.46649999999997,0.0538493899873791,1.8560000000000003,yaw towards right,up,0.5206,0
3468,18:11:32.113900,1.8630000000000009,32.07149999999997,0.0580889574856181,1.8630000000000009,yaw towards right,yaw towards right,0.8813,1
3469,18:11:32.125830,1.3975000000000009,33.52949999999997,0.0416797148779433,1.3975000000000009,yaw towards right,yaw towards right,0.9081,1
3470,18:11:32.140134,1.3960000000000008,30.92799999999996,0.0451370926021728,1.3960000000000008,yaw towards right,yaw towards right,0.9779,1
3471,18:11:32.148560,1.2955000000000003,36.51549999999998,0.0354780846489847,1.2955000000000003,yaw towards right,yaw towards right,0.8935,1
3472,18:11:32.157898,1.3635000000000006,31.24999999999996,0.043632,1.3635000000000006,yaw towards right,yaw towards right,0.9821,1
3473,18:11:32.166298,1.2035000000000005,32.15599999999998,0.0374269187709914,1.2035000000000005,yaw towards right,yaw towards right,0.9909,1
3474,18:11:32.183950,0.9930000000000008,28.345999999999982,0.0350313977280745,0.9930000000000008,yaw towards right,yaw towards right,0.9101,1
3475,18:11:32.195342,1.2935000000000003,26.248000000000008,0.0492799451386772,1.2935000000000003,yaw towards right,yaw towards right,0.9613,1
3476,18:11:32.207500,1.1970000000000005,29.918000000000013,0.0400093589143659,1.1970000000000005,yaw towards right,yaw towards right,0.958,1
3477,18:11:32.211753,1.3245000000000005,24.309500000000007,0.0544848721693165,1.3245000000000005,yaw towards right,yaw towards right,0.9037,1
3478,18:11:32.226239,1.4185000000000003,27.563000000000017,0.0514639190218771,1.4185000000000003,yaw towards right,yaw towards right,0.9607,1
3479,18:11:32.240191,1.6355000000000004,22.510500000000008,0.0726549832300482,1.6355000000000004,yaw towards right,yaw towards right,0.911,1
3480,18:11:32.250491,1.9740000000000009,24.89750000000002,0.0792850687820062,1.9740000000000009,yaw towards right,yaw towards right,0.954,1
3481,18:11:32.258956,2.0800000000000014,25.139500000000005,0.0827383201734322,2.0800000000000014,yaw towards right,yaw towards right,0.9092,1
3482,18:11:32.273372,2.370500000000002,32.31850000000002,0.0733480823676841,2.370500000000002,yaw towards right,yaw towards right,0.9232,1
3483,18:11:32.285182,2.2380000000000018,30.512500000000006,0.0733469889389594,2.2380000000000018,yaw towards right,yaw towards right,0.8694,1
3484,18:11:32.295321,2.555000000000001,31.02350000000002,0.0823569229777426,2.555000000000001,yaw towards right,yaw towards right,0.9147,1
3485,18:11:32.307966,2.2925000000000004,32.056500000000014,0.071514357462605,2.2925000000000004,yaw towards right,yaw towards right,0.888,1
3486,18:11:32.319031,2.3580000000000005,28.64850000000002,0.0823079742394889,2.3580000000000005,yaw towards right,yaw towards right,0.7967,1
3487,18:11:32.330413,2.0795000000000003,32.848500000000016,0.0633057826080338,2.0795000000000003,yaw towards right,yaw towards right,0.8952,1
3488,18:11:32.342975,1.9519999999999995,34.35200000000002,0.0568234746157428,1.9519999999999995,yaw towards right,yaw towards right,0.5628,1
3489,18:11:32.351672,1.7795,40.17400000000003,0.0442948175436849,1.7795,yaw towards right,yaw towards right,0.9282,1
3490,18:11:32.363623,1.5809999999999995,37.96800000000003,0.0416403286978507,1.5809999999999995,yaw towards right,yaw towards right,0.7043,1
3491,18:11:32.374999,1.5959999999999994,33.567500000000045,0.0475459894242942,1.5959999999999994,yaw towards right,yaw towards right,0.9737,1
3492,18:11:32.388834,1.2219999999999984,29.695500000000045,0.0411510161472275,1.2219999999999984,yaw towards right,yaw towards right,0.9947,1
3493,18:11:32.400522,1.471999999999999,29.05150000000004,0.0506686401734849,1.471999999999999,yaw towards right,yaw towards right,0.9903,1
3494,18:11:32.408180,1.3619999999999997,31.754500000000036,0.0428915586767229,1.3619999999999997,yaw towards right,yaw towards right,0.9985,1
3495,18:11:32.416535,1.4430000000000007,32.11550000000005,0.0449315750961373,1.4430000000000007,yaw towards right,yaw towards right,0.9974,1
3496,18:11:32.433690,1.785,32.16600000000004,0.0554933781011004,1.785,yaw towards right,yaw towards right,0.9951,1
3497,18:11:32.445515,1.8845000000000005,33.14850000000004,0.0568502345505829,1.8845000000000005,yaw towards right,yaw towards right,0.9588,1
3498,18:11:32.453695,2.253500000000001,28.228000000000037,0.0798320816210853,2.253500000000001,yaw towards right,yaw towards right,0.8907,1
3499,18:11:32.460983,2.2285000000000004,27.364500000000028,0.0814376290449304,2.2285000000000004,yaw towards right,yaw towards right,0.9128,1
3500,18:11:32.478587,2.3345000000000007,26.908000000000023,0.0867585848074921,2.3345000000000007,yaw towards right,yaw towards right,0.8832,1
3501,18:11:32.492209,2.405,30.832,0.0780033731188375,2.405,yaw towards right,yaw towards right,0.8233,1
3502,18:11:32.499245,2.507000000000001,27.51449999999998,0.0911155935961039,2.507000000000001,yaw towards right,yaw towards right,0.8946,1
3503,18:11:32.510932,2.515000000000001,30.027000000000005,0.0837579511772737,2.515000000000001,yaw towards right,yaw towards right,0.9264,1
3504,18:11:32.522736,2.282000000000001,32.973,0.0692081399933279,2.282000000000001,yaw towards right,yaw towards right,0.8641,1
3505,18:11:32.535828,2.502,41.50399999999997,0.0602833461835004,2.502,yaw towards right,yaw towards right,0.6167,1
3506,18:11:32.542407,2.0540000000000007,44.33299999999996,0.0463311754223716,2.0540000000000007,yaw towards right,yaw towards right,0.7356,1
3507,18:11:32.556406,2.0465000000000004,44.13999999999996,0.0463638423198913,2.0465000000000004,yaw towards right,yaw towards right,0.8835,1
3508,18:11:32.568615,1.5855000000000004,44.38699999999996,0.0357199179940073,1.5855000000000004,yaw towards right,yaw towards right,0.8986,1
3509,18:11:32.580045,1.4875000000000007,39.65349999999996,0.0375124516120897,1.4875000000000007,yaw towards right,yaw towards right,0.8888,1
3510,18:11:32.591567,1.3290000000000013,41.915499999999966,0.0317066478987487,1.3290000000000013,yaw towards right,yaw towards right,0.963,1
3511,18:11:32.601338,1.2645000000000015,40.403499999999966,0.0312967935946143,1.2645000000000015,yaw towards right,yaw towards right,0.9443,1
3512,18:11:32.613323,1.173500000000001,44.44099999999998,0.0264057964492248,1.173500000000001,yaw towards right,yaw towards right,0.9742,1
3513,18:11:32.625163,1.3215000000000003,44.310499999999976,0.0298236309678293,1.3215000000000003,yaw towards right,yaw towards right,0.8685,1
3514,18:11:32.638525,1.499,35.29949999999997,0.0424651907250811,1.499,yaw towards right,yaw towards right,0.9835,1
3515,18:11:32.641859,1.6824999999999997,29.740500000000004,0.0565726870765454,1.6824999999999997,yaw towards right,yaw towards right,0.9866,1
3516,18:11:32.658406,2.0754999999999995,28.08600000000002,0.0738980274870041,2.0754999999999995,yaw towards right,yaw towards right,0.9429,1
3517,18:11:32.666785,2.3969999999999994,29.439500000000027,0.0814212197897381,2.3969999999999994,yaw towards right,yaw towards right,0.9217,1
3518,18:11:32.682059,2.909499999999999,30.958000000000045,0.0939821693907873,2.909499999999999,yaw towards right,yaw towards right,0.6416,1
3519,18:11:32.690270,3.0809999999999995,30.599500000000063,0.1006879197372503,3.0809999999999995,yaw towards right,yaw towards right,0.7486,1
3520,18:11:32.704113,3.498499999999999,33.27700000000005,0.1051326742194306,3.498499999999999,yaw towards right,up,0.6029,0
3521,18:11:32.716365,3.5695,30.13850000000004,0.118436551255039,3.5695,yaw towards right,yaw towards right,0.4582,1
3522,18:11:32.729176,4.117999999999999,31.04950000000004,0.1326269344111819,4.117999999999999,yaw towards right,yaw towards right,0.6521,1
3523,18:11:32.732511,4.0075,28.80100000000005,0.1391444741502028,4.0075,yaw towards right,up,0.7844,0
3524,18:11:32.747332,4.2909999999999995,34.29500000000006,0.1251202799241869,4.2909999999999995,yaw towards right,yaw towards right,0.4899,1
3525,18:11:32.758523,4.2605,29.722500000000043,0.1433425855833121,4.2605,yaw towards right,yaw towards right,0.6917,1
3526,18:11:32.772620,4.0360000000000005,31.057500000000033,0.1299525074458664,4.0360000000000005,yaw towards right,yaw towards right,0.7271,1
3527,18:11:32.785491,4.016000000000001,27.691500000000023,0.1450264521604101,4.016000000000001,yaw towards right,yaw towards right,0.7004,1
3528,18:11:32.793525,3.619500000000001,26.218500000000024,0.1380513759368384,3.619500000000001,yaw towards right,down,0.8268,0
3529,18:11:32.806140,4.049000000000001,29.622499999999995,0.1366866402228037,4.049000000000001,yaw towards right,yaw towards right,0.7368,1
3530,18:11:32.818396,3.9290000000000007,24.239000000000015,0.1620941457980939,3.9290000000000007,yaw towards right,yaw towards right,0.5268,1
3531,18:11:32.830713,4.4855,27.52400000000003,0.1629668652812089,4.4855,yaw towards right,yaw towards right,0.7512,1
3532,18:11:32.836157,4.728,22.356500000000032,0.2114821192941647,4.728,yaw towards right,yaw towards right,0.7193,1
3533,18:11:32.850926,4.806500000000001,25.05450000000001,0.1918417849088985,4.806500000000001,yaw towards right,yaw towards right,0.6722,1
3534,18:11:32.863513,4.774500000000001,25.517500000000023,0.1871068874301948,4.774500000000001,yaw towards right,yaw towards right,0.8278,1
3535,18:11:32.875826,4.4719999999999995,32.86400000000004,0.1360759493670884,4.4719999999999995,yaw towards right,yaw towards right,0.6954,1
3536,18:11:32.884415,4.6515,30.96550000000005,0.1502155624808252,4.6515,yaw towards right,yaw towards right,0.6989,1
3537,18:11:32.894905,4.506,31.457500000000056,0.1432408805531269,4.506,yaw towards right,yaw towards right,0.804,1
3538,18:11:32.908623,4.996,32.49350000000005,0.1537538276886144,4.996,yaw towards right,yaw towards right,0.8806,1
3539,18:11:32.920627,4.9815,29.107500000000055,0.1711414583870133,4.9815,yaw towards right,yaw towards right,0.9088,1
3540,18:11:32.928098,5.171999999999999,41.28400000000004,0.1252785582792363,5.171999999999999,yaw towards right,yaw towards right,0.8978,1
3541,18:11:32.941464,5.195499999999999,49.71300000000005,0.1045098867499445,5.195499999999999,yaw towards right,yaw towards right,0.928,1
3542,18:11:32.953490,4.8675,61.38100000000004,0.0792997833205714,4.8675,yaw towards right,yaw towards right,0.9295,1
3543,18:11:32.960429,4.685,60.11900000000005,0.0779287745970491,4.685,yaw towards right,yaw towards right,0.8196,1
3544,18:11:32.976901,4.263,56.651500000000034,0.0752495520859994,4.263,yaw towards right,yaw towards right,0.7454,1
3545,18:11:32.979887,4.1185,51.573,0.0798576774668916,4.1185,yaw towards right,up,0.5007,0
3546,18:11:32.996516,3.812,51.49649999999999,0.0740244482634742,3.812,yaw towards right,yaw towards right,0.7753,1
3547,18:11:33.012042,3.700499999999999,55.615499999999976,0.0665372063543436,3.700499999999999,yaw towards right,yaw towards right,0.8744,1
3548,18:11:33.023251,3.3435,57.70849999999996,0.0579377388079746,3.3435,yaw towards right,yaw towards right,0.864,1
3549,18:11:33.031201,2.933,58.35099999999996,0.0502647769532656,2.933,yaw towards right,yaw towards right,0.9189,1
3550,18:11:33.044383,2.316,52.73499999999994,0.0439177017161278,2.316,yaw towards right,yaw towards right,0.6571,1
3551,18:11:33.056097,1.5145000000000004,41.857499999999945,0.0361822851340859,1.5145000000000004,yaw towards right,up,0.713,0
3552,18:11:33.065268,1.0435000000000003,35.986499999999964,0.0289969849804788,1.0435000000000003,yaw towards right,yaw towards right,0.9878,1
3553,18:11:33.075314,0.8580000000000002,36.25199999999996,0.023667659715326,0.8580000000000002,yaw towards right,yaw towards right,0.9952,1
3554,18:11:33.088902,0.9365000000000002,40.528499999999966,0.023107196170596,0.9365000000000002,yaw towards right,yaw towards right,0.9306,1
3555,18:11:33.101198,1.1375000000000004,38.618999999999986,0.0294544136305963,1.1375000000000004,yaw towards right,yaw towards right,0.9679,1
3556,18:11:33.111955,1.3305000000000002,40.136499999999984,0.0331493777484334,1.3305000000000002,yaw towards right,yaw towards right,0.8155,1
3557,18:11:33.116653,1.3335000000000004,36.67849999999999,0.0363564486006788,1.3335000000000004,yaw towards right,yaw towards right,0.9128,1
3558,18:11:33.133806,1.2000000000000004,39.3935,0.0304618782286417,1.2000000000000004,yaw towards right,up,0.5079,0
3559,18:11:33.146188,1.0655000000000006,38.731,0.0275102630967442,1.0655000000000006,yaw towards right,yaw towards right,0.9819,1
3560,18:11:33.159256,1.0600000000000005,34.76100000000002,0.0304939443629354,1.0600000000000005,yaw towards right,yaw towards right,0.9857,1
3561,18:11:33.164832,1.1640000000000004,35.929,0.0323972278660692,1.1640000000000004,yaw towards right,yaw towards right,0.9859,1
3562,18:11:33.178437,1.1800000000000004,29.9475,0.0394022873361716,1.1800000000000004,yaw towards right,yaw towards right,0.9957,1
3563,18:11:33.190848,1.1945000000000003,30.028,0.0397795390968429,1.1945000000000003,yaw towards right,yaw towards right,0.9984,1
3564,18:11:33.202205,1.1725000000000003,26.958,0.0434935826099859,1.1725000000000003,yaw towards right,yaw towards right,0.9977,1
3565,18:11:33.211200,0.9860000000000004,31.0905,0.0317138675801289,0.9860000000000004,yaw towards right,yaw towards right,0.9979,1
3566,18:11:33.224414,0.955,30.600000000000005,0.0312091503267973,0.955,yaw towards right,yaw towards right,0.9984,1
3567,18:11:33.236847,0.8220000000000001,27.443000000000012,0.0299529934773894,0.8220000000000001,yaw towards right,yaw towards right,0.9969,1
3568,18:11:33.248858,0.8789999999999999,25.13550000000003,0.0349704601062242,0.8789999999999999,yaw towards right,yaw towards right,0.9947,1
3569,18:11:33.260872,0.829,25.76100000000004,0.0321804277784247,0.829,yaw towards right,yaw towards right,0.9991,1
3570,18:11:33.265582,0.8309999999999998,29.132000000000023,0.0285253329671838,0.8309999999999998,yaw towards right,yaw towards right,0.9975,1
3571,18:11:33.280050,0.7909999999999998,28.50850000000001,0.0277461108090569,0.7909999999999998,yaw towards right,yaw towards right,0.9956,1
3572,18:11:33.292244,0.8359999999999997,28.84600000000001,0.0289814879012687,0.8359999999999997,yaw towards right,yaw towards right,0.9977,1
3573,18:11:33.305165,0.9319999999999998,31.47599999999998,0.0296098614817638,0.9319999999999998,yaw towards right,yaw towards right,0.9987,1
3574,18:11:33.314321,0.8749999999999998,28.27649999999999,0.0309444238148285,0.8749999999999998,yaw towards right,yaw towards right,0.9983,1
3575,18:11:33.326548,1.109,28.506,0.0389040903669402,1.109,yaw towards right,yaw towards right,0.9953,1
3576,18:11:33.338467,0.9,26.911500000000007,0.0334429518978875,0.9,yaw towards right,yaw towards right,0.9979,1
3577,18:11:33.349949,1.011,31.23,0.0323727185398655,1.011,yaw towards right,yaw towards right,0.9973,1
3578,18:11:33.358144,1.031,27.361999999999973,0.0376799941524742,1.031,yaw towards right,yaw towards right,0.9982,1
3579,18:11:33.371598,1.0465,29.37749999999997,0.0356225002127478,1.0465,yaw towards right,yaw towards right,0.9982,1
3580,18:11:33.384046,1.213,28.454999999999977,0.0426287120014057,1.213,yaw towards right,yaw towards right,0.987,1
3581,18:11:33.420474,1.1619999999999997,33.70850000000001,0.0344720174436714,1.1619999999999997,yaw towards right,yaw towards right,0.9948,1
3582,18:11:33.442988,1.2864999999999998,33.77100000000001,0.0380948150780255,1.2864999999999998,yaw towards right,yaw towards right,0.9961,1
3583,18:11:33.462547,1.2104999999999997,31.82450000000004,0.038036732705934,1.2104999999999997,yaw towards right,yaw towards right,0.9956,1
3584,18:11:33.464554,1.3239999999999998,33.54400000000003,0.0394705461483424,1.3239999999999998,yaw towards right,yaw towards right,0.9976,1
3585,18:11:33.479036,1.0375,28.488000000000017,0.0364188430216231,1.0375,yaw towards right,yaw towards right,0.9964,1
3586,18:11:33.479036,1.215,31.195000000000032,0.0389485494470267,1.215,yaw towards right,yaw towards right,0.9979,1
3587,18:11:33.479036,1.079,30.589000000000016,0.0352741181470463,1.079,yaw towards right,yaw towards right,0.997,1
3588,18:11:33.479036,1.0615,35.56900000000003,0.0298434029632544,1.0615,yaw towards right,yaw towards right,0.9694,1
3589,18:11:33.485281,1.1875,34.34000000000002,0.0345806639487478,1.1875,yaw towards right,yaw towards right,0.9839,1
3590,18:11:33.496013,1.074,30.563000000000017,0.035140529398292,1.074,yaw towards right,yaw towards right,0.9984,1
3591,18:11:33.506556,1.2255,27.376500000000014,0.0447646704290175,1.2255,yaw towards right,yaw towards right,0.993,1
3592,18:11:33.516349,1.1415000000000002,27.364000000000015,0.0417153924864785,1.1415000000000002,yaw towards right,yaw towards right,0.991,1
3593,18:11:33.529806,1.113,30.335999999999995,0.036689082278481,1.113,yaw towards right,yaw towards right,0.9963,1
3594,18:11:33.543269,1.196,30.053000000000004,0.0397963597644161,1.196,yaw towards right,yaw towards right,0.9965,1
3595,18:11:33.550690,1.2085,30.34700000000001,0.0398227172372886,1.2085,yaw towards right,yaw towards right,0.9947,1
3596,18:11:33.561550,1.4334999999999998,32.226000000000006,0.0444827158195245,1.4334999999999998,yaw towards right,yaw towards right,0.9918,1
3597,18:11:33.575106,1.5519999999999998,28.09700000000003,0.0552372139374309,1.5519999999999998,yaw towards right,yaw towards right,0.9886,1
3598,18:11:33.588550,1.783,28.01900000000003,0.0636353902708875,1.783,yaw towards right,yaw towards right,0.9867,1
3599,18:11:33.597304,1.7950000000000004,26.757000000000044,0.067085248719961,1.7950000000000004,yaw towards right,yaw towards right,0.9813,1
3600,18:11:33.608422,1.9440000000000004,30.83250000000003,0.0630503527122354,1.9440000000000004,yaw towards right,yaw towards right,0.7952,1
3601,18:11:33.621877,1.9925000000000004,27.285000000000043,0.0730254718709912,1.9925000000000004,yaw towards right,yaw towards right,0.9853,1
3602,18:11:33.633604,1.906,29.691500000000023,0.0641934560396072,1.906,yaw towards right,yaw towards right,0.9714,1
3603,18:11:33.644648,2.0645,30.166500000000024,0.0684368421924982,2.0645,yaw towards right,yaw towards right,0.7732,1
3604,18:11:33.653680,2.0290000000000004,36.67550000000003,0.0553230358140993,2.0290000000000004,yaw towards right,yaw towards right,0.7042,1
3605,18:11:33.666746,2.0360000000000005,37.44650000000003,0.0543709024875488,2.0360000000000005,yaw towards right,yaw towards right,0.613,1
3606,18:11:33.677607,1.816500000000001,35.73750000000004,0.050828961175236,1.816500000000001,yaw towards right,yaw towards right,0.6866,1
3607,18:11:33.690013,1.7220000000000006,37.30750000000002,0.0461569389532935,1.7220000000000006,yaw towards right,yaw towards right,0.6766,1
3608,18:11:33.695528,1.2985000000000002,31.951500000000028,0.0406397195749808,1.2985000000000002,yaw towards right,yaw towards right,0.9925,1
3609,18:11:33.712057,1.2180000000000002,34.66200000000003,0.0351393456811493,1.2180000000000002,yaw towards right,yaw towards right,0.9408,1
3610,18:11:33.724391,1.1170000000000004,33.668500000000044,0.0331764111855294,1.1170000000000004,yaw towards right,yaw towards right,0.9929,1
3611,18:11:33.735047,1.0655000000000006,38.19300000000001,0.0278977823161312,1.0655000000000006,yaw towards right,yaw towards right,0.8703,1
3612,18:11:33.744503,1.2005000000000006,37.31850000000004,0.0321690314455296,1.2005000000000006,yaw towards right,yaw towards right,0.7658,1
3613,18:11:33.755475,1.1320000000000006,31.651000000000028,0.035765062715238,1.1320000000000006,yaw towards right,yaw towards right,0.9968,1
3614,18:11:33.764045,0.9655000000000004,27.76150000000002,0.0347783801307566,0.9655000000000004,yaw towards right,yaw towards right,0.996,1
3615,18:11:33.780306,1.0935,27.464000000000027,0.039815758811535,1.0935,yaw towards right,yaw towards right,0.9951,1
3616,18:11:33.792312,1.1415,37.72899999999999,0.0302552413263007,1.1415,yaw towards right,yaw towards right,0.7806,1
3617,18:11:33.797039,1.098,48.56250000000001,0.0226100386100386,1.098,yaw towards right,up,0.6459,0
3618,18:11:33.813161,1.3185,60.77349999999999,0.0216953112787645,1.3185,yaw towards right,yaw towards right,0.7251,1
3619,18:11:33.826760,1.2955,58.97649999999999,0.0219663764380728,1.2955,yaw towards right,yaw towards right,0.8371,1
3620,18:11:33.831806,1.387,56.626999999999995,0.0244936161195189,1.387,yaw towards right,up,0.5768,0
3621,18:11:33.845473,1.2264999999999997,54.9385,0.0223249633681298,1.2264999999999997,yaw towards right,yaw towards right,0.7511,1
3622,18:11:33.858109,1.3069999999999995,54.26999999999998,0.0240832872673668,1.3069999999999995,yaw towards right,yaw towards right,0.7059,1
3623,18:11:33.867495,1.3234999999999997,61.82250000000001,0.0214080634073355,1.3234999999999997,yaw towards right,yaw towards right,0.8866,1
3624,18:11:33.883465,1.4089999999999998,62.16600000000001,0.0226651224141813,1.4089999999999998,yaw towards right,yaw towards right,0.7855,1
3625,18:11:33.892439,1.4495,63.119499999999995,0.0229643770942418,1.4495,yaw towards right,up,0.5421,0
3626,18:11:33.903128,1.296,56.651,0.0228769130288962,1.296,yaw towards right,yaw towards right,0.633,1
3627,18:11:33.916494,1.334,45.96949999999999,0.0290192410185014,1.334,yaw towards right,up,0.6779,0
3628,18:11:33.928297,1.304,40.741999999999976,0.0320062834421481,1.304,yaw towards right,yaw towards right,0.7545,1
3629,18:11:33.934480,1.277,42.057999999999986,0.0303628322792334,1.277,yaw towards right,yaw towards right,0.7877,1
3630,18:11:33.948340,1.154,47.16349999999999,0.0244680738282782,1.154,yaw towards right,yaw towards right,0.7443,1
3631,18:11:33.960808,1.2265,45.275499999999994,0.0270897063533257,1.2265,yaw towards right,yaw towards right,0.7051,1
3632,18:11:33.972648,1.1115,45.7165,0.0243128848446403,1.1115,yaw towards right,yaw towards right,0.8575,1
3633,18:11:33.985405,0.989,41.48899999999999,0.0238376437127913,0.989,yaw towards right,yaw towards right,0.8923,1
3634,18:11:33.993192,1.059,43.299499999999995,0.0244575572466194,1.059,yaw towards right,yaw towards right,0.8455,1
3635,18:11:34.006518,0.961,41.486999999999995,0.0231638826620387,0.961,yaw towards right,yaw towards right,0.6835,1
3636,18:11:34.019132,0.9105,37.00149999999999,0.0246071105225463,0.9105,yaw towards right,yaw towards right,0.9874,1
3637,18:11:34.030604,0.8514999999999999,37.744000000000014,0.0225598770665536,0.8514999999999999,yaw towards right,yaw towards right,0.9828,1
3638,18:11:34.039772,0.8484999999999999,30.755000000000024,0.0275890099170866,0.8484999999999999,yaw towards right,yaw towards right,0.9993,1
3639,18:11:34.048910,1.158,30.908000000000023,0.0374660282127604,1.158,yaw towards right,yaw towards right,0.999,1
3640,18:11:34.061582,1.2400000000000002,28.04450000000001,0.0442154433133056,1.2400000000000002,yaw towards right,yaw towards right,0.9931,1
3641,18:11:34.072754,1.3325000000000002,31.930500000000013,0.0417312600804873,1.3325000000000002,yaw towards right,yaw towards right,0.9966,1
3642,18:11:34.084896,1.2435000000000005,32.0125,0.0388442014837953,1.2435000000000005,yaw towards right,yaw towards right,0.9975,1
3643,18:11:34.094925,1.2790000000000004,28.93699999999999,0.044199467809379,1.2790000000000004,yaw towards right,yaw towards right,0.9934,1
3644,18:11:34.109092,1.2230000000000003,26.708499999999987,0.0457906658928805,1.2230000000000003,yaw towards right,yaw towards right,0.997,1
3645,18:11:34.119365,1.1495000000000004,27.381999999999977,0.0419801329340443,1.1495000000000004,yaw towards right,yaw towards right,0.9953,1
3646,18:11:34.128601,1.2215000000000005,31.06799999999999,0.0393169821037723,1.2215000000000005,yaw towards right,yaw towards right,0.9991,1
3647,18:11:34.141082,1.3470000000000004,30.29249999999998,0.044466452092102,1.3470000000000004,yaw towards right,yaw towards right,0.997,1
3648,18:11:34.146970,1.2105000000000004,30.699499999999972,0.0394306096190492,1.2105000000000004,yaw towards right,yaw towards right,0.999,1
3649,18:11:34.163963,0.9265000000000004,33.08499999999997,0.0280036270213087,0.9265000000000004,yaw towards right,yaw towards right,0.9994,1
3650,18:11:34.174353,0.8045000000000003,29.438999999999982,0.0273276945548422,0.8045000000000003,yaw towards right,yaw towards right,0.9988,1
3651,18:11:34.183899,0.8355000000000002,29.51999999999999,0.0283028455284553,0.8355000000000002,yaw towards right,yaw towards right,0.9978,1
3652,18:11:34.193944,0.987,27.96699999999999,0.0352915936639611,0.987,yaw towards right,yaw towards right,0.9979,1
3653,18:11:34.212695,0.937,32.41649999999998,0.0289050329307605,0.937,yaw towards right,yaw towards right,0.9981,1
3654,18:11:34.218748,0.9925,28.519499999999976,0.0348007503637862,0.9925,yaw towards right,yaw towards right,0.9984,1
3655,18:11:34.230232,1.1454999999999995,30.678500000000017,0.0373388529426145,1.1454999999999995,yaw towards right,yaw towards right,0.9993,1
3656,18:11:34.242155,1.1075,29.5685,0.0374554001724808,1.1075,yaw towards right,yaw towards right,0.9981,1
3657,18:11:34.256521,0.9855,34.931500000000014,0.0282123584730114,0.9855,yaw towards right,yaw towards right,0.9663,1
3658,18:11:34.259397,1.0464999999999995,34.9925,0.0299064085161105,1.0464999999999995,yaw towards right,yaw towards right,0.9886,1
3659,18:11:34.276717,1.1494999999999995,32.844999999999985,0.0349977165474197,1.1494999999999995,yaw towards right,yaw towards right,0.997,1
3660,18:11:34.289077,1.1539999999999997,34.64599999999999,0.0333083184205968,1.1539999999999997,yaw towards right,yaw towards right,0.9852,1
3661,18:11:34.298093,0.9755,29.397499999999972,0.0331830938004932,0.9755,yaw towards right,yaw towards right,0.999,1
3662,18:11:34.313037,0.9169999999999998,32.903499999999966,0.0278693755983406,0.9169999999999998,yaw towards right,yaw towards right,0.9987,1
3663,18:11:34.322865,1.0819999999999996,32.678000000000004,0.0331109615031519,1.0819999999999996,yaw towards right,yaw towards right,0.9975,1
3664,18:11:34.331354,0.981,37.94600000000002,0.0258525272756021,0.981,yaw towards right,yaw towards right,0.9681,1
3665,18:11:34.345681,0.8230000000000001,36.487999999999985,0.0225553606665205,0.8230000000000001,yaw towards right,yaw towards right,0.9803,1
3666,18:11:34.356597,0.8149999999999997,32.43049999999998,0.0251306640353987,0.8149999999999997,yaw towards right,yaw towards right,0.999,1
3667,18:11:34.365036,0.8589999999999998,29.190499999999968,0.0294273821962625,0.8589999999999998,yaw towards right,yaw towards right,0.9981,1
3668,18:11:34.380515,0.7479999999999999,29.333999999999985,0.0254994204677166,0.7479999999999999,yaw towards right,yaw towards right,0.9985,1
3669,18:11:34.391206,0.673,32.55599999999999,0.0206720727362083,0.673,yaw towards right,yaw towards right,0.9989,1
3670,18:11:34.402927,0.8,32.46299999999998,0.0246434402242553,0.8,yaw towards right,yaw towards right,0.9989,1
3671,18:11:34.412020,0.813,32.587,0.0249485991346242,0.813,yaw towards right,yaw towards right,0.9986,1
3672,18:11:34.423226,0.8200000000000001,34.56350000000002,0.023724449202193,0.8200000000000001,yaw towards right,yaw towards right,0.965,1
3673,18:11:34.430119,0.7115000000000002,37.28300000000001,0.0190837647185044,0.7115000000000002,yaw towards right,yaw towards right,0.9659,1
3674,18:11:34.446603,0.792,31.748499999999996,0.0249460604438005,0.792,yaw towards right,yaw towards right,0.9983,1
3675,18:11:34.456882,0.901,32.9425,0.0273506868027623,0.901,yaw towards right,yaw towards right,0.9983,1
3676,18:11:34.468904,0.93,35.21900000000004,0.0264062011982168,0.93,yaw towards right,yaw towards right,0.9928,1
3677,18:11:34.480667,0.8790000000000001,31.11300000000004,0.0282518561373059,0.8790000000000001,yaw towards right,yaw towards right,0.999,1
3678,18:11:34.493692,1.166,32.68700000000002,0.0356716737540918,1.166,yaw towards right,yaw towards right,0.9962,1
3679,18:11:34.501952,1.1305,30.168500000000023,0.0374728607653678,1.1305,yaw towards right,yaw towards right,0.9963,1
3680,18:11:34.512959,0.9585,32.48200000000002,0.0295086509451388,0.9585,yaw towards right,yaw towards right,0.9947,1
3681,18:11:34.527172,0.9750000000000002,35.00650000000001,0.0278519703483638,0.9750000000000002,yaw towards right,yaw towards right,0.9773,1
3682,18:11:34.539828,1.0225,29.14850000000002,0.0350789920579103,1.0225,yaw towards right,yaw towards right,0.9963,1
3683,18:11:34.545618,1.0829999999999995,26.635999999999996,0.0406592581468688,1.0829999999999995,yaw towards right,yaw towards right,0.9972,1
3684,18:11:34.560095,0.973,27.99199999999999,0.034759931408974,0.973,yaw towards right,yaw towards right,0.9956,1
3685,18:11:34.573640,0.973,30.761500000000005,0.0316304471498463,0.973,yaw towards right,yaw towards right,0.999,1
3686,18:11:34.583227,1.1654999999999998,29.078000000000003,0.040081848820414,1.1654999999999998,yaw towards right,yaw towards right,0.9985,1
3687,18:11:34.595025,1.2639999999999998,29.4945,0.0428554476258285,1.2639999999999998,yaw towards right,yaw towards right,0.9972,1
3688,18:11:34.603779,1.0259999999999998,32.20050000000002,0.0318628592723715,1.0259999999999998,yaw towards right,yaw towards right,0.9988,1
3689,18:11:34.610834,1.0289999999999997,28.922000000000033,0.0355784523891846,1.0289999999999997,yaw towards right,yaw towards right,0.9967,1
3690,18:11:34.628181,1.019,30.24650000000002,0.0336898484122129,1.019,yaw towards right,yaw towards right,0.9978,1
3691,18:11:34.636508,0.9975,28.14800000000003,0.0354376865141395,0.9975,yaw towards right,yaw towards right,0.9973,1
3692,18:11:34.644761,0.961,33.663500000000006,0.0285472395918427,0.961,yaw towards right,yaw towards right,0.9976,1
3693,18:11:34.662638,1.1355,28.851500000000016,0.0393567058905082,1.1355,yaw towards right,yaw towards right,0.9969,1
3694,18:11:34.671106,1.4175,30.057000000000023,0.0471603952490268,1.4175,yaw towards right,yaw towards right,0.9975,1
3695,18:11:34.687438,1.598,31.554,0.0506433415731761,1.598,yaw towards right,yaw towards right,0.9151,1
3696,18:11:34.693243,1.319,39.0005,0.0338200792297534,1.319,yaw towards right,yaw towards right,0.7075,1
3697,18:11:34.705681,1.229,40.06100000000003,0.0306782157210254,1.229,yaw towards right,yaw towards right,0.8372,1
3698,18:11:34.718106,1.3284999999999996,38.613500000000016,0.0344050655858702,1.3284999999999996,yaw towards right,yaw towards right,0.7142,1
3699,18:11:34.730309,1.2809999999999997,40.01049999999999,0.0320165956436435,1.2809999999999997,yaw towards right,yaw towards right,0.8922,1
3700,18:11:34.740756,1.4014999999999995,34.18849999999999,0.0409933164660631,1.4014999999999995,yaw towards right,yaw towards right,0.9523,1
3701,18:11:34.748191,1.4284999999999994,36.35199999999997,0.0392963248239436,1.4284999999999994,yaw towards right,yaw towards right,0.9033,1
3702,18:11:34.763895,1.4544999999999997,34.89949999999998,0.041676814854081,1.4544999999999997,yaw towards right,up,0.6552,0
3703,18:11:34.776381,1.188,39.15449999999998,0.0303413400758533,1.188,yaw towards right,yaw towards right,0.9107,1
3704,18:11:34.783688,0.902,38.74449999999999,0.0232807237156241,0.902,yaw towards right,yaw towards right,0.9336,1
3705,18:11:34.792874,0.7515,32.10199999999999,0.0234097564014703,0.7515,yaw towards right,yaw towards right,0.9984,1
3706,18:11:34.810020,0.923,27.976999999999983,0.0329913857811774,0.923,yaw towards right,yaw towards right,0.9982,1
3707,18:11:34.819969,1.0204999999999995,27.719999999999963,0.0368145743145743,1.0204999999999995,yaw towards right,yaw towards right,0.9978,1
3708,18:11:34.829873,0.8870000000000001,30.49949999999999,0.0290824439744913,0.8870000000000001,yaw towards right,yaw towards right,0.9987,1
3709,18:11:34.840848,0.9200000000000004,30.97300000000001,0.0297032899622251,0.9200000000000004,yaw towards right,yaw towards right,0.9991,1
3710,18:11:34.852912,0.8379999999999999,31.21500000000004,0.0268460675957071,0.8379999999999999,yaw towards right,yaw towards right,0.9983,1
3711,18:11:34.865631,0.7979999999999999,33.64800000000005,0.0237161198288159,0.7979999999999999,yaw towards right,yaw towards right,0.9988,1
3712,18:11:34.873607,0.8339999999999999,30.247000000000053,0.0275729824445399,0.8339999999999999,yaw towards right,yaw towards right,0.9987,1
3713,18:11:34.882201,0.9679999999999996,30.929500000000083,0.0312969818458105,0.9679999999999996,yaw towards right,yaw towards right,0.9983,1
3714,18:11:34.899085,1.1084999999999998,28.925000000000097,0.0383232497839238,1.1084999999999998,yaw towards right,yaw towards right,0.9959,1
3715,18:11:34.911211,0.9564999999999998,34.1500000000001,0.0280087847730599,0.9564999999999998,yaw towards right,yaw towards right,0.9956,1
3716,18:11:34.919499,0.8284999999999998,29.763500000000096,0.0278361079846119,0.8284999999999998,yaw towards right,yaw towards right,0.9971,1
3717,18:11:34.930225,0.7524999999999998,31.305000000000092,0.0240376936591598,0.7524999999999998,yaw towards right,yaw towards right,0.9985,1
3718,18:11:34.944136,0.8124999999999998,30.03950000000007,0.0270477205013398,0.8124999999999998,yaw towards right,yaw towards right,0.9986,1
3719,18:11:34.956802,0.8039999999999997,35.14850000000008,0.0228743758624122,0.8039999999999997,yaw towards right,yaw towards right,0.9606,1
3720,18:11:34.964665,0.7579999999999998,35.39700000000006,0.0214142441449839,0.7579999999999998,yaw towards right,yaw towards right,0.9955,1
3721,18:11:34.976554,0.7419999999999998,33.00400000000006,0.0224821233789843,0.7419999999999998,yaw towards right,yaw towards right,0.9981,1
3722,18:11:34.990424,0.5979999999999999,34.67450000000005,0.0172461030440236,0.5979999999999999,yaw towards right,yaw towards right,0.9809,1
3723,18:11:35.001905,0.5754999999999999,29.33600000000003,0.0196175347695663,0.5754999999999999,yaw towards right,yaw towards right,0.9991,1
3724,18:11:35.009234,0.6079999999999998,40.51900000000001,0.0150053061526691,0.6079999999999998,yaw towards right,yaw towards right,0.9505,1
3725,18:11:35.023007,0.8404999999999998,46.78450000000003,0.0179653517724887,0.8404999999999998,yaw towards right,yaw towards right,0.6231,1
3726,18:11:35.030357,0.8034999999999999,57.65050000000004,0.013937433326684,0.8034999999999999,yaw towards right,yaw towards right,0.9976,1
3727,18:11:35.046337,0.7834999999999999,55.93150000000003,0.0140082064668388,0.7834999999999999,yaw towards right,yaw towards right,0.9953,1
3728,18:11:35.056819,0.8719999999999999,53.06000000000004,0.0164342254052016,0.8719999999999999,yaw towards right,yaw towards right,0.9819,1
3729,18:11:35.065298,1.0599999999999998,48.82200000000003,0.021711523493507,1.0599999999999998,yaw towards right,yaw towards right,0.8142,1
3730,18:11:35.075692,1.3004999999999998,49.17050000000005,0.0264487853489388,1.3004999999999998,yaw towards right,yaw towards right,0.5192,1
3731,18:11:35.092103,1.3769999999999996,53.88700000000006,0.0255534730083322,1.3769999999999996,yaw towards right,yaw towards right,0.7791,1
3732,18:11:35.104678,1.3869999999999996,55.634500000000074,0.0249305736548364,1.3869999999999996,yaw towards right,yaw towards right,0.8166,1
3733,18:11:35.112968,1.2504999999999995,56.36500000000008,0.022185753570478,1.2504999999999995,yaw towards right,yaw towards right,0.8408,1
3734,18:11:35.124156,1.0754999999999997,53.53100000000006,0.0200911621303543,1.0754999999999997,yaw towards right,yaw towards right,0.9344,1
3735,18:11:35.133242,0.9439999999999994,51.68400000000004,0.0182648401826483,0.9439999999999994,yaw towards right,yaw towards right,0.8586,1
3736,18:11:35.149266,1.0204999999999993,41.70800000000002,0.0244677280138102,1.0204999999999993,yaw towards right,yaw towards right,0.8856,1
3737,18:11:35.155648,1.0719999999999994,43.90300000000001,0.0244174657768261,1.0719999999999994,yaw towards right,yaw towards right,0.7483,1
3738,18:11:35.170771,0.9264999999999995,44.21500000000002,0.0209544272305778,0.9264999999999995,yaw towards right,yaw towards right,0.9146,1
3739,18:11:35.180274,0.7844999999999998,41.07000000000001,0.0191015339663988,0.7844999999999998,yaw towards right,yaw towards right,0.9248,1
3740,18:11:35.194132,0.5879999999999997,41.54800000000001,0.0141523057668239,0.5879999999999997,yaw towards right,yaw towards right,0.9724,1
3741,18:11:35.197008,0.6514999999999999,36.246999999999986,0.0179739012883824,0.6514999999999999,yaw towards right,yaw towards right,0.9862,1
3742,18:11:35.215311,0.5885,35.41399999999998,0.0166177218049359,0.5885,yaw towards right,yaw towards right,0.988,1
3743,18:11:35.226870,0.603,38.96699999999998,0.0154746323812456,0.603,yaw towards right,yaw towards right,0.7451,1
3744,18:11:35.238768,0.7110000000000001,30.722,0.023143024542673,0.7110000000000001,yaw towards right,yaw towards right,0.996,1
3745,18:11:35.245443,0.7990000000000002,28.03300000000001,0.0285021224984839,0.7990000000000002,yaw towards right,yaw towards right,0.9944,1
3746,18:11:35.257824,0.7745000000000003,29.28350000000002,0.0264483412160431,0.7745000000000003,yaw towards right,yaw towards right,0.9974,1
3747,18:11:35.272884,0.8115000000000002,33.69400000000003,0.0240844067192971,0.8115000000000002,yaw towards right,yaw towards right,0.9993,1
3748,18:11:35.283483,1.0505000000000002,35.158000000000044,0.0298794015586779,1.0505000000000002,yaw towards right,yaw towards right,0.9233,1
3749,18:11:35.292594,1.134,35.084000000000046,0.0323224261771747,1.134,yaw towards right,yaw towards right,0.9721,1
3750,18:11:35.304981,1.1,39.87300000000003,0.0275875906001554,1.1,yaw towards right,yaw towards right,0.9272,1
3751,18:11:35.317503,1.0235,38.44350000000002,0.0266234864151286,1.0235,yaw towards right,yaw towards right,0.983,1
3752,18:11:35.333540,1.187,41.04350000000004,0.0289205355293773,1.187,yaw towards right,yaw towards right,0.7354,1
3753,18:11:35.338748,1.3505000000000005,37.69600000000002,0.0358260823429541,1.3505000000000005,yaw towards right,yaw towards right,0.9197,1
3754,18:11:35.344266,1.2635,43.26700000000004,0.0292023944345574,1.2635,yaw towards right,yaw towards right,0.8054,1
3755,18:11:35.362474,1.116,36.62100000000003,0.030474318014254,1.116,yaw towards right,yaw towards right,0.9715,1
3756,18:11:35.373305,1.0585,36.771500000000046,0.0287858803693077,1.0585,yaw towards right,yaw towards right,0.9863,1
3757,18:11:35.380798,0.973,33.536000000000044,0.0290135973282442,0.973,yaw towards right,yaw towards right,0.9968,1
3758,18:11:35.394968,0.7295,36.74100000000003,0.0198552026346588,0.7295,yaw towards right,yaw towards right,0.9799,1
3759,18:11:35.406628,0.7164999999999999,37.194000000000024,0.0192638597623272,0.7164999999999999,yaw towards right,yaw towards right,0.9937,1
3760,18:11:35.415288,0.8009999999999999,33.78550000000002,0.0237083956135028,0.8009999999999999,yaw towards right,yaw towards right,0.9983,1
3761,18:11:35.426640,0.772,35.34550000000003,0.0218415356976135,0.772,yaw towards right,yaw towards right,0.9954,1
3762,18:11:35.440168,0.6670000000000001,29.696999999999996,0.0224601811630804,0.6670000000000001,yaw towards right,yaw towards right,0.9993,1
3763,18:11:35.452063,0.6925000000000001,40.824000000000005,0.0169630609445424,0.6925000000000001,yaw towards right,yaw towards right,0.9487,1
3764,18:11:35.462870,0.8774999999999998,47.06299999999998,0.0186452202367039,0.8774999999999998,yaw towards right,yaw towards right,0.9283,1
3765,18:11:35.472117,0.9759999999999998,58.435500000000005,0.0167021759033464,0.9759999999999998,yaw towards right,yaw towards right,0.9719,1
3766,18:11:35.480145,1.0449999999999997,57.0625,0.0183132530120481,1.0449999999999997,yaw towards right,yaw towards right,0.8635,1
3767,18:11:35.496059,1.0815,54.80549999999998,0.019733420915784,1.0815,yaw towards right,yaw towards right,0.8911,1
3768,18:11:35.507713,1.0894999999999997,50.8275,0.0214352466676503,1.0894999999999997,yaw towards right,yaw towards right,0.928,1
3769,18:11:35.520438,0.979,51.39350000000002,0.019049101540078,0.979,yaw towards right,yaw towards right,0.8701,1
3770,18:11:35.530658,0.903,56.44550000000004,0.0159977323258718,0.903,yaw towards right,yaw towards right,0.9791,1
3771,18:11:35.542708,0.9555,58.10150000000006,0.0164453585535657,0.9555,yaw towards right,yaw towards right,0.9798,1
3772,18:11:35.555509,0.9319999999999998,58.92350000000008,0.0158171188065881,0.9319999999999998,yaw towards right,yaw towards right,0.981,1
3773,18:11:35.565899,0.7434999999999998,49.94350000000009,0.0148868221089831,0.7434999999999998,yaw towards right,yaw towards right,0.8599,1
3774,18:11:35.575112,0.5759999999999998,37.5780000000001,0.0153281175155675,0.5759999999999998,yaw towards right,yaw towards right,0.9789,1
3775,18:11:35.588148,0.6475,30.914500000000107,0.020944864060554,0.6475,yaw towards right,yaw towards right,0.9952,1
3776,18:11:35.597017,0.7165000000000001,29.681500000000113,0.0241396155854656,0.7165000000000001,yaw towards right,yaw towards right,0.9979,1
3777,18:11:35.608678,0.8015000000000001,33.696500000000114,0.0237858531301469,0.8015000000000001,yaw towards right,yaw towards right,0.9991,1
3778,18:11:35.615814,0.8245000000000002,32.71650000000012,0.0252013510002597,0.8245000000000002,yaw towards right,yaw towards right,0.9981,1
3779,18:11:35.632906,0.9285,32.82550000000008,0.0282859362385949,0.9285,yaw towards right,yaw towards right,0.9984,1
3780,18:11:35.643921,0.9735,28.95700000000007,0.0336188141036708,0.9735,yaw towards right,yaw towards right,0.9982,1
3781,18:11:35.653577,0.9165,30.86200000000005,0.0296967144060656,0.9165,yaw towards right,yaw towards right,0.9983,1
3782,18:11:35.660496,0.992,30.345000000000063,0.0326907233481627,0.992,yaw towards right,yaw towards right,0.9978,1
3783,18:11:35.676738,1.0385,28.999000000000063,0.035811579709645,1.0385,yaw towards right,yaw towards right,0.9965,1
3784,18:11:35.690762,0.9800000000000002,32.66400000000005,0.0300024491795248,0.9800000000000002,yaw towards right,yaw towards right,0.9987,1
3785,18:11:35.700155,0.9045000000000002,27.355500000000024,0.0330646487909195,0.9045000000000002,yaw towards right,yaw towards right,0.9988,1
3786,18:11:35.709289,0.8800000000000001,33.091,0.0265933335347979,0.8800000000000001,yaw towards right,yaw towards right,0.9991,1
3787,18:11:35.723308,0.9004999999999999,28.576500000000003,0.031511906636572,0.9004999999999999,yaw towards right,yaw towards right,0.9977,1
3788,18:11:35.734997,0.8889999999999997,27.00799999999999,0.0329161729857819,0.8889999999999997,yaw towards right,yaw towards right,0.9988,1
3789,18:11:35.745294,0.7699999999999998,30.702000000000016,0.025079799361605,0.7699999999999998,yaw towards right,yaw towards right,0.9992,1
3790,18:11:35.754024,0.8619999999999998,27.05800000000001,0.031857491314953,0.8619999999999998,yaw towards right,yaw towards right,0.992,1
3791,18:11:35.766193,1.0259999999999998,26.50850000000001,0.0387045664598147,1.0259999999999998,yaw towards right,yaw towards right,0.9985,1
3792,18:11:35.780485,0.9894999999999996,26.37449999999999,0.0375172989061403,0.9894999999999996,yaw towards right,yaw towards right,0.9984,1
3793,18:11:35.792594,0.9429999999999996,29.711999999999996,0.0317380183091006,0.9429999999999996,yaw towards right,yaw towards right,0.997,1
3794,18:11:35.798122,1.0734999999999992,26.5695,0.0404034701443384,1.0734999999999992,yaw towards right,yaw towards right,0.9994,1
3795,18:11:35.811583,1.0064999999999995,29.578000000000003,0.0340286699574007,1.0064999999999995,yaw towards right,yaw towards right,0.999,1
3796,18:11:35.825132,0.9179999999999992,34.709999999999994,0.0264477095937769,0.9179999999999992,yaw towards right,yaw towards right,0.9658,1
3797,18:11:35.837067,0.7879999999999996,45.4675,0.0173310606477153,0.7879999999999996,yaw towards right,yaw towards right,0.7102,1
3798,18:11:35.845891,0.8934999999999995,49.50750000000001,0.0180477705398171,0.8934999999999995,yaw towards right,yaw towards right,0.9092,1
3799,18:11:35.858496,0.9194999999999997,50.89800000000002,0.0180655428504066,0.9194999999999997,yaw towards right,yaw towards right,0.9255,1
3800,18:11:35.863117,0.8644999999999996,51.00050000000003,0.0169508142077038,0.8644999999999996,yaw towards right,yaw towards right,0.956,1
3801,18:11:35.881811,0.6749999999999996,46.488500000000016,0.0145197199307355,0.6749999999999996,yaw towards right,yaw towards right,0.9547,1
3802,18:11:35.894426,0.7809999999999997,48.51150000000002,0.0160992754295373,0.7809999999999997,yaw towards right,yaw towards right,0.9354,1
3803,18:11:35.900898,0.8444999999999997,46.73000000000001,0.0180719024181467,0.8444999999999997,yaw towards right,yaw towards right,0.7913,1
3804,18:11:35.910136,0.7714999999999999,50.53200000000001,0.0152675532335945,0.7714999999999999,yaw towards right,yaw towards right,0.9034,1
3805,18:11:35.927623,0.7230000000000001,50.76000000000003,0.0142434988179668,0.7230000000000001,yaw towards right,yaw towards right,0.9949,1
3806,18:11:35.939419,0.8005000000000001,39.50400000000006,0.0202637707573916,0.8005000000000001,yaw towards right,yaw towards right,0.9693,1
3807,18:11:35.946739,0.881,32.86550000000006,0.0268062253731115,0.881,yaw towards right,yaw towards right,0.9989,1
3808,18:11:35.958393,0.7920000000000001,30.093000000000067,0.0263184129199481,0.7920000000000001,yaw towards right,yaw towards right,0.9985,1
3809,18:11:35.973417,0.8090000000000002,30.80000000000003,0.0262662337662337,0.8090000000000002,yaw towards right,yaw towards right,0.9983,1
3810,18:11:35.984935,0.7705,33.250499999999995,0.0231725838709192,0.7705,yaw towards right,yaw towards right,0.9989,1
3811,18:11:35.993175,0.8195,32.36050000000001,0.0253240833732482,0.8195,yaw towards right,yaw towards right,0.9985,1
3812,18:11:36.006771,0.6875000000000002,35.77549999999997,0.0192170619558077,0.6875000000000002,yaw towards right,yaw towards right,0.9895,1
3813,18:11:36.013423,0.6860000000000003,33.06149999999996,0.0207492098059677,0.6860000000000003,yaw towards right,yaw towards right,0.9972,1
3814,18:11:36.028404,0.7775000000000002,34.51949999999998,0.0225235012094613,0.7775000000000002,yaw towards right,yaw towards right,0.987,1
3815,18:11:36.038453,0.8004999999999999,31.97049999999995,0.0250387075585305,0.8004999999999999,yaw towards right,yaw towards right,0.9993,1
3816,18:11:36.050676,0.7769999999999998,37.97449999999995,0.0204610988953113,0.7769999999999998,yaw towards right,yaw towards right,0.9955,1
3817,18:11:36.059856,0.7174999999999997,32.63599999999995,0.0219849246231156,0.7174999999999997,yaw towards right,yaw towards right,0.9987,1
3818,18:11:36.073959,0.7374999999999998,33.725499999999926,0.0218677262012424,0.7374999999999998,yaw towards right,yaw towards right,0.9986,1
3819,18:11:36.082685,0.6884999999999998,31.74849999999993,0.0216860639085311,0.6884999999999998,yaw towards right,yaw towards right,0.9991,1
3820,18:11:36.095042,0.6489999999999998,36.29799999999994,0.0178797729902474,0.6489999999999998,yaw towards right,yaw towards right,0.9298,1
3821,18:11:36.108183,0.6904999999999999,36.68649999999994,0.0188216373870497,0.6904999999999999,yaw towards right,yaw towards right,0.9695,1
3822,18:11:36.115020,0.8114999999999999,33.82549999999997,0.0239907761895611,0.8114999999999999,yaw towards right,yaw towards right,0.9979,1
3823,18:11:36.125376,0.8844999999999998,35.52049999999998,0.0249011134415337,0.8844999999999998,yaw towards right,yaw towards right,0.9915,1
3824,18:11:36.141010,0.7595000000000001,29.923499999999972,0.02538138920915,0.7595000000000001,yaw towards right,yaw towards right,0.9994,1
3825,18:11:36.153100,0.902,41.690000000000005,0.0216358839050131,0.902,yaw towards right,yaw towards right,0.8753,1
3826,18:11:36.163518,1.0595000000000003,48.37849999999998,0.0219002242731792,1.0595000000000003,yaw towards right,yaw towards right,0.7647,1
3827,18:11:36.172320,1.2565000000000002,59.931499999999986,0.0209656023960688,1.2565000000000002,yaw towards right,yaw towards right,0.9391,1
3828,18:11:36.180521,1.2155,58.556,0.0207579069608579,1.2155,yaw towards right,yaw towards right,0.8022,1
3829,18:11:36.196967,1.212,56.00350000000001,0.0216415045488228,1.212,yaw towards right,yaw towards right,0.8572,1
3830,18:11:36.210754,1.297,51.70800000000001,0.0250831592790283,1.297,yaw towards right,yaw towards right,0.7106,1
3831,18:11:36.212968,1.209,52.17750000000001,0.0231709070001437,1.209,yaw towards right,yaw towards right,0.7382,1
3832,18:11:36.230564,1.0844999999999998,57.144000000000005,0.0189783704325913,1.0844999999999998,yaw towards right,yaw towards right,0.9127,1
3833,18:11:36.242801,0.9789999999999996,58.9625,0.0166037735849056,0.9789999999999996,yaw towards right,yaw towards right,0.9364,1
3834,18:11:36.252288,1.1114999999999997,59.88249999999998,0.0185613493090635,1.1114999999999997,yaw towards right,yaw towards right,0.8972,1
3835,18:11:36.260858,1.0719999999999996,50.96999999999998,0.0210319795958406,1.0719999999999996,yaw towards right,yaw towards right,0.9068,1
3836,18:11:36.275235,0.8574999999999997,43.90699999999999,0.0195299155032227,0.8574999999999997,yaw towards right,yaw towards right,0.7612,1
3837,18:11:36.289275,0.8334999999999997,32.76399999999998,0.0254395067757294,0.8334999999999997,yaw towards right,yaw towards right,0.9969,1
3838,18:11:36.330450,0.9525,32.67349999999998,0.0291520651292331,0.9525,yaw towards right,yaw towards right,0.9946,1
3839,18:11:36.380393,1.0525,35.077000000000005,0.030005416654788,1.0525,yaw towards right,yaw towards right,0.9772,1
3840,18:11:36.385747,0.9755,33.33400000000002,0.0292644147117057,0.9755,yaw towards right,yaw towards right,0.9981,1
3841,18:11:36.385747,1.169,33.703000000000024,0.0346853395840132,1.169,yaw towards right,yaw towards right,0.9975,1
3842,18:11:36.387678,1.255,28.747000000000032,0.0436567293978501,1.255,yaw towards right,yaw towards right,0.9891,1
3843,18:11:36.388784,1.3750000000000004,28.78450000000003,0.0477687644391946,1.3750000000000004,yaw towards right,yaw towards right,0.9842,1
3844,18:11:36.388784,1.2310000000000003,30.972000000000055,0.0397455766498772,1.2310000000000003,yaw towards right,yaw towards right,0.9969,1
3845,18:11:36.388784,1.0970000000000002,27.27400000000005,0.0402214563320377,1.0970000000000002,yaw towards right,yaw towards right,0.9976,1
3846,18:11:36.388784,1.1990000000000005,27.75200000000005,0.0432040933986739,1.1990000000000005,yaw towards right,yaw towards right,0.9927,1
3847,18:11:36.400156,1.0100000000000002,28.63900000000006,0.0352665945039979,1.0100000000000002,yaw towards right,yaw towards right,0.9977,1
3848,18:11:36.410926,1.0215,34.009000000000064,0.0300361668969978,1.0215,yaw towards right,yaw towards right,0.999,1
3849,18:11:36.422654,1.024,32.09700000000003,0.0319032931426612,1.024,yaw towards right,yaw towards right,0.9986,1
3850,18:11:36.435041,1.053,30.863000000000017,0.0341185237987233,1.053,yaw towards right,yaw towards right,0.9988,1
3851,18:11:36.447604,0.905,35.257999999999996,0.025667933518634,0.905,yaw towards right,yaw towards right,0.9947,1
3852,18:11:36.455787,0.7965,33.0645,0.0240892800435512,0.7965,yaw towards right,yaw towards right,0.9993,1
3853,18:11:36.463814,0.7139999999999997,34.49700000000001,0.0206974519523436,0.7139999999999997,yaw towards right,yaw towards right,0.9966,1
3854,18:11:36.480091,0.7294999999999996,31.863999999999994,0.0228941752447903,0.7294999999999996,yaw towards right,yaw towards right,0.9974,1
3855,18:11:36.492370,0.7709999999999996,37.85549999999999,0.0203669215833894,0.7709999999999996,yaw towards right,yaw towards right,0.9942,1
3856,18:11:36.497290,0.8099999999999996,32.4935,0.024928062535584,0.8099999999999996,yaw towards right,yaw towards right,0.9991,1
3857,18:11:36.508948,0.9239999999999996,33.55349999999999,0.0275381107783092,0.9239999999999996,yaw towards right,yaw towards right,0.9983,1
3858,18:11:36.526184,0.8414999999999996,38.608999999999995,0.0217954362972363,0.8414999999999996,yaw towards right,yaw towards right,0.9486,1
3859,18:11:36.534224,0.7304999999999996,49.09600000000001,0.0148790125468469,0.7304999999999996,yaw towards right,yaw towards right,0.6673,1
3860,18:11:36.543139,0.7814999999999998,54.122,0.0144395994235246,0.7814999999999998,yaw towards right,yaw towards right,0.9937,1
3861,18:11:36.559335,0.7784999999999996,55.03250000000003,0.0141461863444328,0.7784999999999996,yaw towards right,yaw towards right,0.9876,1
3862,18:11:36.568793,0.8649999999999995,54.49350000000002,0.0158734527971225,0.8649999999999995,yaw towards right,yaw towards right,0.9538,1
3863,18:11:36.580194,0.8024999999999997,49.915500000000016,0.0160771704180064,0.8024999999999997,yaw towards right,yaw towards right,0.7981,1
3864,18:11:36.591245,0.9669999999999996,51.41600000000001,0.0188073751361443,0.9669999999999996,yaw towards right,yaw towards right,0.8176,1
3865,18:11:36.596427,0.9374999999999998,48.773500000000006,0.0192215034803735,0.9374999999999998,yaw towards right,yaw towards right,0.868,1
3866,18:11:36.614784,0.8424999999999999,52.2355,0.0161288778704137,0.8424999999999999,yaw towards right,yaw towards right,0.9792,1
3867,18:11:36.625996,0.7300000000000001,52.92650000000001,0.0137927125353083,0.7300000000000001,yaw towards right,yaw towards right,0.9895,1
3868,18:11:36.631030,0.6599999999999999,40.989999999999995,0.0161014881678458,0.6599999999999999,yaw towards right,yaw towards right,0.8983,1
3869,18:11:36.646311,0.8404999999999999,34.07949999999999,0.0246629205240687,0.8404999999999999,yaw towards right,yaw towards right,0.9986,1
3870,18:11:36.660133,0.7539999999999999,31.0685,0.0242689540853275,0.7539999999999999,yaw towards right,yaw towards right,0.999,1
3871,18:11:36.672780,0.7175,31.61549999999999,0.0226945643750692,0.7175,yaw towards right,yaw towards right,0.9996,1
3872,18:11:36.680195,0.7070000000000001,34.57349999999998,0.0204491879618783,0.7070000000000001,yaw towards right,yaw towards right,0.99,1
3873,18:11:36.693085,0.79,33.425,0.0236350037397157,0.79,yaw towards right,yaw towards right,0.9988,1
3874,18:11:36.706490,0.6020000000000001,37.23650000000002,0.0161669329824231,0.6020000000000001,yaw towards right,yaw towards right,0.9809,1
3875,18:11:36.713937,0.626,34.82800000000002,0.017974043872746,0.626,yaw towards right,yaw towards right,0.9903,1
3876,18:11:36.730354,0.6395,36.54500000000002,0.0174989738678341,0.6395,yaw towards right,yaw towards right,0.9269,1
3877,18:11:36.740054,0.6694999999999999,33.64850000000003,0.0198968750464359,0.6694999999999999,yaw towards right,yaw towards right,0.9972,1
3878,18:11:36.749154,0.6699999999999999,39.626000000000026,0.0169080906475546,0.6699999999999999,yaw towards right,yaw towards right,0.9659,1
3879,18:11:36.763528,0.6510000000000001,33.831000000000024,0.0192427063935443,0.6510000000000001,yaw towards right,yaw towards right,0.9992,1
3880,18:11:36.772845,0.7375000000000002,34.640500000000046,0.0212901083991281,0.7375000000000002,yaw towards right,yaw towards right,0.9894,1
3881,18:11:36.780203,0.8105000000000002,32.26750000000005,0.0251181529402649,0.8105000000000002,yaw towards right,yaw towards right,0.9987,1
3882,18:11:36.796429,0.7630000000000005,36.479000000000035,0.0209161435346363,0.7630000000000005,yaw towards right,yaw towards right,0.9852,1
3883,18:11:36.808736,0.6795000000000003,36.90350000000002,0.0184128876664814,0.6795000000000003,yaw towards right,yaw towards right,0.9798,1
3884,18:11:36.813525,0.7345000000000004,33.84850000000003,0.0216996321845871,0.7345000000000004,yaw towards right,yaw towards right,0.9988,1
3885,18:11:36.825225,0.7275000000000004,35.593000000000025,0.0204394122439805,0.7275000000000004,yaw towards right,yaw towards right,0.9967,1
3886,18:11:36.840741,0.6980000000000002,29.988000000000028,0.0232759770574896,0.6980000000000002,yaw towards right,yaw towards right,0.9993,1
3887,18:11:36.853227,0.7795000000000002,32.268,0.0241570596256353,0.7795000000000002,yaw towards right,yaw towards right,0.9991,1
3888,18:11:36.865034,0.9190000000000004,30.7815,0.0298555950814612,0.9190000000000004,yaw towards right,yaw towards right,0.9981,1
3889,18:11:36.874269,0.8445000000000003,35.643000000000015,0.0236932918104536,0.8445000000000003,yaw towards right,yaw towards right,0.9854,1
3890,18:11:36.886050,0.7430000000000001,34.55349999999999,0.021502886827673,0.7430000000000001,yaw towards right,yaw towards right,0.9846,1
3891,18:11:36.897895,0.805,30.77000000000001,0.0261618459538511,0.805,yaw towards right,yaw towards right,0.9988,1
3892,18:11:36.908980,0.8215,27.84050000000004,0.0295073723532263,0.8215,yaw towards right,yaw towards right,0.9989,1
3893,18:11:36.913191,0.9285,28.13700000000005,0.0329992536517751,0.9285,yaw towards right,yaw towards right,0.9983,1
3894,18:11:36.931810,0.8705,31.479500000000023,0.0276529169777156,0.8705,yaw towards right,yaw towards right,0.999,1
3895,18:11:36.942303,0.962,31.08450000000002,0.0309479000788174,0.962,yaw towards right,yaw towards right,0.9989,1
3896,18:11:36.955989,0.9420000000000002,31.378500000000003,0.0300205554758831,0.9420000000000002,yaw towards right,yaw towards right,0.9984,1
3897,18:11:36.964495,0.8495000000000001,42.163,0.0201479970590328,0.8495000000000001,yaw towards right,yaw towards right,0.9485,1
3898,18:11:36.976474,0.7014999999999999,52.543000000000006,0.0133509696819747,0.7014999999999999,yaw towards right,yaw towards right,0.9922,1
3899,18:11:36.988939,0.6954999999999998,53.094999999999985,0.0130991618796496,0.6954999999999998,yaw towards right,yaw towards right,0.996,1
3900,18:11:37.000797,0.8469999999999999,57.83649999999998,0.0146447312683167,0.8469999999999999,yaw towards right,yaw towards right,0.9465,1
3901,18:11:37.009033,0.7895,56.70349999999996,0.0139233027943601,0.7895,yaw towards right,yaw towards right,0.9962,1
3902,18:11:37.022190,0.7175,53.55249999999994,0.0133980673171187,0.7175,yaw towards right,yaw towards right,0.9948,1
3903,18:11:37.034482,0.7425000000000002,56.05549999999992,0.0132458010364728,0.7425000000000002,yaw towards right,yaw towards right,0.9965,1
3904,18:11:37.044994,0.8960000000000001,52.65349999999994,0.0170169124559621,0.8960000000000001,yaw towards right,yaw towards right,0.8302,1
3905,18:11:37.053996,0.768,53.96249999999995,0.0142321056289089,0.768,yaw towards right,yaw towards right,0.9963,1
3906,18:11:37.064378,0.8465,58.17849999999994,0.0145500485574568,0.8465,yaw towards right,yaw towards right,0.9896,1
3907,18:11:37.076805,1.0375,45.31849999999996,0.0228935203062767,1.0375,yaw towards right,up,0.5731,0
3908,18:11:37.091242,1.2020000000000002,37.87999999999997,0.0317317845828933,1.2020000000000002,yaw towards right,yaw towards right,0.9749,1
3909,18:11:37.098267,1.16,34.580499999999965,0.0335449169329535,1.16,yaw towards right,yaw towards right,0.9665,1
3910,18:11:37.109016,1.0355000000000003,36.22699999999997,0.0285836530764347,1.0355000000000003,yaw towards right,yaw towards right,0.9671,1
3911,18:11:37.123405,1.0755,40.70999999999999,0.026418570375829,1.0755,yaw towards right,yaw towards right,0.945,1
3912,18:11:37.135031,1.075,39.880999999999986,0.0269551916952935,1.075,yaw towards right,yaw towards right,0.8753,1
3913,18:11:37.144793,0.9689999999999998,43.2445,0.0224074737827931,0.9689999999999998,yaw towards right,yaw towards right,0.8644,1
3914,18:11:37.157600,0.8615,41.648999999999994,0.0206847703426252,0.8615,yaw towards right,yaw towards right,0.9587,1
3915,18:11:37.169052,1.0525000000000002,44.34249999999999,0.0237356937475334,1.0525000000000002,yaw towards right,yaw towards right,0.7498,1
3916,18:11:37.180233,1.113,41.40550000000001,0.026880486891838,1.113,yaw towards right,yaw towards right,0.8801,1
3917,18:11:37.192881,1.012,47.18350000000001,0.0214481757394004,1.012,yaw towards right,yaw towards right,0.7307,1
3918,18:11:37.197656,0.8465000000000001,40.495,0.0209038152858377,0.8465000000000001,yaw towards right,yaw towards right,0.9795,1
3919,18:11:37.211538,0.842,40.57350000000002,0.0207524615820671,0.842,yaw towards right,yaw towards right,0.9815,1
3920,18:11:37.223686,0.9759999999999998,36.644000000000034,0.0266346468726121,0.9759999999999998,yaw towards right,yaw towards right,0.9898,1
3921,18:11:37.231326,0.8854999999999998,39.35700000000004,0.0224991742256777,0.8854999999999998,yaw towards right,yaw towards right,0.9075,1
3922,18:11:37.245030,1.069,39.241000000000035,0.0272419153436456,1.069,yaw towards right,yaw towards right,0.8814,1
3923,18:11:37.258570,1.0465,35.35000000000003,0.0296039603960395,1.0465,yaw towards right,yaw towards right,0.9861,1
3924,18:11:37.269475,1.063,36.76700000000004,0.0289117959039355,1.063,yaw towards right,yaw towards right,0.9761,1
3925,18:11:37.280458,0.8994999999999997,30.769000000000055,0.0292339692547693,0.8994999999999997,yaw towards right,yaw towards right,0.9992,1
3926,18:11:37.292057,0.8539999999999999,41.30900000000002,0.0206734609891306,0.8539999999999999,yaw towards right,yaw towards right,0.7955,1
3927,18:11:37.298882,0.8154999999999999,46.95500000000001,0.0173676924715152,0.8154999999999999,yaw towards right,yaw towards right,0.7688,1
3928,18:11:37.318016,0.8945000000000001,58.28750000000002,0.0153463435556508,0.8945000000000001,yaw towards right,yaw towards right,0.9514,1
3929,18:11:37.336739,0.866,56.84750000000001,0.0152337393904745,0.866,yaw towards right,yaw towards right,0.9563,1
3930,18:11:37.343657,0.8470000000000001,54.79200000000001,0.0154584610892101,0.8470000000000001,yaw towards right,yaw towards right,0.958,1
3931,18:11:37.348427,0.9195,50.929499999999976,0.0180543692751745,0.9195,yaw towards right,yaw towards right,0.8623,1
3932,18:11:37.358297,0.8639999999999999,51.569,0.0167542515852547,0.8639999999999999,yaw towards right,yaw towards right,0.9375,1
3933,18:11:37.373338,0.8775000000000001,56.786000000000016,0.0154527524389814,0.8775000000000001,yaw towards right,yaw towards right,0.9835,1
3934,18:11:37.381507,0.942,58.35850000000001,0.0161416074779166,0.942,yaw towards right,yaw towards right,0.9804,1
3935,18:11:37.391212,0.926,59.24299999999998,0.0156305386290363,0.926,yaw towards right,yaw towards right,0.9721,1
3936,18:11:37.405820,0.8554999999999998,53.8395,0.0158898206706971,0.8554999999999998,yaw towards right,yaw towards right,0.9838,1
3937,18:11:37.414761,0.8889999999999999,43.11950000000002,0.0206171221836987,0.8889999999999999,yaw towards right,yaw towards right,0.9157,1
3938,18:11:37.424734,0.8374999999999998,37.61150000000002,0.0222671257461148,0.8374999999999998,yaw towards right,yaw towards right,0.9874,1
3939,18:11:37.440137,0.9355,38.60750000000003,0.0242310431910897,0.9355,yaw towards right,yaw towards right,0.985,1
3940,18:11:37.451668,0.8459999999999999,43.508000000000024,0.0194446998253194,0.8459999999999999,yaw towards right,yaw towards right,0.8417,1
3941,18:11:37.464304,0.7635,41.341500000000025,0.0184681252494466,0.7635,yaw towards right,yaw towards right,0.9548,1
3942,18:11:37.475767,0.701,42.77150000000002,0.0163894181873443,0.701,yaw towards right,yaw towards right,0.9573,1
3943,18:11:37.483502,0.7934999999999999,39.00750000000003,0.0203422418765621,0.7934999999999999,yaw towards right,yaw towards right,0.9562,1
3944,18:11:37.496416,0.7749999999999998,41.72650000000005,0.0185733286999867,0.7749999999999998,yaw towards right,yaw towards right,0.8997,1
3945,18:11:37.508639,0.7649999999999999,40.86900000000007,0.0187183439770975,0.7649999999999999,yaw towards right,yaw towards right,0.9858,1
3946,18:11:37.519731,0.9375,36.610500000000066,0.0256074077109025,0.9375,yaw towards right,yaw towards right,0.9756,1
3947,18:11:37.530219,0.8019999999999999,37.79500000000005,0.02121973806059,0.8019999999999999,yaw towards right,yaw towards right,0.9911,1
3948,18:11:37.542007,0.8324999999999998,31.39000000000005,0.0265211850907932,0.8324999999999998,yaw towards right,yaw towards right,0.999,1
3949,18:11:37.554165,0.9224999999999998,33.82400000000006,0.0272735335856196,0.9224999999999998,yaw towards right,yaw towards right,0.9983,1
3950,18:11:37.563228,1.1565,32.59150000000008,0.0354847122716044,1.1565,yaw towards right,yaw towards right,0.9971,1
3951,18:11:37.574791,1.299,38.03750000000009,0.0341505093657574,1.299,yaw towards right,yaw towards right,0.763,1
3952,18:11:37.586612,1.2374999999999998,36.68550000000009,0.0337326736721592,1.2374999999999998,yaw towards right,yaw towards right,0.9739,1
3953,18:11:37.596613,1.254,33.566000000000074,0.0373592325567537,1.254,yaw towards right,yaw towards right,0.9936,1
3954,18:11:37.608766,1.3610000000000002,30.89800000000003,0.044048158456858,1.3610000000000002,yaw towards right,yaw towards right,0.9943,1
3955,18:11:37.617770,1.4065000000000003,31.4415,0.0447338708394955,1.4065000000000003,yaw towards right,yaw towards right,0.9928,1
3956,18:11:37.632241,1.1645000000000003,35.459999999999994,0.0328398195149464,1.1645000000000003,yaw towards right,yaw towards right,0.9851,1
3957,18:11:37.643481,1.2280000000000002,35.31399999999999,0.0347737441241434,1.2280000000000002,yaw towards right,yaw towards right,0.954,1
3958,18:11:37.656515,1.2340000000000004,35.20099999999998,0.0350558222777762,1.2340000000000004,yaw towards right,yaw towards right,0.9729,1
3959,18:11:37.660996,1.0580000000000005,31.833499999999965,0.0332354280867639,1.0580000000000005,yaw towards right,yaw towards right,0.9984,1
3960,18:11:37.675255,0.8400000000000002,30.02399999999996,0.0279776179056755,0.8400000000000002,yaw towards right,yaw towards right,0.9975,1
3961,18:11:37.689810,0.8435,25.89849999999995,0.0325694538293724,0.8435,yaw towards right,yaw towards right,0.9957,1
3962,18:11:37.698461,0.8905000000000001,25.30899999999995,0.0351851120154886,0.8905000000000001,yaw towards right,yaw towards right,0.9939,1
3963,18:11:37.712897,0.7470000000000001,28.53649999999996,0.0261770013841922,0.7470000000000001,yaw towards right,yaw towards right,0.9973,1
3964,18:11:37.723230,0.7049999999999998,24.98149999999999,0.0282208834537557,0.7049999999999998,yaw towards right,yaw towards right,0.9988,1
3965,18:11:37.730542,0.7975,26.078500000000012,0.0305807465920202,0.7975,yaw towards right,yaw towards right,0.9994,1
3966,18:11:37.742926,0.904,22.763000000000027,0.0397135702675393,0.904,yaw towards right,yaw towards right,0.9962,1
3967,18:11:37.756728,0.8385,25.56150000000004,0.032803239246523,0.8385,yaw towards right,yaw towards right,0.9988,1
3968,18:11:37.767797,0.792,27.407000000000032,0.0288977268581019,0.792,yaw towards right,yaw towards right,0.9976,1
3969,18:11:37.779569,0.8215000000000001,27.004500000000046,0.0304208557832953,0.8215000000000001,yaw towards right,yaw towards right,0.9961,1
3970,18:11:37.791602,0.7540000000000004,27.416500000000013,0.0275016869403461,0.7540000000000004,yaw towards right,yaw towards right,0.9983,1
3971,18:11:37.797578,0.6000000000000005,25.84550000000001,0.023214872995299,0.6000000000000005,yaw towards right,yaw towards right,0.9978,1
3972,18:11:37.810238,0.6615000000000005,31.393,0.0210715764660911,0.6615000000000005,yaw towards right,yaw towards right,0.9989,1
3973,18:11:37.824738,0.8875000000000005,29.058999999999987,0.0305413125021508,0.8875000000000005,yaw towards right,yaw towards right,0.9979,1
3974,18:11:37.830222,0.8190000000000006,28.85299999999999,0.0283852632308599,0.8190000000000006,yaw towards right,yaw towards right,0.9972,1
3975,18:11:37.848144,0.8160000000000004,32.11799999999998,0.0254063142163273,0.8160000000000004,yaw towards right,yaw towards right,0.9992,1
3976,18:11:37.857703,0.7795000000000002,29.287999999999993,0.0266149959027588,0.7795000000000002,yaw towards right,yaw towards right,0.9977,1
3977,18:11:37.864826,0.8035000000000002,29.450000000000006,0.027283531409168,0.8035000000000002,yaw towards right,yaw towards right,0.9918,1
3978,18:11:37.882027,0.9145000000000004,28.03400000000002,0.0326211029464221,0.9145000000000004,yaw towards right,yaw towards right,0.9968,1
3979,18:11:37.893946,0.8940000000000001,32.42300000000001,0.0275730191530703,0.8940000000000001,yaw towards right,yaw towards right,0.9994,1
3980,18:11:37.898768,1.032,28.419000000000032,0.0363137337696611,1.032,yaw towards right,yaw towards right,0.9981,1
3981,18:11:37.914276,1.066,30.61400000000006,0.0348206702815704,1.066,yaw towards right,yaw towards right,0.9991,1
3982,18:11:37.926407,1.0475,38.56400000000007,0.0271626387304221,1.0475,yaw towards right,yaw towards right,0.9542,1
3983,18:11:37.938994,0.843,51.672500000000085,0.016314287096618,0.843,yaw towards right,yaw towards right,0.957,1
3984,18:11:37.947151,0.7464999999999998,57.83000000000006,0.0129085249870309,0.7464999999999998,yaw towards right,yaw towards right,0.9947,1
3985,18:11:37.959928,0.703,60.63900000000005,0.0115931990962911,0.703,yaw towards right,yaw towards right,0.9937,1
3986,18:11:37.972249,0.679,60.17450000000004,0.0112838494711214,0.679,yaw towards right,yaw towards right,0.9922,1
3987,18:11:37.984362,0.655,55.95600000000002,0.0117056258488812,0.655,yaw towards right,yaw towards right,0.9925,1
3988,18:11:37.992015,0.635,62.686000000000035,0.0101298535558178,0.635,yaw towards right,yaw towards right,0.9863,1
3989,18:11:38.002415,0.735,63.90800000000004,0.0115009075546097,0.735,yaw towards right,yaw towards right,0.9858,1
3990,18:11:38.017472,0.6234999999999997,68.21850000000003,0.0091397494814456,0.6234999999999997,yaw towards right,yaw towards right,0.9525,1
3991,18:11:38.027082,0.5894999999999998,68.70800000000001,0.0085797869243756,0.5894999999999998,yaw towards right,yaw towards right,0.9016,1
3992,18:11:38.033045,0.6199999999999999,54.96300000000001,0.0112803158488437,0.6199999999999999,yaw towards right,yaw towards right,0.9966,1
3993,18:11:38.048152,0.7159999999999999,45.80050000000001,0.0156330171068001,0.7159999999999999,yaw towards right,yaw towards right,0.9518,1
3994,18:11:38.060821,0.8835,41.86500000000002,0.0211035471157291,0.8835,yaw towards right,yaw towards right,0.9574,1
3995,18:11:38.074865,0.7864999999999999,41.74150000000002,0.018842159481571,0.7864999999999999,yaw towards right,yaw towards right,0.9163,1
3996,18:11:38.081378,0.8084999999999998,45.78750000000005,0.0176576576576576,0.8084999999999998,yaw towards right,yaw towards right,0.9305,1
3997,18:11:38.092554,0.8079999999999998,45.241500000000045,0.0178597084535216,0.8079999999999998,yaw towards right,yaw towards right,0.8085,1
3998,18:11:38.106417,0.712,38.312000000000054,0.0185842555857172,0.712,yaw towards right,yaw towards right,0.9893,1
3999,18:11:38.112997,0.7494999999999999,33.84550000000003,0.0221447459780472,0.7494999999999999,yaw towards right,yaw towards right,0.9979,1
4000,18:11:38.127529,0.8265,33.57250000000003,0.0246183632437262,0.8265,yaw towards right,yaw towards right,0.999,1
4001,18:11:38.140629,0.939,30.50150000000004,0.0307853712112518,0.939,yaw towards right,yaw towards right,0.9971,1
4002,18:11:38.151740,0.8424999999999999,35.95100000000005,0.0234346749742705,0.8424999999999999,yaw towards right,yaw towards right,0.9931,1
4003,18:11:38.164343,0.8679999999999998,31.910000000000064,0.0272015042306486,0.8679999999999998,yaw towards right,yaw towards right,0.9981,1
4004,18:11:38.176305,0.7585,30.349000000000053,0.0249925862466637,0.7585,yaw towards right,yaw towards right,0.9991,1
4005,18:11:38.184928,0.99,25.58850000000004,0.0386892549387419,0.99,yaw towards right,yaw towards right,0.9979,1
4006,18:11:38.192400,0.9854999999999998,26.427500000000027,0.0372907009743637,0.9854999999999998,yaw towards right,yaw towards right,0.9985,1
4007,18:11:38.206700,1.041,27.347000000000044,0.0380663326873148,1.041,yaw towards right,yaw towards right,0.9976,1
4008,18:11:38.218274,1.0379999999999998,28.19350000000001,0.0368169968255094,1.0379999999999998,yaw towards right,yaw towards right,0.9966,1
4009,18:11:38.229945,0.9309999999999996,30.44900000000002,0.0305757167723077,0.9309999999999996,yaw towards right,yaw towards right,0.9987,1
4010,18:11:38.242580,0.9844999999999996,26.597,0.0370154528706244,0.9844999999999996,yaw towards right,yaw towards right,0.9983,1
4011,18:11:38.255307,1.0074999999999996,32.42699999999997,0.0310697875227434,1.0074999999999996,yaw towards right,yaw towards right,0.9988,1
4012,18:11:38.263543,0.9904999999999996,28.90349999999996,0.0342692061515041,0.9904999999999996,yaw towards right,yaw towards right,0.9976,1
4013,18:11:38.274674,0.8614999999999998,27.537499999999948,0.0312846118928734,0.8614999999999998,yaw towards right,yaw towards right,0.9973,1
4014,18:11:38.283379,0.8979999999999997,31.539499999999947,0.0284722332313448,0.8979999999999997,yaw towards right,yaw towards right,0.9992,1
4015,18:11:38.294769,0.6954999999999998,29.082999999999977,0.0239143142041742,0.6954999999999998,yaw towards right,yaw towards right,0.9928,1
4016,18:11:38.311154,0.7079999999999999,29.735499999999963,0.0238099241647189,0.7079999999999999,yaw towards right,yaw towards right,0.998,1
4017,18:11:38.320294,0.6624999999999999,28.32099999999994,0.0233925355743088,0.6624999999999999,yaw towards right,yaw towards right,0.9953,1
4018,18:11:38.330062,0.6809999999999998,32.70749999999994,0.0208209126347168,0.6809999999999998,yaw towards right,yaw towards right,0.9978,1
4019,18:11:38.344752,0.7455,28.817999999999945,0.0258692483864252,0.7455,yaw towards right,yaw towards right,0.9993,1
4020,18:11:38.355995,0.6765000000000004,31.121499999999976,0.0217373841235159,0.6765000000000004,yaw towards right,yaw towards right,0.9988,1
4021,18:11:38.364908,0.5210000000000002,39.487000000000016,0.0131942158178641,0.5210000000000002,yaw towards right,yaw towards right,0.9862,1
4022,18:11:38.376397,0.5285000000000002,52.911000000000016,0.0099884712063654,0.5285000000000002,yaw towards right,yaw towards right,0.9893,1
4023,18:11:38.389627,0.6845000000000001,59.58100000000002,0.0114885617898323,0.6845000000000001,yaw towards right,yaw towards right,0.9819,1
4024,18:11:38.397845,0.6325000000000001,62.68800000000001,0.0100896503318019,0.6325000000000001,yaw towards right,yaw towards right,0.9934,1
4025,18:11:38.409135,0.693,62.36149999999998,0.0111126255782814,0.693,yaw towards right,yaw towards right,0.9872,1
4026,18:11:38.422538,0.711,58.1915,0.0122182793019599,0.711,yaw towards right,yaw towards right,0.995,1
4027,18:11:38.434728,0.8825000000000001,59.479,0.0148371694211402,0.8825000000000001,yaw towards right,yaw towards right,0.9694,1
4028,18:17:55.423487,1.7439999999999998,66.56700000000001,0.0261991677557949,1.7439999999999998,yaw towards right,yaw towards right,0.7128,1
4029,18:17:55.435056,2.2555,84.73750000000003,0.0266174952057825,2.2555,yaw towards right,yaw towards right,0.8724,1
4030,18:17:55.449213,2.729999999999999,96.5155,0.0282856121555604,2.729999999999999,yaw towards right,yaw towards right,0.8705,1
4031,18:17:55.460626,3.517499999999999,90.81849999999996,0.0387310955367023,3.517499999999999,yaw towards right,yaw towards right,0.8978,1
4032,18:17:55.467767,3.8705,81.81999999999998,0.047305059887558,3.8705,yaw towards right,yaw towards right,0.9098,1
4033,18:17:55.482325,3.7425,78.32399999999998,0.0477822889535774,3.7425,yaw towards right,yaw towards right,0.7807,1
4034,18:17:55.492661,3.753999999999999,73.0015,0.0514236008849133,3.753999999999999,yaw towards right,up,0.6214,0
4035,18:17:55.506554,3.938499999999999,74.2345,0.0530548464662656,3.938499999999999,yaw towards right,yaw towards right,0.6446,1
4036,18:17:55.518437,4.3225,73.878,0.0585086223232897,4.3225,yaw towards right,yaw towards right,0.746,1
4037,18:17:55.526991,4.4415,72.928,0.060902534006143,4.4415,yaw towards right,yaw towards right,0.5567,1
4038,18:17:55.533156,3.753999999999999,63.675499999999985,0.0589551711411767,3.753999999999999,yaw towards right,yaw towards right,0.8424,1
4039,18:17:55.551807,3.1919999999999993,48.06849999999998,0.0664052341970313,3.1919999999999993,yaw towards right,yaw towards right,0.8836,1
4040,18:17:55.563310,2.6385,37.271999999999984,0.070790405666452,2.6385,yaw towards right,yaw towards right,0.5971,1
4041,18:17:55.570654,2.16,30.407499999999988,0.0710351064704431,2.16,yaw towards right,yaw towards right,0.9403,1
4042,18:17:55.583104,1.8155000000000008,31.998499999999996,0.0567370345484944,1.8155000000000008,yaw towards right,yaw towards right,0.9338,1
4043,18:17:55.593793,1.8025000000000009,34.289,0.0525678789116043,1.8025000000000009,yaw towards right,yaw towards right,0.8326,1
4044,18:17:55.608072,1.8720000000000012,34.18500000000001,0.0547608600263273,1.8720000000000012,yaw towards right,yaw towards right,0.7806,1
4045,18:17:55.617268,1.7765000000000009,38.766000000000005,0.0458262394882113,1.7765000000000009,yaw towards right,yaw towards right,0.5617,1
4046,18:17:55.629317,2.068500000000001,43.344999999999985,0.0477217672165186,2.068500000000001,yaw towards right,yaw towards right,0.6478,1
4047,18:17:55.641139,3.2485000000000013,43.679,0.0743721239039355,3.2485000000000013,yaw towards right,yaw towards right,0.7039,1
4048,18:17:55.653390,3.935000000000001,40.52500000000002,0.0971005552128315,3.935000000000001,yaw towards right,up,0.578,0
4049,18:17:55.658322,4.109,44.256000000000014,0.0928461677512653,4.109,yaw towards right,yaw towards right,0.7022,1
4050,18:17:55.674780,4.532000000000001,44.3695,0.1021422373477276,4.532000000000001,yaw towards right,yaw towards right,0.6852,1
4051,18:17:55.683403,4.2780000000000005,46.807,0.0913965859807293,4.2780000000000005,yaw towards right,yaw towards right,0.8537,1
4052,18:17:55.693605,4.306000000000001,53.04499999999998,0.0811763596945989,4.306000000000001,yaw towards right,up,0.5845,0
4053,18:17:55.705062,4.8325000000000005,58.282999999999994,0.08291440042551,4.8325000000000005,yaw towards right,yaw towards right,0.7561,1
4054,18:17:55.716798,5.609,55.34049999999998,0.1013543426604385,5.609,yaw towards right,up,0.6126,0
4055,18:17:55.730467,6.047499999999999,49.675499999999985,0.1217400932048998,6.047499999999999,yaw towards right,yaw towards right,0.5829,1
4056,18:17:55.743966,5.4815,50.197,0.1091997529732852,5.4815,yaw towards right,up,0.5357,0
4057,18:17:55.747812,4.0165,53.547,0.0750088707117112,4.0165,yaw towards right,yaw towards right,0.5914,1
4058,18:17:55.764794,3.3504999999999994,58.602,0.0571738165932903,3.3504999999999994,yaw towards right,yaw towards right,0.6582,1
4059,18:17:55.774179,3.145,59.71500000000001,0.0526668341287783,3.145,yaw towards right,yaw towards right,0.7777,1
4060,18:17:55.788863,2.9475,60.29050000000002,0.0488882991516076,2.9475,yaw towards right,yaw towards right,0.8182,1
4061,18:17:55.797371,3.0069999999999997,56.77800000000002,0.0529606537743491,3.0069999999999997,yaw towards right,yaw towards right,0.8321,1
4062,18:17:55.808430,3.225,43.09550000000003,0.0748337993526005,3.225,yaw towards right,yaw towards right,0.7874,1
4063,18:17:55.822613,2.968,37.133000000000024,0.0799289042091939,2.968,yaw towards right,yaw towards right,0.6905,1
4064,18:17:55.834151,2.8840000000000003,41.49600000000002,0.0695006747638326,2.8840000000000003,yaw towards right,yaw towards right,0.681,1
4065,18:17:55.842420,3.5050000000000003,51.78950000000002,0.0676778111393235,3.5050000000000003,yaw towards right,yaw towards right,0.6304,1
4066,18:17:55.855455,3.948,54.419000000000025,0.0725481908892114,3.948,yaw towards right,yaw towards right,0.6024,1
4067,18:17:55.865213,4.623,57.10750000000003,0.0809525894147003,4.623,yaw towards right,yaw towards right,0.6927,1
4068,18:17:55.875244,4.5655,52.20450000000001,0.0874541466731795,4.5655,yaw towards right,yaw towards right,0.7141,1
4069,18:17:55.883660,4.710500000000001,45.316500000000005,0.1039466860856421,4.710500000000001,yaw towards right,up,0.6299,0
4070,18:17:55.899768,4.8415,46.8275,0.1033901019699962,4.8415,yaw towards right,yaw towards right,0.6204,1
4071,18:17:55.911102,5.2995,48.2825,0.109760265106405,5.2995,yaw towards right,yaw towards right,0.7155,1
4072,18:17:55.924650,5.2415,55.43399999999999,0.0945538838979687,5.2415,yaw towards right,up,0.5561,0
4073,18:17:55.930043,5.379,54.602999999999994,0.0985110708202846,5.379,yaw towards right,yaw towards right,0.5328,1
4074,18:17:55.941623,4.685499999999999,54.82899999999999,0.0854566014335479,4.685499999999999,yaw towards right,yaw towards right,0.7184,1
4075,18:17:55.955562,4.103999999999999,58.597,0.0700377152413946,4.103999999999999,yaw towards right,yaw towards right,0.7842,1
4076,18:17:55.964970,3.5589999999999997,61.3925,0.0579712505599218,3.5589999999999997,yaw towards right,yaw towards right,0.7989,1
4077,18:17:55.981338,3.1234999999999995,57.192499999999995,0.0546138042575512,3.1234999999999995,yaw towards right,yaw towards right,0.854,1
4078,18:17:55.989849,3.4484999999999992,59.745000000000005,0.0577203113231232,3.4484999999999992,yaw towards right,yaw towards right,0.7716,1
4079,18:17:55.998993,3.547999999999999,60.88500000000001,0.0582737948591606,3.547999999999999,yaw towards right,yaw towards right,0.5165,1
4080,18:17:56.013029,3.5925,56.0355,0.0641111438284658,3.5925,yaw towards right,yaw towards right,0.6914,1
4081,18:17:56.026355,3.6389999999999993,61.939499999999995,0.0587508778727629,3.6389999999999993,yaw towards right,yaw towards right,0.8088,1
4082,18:17:56.030547,4.202,64.60999999999999,0.0650363720786256,4.202,yaw towards right,yaw towards right,0.8282,1
4083,18:17:56.047153,4.528499999999999,66.399,0.068201328333258,4.528499999999999,yaw towards right,yaw towards right,0.9031,1
4084,18:17:56.059992,4.897999999999999,61.793000000000006,0.0792646416260741,4.897999999999999,yaw towards right,yaw towards right,0.8785,1
4085,18:17:56.072321,4.403999999999999,47.46550000000001,0.0927831793618522,4.403999999999999,yaw towards right,yaw towards right,0.8842,1
4086,18:17:56.080083,4.466499999999999,42.63450000000001,0.1047625749099906,4.466499999999999,yaw towards right,yaw towards right,0.7513,1
4087,18:17:56.092728,4.400499999999999,45.538,0.0966335807457507,4.400499999999999,yaw towards right,yaw towards right,0.7739,1
4088,18:17:56.105387,3.922499999999999,43.994000000000014,0.0891598854389234,3.922499999999999,yaw towards right,yaw towards right,0.8844,1
4089,18:17:56.116292,3.8565,43.076000000000015,0.0895278113102423,3.8565,yaw towards right,yaw towards right,0.9245,1
4090,18:17:56.125193,3.5735,42.99250000000002,0.0831191486887247,3.5735,yaw towards right,yaw towards right,0.9292,1
4091,18:17:56.134221,3.1855,34.77400000000003,0.091605797434865,3.1855,yaw towards right,yaw towards right,0.8241,1
4092,18:17:56.150395,3.1665,24.27400000000003,0.1304482161984014,3.1665,yaw towards right,yaw towards right,0.7148,1
4093,18:17:56.161578,3.2030000000000003,27.129000000000023,0.1180655387224002,3.2030000000000003,yaw towards right,yaw towards right,0.7075,1
4094,18:17:56.168925,3.764,34.83200000000001,0.1080615525953146,3.764,yaw towards right,up,0.8073,0
4095,18:17:56.180345,4.331999999999999,47.49,0.0912192040429563,4.331999999999999,yaw towards right,yaw towards right,0.5745,1
4096,18:17:56.192967,4.3765,51.065000000000005,0.0857044942720062,4.3765,yaw towards right,up,0.5552,0
4097,18:17:56.207341,4.4505,51.528,0.0863705170004657,4.4505,yaw towards right,yaw towards right,0.6491,1
4098,18:17:56.212196,4.458499999999999,51.88399999999999,0.0859320792537198,4.458499999999999,yaw towards right,yaw towards right,0.7866,1
4099,18:17:56.226728,4.571000000000001,52.9655,0.0863014603845899,4.571000000000001,yaw towards right,yaw towards right,0.7949,1
4100,18:17:56.238827,4.9345,55.175500000000014,0.0894328098521988,4.9345,yaw towards right,yaw towards right,0.6916,1
4101,18:17:56.251144,5.008,55.46499999999999,0.0902911746146218,5.008,yaw towards right,yaw towards right,0.626,1
4102,18:17:56.260539,4.8115000000000006,62.77049999999999,0.0766522490660421,4.8115000000000006,yaw towards right,yaw towards right,0.6464,1
4103,18:17:56.272349,4.6365,57.54600000000001,0.0805703263476175,4.6365,yaw towards right,yaw towards right,0.7545,1
4104,18:17:56.284378,4.165,57.2125,0.0727987764911514,4.165,yaw towards right,yaw towards right,0.8039,1
4105,18:17:56.296851,3.9569999999999994,62.448,0.0633647194465795,3.9569999999999994,yaw towards right,yaw towards right,0.7104,1
4106,18:17:56.301593,4.186999999999999,65.89349999999999,0.0635419275042303,4.186999999999999,yaw towards right,yaw towards right,0.7114,1
4107,18:17:56.318152,4.286499999999999,61.02750000000001,0.0702388267584285,4.286499999999999,yaw towards right,yaw towards right,0.8032,1
4108,18:17:56.330414,4.472499999999999,60.75350000000001,0.0736171578592179,4.472499999999999,yaw towards right,yaw towards right,0.7941,1
4109,18:17:56.341643,4.180000000000001,62.019000000000005,0.067398700398265,4.180000000000001,yaw towards right,yaw towards right,0.7036,1
4110,18:17:56.346429,3.806,61.12249999999999,0.0622683954353961,3.806,yaw towards right,yaw towards right,0.6402,1
4111,18:17:56.362414,3.4995,60.824499999999986,0.0575343817047407,3.4995,yaw towards right,yaw towards right,0.6478,1
4112,18:17:56.374142,3.001,53.456499999999984,0.0561391037572605,3.001,yaw towards right,yaw towards right,0.6802,1
4113,18:17:56.381492,2.643,49.7795,0.0530941451802448,2.643,yaw towards right,yaw towards right,0.6404,1
4114,18:17:56.393192,2.472,44.086499999999994,0.0560715865400973,2.472,yaw towards right,up,0.7197,0
4115,18:17:56.407210,1.9455000000000005,26.2785,0.0740339060448656,1.9455000000000005,yaw towards right,yaw towards right,0.9926,1
4116,18:17:56.420470,1.7009999999999998,20.812000000000005,0.0817316932538919,1.7009999999999998,yaw towards right,yaw towards right,0.9736,1
4117,18:17:56.432628,1.534,25.490999999999993,0.0601781020752422,1.534,yaw towards right,yaw towards right,0.9945,1
4118,18:17:56.441283,1.4455000000000002,33.30599999999999,0.0434005884825557,1.4455000000000002,yaw towards right,yaw towards right,0.9712,1
4119,18:17:56.448543,1.8025,36.412499999999994,0.0495022313765877,1.8025,yaw towards right,yaw towards right,0.664,1
4120,18:17:56.465290,1.9965,37.6435,0.0530370449081514,1.9965,yaw towards right,yaw towards right,0.7131,1
4121,18:17:56.476890,2.5629999999999997,41.182,0.0622359283181972,2.5629999999999997,yaw towards right,yaw towards right,0.8376,1
4122,18:17:56.481739,2.783,45.51299999999999,0.0611473644892668,2.783,yaw towards right,yaw towards right,0.7338,1
4123,18:17:56.495372,3.2,45.93999999999999,0.0696560731388768,3.2,yaw towards right,yaw towards right,0.8527,1
4124,18:17:56.509836,3.386,45.246999999999986,0.0748336906314231,3.386,yaw towards right,yaw towards right,0.7713,1
4125,18:17:56.521921,3.693,50.74249999999998,0.0727792284574075,3.693,yaw towards right,yaw towards right,0.6487,1
4126,18:17:56.534909,4.2844999999999995,45.349499999999985,0.0944773371260984,4.2844999999999995,yaw towards right,yaw towards right,0.5421,1
4127,18:17:56.541820,5.0795,47.42849999999999,0.1070980528585133,5.0795,yaw towards right,yaw towards right,0.5555,1
4128,18:17:56.555691,5.266499999999999,53.664999999999985,0.0981365880927979,5.266499999999999,yaw towards right,yaw towards right,0.6432,1
4129,18:17:56.566691,5.0355,57.89599999999998,0.086974920547188,5.0355,yaw towards right,yaw towards right,0.7669,1
4130,18:17:56.580006,4.9945,54.78449999999998,0.0911662970365706,4.9945,yaw towards right,yaw towards right,0.6406,1
4131,18:17:56.588698,4.5495,51.393499999999975,0.0885228676778192,4.5495,yaw towards right,yaw towards right,0.7272,1
4132,18:17:56.598610,4.7425,52.206999999999994,0.0908403087708544,4.7425,yaw towards right,up,0.5333,0
4133,18:17:56.608094,4.525499999999999,54.852499999999985,0.0825030764322501,4.525499999999999,yaw towards right,yaw towards right,0.8417,1
4134,18:17:56.624764,4.4905,62.32249999999999,0.0720526294676882,4.4905,yaw towards right,yaw towards right,0.8867,1
4135,18:17:56.660047,5.037000000000001,66.851,0.0753466664672181,5.037000000000001,yaw towards right,yaw towards right,0.8422,1
4136,18:17:56.660781,4.809,69.24949999999998,0.0694445447259547,4.809,yaw towards right,yaw towards right,0.7383,1
4137,18:17:56.663808,4.3535,62.19449999999999,0.0699981509619017,4.3535,yaw towards right,yaw towards right,0.9171,1
4138,18:17:56.669853,4.668000000000001,46.59699999999999,0.1001781230551323,4.668000000000001,yaw towards right,yaw towards right,0.7039,1
4139,18:17:56.703153,5.7865,41.95349999999999,0.1379265138784607,5.7865,yaw towards right,up,0.7077,0
4140,18:17:56.721513,6.2285,46.26349999999998,0.1346309725809764,6.2285,yaw towards right,yaw towards right,0.7431,1
4141,18:17:56.721513,6.375500000000001,49.25649999999999,0.1294346938982672,6.375500000000001,yaw towards right,yaw towards right,0.7991,1
4142,18:17:56.721513,6.005000000000001,46.899999999999984,0.1280383795309169,6.005000000000001,yaw towards right,yaw towards right,0.7204,1
4143,18:17:56.722779,5.6785000000000005,46.03099999999999,0.1233625165649236,5.6785000000000005,yaw towards right,yaw towards right,0.5361,1
4144,18:17:56.733949,5.47,38.17699999999999,0.1432799853314823,5.47,yaw towards right,yaw towards right,0.882,1
4145,18:17:56.744107,4.693499999999999,28.960999999999984,0.1620627740754809,4.693499999999999,yaw towards right,yaw towards right,0.8264,1
4146,18:17:56.757080,4.189,30.020499999999977,0.139537982378708,4.189,yaw towards right,yaw towards right,0.9714,1
4147,18:17:56.765040,3.667499999999999,32.66699999999999,0.1122692625585453,3.667499999999999,yaw towards right,yaw towards right,0.8122,1
4148,18:17:56.780285,3.3199999999999994,43.137999999999984,0.076962307014697,3.3199999999999994,yaw towards right,yaw towards right,0.6388,1
4149,18:17:56.792722,2.1375,44.535499999999985,0.0479954193845359,2.1375,yaw towards right,yaw towards right,0.5437,1
4150,18:17:56.805382,1.5005,42.599499999999985,0.0352234181152361,1.5005,yaw towards right,up,0.676,0
4151,18:17:56.817125,1.257,42.86099999999998,0.0293273605375516,1.257,yaw towards right,yaw towards right,0.7616,1
4152,18:17:56.823706,1.1965,43.82599999999998,0.0273011454387806,1.1965,yaw towards right,yaw towards right,0.7577,1
4153,18:17:56.834299,1.4445,42.74349999999997,0.033794612046276,1.4445,yaw towards right,yaw towards right,0.5747,1
4154,18:17:56.845040,1.16,42.65899999999996,0.0271923861318831,1.16,yaw towards right,yaw towards right,0.7442,1
4155,18:17:56.861725,1.2235,47.85499999999997,0.025566816424616,1.2235,yaw towards right,up,0.6267,0
4156,18:17:56.870174,1.1789999999999998,44.84099999999998,0.0262929015856024,1.1789999999999998,yaw towards right,yaw towards right,0.7699,1
4157,18:17:56.882950,1.4225,50.57949999999997,0.0281240423491731,1.4225,yaw towards right,yaw towards right,0.5598,1
4158,18:17:56.893123,1.5849999999999995,61.40599999999997,0.0258118099208546,1.5849999999999995,yaw towards right,up,0.9724,0
4159,18:17:56.906858,2.1239999999999997,69.5945,0.0305196531335091,2.1239999999999997,yaw towards right,yaw towards right,0.7113,1
4160,18:17:56.915592,2.2414999999999994,70.977,0.0315806528875551,2.2414999999999994,yaw towards right,yaw towards right,0.959,1
4161,18:17:56.928031,2.2154999999999996,70.77949999999998,0.0313014361502977,2.2154999999999996,yaw towards right,yaw towards right,0.9589,1
4162,18:17:56.940165,2.3389999999999995,70.1155,0.0333592429633961,2.3389999999999995,yaw towards right,up,0.6139,0
4163,18:17:56.950837,2.1789999999999994,71.351,0.0305391655337696,2.1789999999999994,yaw towards right,yaw towards right,0.6666,1
4164,18:17:56.958406,2.3414999999999995,76.051,0.0307885497889574,2.3414999999999995,yaw towards right,yaw towards right,0.9593,1
4165,18:17:56.967768,2.4029999999999996,73.5755,0.0326603285060923,2.4029999999999996,yaw towards right,yaw towards right,0.9345,1
4166,18:17:56.985750,2.409,71.648,0.0336227110317105,2.409,yaw towards right,yaw towards right,0.8975,1
4167,18:17:56.996491,2.3495,65.80050000000001,0.0357064156047446,2.3495,yaw towards right,yaw towards right,0.6886,1
4168,18:17:57.005234,1.9244999999999997,46.45350000000001,0.041428525299493,1.9244999999999997,yaw towards right,yaw towards right,0.6986,1
4169,18:17:57.011938,1.3230000000000002,40.37000000000001,0.0327718602922962,1.3230000000000002,yaw towards right,yaw towards right,0.5265,1
4170,18:17:57.030501,1.4345000000000003,43.212500000000006,0.0331964130749204,1.4345000000000003,yaw towards right,up,0.5941,0
4171,18:17:57.042100,1.5945000000000005,51.030000000000015,0.0312463256907701,1.5945000000000005,yaw towards right,yaw towards right,0.6363,1
4172,18:17:57.050430,1.4440000000000004,56.7865,0.0254285789756368,1.4440000000000004,yaw towards right,yaw towards right,0.822,1
4173,18:17:57.059028,1.3370000000000009,60.475,0.0221083092186854,1.3370000000000009,yaw towards right,yaw towards right,0.8735,1
4174,18:17:57.074356,1.3050000000000008,56.49300000000001,0.023100207105305,1.3050000000000008,yaw towards right,up,0.5839,0
4175,18:17:57.087101,1.134500000000001,54.83900000000001,0.0206878316526559,1.134500000000001,yaw towards right,yaw towards right,0.673,1
4176,18:17:57.096094,1.1250000000000009,57.383500000000005,0.0196049387018916,1.1250000000000009,yaw towards right,yaw towards right,0.8109,1
4177,18:17:57.108456,1.0350000000000008,54.432500000000005,0.0190143756028108,1.0350000000000008,yaw towards right,yaw towards right,0.8485,1
4178,18:17:57.119987,1.2500000000000009,59.96100000000001,0.0208468838078084,1.2500000000000009,yaw towards right,yaw towards right,0.6348,1
4179,18:17:57.132456,1.2430000000000008,53.729,0.023134620037596,1.2430000000000008,yaw towards right,yaw towards right,0.6186,1
4180,18:17:57.141131,1.0750000000000006,52.30550000000001,0.0205523319727371,1.0750000000000006,yaw towards right,yaw towards right,0.8456,1
4181,18:17:57.147223,1.322500000000001,59.91400000000001,0.0220733050706012,1.322500000000001,yaw towards right,yaw towards right,0.5661,1
4182,18:17:57.166127,1.3540000000000003,66.11800000000001,0.0204785383707916,1.3540000000000003,yaw towards right,yaw towards right,0.8317,1
4183,18:17:57.175036,1.2755000000000003,62.296499999999995,0.0204746655109035,1.2755000000000003,yaw towards right,yaw towards right,0.8842,1
4184,18:17:57.185041,1.653000000000001,63.575,0.02600078647267,1.653000000000001,yaw towards right,yaw towards right,0.5874,1
4185,18:17:57.192101,2.2895000000000003,64.19299999999998,0.0356658825728662,2.2895000000000003,yaw towards right,yaw towards right,0.564,1
4186,18:17:57.209976,2.8310000000000004,61.9635,0.0456881874006471,2.8310000000000004,yaw towards right,yaw towards right,0.7406,1
4187,18:17:57.222124,2.9180000000000006,69.497,0.0419874239175791,2.9180000000000006,yaw towards right,yaw towards right,0.7499,1
4188,18:17:57.235028,2.8625000000000007,71.61499999999998,0.0399706765342456,2.8625000000000007,yaw towards right,yaw towards right,0.9225,1
4189,18:17:57.242738,2.891000000000001,73.09200000000001,0.0395528922453893,2.891000000000001,yaw towards right,yaw towards right,0.9078,1
4190,18:17:57.255703,3.025500000000001,69.925,0.0432677869145513,3.025500000000001,yaw towards right,yaw towards right,0.7997,1
4191,18:17:57.265303,2.646000000000001,51.1845,0.051695337455675,2.646000000000001,yaw towards right,yaw towards right,0.7236,1
4192,18:17:57.280280,3.343500000000001,44.114999999999995,0.075790547432846,3.343500000000001,yaw towards right,yaw towards right,0.7024,1
4193,18:17:57.282046,3.695500000000001,48.169499999999985,0.0767186705280312,3.695500000000001,yaw towards right,yaw towards right,0.6333,1
4194,18:17:57.300606,3.1740000000000004,51.3365,0.0618273548060347,3.1740000000000004,yaw towards right,yaw towards right,0.6996,1
4195,18:17:57.310646,2.6625000000000005,52.51099999999999,0.0507036620898478,2.6625000000000005,yaw towards right,yaw towards right,0.7528,1
4196,18:17:57.322945,2.1470000000000007,53.63149999999998,0.0400324436198875,2.1470000000000007,yaw towards right,yaw towards right,0.6961,1
4197,18:17:57.331286,1.9710000000000008,45.7375,0.0430937414594151,1.9710000000000008,yaw towards right,yaw towards right,0.6272,1
4198,18:17:57.341889,1.8590000000000004,37.71799999999999,0.0492868126623893,1.8590000000000004,yaw towards right,yaw towards right,0.7052,1
4199,18:17:57.357506,2.2190000000000003,38.14149999999998,0.0581780999698491,2.2190000000000003,yaw towards right,yaw towards right,0.5314,1
4200,18:17:57.370200,2.2350000000000003,38.08949999999998,0.0586775883117395,2.2350000000000003,yaw towards right,yaw towards right,0.664,1
4201,18:17:57.378409,2.8455000000000004,46.86749999999999,0.0607137141942711,2.8455000000000004,yaw towards right,yaw towards right,0.7033,1
4202,18:17:57.391326,2.9645,44.4355,0.0667146763286111,2.9645,yaw towards right,yaw towards right,0.7157,1
4203,18:17:57.397298,3.2625,39.842,0.081885949500527,3.2625,yaw towards right,yaw towards right,0.836,1
4204,18:17:57.413410,3.953500000000001,36.3505,0.1087605397449829,3.953500000000001,yaw towards right,yaw towards right,0.9512,1
4205,18:17:57.424040,3.839,35.380999999999986,0.1085045645968175,3.839,yaw towards right,yaw towards right,0.7268,1
4206,18:17:57.435597,3.811000000000001,34.77649999999999,0.1095854959527267,3.811000000000001,yaw towards right,yaw towards right,0.8492,1
4207,18:17:57.448396,3.9645,34.64049999999999,0.1144469623706355,3.9645,yaw towards right,yaw towards right,0.8963,1
4208,18:17:57.459491,4.1015,39.18750000000001,0.1046634768740031,4.1015,yaw towards right,yaw towards right,0.7459,1
4209,18:17:57.463726,3.7475,36.18650000000001,0.1035607201580699,3.7475,yaw towards right,yaw towards right,0.7641,1
4210,18:17:57.480304,3.5545,43.004000000000005,0.0826551018509905,3.5545,yaw towards right,yaw towards right,0.8664,1
4211,18:17:57.491508,3.1100000000000003,56.28900000000001,0.0552505818188278,3.1100000000000003,yaw towards right,yaw towards right,0.794,1
4212,18:17:57.500154,2.8535000000000004,68.998,0.0413562711962665,2.8535000000000004,yaw towards right,yaw towards right,0.8107,1
4213,18:17:57.511089,3.3735,72.45550000000003,0.0465596124517807,3.3735,yaw towards right,yaw towards right,0.7649,1
4214,18:17:57.525586,3.5595,74.08350000000003,0.0480471360019437,3.5595,yaw towards right,yaw towards right,0.7576,1
4215,18:17:57.538596,4.5735,74.05800000000002,0.0617556509762618,4.5735,yaw towards right,yaw towards right,0.7414,1
4216,18:17:57.550332,5.279000000000001,73.89150000000002,0.0714425881190664,5.279000000000001,yaw towards right,yaw towards right,0.5463,1
4217,18:17:57.558117,5.266,76.601,0.0687458388271693,5.266,yaw towards right,yaw towards right,0.8478,1
4218,18:17:57.568325,5.1365,73.42,0.069960501225824,5.1365,yaw towards right,yaw towards right,0.8779,1
4219,18:17:57.580021,5.098999999999999,72.7565,0.0700830853600709,5.098999999999999,yaw towards right,yaw towards right,0.8913,1
4220,18:17:57.595881,5.016499999999999,65.53000000000002,0.076552723943232,5.016499999999999,yaw towards right,yaw towards right,0.5099,1
4221,18:17:57.604252,4.839,44.168,0.1095589567107408,4.839,yaw towards right,up,0.5856,0
4222,18:17:57.615042,4.281499999999999,34.703500000000005,0.1233737231115016,4.281499999999999,yaw towards right,yaw towards right,0.605,1
4223,18:17:57.628450,3.0749999999999997,35.85649999999999,0.0857585096147142,3.0749999999999997,yaw towards right,yaw towards right,0.6791,1
4224,18:17:57.641104,2.4279999999999995,40.582999999999984,0.0598280068008772,2.4279999999999995,yaw towards right,yaw towards right,0.602,1
4225,18:17:57.653196,1.6184999999999998,43.95199999999999,0.0368242628321805,1.6184999999999998,yaw towards right,yaw towards right,0.6815,1
4226,18:17:57.658759,1.1165000000000005,45.771,0.0243931747176159,1.1165000000000005,yaw towards right,yaw towards right,0.7972,1
4227,18:17:57.673694,1.4625,43.65650000000001,0.0335001660691993,1.4625,yaw towards right,up,0.7647,0
4228,18:17:57.682499,1.858,42.82950000000001,0.0433813142810446,1.858,yaw towards right,yaw towards right,0.6959,1
4229,18:17:57.694224,2.4025,45.327000000000005,0.0530037284620645,2.4025,yaw towards right,up,0.7242,0
4230,18:17:57.701141,2.7620000000000005,44.379000000000005,0.0622366434574911,2.7620000000000005,yaw towards right,yaw towards right,0.7306,1
4231,18:17:57.715049,2.8285000000000005,51.1185,0.0553322182771403,2.8285000000000005,yaw towards right,up,0.5203,0
4232,18:17:57.730361,2.8175000000000003,46.262999999999984,0.0609018005749735,2.8175000000000003,yaw towards right,yaw towards right,0.6656,1
4233,18:17:57.741844,3.1295,40.40399999999998,0.0774552024552024,3.1295,yaw towards right,yaw towards right,0.7115,1
4234,18:17:57.750753,3.2995000000000005,42.925999999999995,0.076864837161627,3.2995000000000005,yaw towards right,yaw towards right,0.9048,1
4235,18:17:57.761216,3.6085000000000007,46.995999999999995,0.0767831304791897,3.6085000000000007,yaw towards right,yaw towards right,0.937,1
4236,18:17:57.774203,3.6225,44.2095,0.0819394021646931,3.6225,yaw towards right,yaw towards right,0.6827,1
4237,18:17:57.788707,3.2840000000000003,46.03699999999999,0.0713339270586702,3.2840000000000003,yaw towards right,yaw towards right,0.814,1
4238,18:17:57.793993,3.283,46.8145,0.0701278450052868,3.283,yaw towards right,yaw towards right,0.842,1
4239,18:17:57.808902,2.7379999999999995,42.971,0.0637173907984454,2.7379999999999995,yaw towards right,yaw towards right,0.6237,1
4240,18:17:57.821921,2.431,44.767,0.0543033931243996,2.431,yaw towards right,up,0.6102,0
4241,18:17:57.833944,2.865,48.926000000000016,0.0585578220169234,2.865,yaw towards right,yaw towards right,0.8214,1
4242,18:17:57.841548,3.3845,55.63700000000003,0.060831820551072,3.3845,yaw towards right,yaw towards right,0.8021,1
4243,18:17:57.850216,3.338,57.47600000000002,0.0580764145034449,3.338,yaw towards right,yaw towards right,0.8156,1
4244,18:17:57.865154,2.8910000000000005,49.47200000000001,0.0584370957309185,2.8910000000000005,yaw towards right,yaw towards right,0.8971,1
4245,18:17:57.878190,2.6555,41.925,0.0633392963625521,2.6555,yaw towards right,yaw towards right,0.7335,1
4246,18:17:57.885047,2.659,41.79400000000001,0.0636215724745178,2.659,yaw towards right,yaw towards right,0.6749,1
4247,18:17:57.899671,2.6964999999999995,41.49650000000001,0.0649813839721422,2.6964999999999995,yaw towards right,yaw towards right,0.7752,1
4248,18:17:57.908529,2.2555,39.773999999999994,0.056707899632926,2.2555,yaw towards right,yaw towards right,0.7144,1
4249,18:17:57.917357,2.5105000000000004,40.384,0.0621657091917591,2.5105000000000004,yaw towards right,yaw towards right,0.8011,1
4250,18:17:57.930045,2.9385,41.11399999999999,0.0714720046699421,2.9385,yaw towards right,yaw towards right,0.913,1
4251,18:17:57.941457,3.055499999999999,33.27599999999998,0.0918229354489722,3.055499999999999,yaw towards right,yaw towards right,0.9138,1
4252,18:17:57.956458,2.9779999999999993,27.40499999999998,0.1086663017697501,2.9779999999999993,yaw towards right,yaw towards right,0.8125,1
4253,18:17:57.966369,3.0404999999999993,28.27649999999998,0.1075274521245557,3.0404999999999993,yaw towards right,yaw towards right,0.9229,1
4254,18:17:57.980018,3.3379999999999996,33.295999999999985,0.1002522825564632,3.3379999999999996,yaw towards right,yaw towards right,0.9197,1
4255,18:17:57.985044,3.4604999999999997,36.40849999999999,0.0950464863974072,3.4604999999999997,yaw towards right,yaw towards right,0.9362,1
4256,18:17:58.001574,3.433,39.479999999999976,0.0869554204660588,3.433,yaw towards right,yaw towards right,0.9258,1
4257,18:17:58.012242,3.555499999999999,38.65799999999997,0.0919732008898546,3.555499999999999,yaw towards right,yaw towards right,0.9652,1
4258,18:17:58.016634,3.6374999999999993,39.77999999999998,0.0914404223227752,3.6374999999999993,yaw towards right,yaw towards right,0.9443,1
4259,18:17:58.030620,3.7085,42.61799999999998,0.0870172227697217,3.7085,yaw towards right,yaw towards right,0.7903,1
4260,18:17:58.045916,3.3865000000000003,39.582999999999984,0.0855544046686709,3.3865000000000003,yaw towards right,yaw towards right,0.8484,1
4261,18:17:58.058905,3.4355,43.42649999999999,0.0791106812660472,3.4355,yaw towards right,yaw towards right,0.5807,1
4262,18:17:58.072137,3.403,42.7165,0.0796647665422026,3.403,yaw towards right,yaw towards right,0.6923,1
4263,18:17:58.095987,3.211,46.82599999999999,0.0685730149916713,3.211,yaw towards right,yaw towards right,0.8786,1
4264,18:17:58.099741,2.9450000000000003,55.977,0.0526108937599371,2.9450000000000003,yaw towards right,yaw towards right,0.8446,1
4265,18:17:58.103453,2.602,63.102,0.04123482615448,2.602,yaw towards right,yaw towards right,0.7714,1
4266,18:17:58.115440,2.5795,61.623000000000026,0.0418593706895152,2.5795,yaw towards right,yaw towards right,0.7499,1
4267,18:17:58.124309,2.4669999999999996,62.49450000000004,0.039475473841698,2.4669999999999996,yaw towards right,yaw towards right,0.8081,1
4268,18:17:58.134432,2.6754999999999995,63.40650000000003,0.0421959893701749,2.6754999999999995,yaw towards right,yaw towards right,0.8981,1
4269,18:17:58.143148,2.3255,61.84750000000004,0.037600549739278,2.3255,yaw towards right,yaw towards right,0.529,1
4270,18:17:58.160825,2.2455,68.20000000000002,0.0329252199413489,2.2455,yaw towards right,yaw towards right,0.6151,1
4271,18:17:58.167841,1.5704999999999998,68.16750000000002,0.0230388381560127,1.5704999999999998,yaw towards right,yaw towards right,0.7881,1
4272,18:17:58.180307,1.6164999999999998,67.70200000000003,0.0238766949277716,1.6164999999999998,yaw towards right,yaw towards right,0.8085,1
4273,18:17:58.193537,1.897,61.79500000000003,0.0306982765595921,1.897,yaw towards right,yaw towards right,0.6247,1
4274,18:17:58.204325,1.9015,44.600500000000025,0.0426340511877669,1.9015,yaw towards right,yaw towards right,0.7477,1
4275,18:17:58.212662,1.8194999999999992,39.631500000000024,0.0459104500208167,1.8194999999999992,yaw towards right,yaw towards right,0.5857,1
4276,18:17:58.225298,1.8109999999999993,43.88950000000001,0.0412627165950853,1.8109999999999993,yaw towards right,yaw towards right,0.7286,1
4277,18:17:58.238482,1.6969999999999992,51.654999999999994,0.0328525796147517,1.6969999999999992,yaw towards right,yaw towards right,0.7959,1
4278,18:17:58.248918,1.558999999999999,56.801,0.0274466998820443,1.558999999999999,yaw towards right,yaw towards right,0.7776,1
4279,18:17:58.259515,1.6904999999999994,60.967500000000015,0.0277278878090785,1.6904999999999994,yaw towards right,up,0.5453,0
4280,18:17:58.271170,1.643999999999999,54.43500000000002,0.0302011573436208,1.643999999999999,yaw towards right,yaw towards right,0.5071,1
4281,18:17:58.282860,1.9644999999999997,47.24950000000002,0.0415771595466618,1.9644999999999997,yaw towards right,yaw towards right,0.6586,1
4282,18:17:58.293183,1.9289999999999996,50.49950000000002,0.0381983980039406,1.9289999999999996,yaw towards right,up,0.5408,0
4283,18:17:58.304099,1.7009999999999998,52.967500000000015,0.0321140321895501,1.7009999999999998,yaw towards right,yaw towards right,0.8072,1
4284,18:17:58.314603,2.0119999999999996,62.724000000000025,0.0320770359033224,2.0119999999999996,yaw towards right,up,0.5473,0
4285,18:17:58.328196,2.0045,59.66600000000001,0.0335953474340495,2.0045,yaw towards right,yaw towards right,0.5288,1
4286,18:17:58.341332,2.0145,57.06600000000001,0.0353012301545578,2.0145,yaw towards right,yaw towards right,0.6499,1
4287,18:17:58.347639,2.2909999999999995,60.512000000000015,0.0378602591221575,2.2909999999999995,yaw towards right,yaw towards right,0.7581,1
4288,18:17:58.360321,2.3924999999999996,63.85850000000001,0.0374656467032579,2.3924999999999996,yaw towards right,yaw towards right,0.7486,1
4289,18:17:58.374081,3.3549999999999995,58.331999999999994,0.0575156003565795,3.3549999999999995,yaw towards right,yaw towards right,0.5979,1
4290,18:17:58.385706,4.217999999999999,59.08299999999999,0.0713910938848738,4.217999999999999,yaw towards right,yaw towards right,0.6111,1
4291,18:17:58.393099,4.568499999999999,62.3205,0.0733065363724617,4.568499999999999,yaw towards right,up,0.5437,0
4292,18:17:58.407152,4.228,57.564499999999995,0.0734480452362132,4.228,yaw towards right,yaw towards right,0.676,1
4293,18:17:58.414634,4.3675,58.62049999999999,0.0745046528091708,4.3675,yaw towards right,yaw towards right,0.7806,1
4294,18:17:58.430092,4.433999999999999,59.30799999999999,0.0747622580427598,4.433999999999999,yaw towards right,yaw towards right,0.8621,1
4295,18:17:58.439733,4.789,61.77,0.0775295450866116,4.789,yaw towards right,yaw towards right,0.8236,1
4296,18:17:58.448796,5.012,57.89149999999999,0.0865757494623563,5.012,yaw towards right,yaw towards right,0.8677,1
4297,18:17:58.463604,5.338000000000001,44.80200000000001,0.1191464666755948,5.338000000000001,yaw towards right,yaw towards right,0.8063,1
4298,18:17:58.476365,5.587000000000001,39.136500000000005,0.1427567615908423,5.587000000000001,yaw towards right,yaw towards right,0.8463,1
4299,18:17:58.487933,5.0025,42.60700000000001,0.1174102846950031,5.0025,yaw towards right,yaw towards right,0.9023,1
4300,18:17:58.496664,4.489500000000001,42.32800000000002,0.1060645435645435,4.489500000000001,yaw towards right,yaw towards right,0.8545,1
4301,18:17:58.507151,3.887000000000001,39.284000000000034,0.0989461358313816,3.887000000000001,yaw towards right,yaw towards right,0.8927,1
4302,18:17:58.520540,3.7765000000000017,37.51150000000003,0.1006757927568878,3.7765000000000017,yaw towards right,yaw towards right,0.8746,1
4303,18:17:58.533485,3.515000000000001,32.47450000000003,0.1082387719595374,3.515000000000001,yaw towards right,yaw towards right,0.9035,1
4304,18:17:58.540407,3.400000000000001,22.339500000000015,0.1521967814857091,3.400000000000001,yaw towards right,yaw towards right,0.8656,1
4305,18:17:58.552216,3.2375000000000007,22.88300000000001,0.1414805750994187,3.2375000000000007,yaw towards right,yaw towards right,0.8943,1
4306,18:17:58.566203,2.8875,28.167000000000012,0.10251357972095,2.8875,yaw towards right,yaw towards right,0.9422,1
4307,18:17:58.577573,2.286,38.518,0.0593488758502518,2.286,yaw towards right,yaw towards right,0.5188,1
4308,18:17:58.583485,2.0565,40.73649999999999,0.0504829820922268,2.0565,yaw towards right,up,0.503,0
4309,18:17:58.595430,1.6054999999999997,41.46649999999999,0.0387180012781401,1.6054999999999997,yaw towards right,up,0.559,0
4310,18:17:58.610345,1.2454999999999998,41.4715,0.0300326730405218,1.2454999999999998,yaw towards right,yaw towards right,0.7102,1
4311,18:17:58.623690,1.3164999999999998,43.1005,0.030544889270426,1.3164999999999998,yaw towards right,up,0.5635,0
4312,18:17:58.630215,1.5869999999999995,46.49149999999999,0.0341352720389748,1.5869999999999995,yaw towards right,up,0.9321,0
4313,18:17:58.643834,1.8044999999999995,46.795499999999976,0.0385614001346283,1.8044999999999995,yaw towards right,up,0.8882,0
4314,18:17:58.656100,1.4994999999999998,53.56599999999996,0.0279935033416719,1.4994999999999998,yaw towards right,yaw towards right,0.531,1
4315,18:17:58.668803,1.7164999999999997,48.60849999999997,0.0353127539422117,1.7164999999999997,yaw towards right,yaw towards right,0.6953,1
4316,18:17:58.673631,2.1264999999999996,52.32499999999995,0.0406402293358815,2.1264999999999996,yaw towards right,yaw towards right,0.7514,1
4317,18:17:58.689243,2.1659999999999995,59.16049999999998,0.0366122666306065,2.1659999999999995,yaw towards right,yaw towards right,0.5019,1
4318,18:17:58.697844,2.0014999999999996,65.35949999999998,0.0306229392819712,2.0014999999999996,yaw towards right,yaw towards right,0.7709,1
4319,18:17:58.713266,2.151,61.449999999999974,0.0350040683482506,2.151,yaw towards right,yaw towards right,0.5086,1
4320,18:17:58.721831,2.1789999999999994,61.452499999999986,0.0354582807859729,2.1789999999999994,yaw towards right,yaw towards right,0.7439,1
4321,18:17:58.729912,2.3284999999999996,63.28299999999997,0.0367950318410947,2.3284999999999996,yaw towards right,yaw towards right,0.7905,1
4322,18:17:58.744615,2.0919999999999996,62.36149999999998,0.0335463386865293,2.0919999999999996,yaw towards right,yaw towards right,0.7255,1
4323,18:17:58.756737,1.8544999999999991,69.48549999999997,0.0266890214505184,1.8544999999999991,yaw towards right,yaw towards right,0.8719,1
4324,18:17:58.765436,2.0714999999999995,69.8895,0.0296396454403021,2.0714999999999995,yaw towards right,yaw towards right,0.9571,1
4325,18:17:58.779293,2.0515,70.26750000000001,0.0291955740562849,2.0515,yaw towards right,yaw towards right,0.7781,1
4326,18:17:58.790383,2.111,66.05400000000002,0.0319587004572016,2.111,yaw towards right,yaw towards right,0.7081,1
4327,18:17:58.802209,2.3624999999999994,48.60500000000001,0.0486061104824606,2.3624999999999994,yaw towards right,yaw towards right,0.4942,1
4328,18:17:58.811877,2.2354999999999996,42.53450000000001,0.0525573358097544,2.2354999999999996,yaw towards right,up,0.5552,0
4329,18:17:58.823728,2.4514999999999993,47.02350000000002,0.0521335077142279,2.4514999999999993,yaw towards right,yaw towards right,0.6248,1
4330,18:17:58.834680,2.7960000000000003,52.7,0.0530550284629981,2.7960000000000003,yaw towards right,yaw towards right,0.7386,1
4331,18:17:58.848064,2.557,53.0625,0.0481884570082449,2.557,yaw towards right,yaw towards right,0.6938,1
4332,18:17:58.860980,2.6185,52.66700000000001,0.049718039759242,2.6185,yaw towards right,yaw towards right,0.7119,1
4333,18:17:58.869009,2.584,46.3435,0.0557575496024253,2.584,yaw towards right,yaw towards right,0.5913,1
4334,18:17:58.879864,2.6235,39.4145,0.0665617983229522,2.6235,yaw towards right,yaw towards right,0.7982,1
4335,18:17:58.894168,2.2409999999999997,42.06599999999999,0.0532734274711168,2.2409999999999997,yaw towards right,up,0.5484,0
4336,18:17:58.906084,1.8425000000000005,39.462,0.0466904870508337,1.8425000000000005,yaw towards right,yaw towards right,0.5834,1
4337,18:17:58.914615,1.5880000000000003,48.123,0.0329987739750223,1.5880000000000003,yaw towards right,up,0.7841,0
4338,18:17:58.925776,1.9875000000000007,44.45449999999999,0.0447086346714056,1.9875000000000007,yaw towards right,up,0.7305,0
4339,18:17:58.939396,1.9655000000000005,39.09149999999999,0.0502794725196014,1.9655000000000005,yaw towards right,yaw towards right,0.729,1
4340,18:17:58.950108,1.9105000000000003,36.32849999999999,0.0525895646668593,1.9105000000000003,yaw towards right,yaw towards right,0.6798,1
4341,18:17:58.959104,2.0789999999999997,37.19049999999999,0.0559013726623734,2.0789999999999997,yaw towards right,yaw towards right,0.6664,1
4342,18:17:58.971847,2.5475000000000003,35.35399999999999,0.0720569101091814,2.5475000000000003,yaw towards right,yaw towards right,0.5179,1
4343,18:17:58.981976,3.062,35.897999999999996,0.0852972310435121,3.062,yaw towards right,yaw towards right,0.7444,1
4344,18:17:58.995220,2.918,40.0075,0.0729363244391676,2.918,yaw towards right,yaw towards right,0.6861,1
4345,18:17:59.002236,2.9745,35.481500000000025,0.0838324197116806,2.9745,yaw towards right,yaw towards right,0.7356,1
4346,18:17:59.017196,2.9529999999999994,41.1135,0.0718255560825519,2.9529999999999994,yaw towards right,yaw towards right,0.8708,1
4347,18:17:59.027576,3.0229999999999997,50.334999999999994,0.0600576139862918,3.0229999999999997,yaw towards right,yaw towards right,0.7918,1
4348,18:17:59.040466,2.804,60.47449999999999,0.0463666504063696,2.804,yaw towards right,yaw towards right,0.7685,1
4349,18:17:59.043254,3.0325,62.474,0.0485401927201715,3.0325,yaw towards right,yaw towards right,0.6883,1
4350,18:17:59.061529,3.0204999999999997,60.76700000000001,0.0497062550397419,3.0204999999999997,yaw towards right,yaw towards right,0.7806,1
4351,18:17:59.073803,2.8329999999999997,58.447,0.0484712645644772,2.8329999999999997,yaw towards right,yaw towards right,0.7458,1
4352,18:17:59.086108,2.5525,59.797,0.0426860879308326,2.5525,yaw towards right,yaw towards right,0.8059,1
4353,18:17:59.095078,2.0465000000000004,65.94700000000003,0.0310324957920754,2.0465000000000004,yaw towards right,yaw towards right,0.8014,1
4354,18:17:59.107415,2.1020000000000003,68.149,0.0308441796651454,2.1020000000000003,yaw towards right,yaw towards right,0.6747,1
4355,18:17:59.118851,2.0800000000000005,69.74349999999997,0.0298235677876791,2.0800000000000005,yaw towards right,yaw towards right,0.9513,1
4356,18:17:59.131046,2.134000000000001,65.883,0.0323907533051014,2.134000000000001,yaw towards right,up,0.5131,0
4357,18:17:59.140232,1.949000000000001,47.73799999999999,0.0408270141187314,1.949000000000001,yaw towards right,yaw towards right,0.6335,1
4358,18:17:59.151321,1.9360000000000008,40.74350000000001,0.0475167818179586,1.9360000000000008,yaw towards right,yaw towards right,0.5739,1
4359,18:17:59.163782,1.752,43.80800000000002,0.0399926953981007,1.752,yaw towards right,yaw towards right,0.7276,1
4360,18:17:59.175672,1.5755,45.975000000000016,0.034268624252311,1.5755,yaw towards right,up,0.5872,0
4361,18:17:59.188439,1.7265000000000004,45.385000000000005,0.0380412030406522,1.7265000000000004,yaw towards right,yaw towards right,0.6926,1
4362,18:17:59.196756,1.5105,44.91000000000001,0.0336339345357381,1.5105,yaw towards right,up,0.7691,0
4363,18:17:59.208636,1.5019999999999996,40.97,0.0366609714425189,1.5019999999999996,yaw towards right,up,0.7463,0
4364,18:17:59.221966,1.4044999999999992,38.7375,0.0362568570506614,1.4044999999999992,yaw towards right,yaw towards right,0.8162,1
4365,18:17:59.232523,1.5639999999999994,36.84300000000001,0.0424503976332003,1.5639999999999994,yaw towards right,yaw towards right,0.8064,1
4366,18:17:59.240359,2.388499999999999,33.10400000000001,0.0721514016433058,2.388499999999999,yaw towards right,up,0.5221,0
4367,18:17:59.253538,3.643499999999998,39.028500000000015,0.0933548560667204,3.643499999999998,yaw towards right,up,0.6566,0
4368,18:17:59.266293,4.374499999999999,34.49900000000001,0.1268007768341111,4.374499999999999,yaw towards right,yaw towards right,0.5179,1
4369,18:17:59.278162,4.5035,29.655,0.1518630922272803,4.5035,yaw towards right,yaw towards right,0.738,1
4370,18:17:59.287084,4.368,30.760500000000008,0.1420002925830204,4.368,yaw towards right,yaw towards right,0.8665,1
4371,18:17:59.297605,4.5089999999999995,33.939000000000014,0.1328560063643595,4.5089999999999995,yaw towards right,yaw towards right,0.8851,1
4372,18:17:59.310805,4.734999999999999,34.00700000000001,0.1392360396388978,4.734999999999999,yaw towards right,yaw towards right,0.8013,1
4373,18:17:59.323880,4.737,30.66200000000001,0.1544909007892505,4.737,yaw towards right,yaw towards right,0.521,1
4374,18:17:59.331982,5.040000000000001,31.83250000000001,0.1583287520615722,5.040000000000001,yaw towards right,yaw towards right,0.501,1
4375,18:17:59.343185,4.995,33.24900000000001,0.1502300821077325,4.995,yaw towards right,yaw towards right,0.6614,1
4376,18:17:59.356729,4.458,38.429,0.1160061411954513,4.458,yaw towards right,yaw towards right,0.8748,1
4377,18:17:59.368487,3.661000000000001,47.51600000000001,0.0770477312905126,3.661000000000001,yaw towards right,yaw towards right,0.8276,1
4378,18:17:59.377525,3.198500000000001,56.01350000000002,0.057102305694163,3.198500000000001,yaw towards right,yaw towards right,0.8295,1
4379,18:17:59.389510,3.0545,61.415499999999994,0.0497350017503724,3.0545,yaw towards right,yaw towards right,0.7474,1
4380,18:17:59.401165,3.53,61.55250000000001,0.0573494171642094,3.53,yaw towards right,yaw towards right,0.9412,1
4381,18:17:59.413594,3.6535,56.89300000000001,0.0642170390030408,3.6535,yaw towards right,yaw towards right,0.9334,1
4382,18:17:59.421973,3.6045,55.60750000000003,0.0648203929326079,3.6045,yaw towards right,yaw towards right,0.9168,1
4383,18:17:59.434002,3.7295,56.29550000000002,0.0662486344379213,3.7295,yaw towards right,yaw towards right,0.6748,1
4384,18:17:59.446382,3.346,50.77800000000001,0.0658946787979045,3.346,yaw towards right,yaw towards right,0.835,1
4385,18:17:59.474407,3.2644999999999995,48.32650000000002,0.0675509296141868,3.2644999999999995,yaw towards right,yaw towards right,0.8427,1
4386,18:17:59.479845,2.8525,43.58600000000002,0.0654453264809801,2.8525,yaw towards right,yaw towards right,0.8125,1
4387,18:17:59.479845,2.7845,28.504000000000012,0.0976880437833286,2.7845,yaw towards right,yaw towards right,0.9598,1
4388,18:17:59.493434,2.513,24.986000000000008,0.1005763227407347,2.513,yaw towards right,yaw towards right,0.9799,1
4389,18:17:59.504503,2.503999999999999,24.812500000000018,0.1009168765743072,2.503999999999999,yaw towards right,yaw towards right,0.9701,1
4390,18:17:59.512517,2.4240000000000004,29.277000000000005,0.0827953683779075,2.4240000000000004,yaw towards right,yaw towards right,0.921,1
4391,18:17:59.523335,2.4145,36.063,0.0669522779580179,2.4145,yaw towards right,up,0.5109,0
4392,18:17:59.536371,2.1895,39.98949999999999,0.0547518723664962,2.1895,yaw towards right,yaw towards right,0.6055,1
4393,18:17:59.547136,2.0759999999999996,43.8315,0.047363197700284,2.0759999999999996,yaw towards right,up,0.5785,0
4394,18:17:59.558531,2.5784999999999996,49.0435,0.0525757745674758,2.5784999999999996,yaw towards right,yaw towards right,0.8176,1
4395,18:17:59.568014,3.1685000000000003,48.8915,0.0648067660022703,3.1685000000000003,yaw towards right,yaw towards right,0.7539,1
4396,18:17:59.580248,3.5595,49.2625,0.0722557726465364,3.5595,yaw towards right,yaw towards right,0.7406,1
4397,18:17:59.593540,3.3540000000000005,54.89149999999999,0.0611023564668482,3.3540000000000005,yaw towards right,yaw towards right,0.6426,1
4398,18:17:59.606540,3.214000000000001,49.648,0.0647357396068321,3.214000000000001,yaw towards right,yaw towards right,0.7544,1
4399,18:17:59.613853,3.119000000000001,54.227,0.0575174728456304,3.119000000000001,yaw towards right,yaw towards right,0.8755,1
4400,18:17:59.626950,2.799000000000001,65.15350000000001,0.0429600865648046,2.799000000000001,yaw towards right,yaw towards right,0.6936,1
4401,18:17:59.639032,2.6155000000000013,72.744,0.0359548553832618,2.6155000000000013,yaw towards right,yaw towards right,0.7055,1
4402,18:17:59.649466,2.848000000000001,69.61250000000003,0.0409121924941641,2.848000000000001,yaw towards right,yaw towards right,0.8701,1
4403,18:17:59.658901,2.828500000000001,65.1315,0.0434275273869018,2.828500000000001,yaw towards right,yaw towards right,0.802,1
4404,18:17:59.668603,2.392500000000001,64.21700000000001,0.0372564897145615,2.392500000000001,yaw towards right,yaw towards right,0.6871,1
4405,18:17:59.684527,2.156000000000001,67.67250000000001,0.0318593224722006,2.156000000000001,yaw towards right,up,0.6777,0
4406,18:17:59.694238,2.0509999999999997,67.85950000000003,0.0302242132641708,2.0509999999999997,yaw towards right,yaw towards right,0.8316,1
4407,18:17:59.698014,2.1614999999999993,64.02750000000003,0.0337589317090312,2.1614999999999993,yaw towards right,yaw towards right,0.6961,1
4408,18:17:59.717928,2.5309999999999997,61.94200000000003,0.0408608052694455,2.5309999999999997,yaw towards right,yaw towards right,0.8305,1
4409,18:17:59.730298,2.4459999999999993,53.821000000000026,0.0454469445012169,2.4459999999999993,yaw towards right,yaw towards right,0.7232,1
4410,18:17:59.740968,2.664499999999999,33.7145,0.0790312773435761,2.664499999999999,yaw towards right,up,0.7039,0
4411,18:17:59.751684,2.5179999999999985,27.704500000000017,0.0908877619159341,2.5179999999999985,yaw towards right,yaw towards right,0.7388,1
4412,18:17:59.760350,2.285499999999998,33.58200000000001,0.0680572925972246,2.285499999999998,yaw towards right,up,0.7497,0
4413,18:17:59.775681,2.632499999999999,41.503000000000014,0.0634291497000216,2.632499999999999,yaw towards right,yaw towards right,0.5627,1
4414,18:17:59.786370,3.0044999999999993,43.29350000000001,0.0693984085370782,3.0044999999999993,yaw towards right,yaw towards right,0.8081,1
4415,18:17:59.795232,2.7455,43.765,0.0627327773334856,2.7455,yaw towards right,yaw towards right,0.7788,1
4416,18:17:59.807954,2.555499999999999,46.373,0.0551074978974834,2.555499999999999,yaw towards right,yaw towards right,0.7354,1
4417,18:17:59.820349,2.7359999999999993,49.2215,0.0555854657009639,2.7359999999999993,yaw towards right,yaw towards right,0.7321,1
4418,18:17:59.831915,3.2324999999999995,48.8215,0.0662105834519627,3.2324999999999995,yaw towards right,yaw towards right,0.6415,1
4419,18:17:59.840917,3.502,47.361,0.0739426954667342,3.502,yaw towards right,yaw towards right,0.6514,1
4420,18:17:59.849390,3.284,52.24750000000004,0.0628546820422029,3.284,yaw towards right,yaw towards right,0.6738,1
4421,18:17:59.865369,4.872,46.41550000000004,0.1049649362820608,4.872,yaw towards right,yaw towards right,0.7483,1
4422,18:17:59.875560,5.641,48.10150000000003,0.117272850119019,5.641,yaw towards right,yaw towards right,0.5598,1
4423,18:17:59.884918,5.546999999999999,59.45450000000003,0.0932982364665415,5.546999999999999,yaw towards right,yaw towards right,0.684,1
4424,18:17:59.895964,5.427999999999999,67.19800000000002,0.080776213577785,5.427999999999999,yaw towards right,yaw towards right,0.7855,1
4425,18:17:59.908639,5.592999999999999,63.13650000000003,0.0885858417872387,5.592999999999999,yaw towards right,yaw towards right,0.7424,1
4426,18:17:59.919306,6.2155000000000005,58.99750000000004,0.105351921691597,6.2155000000000005,yaw towards right,yaw towards right,0.7823,1
4427,18:17:59.929992,6.0155,59.50500000000004,0.1010923451810771,6.0155,yaw towards right,yaw towards right,0.5968,1
4428,18:17:59.942394,5.7575,62.624500000000054,0.0919368617713514,5.7575,yaw towards right,yaw towards right,0.7476,1
4429,18:17:59.955305,6.0755,73.01900000000005,0.0832043714649611,6.0755,yaw towards right,yaw towards right,0.6989,1
4430,18:17:59.965686,6.433,73.12400000000002,0.0879738526338821,6.433,yaw towards right,yaw towards right,0.79,1
4431,18:17:59.975702,6.2655,74.00600000000001,0.0846620544280193,6.2655,yaw towards right,yaw towards right,0.6364,1
4432,18:17:59.981568,5.777500000000001,73.39800000000002,0.0787146788740837,5.777500000000001,yaw towards right,up,0.5986,0
4433,18:18:00.000110,6.744500000000002,58.26750000000002,0.1157506328570815,6.744500000000002,yaw towards right,yaw towards right,0.5319,1
4434,18:18:00.011053,6.522000000000003,54.9095,0.1187772607654413,6.522000000000003,yaw towards right,yaw towards right,0.6979,1
4435,18:18:00.023053,7.999500000000002,60.37800000000002,0.1324903110404451,7.999500000000002,yaw towards right,yaw towards right,0.7783,1
4436,18:18:00.033395,8.300500000000001,69.2,0.1199494219653179,8.300500000000001,yaw towards right,yaw towards right,0.8089,1
4437,18:18:00.045257,8.187000000000001,68.196,0.1200510293858877,8.187000000000001,yaw towards right,yaw towards right,0.687,1
4438,18:18:00.057925,8.080500000000002,64.84999999999998,0.1246029298380879,8.080500000000002,yaw towards right,yaw towards right,0.6903,1
4439,18:18:00.068085,8.465500000000002,58.73899999999999,0.144120601304074,8.465500000000002,yaw towards right,yaw towards right,0.7173,1
4440,18:18:00.077369,8.247000000000002,53.45049999999999,0.1542922891273234,8.247000000000002,yaw towards right,yaw towards right,0.7731,1
4441,18:18:00.089806,6.787000000000002,54.500999999999976,0.1245298251408231,6.787000000000002,yaw towards right,yaw towards right,0.7065,1
4442,18:18:00.101173,6.775500000000001,47.48199999999998,0.142696179604903,6.775500000000001,yaw towards right,yaw towards right,0.8267,1
4443,18:18:00.113649,6.328999999999999,48.63849999999997,0.1301232562681826,6.328999999999999,yaw towards right,yaw towards right,0.7309,1
4444,18:18:00.122591,7.25,38.788999999999994,0.1869086596715564,7.25,yaw towards right,yaw towards right,0.413,1
4445,18:18:00.133183,6.2235,35.719499999999975,0.1742325620459414,6.2235,yaw towards right,up,0.6266,0
4446,18:18:00.143580,5.974000000000001,27.898000000000007,0.2141372141372141,5.974000000000001,yaw towards right,down,0.7335,0
4447,18:18:00.159800,6.006000000000002,25.978,0.2311956270690585,6.006000000000002,yaw towards right,down,0.4819,0
4448,18:18:00.167841,5.9060000000000015,28.3675,0.2081959989424518,5.9060000000000015,yaw towards right,down,0.4868,0
4449,18:18:00.179975,5.063000000000002,23.656,0.2140260399053095,5.063000000000002,yaw towards right,yaw towards right,0.4599,1
4450,18:18:00.192359,5.1640000000000015,27.004,0.1912309287512961,5.1640000000000015,yaw towards right,yaw towards right,0.5893,1
4451,18:18:00.204428,5.819500000000001,21.708999999999975,0.2680685430005992,5.819500000000001,yaw towards right,down,0.4304,0
4452,18:18:00.212964,5.5555,30.861500000000007,0.1800139332177632,5.5555,yaw towards right,down,0.3708,0
4453,18:18:00.223463,5.700500000000002,38.18400000000002,0.1492902786507437,5.700500000000002,yaw towards right,yaw towards right,0.6302,1
4454,18:18:00.237625,6.707500000000001,50.072,0.1339571017734462,6.707500000000001,yaw towards right,yaw towards right,0.7808,1
4455,18:18:00.249668,8.806999999999999,53.03500000000001,0.166060148958235,8.806999999999999,yaw towards right,yaw towards right,0.8822,1
4456,18:18:00.261543,9.31,56.11749999999997,0.1659019022586537,9.31,yaw towards right,yaw towards right,0.5433,1
4457,18:18:00.267237,10.4035,56.14599999999998,0.1852936985715813,10.4035,yaw towards right,yaw towards right,0.6173,1
4458,18:18:00.282882,11.0635,54.29599999999998,0.2037627081184618,11.0635,yaw towards right,yaw towards right,0.8733,1
4459,18:18:00.294990,12.3965,53.96599999999999,0.2297094466886558,12.3965,yaw towards right,yaw towards right,0.8218,1
4460,18:18:00.307214,14.028,57.852500000000006,0.2424787174279417,14.028,yaw towards right,yaw towards right,0.8285,1
4461,18:18:00.314379,14.5885,65.21600000000005,0.2236951054955837,14.5885,yaw towards right,yaw towards right,0.9219,1
4462,18:18:00.328234,16.094,54.98950000000002,0.292674055956137,16.094,yaw towards right,yaw towards right,0.8144,1
4463,18:18:00.340406,15.974,43.39900000000003,0.368072997073665,15.974,yaw towards right,yaw towards right,0.5433,1
4464,18:18:00.352256,16.4895,34.62250000000003,0.4762654343273878,16.4895,yaw towards right,yaw towards right,0.8983,1
4465,18:18:00.360753,15.144500000000004,30.62300000000002,0.4945465826339677,15.144500000000004,yaw towards right,yaw towards right,0.7399,1
4466,18:18:00.369577,13.917000000000002,29.0425,0.4791942842386159,13.917000000000002,yaw towards right,yaw towards right,0.8319,1
4467,18:18:00.384576,14.1405,26.781499999999987,0.5279950712245396,14.1405,yaw towards right,yaw towards left,0.4464,0
4468,18:18:00.397086,13.193500000000004,26.896000000000008,0.4905376264128495,13.193500000000004,yaw towards right,yaw towards right,0.5769,1
4469,18:18:00.409338,12.3195,32.06749999999998,0.3841740079519766,12.3195,yaw towards right,yaw towards right,0.7289,1
4470,18:18:00.413864,10.467,25.572499999999952,0.4093068726170698,10.467,yaw towards right,yaw towards left,0.832,0
4471,18:18:00.429851,9.554000000000002,24.67349999999994,0.387217054734838,9.554000000000002,yaw towards right,yaw towards left,0.8681,0
4472,18:18:00.439417,8.121,26.916499999999935,0.3017108465067902,8.121,yaw towards right,yaw towards left,0.4231,0
4473,18:18:00.454396,9.0355,32.36049999999994,0.2792138563990055,9.0355,yaw towards right,yaw towards right,0.8218,1
4474,18:18:00.463076,7.3905,30.95249999999992,0.2387690816573788,7.3905,yaw towards right,yaw towards right,0.6818,1
4475,18:18:00.475288,7.441999999999998,30.011499999999938,0.2479716108824955,7.441999999999998,yaw towards right,yaw towards right,0.7325,1
4476,18:18:00.487270,11.584499999999998,31.85949999999996,0.3636121094179134,11.584499999999998,yaw towards right,yaw towards right,0.5184,1
4477,18:18:00.499323,12.0935,32.46449999999998,0.3725145928629736,12.0935,yaw towards right,yaw towards right,0.8641,1
4478,18:18:00.508014,14.851499999999998,36.26499999999997,0.409527092237695,14.851499999999998,yaw towards right,yaw towards right,0.8576,1
4479,18:18:00.520346,14.392499999999998,31.358499999999985,0.4589664684216402,14.392499999999998,yaw towards right,yaw towards right,0.8706,1
4480,18:18:00.531654,17.791,34.473000000000006,0.5160850520697357,17.791,yaw towards right,yaw towards right,0.9497,1
4481,18:18:00.543891,20.830499999999997,28.404000000000025,0.733365019011406,20.830499999999997,yaw towards right,yaw towards right,0.9839,1
4482,18:18:00.556438,21.994999999999997,28.743000000000013,0.7652297950805409,21.994999999999997,yaw towards right,yaw towards right,0.873,1
4483,18:18:00.565550,25.8865,21.757,1.189800983591488,21.757,yaw towards right,yaw towards right,0.9692,1
4484,18:18:00.575248,30.454999999999995,21.861500000000028,1.393088305925941,21.861500000000028,yaw towards right,yaw towards right,0.979,1
4485,18:18:00.590111,33.318,23.18750000000003,1.4368948787061977,23.18750000000003,yaw towards right,yaw towards right,0.9658,1
4486,18:18:00.599731,36.8855,19.53450000000003,1.8882233996262991,19.53450000000003,yaw towards right,yaw towards right,0.9612,1
4487,18:18:00.609462,37.8325,19.389500000000027,1.951184919673016,19.389500000000027,yaw towards right,yaw towards right,0.9533,1
4488,18:18:00.622743,36.663,16.533000000000044,2.217564870259475,16.533000000000044,yaw towards right,yaw towards right,0.9573,1
4489,18:18:00.635037,39.297,20.333500000000033,1.9326235030860377,20.333500000000033,yaw towards right,yaw towards right,0.9671,1
4490,18:18:00.646530,38.983,24.097500000000014,1.6177196804647775,24.097500000000014,yaw towards right,yaw towards right,0.9742,1
4491,18:18:00.658523,35.8975,32.81799999999999,1.0938356999207757,32.81799999999999,yaw towards right,yaw towards right,0.989,1
4492,18:18:00.664177,35.24550000000001,32.7,1.077844036697248,32.7,yaw towards right,yaw towards right,0.9811,1
4493,18:18:00.679977,30.95350000000001,35.85350000000001,0.8633327290222712,30.95350000000001,yaw towards right,yaw towards right,0.9889,1
4494,18:18:00.689616,28.493500000000004,35.125499999999995,0.8111912997679751,28.493500000000004,yaw towards right,yaw towards right,0.9242,1
4495,18:18:00.703154,28.121,33.69149999999998,0.8346615615214527,28.121,yaw towards right,yaw towards right,0.967,1
4496,18:18:00.712840,22.633000000000006,34.41649999999998,0.6576206180175213,22.633000000000006,yaw towards right,yaw towards right,0.9932,1
4497,18:18:00.723772,21.382500000000007,39.22849999999999,0.5450756465324958,21.382500000000007,yaw towards right,yaw towards right,0.9969,1
4498,18:18:00.737021,20.337000000000007,42.919999999999966,0.4738350419384907,20.337000000000007,yaw towards right,yaw towards right,0.9978,1
4499,18:18:00.748771,18.423000000000005,39.76749999999998,0.4632677437606089,18.423000000000005,yaw towards right,yaw towards right,0.9973,1
4500,18:18:00.760618,17.3345,32.36049999999999,0.5356684847267503,17.3345,yaw towards right,yaw towards right,0.9957,1
4501,18:18:00.768917,17.214499999999997,27.28599999999999,0.6308912995675439,17.214499999999997,yaw towards right,yaw towards right,0.9591,1
4502,18:18:00.782495,17.3205,26.261999999999993,0.6595270733379028,17.3205,yaw towards right,yaw towards right,0.9547,1
4503,18:18:00.793289,16.039499999999997,23.90449999999999,0.6709824510029493,16.039499999999997,yaw towards right,yaw towards right,0.9619,1
4504,18:18:00.807113,21.2095,23.5205,0.9017452860270828,21.2095,yaw towards right,yaw towards right,0.9664,1
4505,18:18:00.814875,22.180999999999997,25.990500000000015,0.8534272137896534,22.180999999999997,yaw towards right,yaw towards right,0.9871,1
4506,18:18:00.826275,30.022999999999996,35.059,0.856356427736102,30.022999999999996,yaw towards right,yaw towards right,0.9967,1
4507,18:18:00.839537,43.07899999999999,40.73399999999997,1.0575686158982671,40.73399999999997,yaw towards right,yaw towards right,0.9971,1
4508,18:18:00.849791,53.7105,38.24999999999997,1.4041960784313736,38.24999999999997,yaw towards right,yaw towards right,0.9958,1
4509,18:18:00.859992,55.811,40.47999999999997,1.3787302371541512,40.47999999999997,yaw towards right,yaw towards right,0.9956,1
4510,18:18:00.869265,55.409000000000006,42.67999999999997,1.2982427366447995,42.67999999999997,yaw towards right,yaw towards right,0.9963,1
4511,18:18:00.885015,65.2585,52.167499999999976,1.250941678247952,52.167499999999976,yaw towards right,yaw towards right,0.9974,1
4512,18:18:00.895445,67.28200000000001,62.5155,1.0762450912173784,62.5155,yaw towards right,yaw towards right,0.9946,1
4513,18:18:00.909189,67.89250000000001,66.5875,1.019598272949127,66.5875,yaw towards right,yaw towards right,0.9836,1
4514,18:18:00.912073,68.16950000000001,67.37699999999998,1.0117621740356506,67.37699999999998,yaw towards right,yaw towards right,0.9873,1
4515,18:18:00.929889,63.422500000000014,70.29799999999997,0.9021949415346104,63.422500000000014,yaw towards right,yaw towards right,0.9859,1
4516,18:18:00.942055,54.3595,61.977499999999985,0.8770844257996856,54.3595,yaw towards right,yaw towards right,0.9962,1
4517,18:18:00.953606,41.36150000000001,51.560500000000005,0.8021935396282038,41.36150000000001,yaw towards right,yaw towards right,0.998,1
4518,18:18:00.962491,31.193,49.01300000000002,0.6364229898190273,31.193,yaw towards right,yaw towards right,0.9968,1
4519,18:18:00.976323,30.2455,46.06150000000002,0.6566329798204572,30.2455,yaw towards right,yaw towards right,0.9969,1
4520,18:18:00.984916,30.49,50.09950000000003,0.6085889080729345,30.49,yaw towards right,yaw towards right,0.9985,1
4521,18:18:00.999987,23.241999999999997,43.04550000000003,0.5399402957335837,23.241999999999997,yaw towards right,yaw towards right,0.9987,1
4522,18:18:01.006539,22.90399999999999,31.55950000000002,0.7257402683819444,22.90399999999999,yaw towards right,yaw towards right,0.9951,1
4523,18:18:01.018693,23.367999999999988,27.03350000000002,0.8644089740507137,23.367999999999988,yaw towards right,yaw towards right,0.9901,1
4524,18:18:01.031673,16.03049999999999,25.809000000000033,0.6211205393467383,16.03049999999999,yaw towards right,yaw towards right,0.9695,1
4525,18:18:01.042655,16.464499999999987,21.76200000000003,0.7565710872162469,16.464499999999987,yaw towards right,yaw towards right,0.9657,1
4526,18:18:01.056184,19.646999999999995,21.328500000000048,0.9211618257261388,19.646999999999995,yaw towards right,yaw towards right,0.9713,1
4527,18:18:01.064482,21.088499999999996,30.434500000000053,0.6929142913469898,21.088499999999996,yaw towards right,yaw towards right,0.9941,1
4528,18:18:01.076033,23.677499999999995,38.01100000000004,0.6229117886927461,23.677499999999995,yaw towards right,yaw towards right,0.9981,1
4529,18:18:01.088580,23.427499999999995,38.99050000000005,0.6008514894653817,23.427499999999995,yaw towards right,yaw towards right,0.997,1
4530,18:18:01.102078,25.12399999999999,31.84050000000004,0.7890579607732279,25.12399999999999,yaw towards right,yaw towards right,0.9931,1
4531,18:18:01.110444,22.501,30.45750000000003,0.7387671345317237,22.501,yaw towards right,yaw towards right,0.9967,1
4532,18:18:01.122179,20.192499999999992,34.85900000000003,0.5792621704581306,20.192499999999992,yaw towards right,yaw towards right,0.9984,1
4533,18:18:01.134837,21.34499999999999,45.54850000000003,0.4686213596496038,21.34499999999999,yaw towards right,yaw towards right,0.9949,1
4534,18:18:01.146742,21.391499999999994,51.97850000000003,0.4115451580942116,21.391499999999994,yaw towards right,yaw towards right,0.999,1
4535,18:18:01.155212,22.851999999999997,55.119500000000016,0.4145901178348858,22.851999999999997,yaw towards right,yaw towards right,0.9992,1
4536,18:18:01.159985,21.672499999999996,58.5835,0.3699420485290226,21.672499999999996,yaw towards right,yaw towards right,0.9993,1
4537,18:18:01.179882,30.232999999999993,51.998000000000005,0.5814262087003345,30.232999999999993,yaw towards right,yaw towards right,0.9992,1
4538,18:18:01.192161,30.76649999999999,45.022,0.6833659099995556,30.76649999999999,yaw towards right,yaw towards right,0.9984,1
4539,18:18:01.201342,31.794999999999995,51.5825,0.6163912179518246,31.794999999999995,yaw towards right,yaw towards right,0.9988,1
4540,18:18:01.212335,31.124999999999993,55.07949999999998,0.5650922757105639,31.124999999999993,yaw towards right,yaw towards right,0.9981,1
4541,18:18:01.224462,31.849999999999987,49.91899999999999,0.6380336144554176,31.849999999999987,yaw towards right,yaw towards right,0.9981,1
4542,18:18:01.237027,38.3385,46.049499999999995,0.8325497562405673,38.3385,yaw towards right,yaw towards right,0.9974,1
4543,18:18:01.249008,36.392999999999994,45.48449999999998,0.8001187217623588,36.392999999999994,yaw towards right,yaw towards right,0.9985,1
4544,18:18:01.258179,41.15849999999999,43.10399999999998,0.9548649777282852,41.15849999999999,yaw towards right,yaw towards right,0.9963,1
4545,18:18:01.269141,47.944,38.44449999999999,1.247096463733434,38.44449999999999,yaw towards right,yaw towards right,0.9942,1
4546,18:18:01.280628,52.16449999999999,33.27099999999997,1.5678669111238026,33.27099999999997,yaw towards right,yaw towards right,0.9919,1
4547,18:18:01.293744,45.80899999999999,31.69349999999998,1.44537523466957,31.69349999999998,yaw towards right,yaw towards right,0.9807,1
4548,18:18:01.299041,46.892,38.56649999999998,1.2158738801809867,38.56649999999998,yaw towards right,yaw towards right,0.9942,1
4549,18:18:01.314979,49.403499999999994,35.234999999999964,1.402114374911311,35.234999999999964,yaw towards right,yaw towards right,0.9955,1
4550,18:18:01.326254,53.51049999999999,43.769499999999965,1.2225522338614796,43.769499999999965,yaw towards right,yaw towards right,0.9799,1
4551,18:18:01.339631,53.2985,52.41349999999998,1.0168849628435428,52.41349999999998,yaw towards right,yaw towards right,0.9967,1
4552,18:18:01.346612,47.439499999999995,54.726999999999975,0.8668390374038412,47.439499999999995,yaw towards right,yaw towards right,0.9976,1
4553,18:18:01.356949,49.435500000000005,44.21749999999999,1.1180075761858996,44.21749999999999,yaw towards right,yaw towards right,0.9969,1
4554,18:18:01.372232,43.586,40.288,1.0818606036536935,40.288,yaw towards right,yaw towards right,0.9957,1
4555,18:18:01.384618,34.7905,48.74999999999999,0.7136512820512821,34.7905,yaw towards right,yaw towards right,0.9977,1
4556,18:18:01.396098,27.546999999999997,57.44099999999999,0.4795703417419613,27.546999999999997,yaw towards right,yaw towards right,0.9984,1
4557,18:18:01.405019,25.0135,56.38800000000001,0.4435961552103283,25.0135,yaw towards right,yaw towards right,0.998,1
4558,18:18:01.416933,24.6965,48.9055,0.5049841019926183,24.6965,yaw towards right,yaw towards right,0.9979,1
4559,18:18:01.428558,19.5265,52.31300000000001,0.3732628600921376,19.5265,yaw towards right,yaw towards right,0.9993,1
4560,18:18:01.440534,21.1565,47.73600000000002,0.4431980056980055,21.1565,yaw towards right,yaw towards right,0.9989,1
4561,18:18:01.449437,24.5045,52.12450000000001,0.4701148212452876,24.5045,yaw towards right,yaw towards right,0.9987,1
4562,18:18:01.458522,30.5645,49.733999999999995,0.6145594563075563,30.5645,yaw towards right,yaw towards right,0.9983,1
4563,18:18:01.474776,29.030499999999996,50.124500000000005,0.5791678719987231,29.030499999999996,yaw towards right,yaw towards right,0.998,1
4564,18:18:01.483883,32.64399999999999,53.262000000000015,0.6128947467237427,32.64399999999999,yaw towards right,yaw towards right,0.9978,1
4565,18:18:01.494664,35.1275,47.42900000000002,0.7406333677707727,35.1275,yaw towards right,yaw towards right,0.9977,1
4566,18:18:01.507095,35.07649999999999,48.941500000000026,0.7167025939131406,35.07649999999999,yaw towards right,yaw towards right,0.9971,1
4567,18:18:01.519894,34.64449999999998,56.77650000000001,0.6101908359972871,34.64449999999998,yaw towards right,yaw towards right,0.9979,1
4568,18:18:01.531935,30.307499999999983,62.533000000000015,0.4846640973565953,30.307499999999983,yaw towards right,yaw towards right,0.9981,1
4569,18:18:01.541688,35.04599999999998,67.45500000000001,0.5195463642428282,35.04599999999998,yaw towards right,yaw towards right,0.9825,1
4570,18:18:01.551610,28.037499999999987,67.474,0.415530426534665,28.037499999999987,yaw towards right,yaw towards right,0.9953,1
4571,18:18:01.564346,25.143999999999988,60.76350000000002,0.4138010483267089,25.143999999999988,yaw towards right,yaw towards right,0.9982,1
4572,18:18:01.574887,21.08949999999999,66.78550000000003,0.3157796228223189,21.08949999999999,yaw towards right,yaw towards right,0.998,1
4573,18:18:01.588547,35.46099999999999,66.68450000000003,0.5317727507891635,35.46099999999999,yaw towards right,yaw towards right,0.9952,1
4574,18:18:01.596844,45.783999999999985,63.41750000000002,0.7219458351401422,45.783999999999985,yaw towards right,yaw towards right,0.997,1
4575,18:18:01.609226,54.266,72.50400000000002,0.7484552576409575,54.266,yaw towards right,yaw towards right,0.996,1
4576,18:18:01.619727,64.768,73.25400000000002,0.8841564965735658,64.768,yaw towards right,yaw towards right,0.9961,1
4577,18:18:01.630598,68.29299999999998,71.78850000000003,0.9513083571881285,68.29299999999998,yaw towards right,yaw towards right,0.9943,1
4578,18:18:01.640199,68.01599999999999,68.36800000000002,0.9948513924643104,68.01599999999999,yaw towards right,yaw towards right,0.9931,1
4579,18:18:01.654662,66.548,56.888000000000034,1.1698073407396985,56.888000000000034,yaw towards right,yaw towards right,0.9973,1
4580,18:18:01.663596,70.362,49.40000000000005,1.4243319838056665,49.40000000000005,yaw towards right,yaw towards right,0.9965,1
4581,18:18:01.676394,75.46599999999998,43.01700000000004,1.7543296836134532,43.01700000000004,yaw towards right,yaw towards right,0.9967,1
4582,18:18:01.690615,75.0055,36.26350000000003,2.068346960442316,36.26350000000003,yaw towards right,yaw towards right,0.9989,1
4583,18:18:01.699254,60.55250000000001,36.03450000000005,1.6804035021992794,36.03450000000005,yaw towards right,yaw towards right,0.9977,1
4584,18:18:01.707697,47.99099999999999,35.13350000000003,1.3659612620433474,35.13350000000003,yaw towards right,yaw towards right,0.9978,1
4585,18:18:01.724881,41.08399999999999,33.41750000000003,1.229415725293632,33.41750000000003,yaw towards right,yaw towards right,0.9964,1
4586,18:18:01.730801,32.26999999999998,30.69350000000002,1.0513626663625837,30.69350000000002,yaw towards right,yaw towards right,0.9931,1
4587,18:18:01.740453,32.02399999999999,41.39550000000002,0.7736106581633262,32.02399999999999,yaw towards right,yaw towards right,0.9964,1
4588,18:18:01.756718,39.33549999999998,53.050000000000026,0.74147973609802,39.33549999999998,yaw towards right,yaw towards right,0.9982,1
4589,18:18:01.766229,37.50199999999999,66.77250000000004,0.5616383990415211,37.50199999999999,yaw towards right,yaw towards right,0.9853,1
4590,18:18:01.780223,39.02349999999999,73.90750000000003,0.5280046003450256,39.02349999999999,yaw towards right,yaw towards right,0.9911,1
4591,18:18:01.789461,45.416999999999994,75.69000000000003,0.6000396353547361,45.416999999999994,yaw towards right,yaw towards right,0.9899,1
4592,18:18:01.802408,54.46299999999999,76.90250000000003,0.7082084457592401,54.46299999999999,yaw towards right,yaw towards right,0.9856,1
4593,18:18:01.813757,66.37449999999998,79.94700000000003,0.8302312782218214,66.37449999999998,yaw towards right,yaw towards right,0.9621,1
4594,18:18:01.825110,77.516,83.70850000000003,0.9260230442547648,77.516,yaw towards right,yaw towards right,0.7963,1
4595,18:18:01.838978,79.08200000000001,73.83750000000002,1.0710275943795495,73.83750000000002,yaw towards right,yaw towards right,0.9882,1
4596,18:18:01.847666,93.20850000000002,70.99700000000004,1.312851247235798,70.99700000000004,yaw towards right,yaw towards right,0.9721,1
4597,18:18:01.858128,101.919,55.64500000000005,1.831593135052564,55.64500000000005,yaw towards right,yaw towards right,0.9954,1
4598,18:18:01.871811,99.7765,41.88150000000003,2.382352590045723,41.88150000000003,yaw towards right,yaw towards right,0.9982,1
4599,18:18:01.881662,101.799,34.02400000000003,2.991976252057369,34.02400000000003,yaw towards right,yaw towards right,0.996,1
4600,18:18:01.891115,97.198,29.62300000000003,3.281166661040405,29.62300000000003,yaw towards right,yaw towards right,0.9918,1
4601,18:18:01.898789,93.25000000000004,36.56700000000002,2.550113490305466,36.56700000000002,yaw towards right,yaw towards right,0.9585,1
4602,18:18:01.913334,89.92100000000002,39.16850000000004,2.2957478586108717,39.16850000000004,yaw towards right,yaw towards right,0.9905,1
4603,18:18:01.928654,78.69250000000002,45.115500000000026,1.7442453258857815,45.115500000000026,yaw towards right,yaw towards right,0.9646,1
4604,18:18:01.939611,68.25200000000002,43.992500000000014,1.5514462692504405,43.992500000000014,yaw towards right,yaw towards right,0.9847,1
4605,18:18:01.948385,64.35350000000001,44.659000000000034,1.4409973353635317,44.659000000000034,yaw towards right,yaw towards right,0.9945,1
4606,18:18:01.961474,51.858500000000014,43.414,1.1945109872391395,43.414,yaw towards right,yaw towards right,0.996,1
4607,18:18:01.973070,41.72050000000001,48.573999999999984,0.8589059990941661,41.72050000000001,yaw towards right,yaw towards right,0.998,1
4608,18:18:01.985677,37.57200000000002,47.80499999999998,0.7859428930028247,37.57200000000002,yaw towards right,yaw towards right,0.9953,1
4609,18:18:02.021798,35.94350000000001,43.13799999999995,0.8332212898140862,35.94350000000001,yaw towards right,yaw towards right,0.9967,1
4610,18:18:02.024818,33.569500000000005,44.18999999999993,0.7596628196424544,33.569500000000005,yaw towards right,yaw towards right,0.9873,1
4611,18:18:02.024818,28.112,35.51799999999992,0.7914860070949958,28.112,yaw towards right,yaw towards right,0.9961,1
4612,18:18:02.041568,20.3185,37.58949999999992,0.5405365860147128,20.3185,yaw towards right,yaw towards right,0.9946,1
4613,18:18:02.044754,20.778999999999996,40.26649999999994,0.5160369041262596,20.778999999999996,yaw towards right,yaw towards right,0.9652,1
4614,18:18:02.051982,20.059499999999996,43.91249999999996,0.4568061485909482,20.059499999999996,yaw towards right,yaw towards right,0.9965,1
4615,18:18:02.060318,19.543999999999993,53.22999999999995,0.3671613751643812,19.543999999999993,yaw towards right,yaw towards right,0.9654,1
4616,18:18:02.073066,19.75599999999999,51.07749999999999,0.3867847878224265,19.75599999999999,yaw towards right,yaw towards right,0.9961,1
4617,18:18:02.088486,22.51049999999999,50.338500000000025,0.4471825739741942,22.51049999999999,yaw towards right,yaw towards right,0.8956,1
4618,18:18:02.096527,27.31799999999999,50.96400000000004,0.5360254297150925,27.31799999999999,yaw towards right,yaw towards right,0.975,1
4619,18:18:02.106462,33.4695,57.64750000000003,0.5805889240643562,33.4695,yaw towards right,yaw towards right,0.9903,1
4620,18:18:02.121867,42.311,56.072000000000045,0.7545833927807098,42.311,yaw towards right,yaw towards right,0.9374,1
4621,18:18:02.133320,48.803,62.25300000000004,0.7839461552053711,48.803,yaw towards right,yaw towards right,0.9186,1
4622,18:18:02.144301,50.401,56.37850000000003,0.8939755403212213,50.401,yaw towards right,yaw towards right,0.9539,1
4623,18:18:02.153041,49.42750000000001,48.55600000000005,1.0179483482988707,48.55600000000005,yaw towards right,yaw towards right,0.925,1
4624,18:18:02.160424,50.009,43.727500000000035,1.1436510205248405,43.727500000000035,yaw towards right,yaw towards right,0.8929,1
4625,18:18:02.178786,54.15500000000001,34.79850000000004,1.5562452404557652,34.79850000000004,yaw towards right,yaw towards right,0.9054,1
4626,18:18:02.191337,58.54050000000002,36.71050000000001,1.594652756023481,36.71050000000001,yaw towards right,yaw towards right,0.9373,1
4627,18:18:02.196579,59.284500000000016,36.83049999999999,1.6096577564790062,36.83049999999999,yaw towards right,yaw towards right,0.9776,1
4628,18:18:02.206378,56.51350000000001,44.1925,1.2788029643038978,44.1925,yaw towards right,yaw towards right,0.9834,1
4629,18:18:02.223428,48.76750000000001,35.57650000000002,1.3707784633114553,35.57650000000002,yaw towards right,yaw towards right,0.9567,1
4630,18:18:02.229935,40.54650000000001,36.42050000000002,1.113287846130613,36.42050000000002,yaw towards right,yaw towards right,0.9695,1
4631,18:18:02.248107,31.858000000000004,32.820500000000045,0.9706738166694584,31.858000000000004,yaw towards right,yaw towards right,0.9684,1
4632,18:18:02.256536,31.139999999999997,33.01300000000004,0.9432647744827782,31.139999999999997,yaw towards right,yaw towards right,0.9805,1
4633,18:18:02.264675,32.6485,35.640000000000015,0.9160634118967448,32.6485,yaw towards right,yaw towards right,0.9932,1
4634,18:18:02.281795,34.01899999999999,49.45049999999999,0.6879404657182434,34.01899999999999,yaw towards right,yaw towards right,0.9953,1
4635,18:18:02.290579,28.473999999999997,62.85399999999995,0.4530181054507274,28.473999999999997,yaw towards right,yaw towards right,0.9977,1
4636,18:18:02.296967,23.370499999999996,62.28549999999995,0.3752157404211255,23.370499999999996,yaw towards right,yaw towards right,0.9959,1
4637,18:18:02.313452,16.176999999999996,59.62249999999997,0.2713237452304081,16.176999999999996,yaw towards right,yaw towards right,0.9995,1
4638,18:18:02.324306,13.0705,58.57999999999995,0.2231222260157052,13.0705,yaw towards right,yaw towards right,0.9968,1
4639,18:18:02.338488,13.953499999999996,63.935499999999955,0.2182433859123649,13.953499999999996,yaw towards right,yaw towards right,0.9985,1
4640,18:18:02.346944,16.777499999999993,70.80699999999997,0.2369469120284717,16.777499999999993,yaw towards right,yaw towards right,0.9949,1
4641,18:18:02.358373,19.536499999999993,75.70599999999995,0.2580574855361531,19.536499999999993,yaw towards right,yaw towards right,0.9928,1
4642,18:18:02.371884,18.88599999999999,82.04449999999997,0.2301921518200488,18.88599999999999,yaw towards right,yaw towards right,0.9976,1
4643,18:18:02.381303,17.003999999999987,90.74999999999996,0.1873719008264462,17.003999999999987,yaw towards right,yaw towards right,0.9879,1
4644,18:18:02.391003,14.20399999999999,86.33099999999999,0.1645295432695091,14.20399999999999,yaw towards right,yaw towards right,0.9976,1
4645,18:18:02.403587,15.634999999999993,72.91450000000002,0.2144292287542256,15.634999999999993,yaw towards right,yaw towards right,0.9949,1
4646,18:18:02.413456,13.572499999999993,70.44950000000001,0.192655732120171,13.572499999999993,yaw towards right,yaw towards right,0.9949,1
4647,18:18:02.425864,19.45199999999999,72.96200000000002,0.2666045338669442,19.45199999999999,yaw towards right,yaw towards right,0.9987,1
4648,18:18:02.441503,26.19249999999999,71.60950000000003,0.3657685083683027,26.19249999999999,yaw towards right,yaw towards right,0.9975,1
4649,18:18:02.449781,31.99849999999999,67.99650000000001,0.4705903980351927,31.99849999999999,yaw towards right,yaw towards right,0.9959,1
4650,18:18:02.458079,32.739999999999995,58.05600000000002,0.5639382665013088,32.739999999999995,yaw towards right,yaw towards right,0.9978,1
4651,18:18:02.473963,29.313999999999982,50.90300000000001,0.5758796141681233,29.313999999999982,yaw towards right,yaw towards right,0.9982,1
4652,18:18:02.485384,29.022999999999996,55.926,0.518953617279977,29.022999999999996,yaw towards right,yaw towards right,0.9977,1
4653,18:18:02.494076,29.294999999999995,50.552500000000016,0.5794965629790808,29.294999999999995,yaw towards right,yaw towards right,0.9973,1
4654,18:18:02.507627,31.778,40.21500000000002,0.7902026606987439,31.778,yaw towards right,yaw towards right,0.9681,1
4655,18:18:02.518854,32.135,39.77900000000001,0.807838306644209,32.135,yaw towards right,yaw towards right,0.9931,1
4656,18:18:02.529857,32.1855,39.60750000000002,0.8126112478697212,32.1855,yaw towards right,yaw towards right,0.995,1
4657,18:18:02.539876,27.4625,43.08450000000002,0.6374102055263491,27.4625,yaw towards right,yaw towards right,0.9499,1
4658,18:18:02.551677,24.1895,45.89450000000001,0.5270675135364803,24.1895,yaw towards right,yaw towards right,0.9719,1
4659,18:18:02.564285,19.990500000000004,46.39250000000001,0.4308993910653661,19.990500000000004,yaw towards right,yaw towards right,0.9988,1
4660,18:18:02.575045,18.83900000000001,48.79950000000001,0.3860490373876782,18.83900000000001,yaw towards right,yaw towards right,0.999,1
4661,18:18:02.588463,20.928500000000017,60.14000000000001,0.3479963418689726,20.928500000000017,yaw towards right,yaw towards right,0.9994,1
4662,18:18:02.592019,21.16300000000001,58.415499999999994,0.3622839828470185,21.16300000000001,yaw towards right,yaw towards right,0.9992,1
4663,18:18:02.609113,21.585000000000015,56.54799999999998,0.3817111126830307,21.585000000000015,yaw towards right,yaw towards right,0.9992,1
4664,18:18:02.617286,20.28800000000001,60.76649999999997,0.3338681674936029,20.28800000000001,yaw towards right,yaw towards right,0.9994,1
4665,18:18:02.630037,19.31150000000001,61.60399999999997,0.3134780209077335,19.31150000000001,yaw towards right,yaw towards right,0.9995,1
4666,18:18:02.639755,20.620000000000005,70.14349999999997,0.293968792546708,20.620000000000005,yaw towards right,yaw towards right,0.9911,1
4667,18:18:02.654389,19.09350000000001,65.52749999999999,0.2913814810575714,19.09350000000001,yaw towards right,yaw towards right,0.997,1
4668,18:18:02.662382,16.817500000000006,69.75999999999999,0.2410765481651377,16.817500000000006,yaw towards right,yaw towards right,0.9903,1
4669,18:18:02.676685,13.946500000000004,74.13199999999998,0.1881306318458966,13.946500000000004,yaw towards right,yaw towards right,0.9968,1
4670,18:18:02.680086,11.8945,74.48299999999998,0.1596941583985607,11.8945,yaw towards right,yaw towards right,0.9935,1
4671,18:18:02.698674,10.313499999999996,63.09949999999999,0.1634482048193725,10.313499999999996,yaw towards right,yaw towards right,0.9974,1
4672,18:18:02.710801,11.307999999999998,55.84400000000001,0.2024926581190458,11.307999999999998,yaw towards right,yaw towards right,0.9988,1
4673,18:18:02.724754,10.631999999999996,52.96600000000001,0.200732545406487,10.631999999999996,yaw towards right,yaw towards right,0.9986,1
4674,18:18:02.731518,10.488999999999995,48.596500000000006,0.2158385891988105,10.488999999999995,yaw towards right,yaw towards right,0.9981,1
4675,18:18:02.742593,9.852999999999998,55.6105,0.1771787701962758,9.852999999999998,yaw towards right,yaw towards right,0.9974,1
4676,18:18:02.756518,8.887999999999996,49.503,0.1795446740601579,8.887999999999996,yaw towards right,yaw towards right,0.9983,1
4677,18:18:02.768663,10.405999999999995,44.6985,0.2328042328042327,10.405999999999995,yaw towards right,yaw towards right,0.9974,1
4678,18:18:02.781413,10.615499999999995,41.568500000000014,0.2553736603437698,10.615499999999995,yaw towards right,yaw towards right,0.9969,1
4679,18:18:02.789538,12.8805,44.32050000000001,0.290621721325346,12.8805,yaw towards right,yaw towards right,0.9969,1
4680,18:18:02.800590,13.489499999999998,46.61250000000002,0.2893966210780368,13.489499999999998,yaw towards right,yaw towards right,0.9987,1
4681,18:18:02.812509,14.2625,51.99300000000001,0.2743157732771719,14.2625,yaw towards right,yaw towards right,0.9992,1
4682,18:18:02.825876,13.2895,49.860499999999995,0.2665336288244201,13.2895,yaw towards right,yaw towards right,0.9985,1
4683,18:18:02.834629,13.219500000000002,45.58400000000001,0.2900030712530712,13.219500000000002,yaw towards right,yaw towards right,0.9983,1
4684,18:18:02.846624,11.907500000000004,46.731500000000025,0.2548067149567208,11.907500000000004,yaw towards right,yaw towards right,0.9965,1
4685,18:18:02.858598,12.289000000000003,39.22050000000003,0.3133310386150099,12.289000000000003,yaw towards right,yaw towards right,0.9962,1
4686,18:18:02.871769,11.879500000000007,37.90950000000002,0.3133647238818766,11.879500000000007,yaw towards right,yaw towards right,0.9952,1
4687,18:18:02.883411,11.40900000000001,45.32500000000002,0.2517153888582461,11.40900000000001,yaw towards right,yaw towards right,0.9974,1
4688,18:18:02.891595,11.353000000000009,39.813,0.2851581141838095,11.353000000000009,yaw towards right,yaw towards right,0.9963,1
4689,18:18:02.903911,9.279500000000004,40.27600000000002,0.2303977554871387,9.279500000000004,yaw towards right,yaw towards right,0.9938,1
4690,18:18:02.916268,7.907000000000008,40.05300000000001,0.1974134272089482,7.907000000000008,yaw towards right,yaw towards right,0.9966,1
4691,18:18:02.927148,6.544500000000005,38.35550000000002,0.1706274197963786,6.544500000000005,yaw towards right,yaw towards right,0.9947,1
4692,18:18:02.936555,6.9855000000000045,42.01050000000001,0.1662798586067769,6.9855000000000045,yaw towards right,yaw towards right,0.9976,1
4693,18:18:02.948167,6.573500000000005,44.9105,0.1463688892352569,6.573500000000005,yaw towards right,yaw towards right,0.9986,1
4694,18:18:02.956861,7.353500000000002,45.70349999999998,0.160895773846642,7.353500000000002,yaw towards right,yaw towards right,0.9989,1
4695,18:18:02.973769,7.375500000000002,48.31649999999998,0.1526497159355501,7.375500000000002,yaw towards right,yaw towards right,0.9994,1
4696,18:18:02.980267,7.858500000000001,49.78499999999998,0.1578487496233806,7.858500000000001,yaw towards right,yaw towards right,0.9993,1
4697,18:18:02.991692,6.593499999999997,43.11299999999999,0.1529353095354069,6.593499999999997,yaw towards right,yaw towards right,0.9983,1
4698,18:18:03.006212,6.115,48.553500000000014,0.1259435468091898,6.115,yaw towards right,yaw towards right,0.9991,1
4699,18:18:03.018450,7.008500000000003,43.98100000000001,0.1593529023896683,7.008500000000003,yaw towards right,yaw towards right,0.9983,1
4700,18:18:03.030182,8.375499999999999,42.01600000000001,0.1993407273419648,8.375499999999999,yaw towards right,yaw towards right,0.9971,1
4701,18:18:03.039718,10.4295,40.812000000000005,0.2555498382828579,10.4295,yaw towards right,yaw towards right,0.9947,1
4702,18:18:03.051141,10.696999999999996,37.055000000000014,0.2886789906895154,10.696999999999996,yaw towards right,yaw towards right,0.9958,1
4703,18:18:03.059297,12.770499999999997,40.86050000000001,0.3125390046622041,12.770499999999997,yaw towards right,yaw towards right,0.9945,1
4704,18:18:03.075521,12.597999999999995,41.12050000000002,0.3063678700404905,12.597999999999995,yaw towards right,yaw towards right,0.9949,1
4705,18:18:03.084272,13.104999999999997,47.27900000000004,0.2771843736119627,13.104999999999997,yaw towards right,yaw towards right,0.989,1
4706,18:18:03.096950,12.970999999999997,48.28900000000004,0.2686118991902915,12.970999999999997,yaw towards right,yaw towards right,0.9948,1
4707,18:18:03.108957,13.081999999999995,46.929500000000026,0.2787585633769801,13.081999999999995,yaw towards right,yaw towards right,0.996,1
4708,18:18:03.121315,12.966499999999996,45.521,0.2848465543375584,12.966499999999996,yaw towards right,yaw towards right,0.9887,1
4709,18:18:03.128411,12.430999999999994,41.41849999999998,0.3001315837125922,12.430999999999994,yaw towards right,yaw towards right,0.9965,1
4710,18:18:03.140227,12.779999999999998,45.96399999999997,0.2780436863632409,12.779999999999998,yaw towards right,yaw towards right,0.9817,1
4711,18:18:03.153453,11.6245,45.81299999999998,0.2537380219588327,11.6245,yaw towards right,yaw towards right,0.9897,1
4712,18:18:03.166180,12.5855,53.80949999999998,0.2338899264999676,12.5855,yaw towards right,yaw towards right,0.9859,1
4713,18:18:03.175867,12.658000000000005,47.33799999999997,0.2673961722083741,12.658000000000005,yaw towards right,yaw towards right,0.9778,1
4714,18:18:03.180172,13.802000000000003,47.5885,0.290028052995997,13.802000000000003,yaw towards right,yaw towards right,0.996,1
4715,18:18:03.198739,14.742000000000004,39.88299999999997,0.3696311711756893,14.742000000000004,yaw towards right,yaw towards right,0.9941,1
4716,18:18:03.207974,15.141500000000004,41.19299999999994,0.3675745879154231,15.141500000000004,yaw towards right,yaw towards right,0.9961,1
4717,18:18:03.223239,17.063000000000006,41.70649999999995,0.4091208804383016,17.063000000000006,yaw towards right,yaw towards right,0.8355,1
4718,18:18:03.231989,17.722,35.49249999999994,0.4993167570613518,17.722,yaw towards right,yaw towards right,0.9568,1
4719,18:18:03.240605,19.3045,37.370999999999974,0.5165636456075571,19.3045,yaw towards right,yaw towards right,0.8642,1
4720,18:18:03.256058,18.940499999999997,29.969999999999978,0.6319819819819823,18.940499999999997,yaw towards right,yaw towards right,0.8709,1
4721,18:18:03.267999,19.2155,37.91999999999997,0.5067378691983125,19.2155,yaw towards right,yaw towards right,0.9378,1
4722,18:18:03.280325,18.514499999999995,37.17449999999997,0.4980430133559296,18.514499999999995,yaw towards right,yaw towards right,0.9472,1
4723,18:18:03.283009,16.725999999999992,45.38900000000002,0.3685033818766658,16.725999999999992,yaw towards right,yaw towards right,0.9626,1
4724,18:18:03.298242,15.413999999999993,42.41599999999999,0.3634006035458317,15.413999999999993,yaw towards right,yaw towards right,0.9472,1
4725,18:18:03.314586,13.493499999999994,41.80600000000001,0.3227646749270437,13.493499999999994,yaw towards right,yaw towards right,0.9713,1
4726,18:18:03.325115,12.529499999999992,40.25900000000004,0.3112223353784242,12.529499999999992,yaw towards right,yaw towards right,0.8338,1
4727,18:18:03.334882,10.801999999999994,40.127000000000024,0.2691953049069202,10.801999999999994,yaw towards right,yaw towards right,0.834,1
4728,18:18:03.348009,9.387999999999996,50.02200000000004,0.1876774219343486,9.387999999999996,yaw towards right,yaw towards right,0.9881,1
4729,18:18:03.357615,7.7834999999999965,67.85150000000003,0.1147137498802531,7.7834999999999965,yaw towards right,yaw towards right,0.9824,1
4730,18:18:03.372205,6.627499999999998,86.26400000000004,0.0768281090605582,6.627499999999998,yaw towards right,yaw towards right,0.9011,1
4731,18:18:03.380173,6.947999999999998,82.44150000000005,0.0842779425410745,6.947999999999998,yaw towards right,yaw towards right,0.8894,1
4732,18:18:03.392895,6.794499999999999,79.24050000000004,0.0857452943886017,6.794499999999999,yaw towards right,yaw towards right,0.9655,1
4733,18:18:03.397734,8.370000000000001,73.61600000000003,0.1136981091067159,8.370000000000001,yaw towards right,yaw towards right,0.7695,1
4734,18:18:03.413637,10.116500000000002,76.06700000000004,0.13299459686855,10.116500000000002,yaw towards right,yaw towards right,0.8237,1
4735,18:18:03.424963,12.9305,76.63000000000002,0.1687393971029622,12.9305,yaw towards right,yaw towards right,0.9214,1
4736,18:18:03.435040,15.1865,72.47150000000002,0.2095513408719289,15.1865,yaw towards right,yaw towards right,0.9427,1
4737,18:18:03.442885,16.9765,72.60700000000001,0.2338135441486357,16.9765,yaw towards right,yaw towards right,0.9489,1
4738,18:18:03.460943,19.0875,69.76800000000003,0.2735853113175093,19.0875,yaw towards right,yaw towards right,0.719,1
4739,18:18:03.463732,20.008,51.84400000000003,0.3859270118046444,20.008,yaw towards right,yaw towards right,0.7399,1
4740,18:18:03.482060,21.295499999999997,42.94950000000001,0.4958264939056332,21.295499999999997,yaw towards right,yaw towards right,0.7361,1
4741,18:18:03.493187,20.8075,41.66699999999999,0.4993760049919602,20.8075,yaw towards right,yaw towards right,0.4096,1
4742,18:18:03.507015,21.2235,48.85749999999999,0.4343959473980455,21.2235,yaw towards right,yaw towards left,0.649,0
4743,18:18:03.515383,20.967,52.35399999999997,0.4004851587271271,20.967,yaw towards right,yaw towards right,0.8222,1
4744,18:18:03.527086,20.045499999999997,51.075499999999984,0.39246801303952,20.045499999999997,yaw towards right,yaw towards right,0.5343,1
4745,18:18:03.539896,18.342999999999996,56.37749999999998,0.3253602944437054,18.342999999999996,yaw towards right,yaw towards right,0.5275,1
4746,18:18:03.551252,15.8655,58.32199999999998,0.2720328520969789,15.8655,yaw towards right,yaw towards right,0.8199,1
4747,18:18:03.563146,13.7195,65.229,0.2103282282420396,13.7195,yaw towards right,yaw towards right,0.7631,1
4748,18:18:03.572451,11.9155,59.20399999999999,0.2012617390716843,11.9155,yaw towards right,yaw towards right,0.6836,1
4749,18:18:03.580272,10.464499999999996,63.38149999999998,0.165103381901659,10.464499999999996,yaw towards right,yaw towards right,0.6806,1
4750,18:18:03.597394,9.2775,55.268999999999984,0.1678608261412365,9.2775,yaw towards right,yaw towards right,0.8291,1
4751,18:18:03.607965,8.725499999999998,52.157999999999994,0.1672897733808811,8.725499999999998,yaw towards right,yaw towards right,0.8467,1
4752,18:18:03.615040,7.223499999999999,41.4545,0.1742512875562363,7.223499999999999,yaw towards right,yaw towards right,0.5759,1
4753,18:18:03.630230,6.083999999999999,38.4555,0.1582088387876896,6.083999999999999,yaw towards right,yaw towards right,0.4279,1
4754,18:18:03.642082,5.345999999999999,38.60350000000001,0.1384848524097555,5.345999999999999,yaw towards right,up,0.5199,0
4755,18:18:03.655057,4.154499999999999,31.927000000000003,0.1301249725937294,4.154499999999999,yaw towards right,yaw towards right,0.5702,1
4756,18:18:03.665396,5.125,33.840500000000006,0.1514457528700817,5.125,yaw towards right,up,0.6667,0
4757,18:18:03.675145,6.223999999999999,26.728500000000015,0.2328600557457394,6.223999999999999,yaw towards right,yaw towards right,0.4827,1
4758,18:18:03.682455,6.867999999999999,34.30550000000001,0.2002011339289617,6.867999999999999,yaw towards right,down,0.5795,0
4759,18:18:03.693516,8.1265,47.76700000000004,0.1701279125756274,8.1265,yaw towards right,yaw towards right,0.8161,1
4760,18:18:03.710036,8.3455,67.64700000000002,0.123368368146407,8.3455,yaw towards right,yaw towards right,0.731,1
4761,18:18:03.718213,9.554,75.02350000000001,0.1273467646804001,9.554,yaw towards right,yaw towards right,0.8479,1
4762,18:18:03.730604,10.3405,80.89850000000001,0.1278206641655902,10.3405,yaw towards right,yaw towards right,0.8503,1
4763,18:18:03.744416,11.859,79.00150000000004,0.15011107384037,11.859,yaw towards right,yaw towards right,0.9257,1
4764,18:18:03.755049,12.4005,78.58900000000001,0.1577892580386568,12.4005,yaw towards right,yaw towards right,0.9405,1
4765,18:18:03.764992,14.8395,78.14550000000001,0.1898957713495978,14.8395,yaw towards right,yaw towards right,0.9308,1
4766,18:18:03.774762,16.131000000000004,84.4795,0.1909457323966169,16.131000000000004,yaw towards right,yaw towards right,0.9731,1
4767,18:18:03.788604,16.9825,92.69199999999998,0.1832143011263108,16.9825,yaw towards right,yaw towards right,0.9681,1
4768,18:18:03.797975,18.4135,83.46849999999999,0.2206041800200075,18.4135,yaw towards right,yaw towards right,0.9692,1
4769,18:18:03.808794,18.3235,62.64649999999999,0.2924904024965481,18.3235,yaw towards right,yaw towards right,0.9807,1
4770,18:18:03.822332,19.693,48.5005,0.406037051164421,19.693,yaw towards right,yaw towards right,0.9448,1
4771,18:18:03.833088,19.012499999999996,41.74650000000001,0.4554274010994931,19.012499999999996,yaw towards right,yaw towards right,0.9386,1
4772,18:18:03.844618,19.627,41.06150000000002,0.4779903315758068,19.627,yaw towards right,yaw towards right,0.8888,1
4773,18:18:03.855340,19.409,41.39850000000002,0.4688334118385929,19.409,yaw towards right,yaw towards right,0.9612,1
4774,18:18:03.864663,19.2275,40.73700000000003,0.471991064634116,19.2275,yaw towards right,yaw towards right,0.9613,1
4775,18:18:03.880364,18.881,47.607000000000035,0.3966013401390549,18.881,yaw towards right,yaw towards right,0.9004,1
4776,18:18:03.892394,17.729999999999997,40.215500000000034,0.4408747870845814,17.729999999999997,yaw towards right,yaw towards right,0.946,1
4777,18:18:03.900681,17.705,40.30600000000003,0.4392646256140521,17.705,yaw towards right,yaw towards right,0.9847,1
4778,18:18:03.911838,15.729,42.905500000000025,0.3665963571103935,15.729,yaw towards right,yaw towards right,0.9324,1
4779,18:18:03.923115,15.063999999999998,51.40950000000002,0.2930197726101205,15.063999999999998,yaw towards right,yaw towards right,0.8756,1
4780,18:18:03.934173,13.3265,47.45100000000001,0.2808476112199953,13.3265,yaw towards right,yaw towards right,0.8858,1
4781,18:18:03.947313,12.2345,44.9295,0.2723043879856218,12.2345,yaw towards right,yaw towards right,0.8782,1
4782,18:18:03.956602,11.9685,44.30899999999998,0.2701144237062448,11.9685,yaw towards right,yaw towards right,0.9813,1
4783,18:18:03.964862,10.902,42.33199999999999,0.2575356704148163,10.902,yaw towards right,yaw towards right,0.9757,1
4784,18:18:03.981451,11.683,47.69949999999997,0.2449291921298966,11.683,yaw towards right,yaw towards right,0.9884,1
4785,18:18:03.992452,10.582999999999998,40.97349999999997,0.2582888940412707,10.582999999999998,yaw towards right,yaw towards right,0.987,1
4786,18:18:04.006380,10.633999999999997,43.01949999999998,0.2471902276874441,10.633999999999997,yaw towards right,yaw towards right,0.9819,1
4787,18:18:04.011614,9.398,34.76349999999998,0.2703410185970919,9.398,yaw towards right,yaw towards right,0.9904,1
4788,18:18:04.027489,8.757,34.2905,0.2553768536475116,8.757,yaw towards right,yaw towards right,0.9782,1
4789,18:18:04.037966,9.2395,28.2195,0.3274154396782366,9.2395,yaw towards right,yaw towards right,0.9686,1
4790,18:18:04.048532,8.930000000000001,26.018500000000024,0.3432173261333279,8.930000000000001,yaw towards right,yaw towards right,0.8825,1
4791,18:18:04.059890,9.794000000000002,29.329000000000025,0.3339356950458588,9.794000000000002,yaw towards right,yaw towards right,0.9787,1
4792,18:18:04.071860,8.651000000000002,23.94850000000004,0.3612334801762109,8.651000000000002,yaw towards right,yaw towards right,0.9208,1
4793,18:18:04.084100,8.123500000000002,25.879500000000014,0.3138971000212522,8.123500000000002,yaw towards right,yaw towards right,0.9332,1
4794,18:18:04.095082,6.2065,20.327000000000005,0.3053328085797215,6.2065,yaw towards right,yaw towards right,0.9777,1
4795,18:18:04.107600,5.363999999999999,23.645999999999987,0.2268459781781274,5.363999999999999,yaw towards right,yaw towards right,0.9816,1
4796,18:18:04.117659,4.495500000000002,19.40000000000001,0.2317268041237113,4.495500000000002,yaw towards right,yaw towards right,0.9622,1
4797,18:18:04.129925,4.122999999999999,21.97600000000001,0.1876137604659628,4.122999999999999,yaw towards right,yaw towards right,0.9865,1
4798,18:18:04.141992,4.672499999999999,21.232999999999997,0.2200583996609052,4.672499999999999,yaw towards right,yaw towards right,0.9906,1
4799,18:18:04.153367,4.239499999999998,19.16799999999999,0.221175918196995,4.239499999999998,yaw towards right,yaw towards right,0.9507,1
4800,18:18:04.161601,4.151499999999996,22.23799999999997,0.1866849536828852,4.151499999999996,yaw towards right,yaw towards right,0.9751,1
4801,18:18:04.174566,3.3749999999999942,18.452999999999957,0.1828970899040807,3.3749999999999942,yaw towards right,yaw towards right,0.9495,1
4802,18:18:04.185048,3.696999999999991,21.71049999999994,0.170286267013657,3.696999999999991,yaw towards right,yaw towards right,0.9912,1
4803,18:18:04.198843,3.7324999999999937,21.230999999999955,0.1758042485045453,3.7324999999999937,yaw towards right,yaw towards right,0.992,1
4804,18:18:04.208726,4.326499999999993,22.30049999999997,0.1940091029349117,4.326499999999993,yaw towards right,yaw towards right,0.9845,1
4805,18:18:04.218596,4.525999999999996,22.052000000000003,0.2052421549065842,4.525999999999996,yaw towards right,yaw towards right,0.9706,1
4806,18:18:04.231151,4.202999999999994,21.46449999999998,0.1958116890679959,4.202999999999994,yaw towards right,yaw towards right,0.9912,1
4807,18:18:04.243581,3.922999999999996,22.858499999999985,0.1716210599995624,3.922999999999996,yaw towards right,yaw towards right,0.8184,1
4808,18:18:04.256360,3.719999999999999,20.698499999999996,0.1797231683455322,3.719999999999999,yaw towards right,yaw towards right,0.9833,1
4809,18:18:04.262264,3.4400000000000035,23.076499999999992,0.1490693996056596,3.4400000000000035,yaw towards right,yaw towards right,0.9806,1
4810,18:18:04.275933,3.9180000000000064,31.598999999999997,0.1239912655463782,3.9180000000000064,yaw towards right,yaw towards right,0.9349,1
4811,18:18:04.288053,4.322000000000008,44.888500000000015,0.0962830123528299,4.322000000000008,yaw towards right,yaw towards right,0.9982,1
4812,18:18:04.299094,4.233500000000009,47.22050000000003,0.0896538579642317,4.233500000000009,yaw towards right,yaw towards right,0.9992,1
4813,18:18:04.314184,4.262000000000006,51.99200000000003,0.0819741498692107,4.262000000000006,yaw towards right,yaw towards right,0.9981,1
4814,18:18:04.322355,3.718000000000006,50.84100000000004,0.0731299541708464,3.718000000000006,yaw towards right,yaw towards right,0.975,1
4815,18:18:04.330326,3.6945000000000023,48.56100000000002,0.0760795700253289,3.6945000000000023,yaw towards right,yaw towards right,0.991,1
4816,18:18:04.344475,4.965000000000003,50.615000000000016,0.0980934505581349,4.965000000000003,yaw towards right,yaw towards right,0.9813,1
4817,18:18:04.358009,5.099000000000004,60.057500000000026,0.0849019689464263,5.099000000000004,yaw towards right,yaw towards right,0.9989,1
4818,18:18:04.366818,4.893500000000003,72.50150000000001,0.0674951552726495,4.893500000000003,yaw towards right,yaw towards right,0.998,1
4819,18:18:04.378026,4.717999999999998,71.12500000000003,0.0663339191564147,4.717999999999998,yaw towards right,yaw towards right,0.9961,1
4820,18:18:04.392153,4.394999999999996,61.897500000000015,0.0710044832182236,4.394999999999996,yaw towards right,yaw towards right,0.9978,1
4821,18:18:04.403202,4.100499999999994,50.44000000000001,0.0812946074544011,4.100499999999994,yaw towards right,yaw towards right,0.9982,1
4822,18:18:04.411382,3.960999999999996,44.789000000000016,0.0884368929871172,3.960999999999996,yaw towards right,yaw towards right,0.9977,1
4823,18:18:04.421977,3.612499999999997,38.93400000000002,0.0927852262803718,3.612499999999997,yaw towards right,yaw towards right,0.9794,1
4824,18:18:04.436754,3.886999999999998,50.15100000000002,0.0775059320851029,3.886999999999998,yaw towards right,yaw towards right,0.9991,1
4825,18:18:04.448993,3.9265,58.8045,0.0667721007746005,3.9265,yaw towards right,yaw towards right,0.9935,1
4826,18:18:04.460055,2.4124999999999988,56.647500000000015,0.0425879341541991,2.4124999999999988,yaw towards right,yaw towards right,0.9969,1
4827,18:18:04.465498,3.3045,44.3395,0.0745272274157354,3.3045,yaw towards right,yaw towards right,0.9494,1
4828,18:18:04.480309,4.084999999999999,37.0595,0.1102281466290694,4.084999999999999,yaw towards right,yaw towards left,0.6354,0
4829,18:18:04.493212,4.860000000000001,37.790000000000006,0.1286054511775602,4.860000000000001,yaw towards right,yaw towards right,0.8456,1
4830,18:18:04.506268,6.0625,34.88450000000001,0.1737877854061258,6.0625,yaw towards right,yaw towards right,0.9093,1
4831,18:18:04.514509,6.101000000000001,44.6075,0.1367707224121504,6.101000000000001,yaw towards right,yaw towards right,0.9853,1
4832,18:18:04.526721,7.025500000000001,54.532499999999985,0.1288314307981479,7.025500000000001,yaw towards right,yaw towards right,0.9897,1
4833,18:18:04.538388,7.8535,53.508,0.146772445241833,7.8535,yaw towards right,yaw towards right,0.9836,1
4834,18:18:04.549949,9.2315,43.457999999999984,0.2124234893460353,9.2315,yaw towards right,down,0.4989,0
4835,18:18:04.557834,9.6765,39.4805,0.2450956801458948,9.6765,yaw towards right,yaw towards right,0.843,1
4836,18:18:04.572332,10.7555,42.339000000000006,0.2540329247266114,10.7555,yaw towards right,yaw towards right,0.9171,1
4837,18:18:04.583345,10.978,49.090500000000006,0.2236277894908383,10.978,yaw towards right,yaw towards right,0.9563,1
4838,18:18:04.595474,11.2175,55.9405,0.2005255584058061,11.2175,yaw towards right,yaw towards right,0.9058,1
4839,18:18:04.608002,11.241,61.9385,0.1814864744867893,11.241,yaw towards right,yaw towards right,0.9225,1
4840,18:18:04.614975,10.070000000000002,63.36999999999998,0.1589080006312135,10.070000000000002,yaw towards right,yaw towards right,0.9749,1
4841,18:18:04.628153,10.361,52.1615,0.1986330914563423,10.361,yaw towards right,yaw towards right,0.9415,1
4842,18:18:04.641340,9.296500000000002,49.2595,0.1887250175093129,9.296500000000002,yaw towards right,yaw towards right,0.9232,1
4843,18:18:04.652059,9.052500000000004,54.22549999999999,0.1669417524965192,9.052500000000004,yaw towards right,yaw towards right,0.9328,1
4844,18:18:04.659179,7.9155000000000015,53.619499999999995,0.1476235324835181,7.9155000000000015,yaw towards right,yaw towards right,0.9368,1
4845,18:18:04.675219,7.7475,48.60899999999999,0.1593840646793804,7.7475,yaw towards right,yaw towards right,0.9239,1
4846,18:18:04.686473,7.814,46.81049999999998,0.1669283600901507,7.814,yaw towards right,yaw towards right,0.866,1
4847,18:18:04.697382,6.936,39.6215,0.1750564718650228,6.936,yaw towards right,down,0.6006,0
4848,18:18:04.707508,5.691999999999998,27.153000000000013,0.2096269288844693,5.691999999999998,yaw towards right,down,0.4445,0
4849,18:18:04.713669,4.680499999999998,26.623000000000008,0.1758066333621303,4.680499999999998,yaw towards right,yaw towards right,0.7358,1
4850,18:18:04.731207,5.166999999999997,30.710999999999995,0.1682459053759238,5.166999999999997,yaw towards right,yaw towards right,0.8864,1
4851,18:18:04.742798,4.7384999999999975,39.45249999999999,0.1201064571319941,4.7384999999999975,yaw towards right,up,0.5905,0
4852,18:18:04.750799,5.466499999999996,38.897,0.1405378306810293,5.466499999999996,yaw towards right,yaw towards right,0.7868,1
4853,18:18:04.761872,5.332499999999996,38.00149999999999,0.1403234082865149,5.332499999999996,yaw towards right,yaw towards right,0.828,1
4854,18:18:04.776566,5.862999999999998,39.959,0.1467253935283665,5.862999999999998,yaw towards right,yaw towards right,0.7166,1
4855,18:18:04.786272,5.409999999999998,42.592,0.1270191585274229,5.409999999999998,yaw towards right,yaw towards right,0.8662,1
4856,18:18:04.796379,4.381499999999998,43.07200000000001,0.1017250185735511,4.381499999999998,yaw towards right,yaw towards right,0.9195,1
4857,18:18:04.807647,4.348999999999998,42.623999999999995,0.1020317192192191,4.348999999999998,yaw towards right,yaw towards right,0.9104,1
4858,18:18:04.822068,4.502999999999998,48.63849999999999,0.0925809800877905,4.502999999999998,yaw towards right,yaw towards right,0.7561,1
4859,18:18:04.833593,5.151999999999999,43.65149999999999,0.1180257264927894,5.151999999999999,yaw towards right,yaw towards right,0.9021,1
4860,18:18:04.842768,4.856999999999999,46.12050000000001,0.1053110872605457,4.856999999999999,yaw towards right,yaw towards right,0.921,1
4861,18:18:04.854103,4.774999999999999,54.90650000000001,0.0869660240590822,4.774999999999999,yaw towards right,yaw towards right,0.9436,1
4862,18:18:04.862510,4.321499999999999,62.237999999999985,0.0694350718210739,4.321499999999999,yaw towards right,yaw towards right,0.9616,1
4863,18:18:04.878568,4.146499999999999,58.523,0.070852485347641,4.146499999999999,yaw towards right,yaw towards right,0.9427,1
4864,18:18:04.885452,3.906999999999998,56.55999999999999,0.0690770862800565,3.906999999999998,yaw towards right,yaw towards right,0.9503,1
4865,18:18:04.893814,3.854999999999998,57.53499999999999,0.0670026940123403,3.854999999999998,yaw towards right,yaw towards right,0.9222,1
4866,18:18:04.911717,4.264,58.966499999999975,0.0723122450883129,4.264,yaw towards right,yaw towards right,0.9359,1
4867,18:18:04.923522,4.034000000000001,66.2655,0.0608763232753091,4.034000000000001,yaw towards right,yaw towards right,0.9493,1
4868,18:18:04.929947,3.854499999999999,68.27349999999998,0.0564567511552798,3.854499999999999,yaw towards right,yaw towards right,0.9203,1
4869,18:18:04.942405,4.2049999999999965,69.002,0.0609402626010839,4.2049999999999965,yaw towards right,yaw towards right,0.9242,1
4870,18:18:04.957089,4.283499999999998,63.17249999999999,0.0678064031026158,4.283499999999998,yaw towards right,yaw towards right,0.9116,1
4871,18:18:04.966692,4.416499999999997,45.413,0.0972518882258383,4.416499999999997,yaw towards right,yaw towards right,0.9239,1
4872,18:18:04.975838,4.073999999999998,39.244,0.1038120477015594,4.073999999999998,yaw towards right,yaw towards right,0.8696,1
4873,18:18:04.990299,4.532499999999998,44.78450000000001,0.1012068907769428,4.532499999999998,yaw towards right,yaw towards right,0.9149,1
4874,18:18:05.001969,3.9364999999999983,46.79550000000001,0.0841213364532914,3.9364999999999983,yaw towards right,yaw towards right,0.937,1
4875,18:18:05.012260,4.3999999999999995,44.23700000000001,0.0994642493839997,4.3999999999999995,yaw towards right,yaw towards right,0.9287,1
4876,18:18:05.022058,4.1359999999999975,42.79100000000001,0.0966558388446167,4.1359999999999975,yaw towards right,yaw towards right,0.8909,1
4877,18:18:05.030628,4.308999999999998,35.06950000000001,0.1228703004034844,4.308999999999998,yaw towards right,yaw towards right,0.6282,1
4878,18:18:05.046983,4.6004999999999985,28.078000000000003,0.1638471401096943,4.6004999999999985,yaw towards right,yaw towards right,0.8421,1
4879,18:18:05.059016,4.067,31.211500000000008,0.1303045351873508,4.067,yaw towards right,yaw towards right,0.8943,1
4880,18:18:05.062273,4.699999999999999,32.28100000000001,0.1455964809020785,4.699999999999999,yaw towards right,yaw towards right,0.6929,1
4881,18:18:05.080146,4.805999999999999,42.153500000000015,0.1140118851340931,4.805999999999999,yaw towards right,yaw towards right,0.7139,1
4882,18:18:05.092449,6.358,41.72600000000001,0.1523750179744044,6.358,yaw towards right,yaw towards right,0.6859,1
4883,18:18:05.103574,6.9825,37.180000000000014,0.1878025820333511,6.9825,yaw towards right,down,0.5751,0
4884,18:18:05.115985,7.409000000000001,43.95500000000001,0.1685587532703901,7.409000000000001,yaw towards right,yaw towards right,0.6304,1
4885,18:18:05.123663,7.860999999999999,50.80900000000002,0.1547166840520379,7.860999999999999,yaw towards right,yaw towards right,0.8681,1
4886,18:18:05.134606,8.808499999999999,51.950000000000024,0.1695572666025023,8.808499999999999,yaw towards right,yaw towards right,0.8081,1
4887,18:18:05.148178,8.580499999999999,55.39850000000001,0.1548868651678294,8.580499999999999,yaw towards right,yaw towards right,0.7525,1
4888,18:18:05.183300,8.649,56.564499999999995,0.1529050906487284,8.649,yaw towards right,yaw towards right,0.6742,1
4889,18:18:05.213056,8.562999999999999,49.79499999999999,0.1719650567326037,8.562999999999999,yaw towards right,yaw towards right,0.8276,1
4890,18:18:05.213056,7.669,56.01699999999998,0.1369048681650213,7.669,yaw towards right,yaw towards right,0.7094,1
4891,18:18:05.213056,7.7495,58.7625,0.1318783237609019,7.7495,yaw towards right,down,0.4425,0
4892,18:18:05.213056,6.3255,60.23,0.1050224140793624,6.3255,yaw towards right,yaw towards right,0.6669,1
4893,18:18:05.215065,5.8695,60.96499999999999,0.0962765521200689,5.8695,yaw towards right,yaw towards right,0.6215,1
4894,18:18:05.225288,5.158,51.772499999999965,0.0996281809841132,5.158,yaw towards right,yaw towards right,0.6957,1
4895,18:18:05.238528,4.7125,50.60249999999996,0.0931278098908157,4.7125,yaw towards right,yaw towards right,0.8234,1
4896,18:18:05.248919,4.667000000000001,53.91199999999996,0.0865669980709304,4.667000000000001,yaw towards right,yaw towards right,0.6811,1
4897,18:18:05.258909,6.026000000000002,51.16749999999997,0.1177700688913862,6.026000000000002,yaw towards right,down,0.3902,0
4898,18:18:05.267679,7.443,49.17649999999998,0.1513527802913994,7.443,yaw towards right,yaw towards right,0.8045,1
4899,18:18:05.284173,8.467000000000002,49.10599999999999,0.1724229218425448,8.467000000000002,yaw towards right,yaw towards right,0.7311,1
4900,18:18:05.296060,8.997000000000002,47.03049999999999,0.1913013895238197,8.997000000000002,yaw towards right,yaw towards right,0.7138,1
4901,18:18:05.304249,8.540000000000001,39.39649999999996,0.216770525300471,8.540000000000001,yaw towards right,down,0.4629,0
4902,18:18:05.316269,8.783000000000001,40.83249999999997,0.215098267311578,8.783000000000001,yaw towards right,down,0.53,0
4903,18:18:05.329118,8.5395,43.71599999999998,0.1953403788086742,8.5395,yaw towards right,yaw towards right,0.6527,1
4904,18:18:05.341008,9.1995,54.115499999999976,0.1699975053358096,9.1995,yaw towards right,yaw towards right,0.8294,1
4905,18:18:05.349247,8.5755,53.78799999999999,0.1594314717037257,8.5755,yaw towards right,yaw towards right,0.7713,1
4906,18:18:05.359142,7.466499999999999,49.93499999999999,0.149524381696205,7.466499999999999,yaw towards right,yaw towards right,0.8748,1
4907,18:18:05.374350,6.2345,50.86399999999999,0.1225719565901227,6.2345,yaw towards right,yaw towards right,0.5555,1
4908,18:18:05.386002,4.696999999999999,54.188999999999986,0.0866781081031205,4.696999999999999,yaw towards right,yaw towards right,0.7072,1
4909,18:18:05.395250,3.63,56.44100000000001,0.0643149483531475,3.63,yaw towards right,up,0.7096,0
4910,18:18:05.407771,4.115499999999999,48.76750000000001,0.0843902188957809,4.115499999999999,yaw towards right,yaw towards right,0.7417,1
4911,18:18:05.414772,5.621999999999999,49.056500000000035,0.114602550120779,5.621999999999999,yaw towards right,up,0.6445,0
4912,18:18:05.432193,6.147999999999999,41.094500000000046,0.1496063950163645,6.147999999999999,yaw towards right,yaw towards right,0.5317,1
4913,18:18:05.444113,6.468999999999999,36.90400000000004,0.1752926512031214,6.468999999999999,yaw towards right,down,0.4036,0
4914,18:18:05.452810,5.9014999999999995,38.24650000000003,0.1543017008092242,5.9014999999999995,yaw towards right,yaw towards right,0.5221,1
4915,18:18:05.463748,6.1259999999999994,43.04850000000003,0.1423046099167217,6.1259999999999994,yaw towards right,up,0.46,0
4916,18:18:05.476727,6.0665,42.44200000000003,0.1429362424013947,6.0665,yaw towards right,yaw towards right,0.629,1
4917,18:18:05.488905,5.9065,44.03650000000003,0.1341273716121852,5.9065,yaw towards right,yaw towards right,0.5848,1
4918,18:18:05.497034,6.115,42.87000000000002,0.142640541170982,6.115,yaw towards right,yaw towards right,0.6013,1
4919,18:18:05.509186,5.918499999999999,40.588000000000015,0.1458189612693406,5.918499999999999,yaw towards right,up,0.8299,0
4920,18:18:05.522324,5.189,50.66350000000001,0.1024208749888973,5.189,yaw towards right,up,0.6997,0
4921,18:18:05.534788,4.478,57.738000000000014,0.077557241331532,4.478,yaw towards right,yaw towards right,0.7586,1
4922,18:18:05.541731,3.5820000000000007,63.842499999999994,0.0561068253906097,3.5820000000000007,yaw towards right,yaw towards right,0.726,1
4923,18:18:05.555264,2.9035,65.11749999999999,0.0445886282489346,2.9035,yaw towards right,yaw towards right,0.6655,1
4924,18:18:05.563950,3.105000000000001,53.65150000000001,0.0578734984110416,3.105000000000001,yaw towards right,yaw towards right,0.6746,1
4925,18:18:05.578112,3.468000000000001,47.38549999999999,0.0731869453735847,3.468000000000001,yaw towards right,yaw towards right,0.5497,1
4926,18:18:05.588775,3.609,49.6335,0.0727129861887636,3.609,yaw towards right,yaw towards right,0.7003,1
4927,18:18:05.599650,3.6525,46.67250000000001,0.0782580748834966,3.6525,yaw towards right,yaw towards right,0.7108,1
4928,18:18:05.612269,3.345,44.578,0.0750370137736103,3.345,yaw towards right,yaw towards right,0.6662,1
4929,18:18:05.623538,3.338000000000001,45.3665,0.0735785215963321,3.338000000000001,yaw towards right,yaw towards right,0.6666,1
4930,18:18:05.633231,2.9135000000000004,36.39249999999999,0.0800577041972934,2.9135000000000004,yaw towards right,yaw towards right,0.7409,1
4931,18:18:05.643682,2.351,26.074999999999996,0.090162991371045,2.351,yaw towards right,yaw towards right,0.5232,1
4932,18:18:05.659768,2.5759999999999996,23.57849999999999,0.1092520728629896,2.5759999999999996,yaw towards right,down,0.6014,0
4933,18:18:05.667876,2.3120000000000003,24.746999999999986,0.0934254657130157,2.3120000000000003,yaw towards right,yaw towards right,0.7786,1
4934,18:18:05.678052,2.038,32.99849999999999,0.0617603830477143,2.038,yaw towards right,yaw towards right,0.5792,1
4935,18:18:05.690170,1.5095000000000005,33.01349999999999,0.0457237190846169,1.5095000000000005,yaw towards right,yaw towards right,0.9117,1
4936,18:18:05.701931,1.8245,32.77649999999999,0.0556648818513264,1.8245,yaw towards right,yaw towards right,0.914,1
4937,18:18:05.714360,1.865,36.17499999999998,0.0515549412577747,1.865,yaw towards right,yaw towards right,0.565,1
4938,18:18:05.723043,2.1925,39.9675,0.0548570713704885,2.1925,yaw towards right,yaw towards right,0.7434,1
4939,18:18:05.733881,2.6735,40.04800000000001,0.0667573911306432,2.6735,yaw towards right,yaw towards right,0.5635,1
4940,18:18:05.747067,2.756,39.70850000000001,0.0694057947290882,2.756,yaw towards right,yaw towards right,0.7167,1
4941,18:18:05.759083,2.5279999999999996,43.03450000000001,0.0587435662085071,2.5279999999999996,yaw towards right,up,0.6043,0
4942,18:18:05.772125,2.4519999999999995,39.873999999999995,0.0614937051712895,2.4519999999999995,yaw towards right,yaw towards right,0.6262,1
4943,18:18:05.780337,2.5944999999999996,38.901,0.0666949435747153,2.5944999999999996,yaw towards right,yaw towards right,0.6536,1
4944,18:18:05.792828,2.719,42.46349999999998,0.0640314623146938,2.719,yaw towards right,up,0.5683,0
4945,18:18:05.803171,3.2879999999999994,47.82899999999999,0.0687449037195007,3.2879999999999994,yaw towards right,yaw towards right,0.8416,1
4946,18:18:05.814927,3.022,45.23149999999999,0.0668118457269823,3.022,yaw towards right,up,0.5241,0
4947,18:18:05.825017,3.042,43.77649999999999,0.0694893378867657,3.042,yaw towards right,yaw towards right,0.6892,1
4948,18:18:05.836386,3.0685,44.344999999999985,0.0691960762205434,3.0685,yaw towards right,yaw towards right,0.7817,1
4949,18:18:05.849090,2.5185000000000004,45.67349999999998,0.055141383953496,2.5185000000000004,yaw towards right,yaw towards right,0.756,1
4950,18:18:05.862004,2.7705,54.21799999999998,0.0510992659264451,2.7705,yaw towards right,yaw towards right,0.735,1
4951,18:18:05.866082,2.769,57.459999999999994,0.0481900452488687,2.769,yaw towards right,yaw towards right,0.6185,1
4952,18:18:05.882357,3.0210000000000004,59.41349999999998,0.0508470297154687,3.0210000000000004,yaw towards right,yaw towards right,0.6805,1
4953,18:18:05.893047,3.0095,61.93599999999999,0.0485904804959958,3.0095,yaw towards right,yaw towards right,0.7284,1
4954,18:18:05.906417,2.848,49.602,0.0574170396354985,2.848,yaw towards right,yaw towards right,0.6116,1
4955,18:18:05.912341,2.226,45.619000000000014,0.0487954580328371,2.226,yaw towards right,yaw towards right,0.6931,1
4956,18:18:05.926495,2.4445,49.66500000000001,0.0492197724755864,2.4445,yaw towards right,yaw towards right,0.5506,1
4957,18:18:05.939580,2.4265,53.1395,0.0456628308508736,2.4265,yaw towards right,yaw towards right,0.6307,1
4958,18:18:05.950678,2.063,51.749,0.0398655046474328,2.063,yaw towards right,up,0.5111,0
4959,18:18:05.960329,2.0930000000000004,51.058,0.0409925966547847,2.0930000000000004,yaw towards right,yaw towards right,0.6975,1
4960,18:18:05.973027,1.7420000000000002,41.997499999999995,0.0414786594440145,1.7420000000000002,yaw towards right,yaw towards right,0.8639,1
4961,18:18:05.985179,2.1335000000000006,34.72500000000001,0.0614398848092152,2.1335000000000006,yaw towards right,yaw towards right,0.5887,1
4962,18:18:05.995237,1.7485000000000004,35.70500000000003,0.0489707323904214,1.7485000000000004,yaw towards right,yaw towards right,0.7055,1
4963,18:18:06.003429,1.7970000000000002,32.94200000000002,0.0545504219537368,1.7970000000000002,yaw towards right,yaw towards right,0.9513,1
4964,18:18:06.017659,1.9295,40.67250000000002,0.0474399164054336,1.9295,yaw towards right,yaw towards right,0.571,1
4965,18:18:06.029939,1.9205,37.5485,0.0511471829766834,1.9205,yaw towards right,yaw towards right,0.8127,1
4966,18:18:06.042503,1.507,32.79650000000001,0.0459500251551232,1.507,yaw towards right,yaw towards right,0.9747,1
4967,18:18:06.050828,1.7025,38.79000000000003,0.0438901778808971,1.7025,yaw towards right,yaw towards right,0.7131,1
4968,18:18:06.062155,1.7235000000000005,47.36950000000003,0.0363841712494326,1.7235000000000005,yaw towards right,up,0.5919,0
4969,18:18:06.074825,2.0635000000000003,48.65050000000003,0.0424147747710711,2.0635000000000003,yaw towards right,yaw towards right,0.7592,1
4970,18:18:06.082705,2.1295000000000006,52.13400000000003,0.0408466643649058,2.1295000000000006,yaw towards right,yaw towards right,0.7881,1
4971,18:18:06.099016,1.7695,52.06650000000002,0.0339853840761334,1.7695,yaw towards right,yaw towards right,0.7317,1
4972,18:18:06.107060,1.916,46.98500000000002,0.0407789720123443,1.916,yaw towards right,yaw towards right,0.6477,1
4973,18:18:06.120446,1.823,57.80250000000001,0.0315384282686734,1.823,yaw towards right,yaw towards right,0.552,1
4974,18:18:06.132219,2.347,70.582,0.0332521039358476,2.347,yaw towards right,yaw towards right,0.7362,1
4975,18:18:06.142634,2.3884999999999996,81.37749999999998,0.0293508647967804,2.3884999999999996,yaw towards right,yaw towards right,0.8249,1
4976,18:18:06.151352,2.806499999999999,82.006,0.0342231056264175,2.806499999999999,yaw towards right,yaw towards left,0.4214,0
4977,18:18:06.166241,2.853999999999999,70.80049999999999,0.0403104497849591,2.853999999999999,yaw towards right,yaw towards right,0.8185,1
4978,18:18:06.178098,2.8519999999999985,63.789999999999985,0.0447092020692898,2.8519999999999985,yaw towards right,yaw towards right,0.7451,1
4979,18:18:06.188151,2.5579999999999976,64.41749999999998,0.0397097062133736,2.5579999999999976,yaw towards right,yaw towards right,0.7478,1
4980,18:18:06.197686,2.893499999999998,63.73,0.0454024792091636,2.893499999999998,yaw towards right,yaw towards right,0.7955,1
4981,18:18:06.210803,2.9084999999999983,65.05449999999999,0.0447086673481465,2.9084999999999983,yaw towards right,yaw towards right,0.7987,1
4982,18:18:06.221948,3.2999999999999985,65.64699999999998,0.0502688622480844,3.2999999999999985,yaw towards right,yaw towards right,0.6435,1
4983,18:18:06.234919,3.705999999999998,56.03899999999999,0.0661325148557254,3.705999999999998,yaw towards right,yaw towards right,0.7546,1
4984,18:18:06.242695,3.3234999999999992,36.422499999999985,0.0912485414235706,3.3234999999999992,yaw towards right,yaw towards right,0.7499,1
4985,18:18:06.254919,3.6175,30.654000000000003,0.1180107000717687,3.6175,yaw towards right,yaw towards right,0.778,1
4986,18:18:06.262861,3.255499999999999,36.58500000000001,0.0889845565122317,3.255499999999999,yaw towards right,up,0.566,0
4987,18:18:06.279913,2.9425,46.0055,0.0639597439436589,2.9425,yaw towards right,yaw towards right,0.5726,1
4988,18:18:06.284925,3.2354999999999996,48.764,0.0663501763596095,3.2354999999999996,yaw towards right,yaw towards right,0.6852,1
4989,18:18:06.300579,3.3560000000000003,50.27450000000002,0.0667535231578633,3.3560000000000003,yaw towards right,yaw towards right,0.819,1
4990,18:18:06.311956,3.1494999999999997,47.3925,0.0664556628158463,3.1494999999999997,yaw towards right,yaw towards right,0.8023,1
4991,18:18:06.323571,3.4745,46.44449999999999,0.0748097191271302,3.4745,yaw towards right,yaw towards right,0.839,1
4992,18:18:06.333441,2.947,50.37649999999998,0.05849949877423,2.947,yaw towards right,yaw towards right,0.645,1
4993,18:18:06.344973,2.497,48.77449999999998,0.0511947841597556,2.497,yaw towards right,yaw towards right,0.668,1
4994,18:18:06.356620,2.2289999999999996,55.90350000000001,0.0398722799109179,2.2289999999999996,yaw towards right,up,0.8205,0
4995,18:18:06.366923,1.924,50.560500000000005,0.0380534211489205,1.924,yaw towards right,yaw towards right,0.5133,1
4996,18:18:06.377057,1.9944999999999995,44.2665,0.0450566455445991,1.9944999999999995,yaw towards right,yaw towards right,0.5527,1
4997,18:18:06.391238,2.255499999999999,44.276500000000006,0.0509412442266213,2.255499999999999,yaw towards right,yaw towards right,0.6312,1
4998,18:18:06.402159,2.1409999999999996,46.284499999999994,0.0462573863820501,2.1409999999999996,yaw towards right,up,0.5075,0
4999,18:18:06.410089,2.0894999999999997,42.0735,0.0496630895932118,2.0894999999999997,yaw towards right,up,0.6761,0
5000,18:18:06.426019,1.9355000000000004,44.284,0.0437065305753771,1.9355000000000004,yaw towards right,yaw towards right,0.555,1
5001,18:18:06.433822,1.5915000000000004,46.008000000000024,0.0345918101199791,1.5915000000000004,yaw towards right,up,0.5837,0
5002,18:18:06.447543,1.7105,41.919500000000035,0.0408043989074296,1.7105,yaw towards right,yaw towards right,0.5926,1
5003,18:18:06.459336,2.0959999999999996,49.92250000000003,0.0419850768691471,2.0959999999999996,yaw towards right,yaw towards right,0.7109,1
5004,18:18:06.472175,2.5145000000000004,53.47000000000003,0.0470263699270618,2.5145000000000004,yaw towards right,yaw towards right,0.7306,1
5005,18:18:06.480765,3.0174999999999996,57.078500000000005,0.0528657900960957,3.0174999999999996,yaw towards right,yaw towards right,0.7265,1
5006,18:18:06.492257,3.3340000000000005,57.672,0.0578096823415175,3.3340000000000005,yaw towards right,yaw towards right,0.6974,1
5007,18:18:06.498593,3.3115,48.88500000000002,0.0677406157307967,3.3115,yaw towards right,yaw towards right,0.8027,1
5008,18:18:06.515308,4.0265,43.48050000000002,0.0926047308563608,4.0265,yaw towards right,yaw towards right,0.6269,1
5009,18:18:06.525732,5.130000000000001,45.504000000000026,0.1127373417721518,5.130000000000001,yaw towards right,up,0.7187,0
5010,18:18:06.535644,6.355500000000001,44.277500000000025,0.1435379142905538,6.355500000000001,yaw towards right,yaw towards right,0.5947,1
5011,18:18:06.545007,6.947500000000001,41.542000000000016,0.1672403832266139,6.947500000000001,yaw towards right,yaw towards right,0.6672,1
5012,18:18:06.562069,7.3875,40.973500000000016,0.1802994618472914,7.3875,yaw towards right,yaw towards right,0.4809,1
5013,18:18:06.563326,7.0495,33.365000000000016,0.2112842799340625,7.0495,yaw towards right,yaw towards right,0.4468,1
5014,18:18:06.582575,7.018000000000001,21.94700000000001,0.3197703558572924,7.018000000000001,yaw towards right,yaw towards left,0.7515,0
5015,18:18:06.595158,7.3345,22.49600000000001,0.3260357396870553,7.3345,yaw towards right,yaw towards right,0.8346,1
5016,18:18:06.607986,7.87,26.73400000000002,0.2943816862422381,7.87,yaw towards right,yaw towards right,0.7578,1
5017,18:18:06.614653,8.897,36.873,0.2412876630596914,8.897,yaw towards right,yaw towards right,0.7505,1
5018,18:18:06.626769,8.5205,41.0835,0.2073946961675611,8.5205,yaw towards right,yaw towards right,0.7628,1
5019,18:18:06.640558,7.118499999999999,42.696,0.1667252201611392,7.118499999999999,yaw towards right,yaw towards right,0.7046,1
5020,18:18:06.652339,6.035499999999999,42.1845,0.1430738778461283,6.035499999999999,yaw towards right,yaw towards right,0.5027,1
5021,18:18:06.659278,5.356499999999999,43.8625,0.122120262182958,5.356499999999999,yaw towards right,up,0.5087,0
5022,18:18:06.673593,5.007999999999999,47.15099999999998,0.1062119573285826,5.007999999999999,yaw towards right,yaw towards right,0.7319,1
5023,18:18:06.685864,5.259499999999999,45.11999999999999,0.1165669326241134,5.259499999999999,yaw towards right,yaw towards right,0.7984,1
5024,18:18:06.694884,5.1754999999999995,51.949,0.0996265568153381,5.1754999999999995,yaw towards right,yaw towards right,0.7386,1
5025,18:18:06.702636,4.524499999999999,46.55000000000002,0.0971965628356605,4.524499999999999,yaw towards right,yaw towards right,0.7981,1
5026,18:18:06.712068,3.8989999999999982,45.412500000000016,0.0858574181117533,3.8989999999999982,yaw towards right,yaw towards right,0.875,1
5027,18:18:06.730640,2.660999999999999,48.16450000000004,0.0552481599518316,2.660999999999999,yaw towards right,yaw towards right,0.8287,1
5028,18:18:06.740711,2.0544999999999995,52.56600000000003,0.0390841989118441,2.0544999999999995,yaw towards right,up,0.5803,0
5029,18:18:06.755456,2.5224999999999995,49.67800000000001,0.0507770039051491,2.5224999999999995,yaw towards right,yaw towards right,0.6483,1
5030,18:18:06.761549,2.7535,51.22850000000001,0.0537493777877548,2.7535,yaw towards right,yaw towards right,0.7133,1
5031,18:18:06.774289,3.838999999999999,51.95900000000004,0.0738851786985892,3.838999999999999,yaw towards right,up,0.5292,0
5032,18:18:06.784259,4.890999999999999,49.46000000000004,0.0988879902951879,4.890999999999999,yaw towards right,up,0.5324,0
5033,18:18:06.800524,5.099499999999998,59.84450000000004,0.0852125090860479,5.099499999999998,yaw towards right,yaw towards right,0.7985,1
5034,18:18:06.808705,5.452499999999999,63.40700000000004,0.0859920828930559,5.452499999999999,yaw towards right,yaw towards right,0.7718,1
5035,18:20:58.373274,7.969499999999999,68.48000000000005,0.1163770443925232,7.969499999999999,up,yaw towards right,0.6938,0
5036,18:20:58.386227,9.694,69.57000000000002,0.1393416702601695,9.694,up,up,0.8718,1
5037,18:20:58.399565,11.428,56.55150000000003,0.202081288736815,11.428,up,up,0.7161,1
5038,18:20:58.406779,12.7015,44.70550000000004,0.2841149299303215,12.7015,up,up,0.8036,1
5039,18:20:58.418233,13.709,45.84400000000006,0.2990358607451353,13.709,up,up,0.8842,1
5040,18:20:58.432245,14.958499999999995,47.683000000000064,0.3137071912421613,14.958499999999995,down,down,0.8053,1
5041,18:20:58.441775,14.6645,48.18450000000006,0.3043406074567544,14.6645,down,down,0.8315,1
5042,18:20:58.447144,14.0785,52.33400000000006,0.2690124966560932,14.0785,up,up,0.8602,1
5043,18:20:58.464842,13.998,42.90500000000005,0.3262556811560421,13.998,up,up,0.8743,1
5044,18:20:58.475254,13.575500000000002,33.50400000000005,0.4051904250238772,13.575500000000002,down,down,0.3784,1
5045,18:20:58.489524,11.264,27.67500000000004,0.4070099367660337,11.264,down,down,0.8163,1
5046,18:20:58.496946,9.9745,25.158000000000033,0.3964742825343822,9.9745,down,down,0.8651,1
5047,18:20:58.507415,8.751000000000001,27.354500000000037,0.3199108007823206,8.751000000000001,down,down,0.9344,1
5048,18:20:58.520153,7.8690000000000015,30.216500000000025,0.2604206311121405,7.8690000000000015,down,down,0.9376,1
5049,18:20:58.535343,6.848500000000001,38.15750000000001,0.1794797877219419,6.848500000000001,down,down,0.7891,1
5050,18:20:58.543579,5.531499999999999,43.900499999999994,0.1260008428150021,5.531499999999999,up,up,0.8873,1
5051,18:20:58.552205,4.756,40.32299999999999,0.1179475733452372,4.756,up,up,0.6318,1
5052,18:20:58.565040,5.062500000000002,35.653499999999994,0.1419916698220371,5.062500000000002,up,up,0.8535,1
5053,18:20:58.580022,5.830500000000001,36.007,0.1619268475574194,5.830500000000001,up,up,0.8128,1
5054,18:20:58.588688,7.260500000000002,36.709999999999994,0.1977798964859712,7.260500000000002,up,down,0.7283,0
5055,18:20:58.598356,8.541500000000003,37.14449999999999,0.2299532905275345,8.541500000000003,down,down,0.7909,1
5056,18:20:58.612226,8.248000000000001,37.2185,0.2216102207235649,8.248000000000001,down,down,0.6432,1
5057,18:20:58.625259,7.9425,36.43549999999998,0.2179879513112212,7.9425,up,up,0.5207,1
5058,18:20:58.630052,8.469,40.57899999999999,0.2087040094630227,8.469,down,down,0.7824,1
5059,18:20:58.644951,9.438,34.418,0.2742169794874775,9.438,up,up,0.8258,1
5060,18:20:58.657788,9.7285,25.379000000000012,0.3833287363568303,9.7285,down,down,0.8689,1
5061,18:20:58.663750,10.945,25.216500000000018,0.4340412031804569,10.945,down,down,0.882,1
5062,18:20:58.680800,11.2595,25.551500000000004,0.440659061111872,11.2595,down,down,0.9382,1
5063,18:20:58.690801,10.450499999999998,25.74400000000001,0.4059392479801116,10.450499999999998,down,down,0.8989,1
5064,18:20:58.696808,9.160499999999995,26.053000000000015,0.3516101792499901,9.160499999999995,down,down,0.8783,1
5065,18:20:58.722302,7.722999999999996,27.934000000000008,0.2764731152001143,7.722999999999996,down,down,0.7762,1
5066,18:20:58.726277,7.254499999999997,25.76950000000001,0.2815149692465897,7.254499999999997,down,down,0.9589,1
5067,18:20:58.734888,7.632499999999998,24.54250000000001,0.310991137822145,7.632499999999998,down,down,0.8943,1
5068,18:20:58.743427,7.051499999999997,18.529000000000003,0.3805655998704731,7.051499999999997,down,yaw towards left,0.9447,0
5069,18:20:58.760649,5.799499999999997,16.72,0.3468600478468898,5.799499999999997,down,yaw towards left,0.9578,0
5070,18:20:58.772078,5.780499999999998,18.923499999999997,0.3054667476946653,5.780499999999998,down,yaw towards left,0.9657,0
5071,18:20:58.779938,5.517499999999998,22.53899999999999,0.2447979058520786,5.517499999999998,down,down,0.4923,1
5072,18:20:58.790971,4.1884999999999994,25.5785,0.1637508063412631,4.1884999999999994,down,down,0.6749,1
5073,18:20:58.806253,3.737999999999998,28.2675,0.1322366675510745,3.737999999999998,down,down,0.799,1
5074,18:20:58.816837,3.846499999999999,41.1775,0.0934126646833828,3.846499999999999,up,up,0.992,1
5075,18:20:58.824445,4.7575,49.89750000000001,0.095345458189288,4.7575,up,up,0.9875,1
5076,18:20:58.834715,5.009999999999998,60.45450000000001,0.0828722427610847,5.009999999999998,up,up,0.9747,1
5077,18:20:58.846932,4.9079999999999995,68.896,0.0712378077101718,4.9079999999999995,up,up,0.926,1
5078,18:20:58.857952,5.1469999999999985,71.40200000000002,0.072084815551385,5.1469999999999985,up,up,0.9159,1
5079,18:20:58.868700,5.8999999999999995,68.84200000000001,0.0857034949594724,5.8999999999999995,up,up,0.9758,1
5080,18:20:58.882333,6.127999999999998,65.9555,0.0929111294736602,6.127999999999998,up,up,0.9797,1
5081,18:20:58.894078,5.949499999999999,66.43350000000001,0.0895557211346684,5.949499999999999,up,up,0.8743,1
5082,18:20:58.906593,6.9875,66.143,0.1056423204269537,6.9875,up,up,0.891,1
5083,18:20:58.915545,7.347999999999999,65.103,0.1128673025820622,7.347999999999999,up,up,0.9837,1
5084,18:20:58.927242,7.0085,52.602,0.1332363788449108,7.0085,up,up,0.8917,1
5085,18:20:58.939761,6.132000000000001,40.6655,0.1507912112232728,6.132000000000001,up,up,0.7549,1
5086,18:20:58.944517,6.722500000000001,29.622499999999995,0.2269389821925901,6.722500000000001,down,down,0.9787,1
5087,18:20:58.960832,7.567000000000002,20.362999999999992,0.3716053626675836,7.567000000000002,down,down,0.6632,1
5088,18:20:58.972263,7.871500000000002,16.90449999999999,0.4656452423910796,7.871500000000002,down,yaw towards left,0.5194,0
5089,18:20:58.983886,7.339500000000001,18.149999999999984,0.4043801652892566,7.339500000000001,down,down,0.7696,1
5090,18:20:58.996979,6.484500000000002,19.645499999999977,0.3300755898297325,6.484500000000002,down,down,0.6971,1
5091,18:20:59.005052,5.963000000000002,17.308499999999974,0.344512811624347,5.963000000000002,down,down,0.5311,1
5092,18:20:59.018509,4.987500000000002,15.297499999999976,0.3260336656316398,4.987500000000002,down,yaw towards left,0.5089,0
5093,18:20:59.030800,4.742000000000001,13.730499999999967,0.3453625141109218,4.742000000000001,down,down,0.8298,1
5094,18:20:59.038804,4.595500000000001,12.688499999999982,0.36217835047484,4.595500000000001,down,down,0.8759,1
5095,18:20:59.047165,4.676,13.26549999999997,0.3524933097131665,4.676,down,down,0.8717,1
5096,18:20:59.062151,4.505,14.693499999999966,0.3065981556470555,4.505,down,down,0.7049,1
5097,18:20:59.074437,3.4495000000000005,15.909499999999976,0.2168201389107141,3.4495000000000005,down,down,0.7702,1
5098,18:20:59.081967,2.53,16.530999999999977,0.1530457927530097,2.53,down,down,0.6912,1
5099,18:20:59.096045,2.394999999999999,16.84049999999999,0.1422166800273151,2.394999999999999,down,down,0.9288,1
5100,18:20:59.108310,2.4539999999999997,16.649999999999995,0.1473873873873874,2.4539999999999997,down,down,0.9321,1
5101,18:20:59.115437,2.543499999999999,16.409999999999986,0.1549969530773919,2.543499999999999,down,down,0.8193,1
5102,18:20:59.132829,2.5054999999999996,16.238999999999983,0.1542890572079563,2.5054999999999996,down,down,0.7102,1
5103,18:20:59.140116,2.3815,16.081499999999988,0.1480894195193235,2.3815,down,down,0.5645,1
5104,18:20:59.153229,2.4325,16.070499999999974,0.1513643010485052,2.4325,down,down,0.8446,1
5105,18:20:59.165166,2.2695,15.958999999999984,0.1422081584059152,2.2695,down,down,0.9384,1
5106,18:20:59.175379,1.906,15.875499999999994,0.1200592107335202,1.906,down,down,0.9725,1
5107,18:20:59.182806,1.9429999999999992,15.658999999999995,0.1240819975732805,1.9429999999999992,down,down,0.9819,1
5108,18:20:59.199808,1.9259999999999995,15.509500000000008,0.1241819529965504,1.9259999999999995,down,down,0.9802,1
5109,18:20:59.213929,2.0685,15.327000000000004,0.1349579174006654,2.0685,down,down,0.9737,1
5110,18:20:59.232258,2.1254999999999997,15.2055,0.1397849462365591,2.1254999999999997,down,down,0.9812,1
5111,18:20:59.237144,1.8644999999999996,15.225500000000016,0.122459032544087,1.8644999999999996,down,down,0.9761,1
5112,18:20:59.243800,2.0919999999999996,15.20950000000002,0.1375456129392811,2.0919999999999996,down,down,0.9803,1
5113,18:20:59.255492,3.0490000000000004,15.251000000000028,0.1999213166349744,3.0490000000000004,down,down,0.9258,1
5114,18:20:59.262651,4.305000000000001,15.16300000000004,0.2839147925872182,4.305000000000001,down,down,0.8604,1
5115,18:20:59.276549,5.335500000000001,15.12250000000003,0.3528186477103647,5.335500000000001,down,down,0.5305,1
5116,18:20:59.288630,5.770999999999999,15.054000000000036,0.3833532615916026,5.770999999999999,down,down,0.6596,1
5117,18:20:59.300174,5.851000000000001,14.96200000000004,0.3910573452746949,5.851000000000001,down,down,0.7297,1
5118,18:20:59.311353,6.0135000000000005,14.940500000000023,0.4024965697265815,6.0135000000000005,down,down,0.8049,1
5119,18:20:59.319843,5.968500000000001,14.887500000000028,0.400906801007556,5.968500000000001,down,down,0.6614,1
5120,18:20:59.332384,6.532000000000001,14.877000000000049,0.4390670161995012,6.532000000000001,down,down,0.8105,1
5121,18:20:59.345600,7.401000000000002,14.767000000000037,0.5011850748290095,7.401000000000002,down,down,0.6353,1
5122,18:20:59.358280,7.402500000000001,14.730000000000024,0.5025458248472497,7.402500000000001,down,down,0.7795,1
5123,18:20:59.364043,6.718000000000001,14.59850000000002,0.4601842655067296,6.718000000000001,down,down,0.8299,1
5124,18:20:59.377788,6.1315,14.453500000000002,0.4242225066592866,6.1315,down,yaw towards left,0.7062,0
5125,18:20:59.391051,4.904000000000001,14.3205,0.3424461436402361,4.904000000000001,down,down,0.6367,1
5126,18:20:59.397179,4.1805,14.152499999999993,0.2953895071542132,4.1805,down,down,0.9493,1
5127,18:20:59.414912,4.3575,14.08899999999998,0.3092838384555331,4.3575,down,down,0.9191,1
5128,18:20:59.423933,4.222,13.935999999999984,0.3029563719862231,4.222,down,down,0.9379,1
5129,18:20:59.431544,3.8745,13.885499999999984,0.2790320838284544,3.8745,down,down,0.9398,1
5130,18:20:59.444831,3.4219999999999997,13.764999999999969,0.2486015256084277,3.4219999999999997,down,down,0.9598,1
5131,18:20:59.460242,2.6135000000000006,13.675999999999982,0.1911011991810473,2.6135000000000006,down,down,0.965,1
5132,18:20:59.469209,2.3615000000000004,13.56699999999999,0.1740620623571904,2.3615000000000004,down,down,0.9743,1
5133,18:20:59.480067,2.261000000000001,13.487499999999985,0.167636700648749,2.261000000000001,down,down,0.983,1
5134,18:20:59.493443,1.7990000000000006,13.499499999999994,0.1332641949701841,1.7990000000000006,down,down,0.9855,1
5135,18:20:59.505367,2.3540000000000005,13.432000000000013,0.1752531268612268,2.3540000000000005,down,down,0.9579,1
5136,18:20:59.512077,2.654000000000001,13.454500000000014,0.19725742316697,2.654000000000001,down,down,0.9657,1
5137,18:20:59.526036,2.1395000000000004,13.39750000000002,0.159693972756111,2.1395000000000004,down,down,0.9688,1
5138,18:20:59.538499,2.8320000000000007,13.38300000000002,0.2116117462452362,2.8320000000000007,down,down,0.9461,1
5139,18:20:59.548467,4.328500000000001,13.271500000000009,0.3261500207210939,4.328500000000001,down,down,0.947,1
5140,18:20:59.558413,5.192000000000002,13.167000000000012,0.3943191311612362,5.192000000000002,down,down,0.721,1
5141,18:20:59.570952,5.24,29.15800000000001,0.1797105425612181,5.24,down,down,0.5798,1
5142,18:20:59.583240,5.394500000000001,42.21900000000001,0.1277742248750562,5.394500000000001,up,up,0.9886,1
5143,18:20:59.593375,5.241,71.45300000000002,0.0733489146711824,5.241,up,up,0.7429,1
5144,18:20:59.602554,5.173,95.844,0.0539731229915278,5.173,down,down,0.9265,1
5145,18:20:59.614265,4.873,127.53900000000002,0.0382079207144481,4.873,down,down,0.9743,1
5146,18:20:59.623233,5.4350000000000005,144.1995,0.0376908380403538,5.4350000000000005,down,down,0.9936,1
5147,18:20:59.640469,5.763,149.8805,0.0384506323370952,5.763,down,down,0.9873,1
5148,18:20:59.642558,5.510500000000001,163.84949999999998,0.033631472784476,5.510500000000001,down,down,0.9748,1
5149,18:20:59.661295,4.404000000000001,168.9595,0.0260654180439691,4.404000000000001,down,down,0.9932,1
5150,18:20:59.672679,3.3645000000000005,184.1495,0.0182704813208833,3.3645000000000005,down,down,0.9913,1
5151,18:20:59.683480,3.194500000000001,173.235,0.0184402689987589,3.194500000000001,down,down,0.9695,1
5152,18:20:59.692820,3.7845000000000018,173.899,0.0217626323325608,3.7845000000000018,down,down,0.9896,1
5153,18:20:59.706411,4.062000000000002,165.55900000000003,0.0245350600088186,4.062000000000002,down,down,0.9956,1
5154,18:20:59.714443,4.090500000000001,151.61800000000002,0.0269789866638525,4.090500000000001,down,down,0.9894,1
5155,18:20:59.730317,3.8265000000000016,136.49250000000004,0.0280345073905159,3.8265000000000016,down,down,0.9952,1
5156,18:20:59.738687,3.3585000000000016,121.78100000000002,0.0275781936426864,3.3585000000000016,down,down,0.9396,1
5157,18:20:59.750422,3.645000000000001,125.10850000000003,0.0291347110707905,3.645000000000001,down,down,0.9952,1
5158,18:20:59.763999,3.988000000000001,110.38750000000005,0.0361272789038613,3.988000000000001,down,down,0.8606,1
5159,18:20:59.774213,4.055,111.35350000000008,0.0364155594570444,4.055,down,down,0.9628,1
5160,18:20:59.787271,3.941,97.77250000000004,0.0403078575264005,3.941,down,down,0.5234,1
5161,18:20:59.790508,3.897,96.70600000000005,0.040297396231878,3.897,down,down,0.7714,1
5162,18:20:59.807197,3.2980000000000005,84.95300000000005,0.0388214659870751,3.2980000000000005,up,yaw towards left,0.6338,0
5163,18:20:59.814357,3.364,66.26700000000005,0.0507643321713673,3.364,up,up,0.9743,1
5164,18:20:59.833140,3.24,59.19500000000003,0.054734352563561,3.24,up,up,0.9764,1
5165,18:20:59.840971,3.2779999999999996,43.58700000000004,0.0752059100190423,3.2779999999999996,up,up,0.8362,1
5166,18:20:59.854753,3.346499999999999,46.06200000000002,0.0726520776344925,3.346499999999999,up,up,0.9872,1
5167,18:20:59.865246,2.892499999999999,49.514,0.0584178212222805,2.892499999999999,up,up,0.9893,1
5168,18:20:59.876079,2.103999999999999,50.7405,0.0414658901666321,2.103999999999999,up,up,0.9846,1
5169,18:20:59.885276,2.8004999999999995,51.953500000000005,0.0539039718209552,2.8004999999999995,up,up,0.9864,1
5170,18:20:59.893206,3.4835000000000003,49.88100000000002,0.0698362101802289,3.4835000000000003,up,up,0.8573,1
5171,18:20:59.910657,4.4255,51.29749999999999,0.0862712607826892,4.4255,up,up,0.9753,1
5172,18:20:59.922891,4.934500000000001,50.334,0.098035125362578,4.934500000000001,up,up,0.8518,1
5173,18:20:59.931591,5.043500000000001,51.647499999999965,0.0976523549058522,5.043500000000001,up,up,0.9895,1
5174,18:20:59.942034,5.080500000000002,56.05350000000001,0.0906366239396291,5.080500000000002,up,up,0.9875,1
5175,18:20:59.955518,5.639500000000003,55.19749999999999,0.1021694823135106,5.639500000000003,up,up,0.9884,1
5176,18:20:59.963675,5.120000000000002,53.370500000000014,0.0959331465884711,5.120000000000002,up,up,0.9787,1
5177,18:20:59.980438,5.310000000000002,43.09350000000002,0.1232204392773852,5.310000000000002,up,up,0.9942,1
5178,18:20:59.983085,5.353500000000003,43.351500000000016,0.1234905366596311,5.353500000000003,up,up,0.9837,1
5179,18:20:59.999846,4.614500000000003,39.817000000000014,0.1158927091443353,4.614500000000003,up,up,0.9659,1
5180,18:21:00.013684,4.397000000000003,39.726500000000016,0.1106817867166752,4.397000000000003,up,up,0.9883,1
5181,18:21:00.026101,3.615500000000002,42.18900000000003,0.0856976937116309,3.615500000000002,up,up,0.9242,1
5182,18:21:00.030634,3.4240000000000017,55.92150000000004,0.0612286866410951,3.4240000000000017,up,up,0.8532,1
5183,18:21:00.041235,3.0515000000000008,55.51100000000004,0.0549710868116228,3.0515000000000008,up,up,0.9387,1
5184,18:21:00.058566,3.4290000000000007,56.12950000000001,0.0610908702197596,3.4290000000000007,up,up,0.8702,1
5185,18:21:00.065412,3.034500000000001,54.79600000000003,0.0553781297904956,3.034500000000001,up,up,0.9578,1
5186,18:21:00.077804,3.3170000000000015,57.32750000000001,0.0578605381361475,3.3170000000000015,up,up,0.8619,1
5187,18:21:00.109881,2.848500000000002,55.946000000000026,0.0509151681979051,2.848500000000002,up,up,0.9844,1
5188,18:21:00.141189,3.0220000000000007,57.207500000000024,0.0528252414456146,3.0220000000000007,up,up,0.8768,1
5189,18:21:00.141189,2.821500000000001,59.7085,0.0472545784938493,2.821500000000001,up,up,0.7376,1
5190,18:21:00.143695,2.6385000000000014,60.79250000000002,0.0434017354114405,2.6385000000000014,up,up,0.882,1
5191,18:21:00.143695,2.4665000000000017,54.8845,0.0449398281846423,2.4665000000000017,up,up,0.8645,1
5192,18:21:00.147861,2.6620000000000017,42.35850000000001,0.0628445294332896,2.6620000000000017,up,up,0.9769,1
5193,18:21:00.160972,2.7055000000000016,39.33350000000001,0.0687836068491235,2.7055000000000016,up,up,0.9102,1
5194,18:21:00.173131,2.1955000000000013,34.64400000000001,0.063373167070777,2.1955000000000013,up,up,0.9736,1
5195,18:21:00.177685,2.6310000000000016,34.89600000000001,0.0753954607977992,2.6310000000000016,up,up,0.8507,1
5196,18:21:00.190865,2.3410000000000015,34.63850000000003,0.0675837579571863,2.3410000000000015,up,up,0.9886,1
5197,18:21:00.206400,2.4690000000000007,45.58700000000002,0.0541601772435124,2.4690000000000007,up,up,0.9827,1
5198,18:21:00.215604,2.2960000000000003,44.67000000000001,0.0513991493172151,2.2960000000000003,up,up,0.9824,1
5199,18:21:00.224713,2.8215000000000003,44.816500000000026,0.0629567235281648,2.8215000000000003,up,up,0.7806,1
5200,18:21:00.232779,2.6194999999999995,54.46950000000002,0.048091133570163,2.6194999999999995,up,up,0.8663,1
5201,18:21:00.251619,3.067499999999999,53.56350000000002,0.0572684757344086,3.067499999999999,up,up,0.9119,1
5202,18:21:00.258576,3.3859999999999983,55.55499999999999,0.0609486094860948,3.3859999999999983,up,up,0.7516,1
5203,18:21:00.272026,3.277499999999999,55.56300000000001,0.0589870957291722,3.277499999999999,up,up,0.8738,1
5204,18:21:00.283202,3.816,53.55449999999998,0.071254516427191,3.816,up,up,0.8777,1
5205,18:21:00.296389,4.147499999999998,56.71599999999999,0.0731275125185132,4.147499999999998,up,up,0.9217,1
5206,18:21:00.308469,4.982999999999999,51.38249999999996,0.0969785432783535,4.982999999999999,up,up,0.9186,1
5207,18:21:00.315066,5.589999999999999,43.171999999999976,0.1294820717131474,5.589999999999999,up,up,0.8455,1
5208,18:21:00.329557,5.946,44.90399999999995,0.1324158204168895,5.946,up,up,0.9527,1
5209,18:21:00.340857,5.225499999999999,39.15599999999996,0.1334533660230872,5.225499999999999,up,up,0.9456,1
5210,18:21:00.348951,5.947,32.559499999999986,0.1826502249727423,5.947,down,down,0.7188,1
5211,18:21:00.365314,5.6865000000000006,30.451499999999992,0.186739569479336,5.6865000000000006,up,up,0.5923,1
5212,18:21:00.374384,4.727500000000001,30.685500000000008,0.1540629939222108,4.727500000000001,up,up,0.9482,1
5213,18:21:00.384359,4.712,29.687499999999982,0.15872,4.712,up,up,0.9146,1
5214,18:21:00.393322,4.867,31.869000000000035,0.1527189431736168,4.867,up,up,0.9056,1
5215,18:21:00.410446,4.767000000000001,44.60400000000001,0.1068738229755178,4.767000000000001,up,up,0.8052,1
5216,18:21:00.418626,4.354500000000002,61.61700000000003,0.0706704318613369,4.354500000000002,up,up,0.6586,1
5217,18:21:00.430305,3.618500000000001,63.68999999999998,0.0568142565551892,3.618500000000001,up,up,0.8945,1
5218,18:21:00.444027,3.4200000000000004,68.53900000000002,0.04989859787858,3.4200000000000004,up,up,0.9221,1
5219,18:21:00.455316,3.500000000000001,67.583,0.0517881715816107,3.500000000000001,up,up,0.9751,1
5220,18:21:00.461157,3.1650000000000005,64.24599999999998,0.049263767394079,3.1650000000000005,up,up,0.8667,1
5221,18:21:00.476634,3.8765,67.86799999999998,0.0571182295043319,3.8765,up,up,0.9093,1
5222,18:21:00.488772,4.990500000000001,67.57349999999997,0.0738529157140003,4.990500000000001,up,up,0.7631,1
5223,18:21:00.500296,6.352000000000001,73.7755,0.0860990437204763,6.352000000000001,up,up,0.7213,1
5224,18:21:00.510342,5.7825000000000015,72.76549999999995,0.0794676048402059,5.7825000000000015,up,up,0.9346,1
5225,18:21:00.518136,5.1905,56.695999999999955,0.0915496684069423,5.1905,up,up,0.4975,1
5226,18:21:00.529951,5.339499999999999,46.570499999999974,0.1146541265393328,5.339499999999999,up,up,0.9055,1
5227,18:21:00.543568,5.4215,42.205999999999975,0.128453300478605,5.4215,up,up,0.7928,1
5228,18:21:00.551170,5.26,42.65849999999999,0.1233048513191978,5.26,up,up,0.9341,1
5229,18:21:00.565979,5.2145,45.51499999999999,0.1145666263869054,5.2145,up,up,0.8779,1
5230,18:21:00.578579,4.7490000000000006,44.407,0.1069425991397752,4.7490000000000006,up,up,0.828,1
5231,18:21:00.591224,4.2780000000000005,48.62000000000001,0.0879884821061291,4.2780000000000005,up,up,0.8721,1
5232,18:21:00.597757,3.2075000000000005,44.363500000000016,0.0723004271529523,3.2075000000000005,up,up,0.6626,1
5233,18:21:00.610407,2.092,45.88200000000002,0.0455952225273527,2.092,up,up,0.9605,1
5234,18:21:00.623884,2.409,42.75950000000002,0.0563383575579695,2.409,up,up,0.8062,1
5235,18:21:00.634324,2.553000000000001,50.869000000000035,0.0501877371287031,2.553000000000001,up,up,0.9264,1
5236,18:21:00.648652,2.217000000000001,44.09800000000003,0.0502743888611728,2.217000000000001,up,up,0.7014,1
5237,18:21:00.656401,2.1365000000000003,45.798000000000044,0.0466505087558408,2.1365000000000003,up,up,0.7459,1
5238,18:21:00.662077,2.0505000000000004,50.28700000000005,0.0407759460695606,2.0505000000000004,up,up,0.5212,1
5239,18:21:00.680168,2.2765,62.60000000000002,0.0363658146964856,2.2765,up,up,0.6799,1
5240,18:21:00.693251,2.5765,67.56450000000002,0.0381339312804801,2.5765,up,up,0.9706,1
5241,18:21:00.699139,2.9300000000000006,66.9915,0.0437368919937604,2.9300000000000006,up,up,0.9017,1
5242,18:21:00.710212,3.553,66.85150000000002,0.0531476481455165,3.553,up,up,0.9743,1
5243,18:21:00.726664,3.3745000000000003,59.914999999999985,0.0563214553951431,3.3745000000000003,up,up,0.7814,1
5244,18:21:00.738724,3.4785000000000004,62.30249999999999,0.0558324304803178,3.4785000000000004,up,up,0.6587,1
5245,18:21:00.744192,3.6895,59.08199999999997,0.0624471074100403,3.6895,up,up,0.6918,1
5246,18:21:00.758152,4.493499999999999,64.17799999999997,0.0700162049300383,4.493499999999999,up,up,0.6656,1
5247,18:21:00.770499,5.7475,64.42499999999998,0.0892122623205277,5.7475,up,up,0.7209,1
5248,18:21:00.780268,6.1415,50.52599999999996,0.1215512805288367,6.1415,down,down,0.5091,1
5249,18:21:00.791798,5.99,42.443999999999974,0.1411271322212799,5.99,up,up,0.8299,1
5250,18:21:00.803617,5.9254999999999995,39.79149999999999,0.1489137127275926,5.9254999999999995,up,up,0.7841,1
5251,18:21:00.816556,5.188000000000001,33.997,0.1526017001500132,5.188000000000001,up,up,0.8828,1
5252,18:21:00.829371,5.2785,36.29699999999998,0.145425241755517,5.2785,up,up,0.9359,1
5253,18:21:00.834759,6.557,41.372,0.1584888330271681,6.557,down,down,0.6505,1
5254,18:21:00.849825,7.1815,41.95750000000001,0.1711612941667162,7.1815,down,yaw towards right,0.6242,0
5255,18:21:00.860950,7.214500000000001,37.066500000000005,0.1946366665317739,7.214500000000001,up,down,0.4567,0
5256,18:21:00.873466,6.247000000000001,38.46149999999999,0.1624221624221625,6.247000000000001,up,up,0.6379,1
5257,18:21:00.883182,4.998500000000002,36.41649999999998,0.1372592094242995,4.998500000000002,up,up,0.8517,1
5258,18:21:00.893864,5.1175000000000015,44.611499999999985,0.1147125741120563,5.1175000000000015,up,up,0.7483,1
5259,18:21:00.905351,5.750000000000002,45.26599999999997,0.1270269076127779,5.750000000000002,up,up,0.7585,1
5260,18:21:00.913380,6.6795,51.74499999999996,0.1290849357425839,6.6795,down,down,0.6646,1
5261,18:21:00.930421,7.8705,58.515499999999975,0.1345028240380754,7.8705,up,up,0.7193,1
5262,18:21:00.938806,7.593499999999999,63.75699999999997,0.1191006477720093,7.593499999999999,up,up,0.7921,1
5263,18:21:00.951382,6.531499999999999,58.99299999999996,0.1107165256894886,6.531499999999999,up,up,0.6538,1
5264,18:21:00.961459,5.8774999999999995,54.94099999999996,0.1069783950055514,5.8774999999999995,up,up,0.8469,1
5265,18:21:00.975245,5.7795,65.27699999999997,0.0885380761983547,5.7795,up,up,0.9499,1
5266,18:21:00.985434,6.537999999999999,64.0925,0.1020088153840152,6.537999999999999,up,up,0.9338,1
5267,18:21:00.995489,7.3285,64.279,0.1140107966832091,7.3285,up,up,0.8477,1
5268,18:21:01.005906,7.135499999999999,56.32000000000001,0.1266956676136363,7.135499999999999,up,up,0.6033,1
5269,18:21:01.013188,6.604499999999999,50.54250000000001,0.1306722065588365,6.604499999999999,up,up,0.5044,1
5270,18:21:01.029961,5.8195,47.990500000000026,0.1212635834175513,5.8195,up,yaw towards right,0.4999,0
5271,18:21:01.042329,4.656,40.59950000000003,0.1146812152859024,4.656,up,up,0.7457,1
5272,18:21:01.051306,4.179999999999999,42.40200000000003,0.0985802556483183,4.179999999999999,up,up,0.8651,1
5273,18:21:01.065137,4.229,44.99000000000004,0.0939986663703044,4.229,up,up,0.5051,1
5274,18:21:01.074859,4.359,45.52200000000004,0.0957558982470013,4.359,up,yaw towards right,0.5438,0
5275,18:21:01.082706,4.672,38.05750000000003,0.12276161072062,4.672,up,up,0.8048,1
5276,18:21:01.091499,4.776999999999999,36.568000000000026,0.1306333406256835,4.776999999999999,up,up,0.9316,1
5277,18:21:01.111328,4.091,38.69350000000002,0.105728352307235,4.091,up,up,0.8463,1
5278,18:21:01.112632,3.7985,38.491500000000016,0.098684125066573,3.7985,up,up,0.5822,1
5279,18:21:01.130311,4.1655,44.0425,0.0945790997332122,4.1655,up,up,0.8315,1
5280,18:21:01.141860,3.921,40.29499999999999,0.0973073582330314,3.921,up,up,0.866,1
5281,18:21:01.156434,4.01,40.87799999999999,0.0980967757718088,4.01,up,up,0.7221,1
5282,18:21:01.164154,4.0225,33.82899999999999,0.1189068550651807,4.0225,up,up,0.8138,1
5283,18:21:01.177894,3.8075,35.95499999999998,0.105896259212905,3.8075,up,up,0.836,1
5284,18:21:01.185006,3.6785,42.91199999999997,0.0857219425801641,3.6785,up,yaw towards right,0.5204,0
5285,18:21:01.198409,2.8055,49.79849999999996,0.0563370382642047,2.8055,up,yaw towards right,0.5219,0
5286,18:21:01.208581,2.1235,45.12449999999997,0.0470586931711155,2.1235,up,yaw towards right,0.6907,0
5287,18:21:01.217057,2.6154999999999995,42.23199999999996,0.0619317105512408,2.6154999999999995,up,up,0.6678,1
5288,18:21:01.234840,4.086,50.64199999999995,0.0806840172189092,4.086,up,up,0.5905,1
5289,18:21:01.246496,4.910000000000001,45.956999999999965,0.1068390016754793,4.910000000000001,up,yaw towards right,0.702,0
5290,18:21:01.256901,6.424000000000001,43.79949999999996,0.1466683409627965,6.424000000000001,up,yaw towards right,0.4888,0
5291,18:21:01.267102,6.664500000000001,43.99149999999996,0.151495175204301,6.664500000000001,down,down,0.6327,1
5292,18:21:01.278682,6.717000000000001,44.444999999999965,0.1511306108673643,6.717000000000001,up,up,0.5268,1
5293,18:21:01.291779,7.1465000000000005,43.78999999999997,0.1631993605846085,7.1465000000000005,down,yaw towards right,0.5502,0
5294,18:21:01.300476,7.645000000000001,36.55849999999999,0.2091168948397774,7.645000000000001,down,down,0.6755,1
5295,18:21:01.312459,8.108,36.071499999999986,0.2247757925231832,8.108,up,up,0.6021,1
5296,18:21:01.324468,8.772000000000002,39.326999999999984,0.223052864444275,8.772000000000002,up,up,0.6016,1
5297,18:21:01.335578,8.467000000000002,38.80199999999999,0.2182104015256946,8.467000000000002,down,down,0.6914,1
5298,18:21:01.346765,7.481500000000002,33.71050000000001,0.2219338188398273,7.481500000000002,down,down,0.9209,1
5299,18:21:01.354566,6.271000000000001,35.762499999999996,0.1753512757777001,6.271000000000001,down,down,0.7125,1
5300,18:21:01.369743,4.8215,42.589000000000006,0.1132099837986334,4.8215,up,up,0.8305,1
5301,18:21:01.381708,4.981,50.529,0.0985770547606325,4.981,up,up,0.7376,1
5302,18:21:01.393580,5.8325000000000005,46.998,0.1241010255755564,5.8325000000000005,up,up,0.6597,1
5303,18:21:01.403246,6.007000000000001,43.02,0.1396327289632729,6.007000000000001,down,down,0.5508,1
5304,18:21:01.411749,5.8675000000000015,46.108999999999995,0.1272528139842547,5.8675000000000015,up,up,0.792,1
5305,18:21:01.425107,5.991000000000001,41.30200000000001,0.1450535083046825,5.991000000000001,up,up,0.7137,1
5306,18:21:01.438759,5.400500000000001,43.284,0.1247689677478976,5.400500000000001,up,up,0.7915,1
5307,18:21:01.445817,5.269500000000001,48.0715,0.1096179649064414,5.269500000000001,up,up,0.7969,1
5308,18:21:01.458467,5.2475000000000005,51.25250000000001,0.1023852495000243,5.2475000000000005,up,up,0.8019,1
5309,18:21:01.472192,5.205499999999999,51.734000000000016,0.1006204816948234,5.205499999999999,up,up,0.7692,1
5310,18:21:01.483671,5.114000000000001,45.784000000000006,0.1116984099248645,5.114000000000001,up,up,0.6775,1
5311,18:21:01.492215,4.7015,37.41100000000001,0.1256715939162278,4.7015,up,up,0.7353,1
5312,18:21:01.502084,3.782000000000001,39.68650000000002,0.0952968893704408,3.782000000000001,up,up,0.6345,1
5313,18:21:01.508285,3.4045,41.739500000000014,0.0815654236394781,3.4045,up,up,0.8082,1
5314,18:21:01.528779,3.367999999999999,42.70750000000001,0.0788620265761282,3.367999999999999,up,up,0.7686,1
5315,18:21:01.532511,3.6315,43.04800000000001,0.084359319829028,3.6315,up,up,0.8456,1
5316,18:21:01.549662,3.8655,50.40950000000002,0.0766819746277983,3.8655,up,up,0.9893,1
5317,18:21:01.560925,3.928500000000001,56.26850000000002,0.0698170379519624,3.928500000000001,up,up,0.9902,1
5318,18:21:01.573443,3.6835,49.91000000000002,0.0738028451212181,3.6835,up,up,0.7905,1
5319,18:21:01.582105,3.614,44.41950000000002,0.0813606636724861,3.614,up,up,0.8175,1
5320,18:21:01.595125,4.725500000000001,44.54750000000002,0.1060777821426566,4.725500000000001,up,up,0.8365,1
5321,18:21:01.607675,5.4995,45.43250000000002,0.1210477081384471,5.4995,up,up,0.92,1
5322,18:21:01.615885,6.259,45.73500000000002,0.1368536132065157,6.259,up,up,0.9671,1
5323,18:21:01.628280,5.9145,45.487000000000016,0.1300261613208169,5.9145,up,up,0.9949,1
5324,18:21:01.634945,5.122,44.175000000000026,0.1159479343520089,5.122,up,up,0.9928,1
5325,18:21:01.652129,4.5495,50.59400000000002,0.0899217298493892,4.5495,up,yaw towards right,0.5664,0
5326,18:21:01.663890,4.538500000000001,44.799500000000016,0.1013069342291766,4.538500000000001,up,up,0.6992,1
5327,18:21:01.672079,5.024500000000001,35.31400000000001,0.1422806818825394,5.024500000000001,up,up,0.9645,1
5328,18:21:01.685420,5.087999999999999,35.73949999999999,0.1423634913750892,5.087999999999999,up,up,0.9654,1
5329,18:21:01.692283,5.166500000000001,35.2745,0.146465577116614,5.166500000000001,up,up,0.981,1
5330,18:21:01.708655,4.089499999999999,34.88650000000002,0.1172229945680993,4.089499999999999,up,up,0.9768,1
5331,18:21:01.717997,3.1695,34.83400000000002,0.0909886892116896,3.1695,up,up,0.9653,1
5332,18:21:01.730339,2.6649999999999996,37.924500000000016,0.0702711967197985,2.6649999999999996,up,up,0.9686,1
5333,18:21:01.742040,3.045499999999999,41.21400000000001,0.0738947930314941,3.045499999999999,up,up,0.9855,1
5334,18:21:01.747239,3.5819999999999994,45.64350000000001,0.0784777679187616,3.5819999999999994,up,up,0.9923,1
5335,18:21:01.758786,4.2095,40.770000000000024,0.1032499386804022,4.2095,up,up,0.9905,1
5336,18:21:01.774194,3.951999999999999,38.38550000000003,0.1029555431087258,3.951999999999999,up,up,0.9917,1
5337,18:21:01.785188,3.280499999999999,38.82150000000004,0.0845021444302769,3.280499999999999,up,up,0.9879,1
5338,18:21:01.795030,3.0755,40.922000000000054,0.0751551732564389,3.0755,up,up,0.9916,1
5339,18:21:01.811047,3.2079999999999997,43.10100000000005,0.0744298276142084,3.2079999999999997,up,up,0.9891,1
5340,18:21:01.813239,3.5084999999999993,44.08500000000004,0.0795848928206872,3.5084999999999993,up,up,0.9958,1
5341,18:21:01.831226,3.5780000000000003,43.98400000000005,0.0813477628228446,3.5780000000000003,up,up,0.9959,1
5342,18:21:01.843109,3.3319999999999994,40.07600000000003,0.0831420301427287,3.3319999999999994,up,up,0.9921,1
5343,18:21:01.856529,3.0509999999999997,35.36700000000003,0.0862668589362964,3.0509999999999997,up,up,0.976,1
5344,18:21:01.864801,2.6629999999999994,29.77050000000003,0.0894509665608571,2.6629999999999994,up,up,0.9545,1
5345,18:21:01.874384,2.0879999999999996,25.067500000000024,0.0832951032213023,2.0879999999999996,up,up,0.9164,1
5346,18:21:01.889740,1.8359999999999992,22.244500000000023,0.0825372564004584,1.8359999999999992,down,down,0.967,1
5347,18:21:01.901606,2.099999999999999,20.90950000000002,0.1004328176187855,2.099999999999999,down,down,0.9968,1
5348,18:21:01.910421,2.0529999999999995,19.853500000000015,0.1034074596418766,2.0529999999999995,down,down,0.9975,1
5349,18:21:01.921864,2.0709999999999997,18.901500000000016,0.1095680237018225,2.0709999999999997,down,down,0.992,1
5350,18:21:01.933157,2.4095,18.216000000000015,0.1322738252086077,2.4095,down,down,0.9788,1
5351,18:21:01.941877,3.369,17.578000000000003,0.1916600295824325,3.369,down,down,0.9451,1
5352,18:21:01.955895,3.5489999999999995,17.025500000000005,0.2084520278405919,3.5489999999999995,down,down,0.9475,1
5353,18:21:01.966404,3.5489999999999995,16.54600000000001,0.2144929288045447,3.5489999999999995,down,down,0.8965,1
5354,18:21:01.980296,3.5295,16.1045,0.2191623459281567,3.5295,down,down,0.8965,1
5355,18:21:01.991517,3.2009999999999996,15.786500000000018,0.2027681880087413,3.2009999999999996,down,down,0.9045,1
5356,18:21:02.000544,3.2714999999999996,15.50600000000001,0.2109828453501868,3.2714999999999996,down,down,0.9359,1
5357,18:21:02.011886,3.3409999999999997,15.391500000000011,0.2170678621316958,3.3409999999999997,down,down,0.9324,1
5358,18:21:02.024129,3.6605,15.194000000000011,0.2409174674213503,3.6605,down,down,0.9597,1
5359,18:21:02.035923,3.595999999999999,14.97000000000001,0.2402137608550432,3.595999999999999,down,down,0.9336,1
5360,18:21:02.043620,3.2275,14.702500000000017,0.2195204897126337,3.2275,down,down,0.921,1
5361,18:21:02.056716,2.3595,14.375000000000028,0.1641391304347823,2.3595,down,down,0.9072,1
5362,18:21:02.068428,2.2915,14.154000000000035,0.1618976967641652,2.2915,down,down,0.9019,1
5363,18:21:02.081661,2.5360000000000005,13.957000000000033,0.1817009385971193,2.5360000000000005,down,down,0.9125,1
5364,18:21:02.090797,2.39,13.892000000000037,0.172041462712352,2.39,down,down,0.8932,1
5365,18:21:02.100599,2.7080000000000006,13.78200000000002,0.196488172979248,2.7080000000000006,down,down,0.8789,1
5366,18:21:02.115482,2.6890000000000005,13.701000000000027,0.1962630464929563,2.6890000000000005,down,down,0.9419,1
5367,18:21:02.124779,2.366,13.510500000000018,0.175123052440694,2.366,down,down,0.861,1
5368,18:21:02.132042,2.689,13.316000000000011,0.2019375187744065,2.689,down,down,0.9577,1
5369,18:21:02.143885,3.633000000000001,13.187000000000006,0.2754985971032076,3.633000000000001,down,down,0.9668,1
5370,18:21:02.160550,4.253,13.0455,0.3260128013491242,4.253,down,down,0.9555,1
5371,18:21:02.171999,4.5675,13.072999999999997,0.3493842270328158,4.5675,down,down,0.828,1
5372,18:21:02.180984,4.524500000000001,12.997499999999995,0.348105404885555,4.524500000000001,down,down,0.7882,1
5373,18:21:02.193427,4.4415,12.945999999999998,0.3430789433029508,4.4415,down,down,0.8655,1
5374,18:21:02.198155,4.952,12.803500000000003,0.3867692427851758,4.952,down,down,0.8946,1
5375,18:21:02.215093,5.6125,12.627500000000005,0.4444664422886556,5.6125,down,down,0.79,1
5376,18:21:02.224924,6.3105,12.4695,0.5060748225670636,6.3105,down,down,0.7642,1
5377,18:21:02.231319,6.4185,12.325500000000003,0.5207496653279784,6.4185,down,down,0.7595,1
5378,18:21:02.249963,5.726999999999999,12.307000000000013,0.4653449256520675,5.726999999999999,down,down,0.8511,1
5379,18:21:02.262222,4.946499999999999,12.237500000000017,0.4042083758937684,4.946499999999999,down,down,0.504,1
5380,18:21:02.269070,4.172499999999999,12.25900000000002,0.3403621828860423,4.172499999999999,down,down,0.9529,1
5381,18:21:02.282193,3.735499999999999,12.156500000000012,0.3072841689631058,3.735499999999999,down,down,0.9506,1
5382,18:21:02.291187,4.0265,12.128000000000004,0.3320003298153033,4.0265,down,down,0.9616,1
5383,18:21:02.307113,3.7605,12.0945,0.3109264541733846,3.7605,down,down,0.9583,1
5384,18:21:02.315483,3.675499999999999,12.05649999999999,0.3048563015800608,3.675499999999999,down,down,0.9457,1
5385,18:21:02.326927,3.1809999999999987,12.082999999999988,0.2632624348257885,3.1809999999999987,down,down,0.9259,1
5386,18:21:02.340290,2.4049999999999985,12.028999999999993,0.1999334940560312,2.4049999999999985,down,down,0.8355,1
5387,18:21:02.352506,2.368499999999999,12.063999999999982,0.1963279177718835,2.368499999999999,down,down,0.9287,1
5388,18:21:02.360784,2.492499999999999,11.950499999999971,0.2085686791347646,2.492499999999999,down,down,0.7363,1
5389,18:21:02.373146,2.0699999999999994,11.912999999999975,0.1737597582472931,2.0699999999999994,down,down,0.9542,1
5390,18:21:02.380888,2.156999999999999,11.80449999999998,0.1827269261722227,2.156999999999999,down,down,0.9449,1
5391,18:21:02.398060,2.6509999999999994,11.726499999999987,0.2260691595957875,2.6509999999999994,down,down,0.9419,1
5392,18:21:02.405588,2.594499999999999,11.651,0.2226847480902926,2.594499999999999,down,down,0.93,1
5393,18:21:02.414009,3.015499999999999,11.556,0.2609466943579092,3.015499999999999,down,down,0.8716,1
5394,18:21:02.430518,2.5374999999999996,11.557500000000005,0.2195544019035257,2.5374999999999996,down,down,0.7926,1
5395,18:21:02.442560,2.4639999999999995,11.48300000000001,0.2145780719324216,2.4639999999999995,down,down,0.6145,1
5396,18:21:02.450800,2.4664999999999995,11.478500000000002,0.2148799930304481,2.4664999999999995,down,down,0.7949,1
5397,18:21:02.461159,2.7084999999999995,11.355000000000018,0.238529282254513,2.7084999999999995,down,down,0.9535,1
5398,18:21:02.475659,3.3154999999999992,11.263500000000027,0.2943578816531266,3.3154999999999992,down,down,0.8988,1
5399,18:21:02.488683,3.5170000000000003,11.17750000000002,0.314649966450458,3.5170000000000003,down,down,0.932,1
5400,18:21:02.494794,3.191,11.096500000000017,0.2875681521200374,3.191,down,down,0.9323,1
5401,18:21:02.508204,3.1449999999999996,11.131500000000011,0.2825315545973136,3.1449999999999996,down,down,0.9093,1
5402,18:21:02.519058,3.2415,11.153499999999998,0.2906262608149909,3.2415,down,down,0.9003,1
5403,18:21:02.530326,3.2700000000000005,11.23,0.2911843276936777,3.2700000000000005,down,down,0.8302,1
5404,18:21:02.539845,3.671499999999999,11.152000000000005,0.329223457675753,3.671499999999999,down,down,0.8493,1
5405,18:21:02.552683,3.316499999999999,11.122500000000011,0.2981793661496961,3.316499999999999,down,down,0.9184,1
5406,18:21:02.566508,3.299499999999999,11.022000000000014,0.299355833786971,3.299499999999999,down,down,0.9004,1
5407,18:21:02.574933,3.1514999999999995,10.951000000000004,0.2877819377225822,3.1514999999999995,down,down,0.9345,1
5408,18:21:02.584857,2.4964999999999997,10.995000000000005,0.2270577535243291,2.4964999999999997,down,down,0.8861,1
5409,18:21:02.595689,2.4034999999999997,10.9565,0.2193674987450371,2.4034999999999997,down,down,0.877,1
5410,18:21:02.608144,2.7034999999999996,10.982500000000003,0.2461643523787842,2.7034999999999996,down,down,0.8613,1
5411,18:21:02.622216,2.942,10.862000000000004,0.270852513349291,2.942,down,down,0.7662,1
5412,18:21:02.631294,2.996,10.729500000000012,0.2792301598396939,2.996,down,down,0.8301,1
5413,18:21:02.643718,2.611,10.52100000000001,0.2481703260146371,2.611,down,down,0.9033,1
5414,18:21:02.655849,3.533,10.381500000000011,0.3403169098877807,3.533,down,down,0.6798,1
5415,18:21:02.668602,5.141000000000001,10.277500000000003,0.5002189248358063,5.141000000000001,down,down,0.8196,1
5416,18:21:02.680086,6.623,10.181500000000003,0.650493542208908,6.623,down,down,0.7245,1
5417,18:21:02.685496,7.6720000000000015,30.400000000000013,0.2523684210526315,7.6720000000000015,down,down,0.9835,1
5418,18:21:02.700261,7.875500000000001,47.153000000000006,0.1670201259728967,7.875500000000001,up,up,0.9049,1
5419,18:21:02.712562,8.009500000000001,83.25300000000001,0.0962067433005417,8.009500000000001,up,up,0.6306,1
5420,18:21:02.724919,7.968000000000001,113.573,0.0701575198330589,7.968000000000001,down,down,0.97,1
5421,18:21:02.734423,7.678999999999999,134.69350000000003,0.0570109173790865,7.678999999999999,down,down,0.9842,1
5422,18:21:02.744483,7.461499999999999,162.24949999999998,0.0459878150626042,7.461499999999999,down,down,0.9805,1
5423,18:21:02.757993,8.017999999999999,176.0025,0.0455561710771153,8.017999999999999,down,down,0.9734,1
5424,18:21:02.768633,7.0234999999999985,200.294,0.0350659530490179,7.0234999999999985,down,down,0.9303,1
5425,18:21:02.778663,6.166999999999999,213.1585,0.028931522787034,6.166999999999999,down,down,0.9915,1
5426,18:21:02.788688,5.568,235.706,0.0236226485537067,5.568,down,down,0.9881,1
5427,18:21:02.802093,4.352999999999999,244.516,0.0178025159907736,4.352999999999999,down,down,0.9937,1
5428,18:21:02.811507,4.516499999999999,242.2425,0.0186445400786402,4.516499999999999,down,down,0.9869,1
5429,18:21:02.823756,5.214499999999999,228.278,0.0228427618955834,5.214499999999999,down,down,0.9956,1
5430,18:21:02.836551,6.068,201.91900000000004,0.0300516543762597,6.068,down,down,0.9892,1
5431,18:21:02.845785,7.010499999999999,192.723,0.0363760422990509,7.010499999999999,down,down,0.9842,1
5432,18:21:02.861165,7.107999999999999,185.71850000000003,0.0382729776516609,7.107999999999999,down,down,0.9891,1
5433,18:21:02.868568,6.501999999999998,194.773,0.0333824503396261,6.501999999999998,down,down,0.9966,1
5434,18:21:02.879949,6.2334999999999985,194.665,0.0320216782677933,6.2334999999999985,down,down,0.9965,1
5435,18:21:02.892429,6.065499999999998,191.08750000000003,0.0317420030090926,6.065499999999998,down,down,0.9973,1
5436,18:21:02.930748,5.195999999999998,180.529,0.0287820793335142,5.195999999999998,down,down,0.9924,1
5437,18:21:02.930748,5.399999999999998,153.772,0.0351169263585047,5.399999999999998,down,down,0.992,1
5438,18:21:02.932767,5.850499999999998,140.23,0.041720744491193,5.850499999999998,down,down,0.9619,1
5439,18:21:02.938287,5.158999999999998,125.23800000000004,0.0411935674475797,5.158999999999998,down,down,0.9876,1
5440,18:21:02.972369,4.265499999999998,130.73050000000003,0.0326281931148431,4.265499999999998,down,down,0.9905,1
5441,18:21:02.974520,3.147999999999999,130.37900000000008,0.0241449926752007,3.147999999999999,down,down,0.9931,1
5442,18:21:02.976528,2.8324999999999996,110.55500000000002,0.0256207317624711,2.8324999999999996,down,down,0.994,1
5443,18:21:02.982222,2.8534999999999995,90.43450000000004,0.0315532236038237,2.8534999999999995,down,down,0.9694,1
5444,18:21:02.995139,3.3745000000000003,73.0395,0.0462010282107626,3.3745000000000003,up,up,0.9861,1
5445,18:21:03.007217,2.9520000000000004,63.501,0.0464874568904426,2.9520000000000004,up,up,0.986,1
5446,18:21:03.015266,3.314500000000001,55.13950000000002,0.0601111725713871,3.314500000000001,up,up,0.9825,1
5447,18:21:03.026790,3.1030000000000024,58.43800000000001,0.0530990109175536,3.1030000000000024,up,up,0.9826,1
5448,18:21:03.039641,2.6270000000000024,65.50200000000002,0.0401056456291411,2.6270000000000024,up,up,0.9553,1
5449,18:21:03.050039,3.137500000000002,62.206999999999994,0.0504364460591252,3.137500000000002,up,up,0.9878,1
5450,18:21:03.058138,2.915000000000002,52.32299999999998,0.0557116373296638,2.915000000000002,up,up,0.9183,1
5451,18:21:03.073378,2.735500000000001,49.187999999999974,0.0556131576807351,2.735500000000001,down,down,0.5206,1
5452,18:21:03.085157,3.120000000000001,50.44700000000001,0.0618470870418459,3.120000000000001,up,up,0.991,1
5453,18:21:03.094925,3.231500000000002,49.129000000000005,0.0657758146919335,3.231500000000002,up,up,0.9549,1
5454,18:21:03.108656,3.154,45.63900000000002,0.0691075615153705,3.154,up,up,0.9926,1
5455,18:21:03.111788,3.1839999999999997,52.4085,0.0607535037255407,3.1839999999999997,up,up,0.9774,1
5456,18:21:03.130701,3.2659999999999996,53.4105,0.0611490250044466,3.2659999999999996,up,up,0.9901,1
5457,18:21:03.142370,4.0125,46.91600000000004,0.0855251939636797,4.0125,up,up,0.9888,1
5458,18:21:03.155245,4.918,47.44600000000003,0.1036546811111578,4.918,up,up,0.9939,1
5459,18:21:03.163289,4.517,45.97350000000005,0.0982522540159003,4.517,up,up,0.9895,1
5460,18:21:03.173828,4.743500000000001,57.09000000000001,0.0830881064985111,4.743500000000001,up,up,0.9859,1
5461,18:21:03.188719,4.740000000000001,52.78799999999999,0.0897931348033644,4.740000000000001,up,up,0.9945,1
5462,18:21:03.200299,4.365500000000001,49.91599999999997,0.0874569276384326,4.365500000000001,up,up,0.9899,1
5463,18:21:03.207537,4.429,57.76349999999995,0.076674716732885,4.429,up,up,0.9819,1
5464,18:21:03.218696,4.4685000000000015,55.264999999999944,0.0808558762326971,4.4685000000000015,up,up,0.9838,1
5465,18:21:03.231804,4.7390000000000025,57.45049999999996,0.0824884030600256,4.7390000000000025,up,up,0.9734,1
5466,18:21:03.243306,5.283500000000002,53.58699999999997,0.0985966745665927,5.283500000000002,up,up,0.9769,1
5467,18:21:03.253302,5.195500000000001,63.49899999999993,0.0818201861446638,5.195500000000001,up,up,0.9301,1
5468,18:21:03.261591,3.9425,55.12749999999992,0.0715160310190015,3.9425,up,up,0.99,1
5469,18:21:03.277136,3.7585,56.37549999999992,0.0666690317602505,3.7585,up,up,0.9853,1
5470,18:21:03.289930,3.8085,45.25149999999995,0.084162955924113,3.8085,up,up,0.9874,1
5471,18:21:03.301515,4.431,45.83249999999997,0.0966781214203895,4.431,up,up,0.9914,1
5472,18:21:03.309040,5.504500000000001,48.13749999999996,0.1143495196052974,5.504500000000001,up,up,0.9804,1
5473,18:21:03.321996,5.7280000000000015,39.40849999999996,0.1453493535658552,5.7280000000000015,up,up,0.9929,1
5474,18:21:03.333248,5.456,43.62499999999996,0.1250659025787966,5.456,up,up,0.9931,1
5475,18:21:03.343697,4.969000000000001,34.39399999999994,0.1444728731755541,4.969000000000001,up,up,0.9956,1
5476,18:21:03.354903,4.011500000000001,36.71799999999995,0.109251593224032,4.011500000000001,up,up,0.9898,1
5477,18:21:03.367128,3.331500000000001,33.45299999999998,0.0995874809434132,3.331500000000001,up,up,0.9804,1
5478,18:21:03.380730,3.5390000000000006,41.4475,0.0853851257615055,3.5390000000000006,up,up,0.9931,1
5479,18:21:03.392081,3.8865000000000007,37.073999999999984,0.1048308787829746,3.8865000000000007,up,up,0.9882,1
5480,18:21:03.401228,3.8140000000000014,39.3155,0.0970100850809477,3.8140000000000014,up,up,0.9892,1
5481,18:21:03.407349,3.35,38.81599999999999,0.0863046166529266,3.35,up,up,0.9879,1
5482,18:21:03.424531,2.728,36.52950000000001,0.074679368729383,2.728,up,up,0.9406,1
5483,18:21:03.436335,2.522,43.92950000000001,0.0574101685655425,2.522,up,up,0.9876,1
5484,18:21:03.445703,2.319500000000001,41.27450000000002,0.0561969254624525,2.319500000000001,up,up,0.9795,1
5485,18:21:03.457556,2.408,41.35000000000001,0.0582345828295042,2.408,up,up,0.9745,1
5486,18:21:03.470744,2.5124999999999997,44.756,0.0561377245508981,2.5124999999999997,up,up,0.9894,1
5487,18:21:03.483097,2.4909999999999997,39.10249999999997,0.06370436672847,2.4909999999999997,up,up,0.9721,1
5488,18:21:03.492165,2.6659999999999995,37.36799999999997,0.0713444658531364,2.6659999999999995,up,up,0.9926,1
5489,18:21:03.498455,2.209,37.81499999999997,0.0584159724976861,2.209,up,up,0.993,1
5490,18:21:03.515657,2.3539999999999996,42.409999999999975,0.0555057769394011,2.3539999999999996,up,up,0.986,1
5491,18:21:03.524323,2.266,38.09599999999999,0.0594813103737925,2.266,up,up,0.989,1
5492,18:21:03.540180,2.1305,41.788,0.050983535943333,2.1305,up,up,0.9623,1
5493,18:21:03.541865,1.8914999999999993,36.9455,0.0511970334682166,1.8914999999999993,up,up,0.9826,1
5494,18:21:03.561078,1.9314999999999989,34.79800000000001,0.0555060635668716,1.9314999999999989,up,up,0.9938,1
5495,18:21:03.573107,1.8319999999999992,39.11299999999999,0.046838646997162,1.8319999999999992,up,up,0.9908,1
5496,18:21:03.585042,1.6984999999999992,31.757,0.0534842711843058,1.6984999999999992,up,up,0.8929,1
5497,18:21:03.593883,2.2839999999999994,36.0735,0.0633151759601923,2.2839999999999994,up,up,0.9732,1
5498,18:21:03.606994,2.0544999999999995,29.20449999999999,0.0703487476245099,2.0544999999999995,up,up,0.9676,1
5499,18:21:03.617456,2.2224999999999993,32.49500000000001,0.0683951377134943,2.2224999999999993,up,up,0.9669,1
5500,18:21:03.630471,2.3864999999999994,32.16649999999998,0.0741920942595557,2.3864999999999994,up,up,0.9745,1
5501,18:21:03.642072,2.5244999999999993,34.308999999999976,0.073581276050016,2.5244999999999993,up,up,0.9941,1
5502,18:21:03.652110,2.4674999999999994,32.26949999999998,0.076465393018175,2.4674999999999994,up,up,0.9887,1
5503,18:21:03.663275,2.734,33.211999999999975,0.0823196435023486,2.734,up,up,0.9832,1
5504,18:21:03.675113,3.2035000000000005,40.99899999999998,0.0781360520988317,3.2035000000000005,up,up,0.9068,1
5505,18:21:03.680222,4.317500000000001,39.09200000000001,0.1104445922439373,4.317500000000001,up,up,0.9179,1
5506,18:21:03.695955,5.4285000000000005,45.69500000000001,0.1187985556406609,5.4285000000000005,up,up,0.8053,1
5507,18:21:03.707932,5.478,41.11050000000003,0.1332506294012477,5.478,up,up,0.9756,1
5508,18:21:03.721187,5.363499999999999,46.13400000000004,0.1162591581046515,5.363499999999999,up,up,0.9093,1
5509,18:21:03.732293,5.2325,42.36450000000003,0.1235114305609648,5.2325,up,up,0.996,1
5510,18:21:03.740958,4.782,40.56550000000005,0.117883423105841,4.782,up,up,0.9478,1
5511,18:21:03.751433,4.893,45.12750000000006,0.1084261259764,4.893,up,up,0.8822,1
5512,18:21:03.766650,5.0065,44.06300000000006,0.1136214057145449,5.0065,up,up,0.8667,1
5513,18:21:03.777796,4.74,42.626500000000085,0.1111984328997217,4.74,up,up,0.7788,1
5514,18:21:03.785617,4.3735,35.64250000000009,0.1227046363190008,4.3735,up,up,0.8792,1
5515,18:21:03.797212,3.7359999999999993,35.078500000000105,0.1065039839217751,3.7359999999999993,up,up,0.8185,1
5516,18:21:03.810296,3.3489999999999993,31.262000000000107,0.1071268632844983,3.3489999999999993,up,up,0.9586,1
5517,18:21:03.823292,3.2215000000000003,32.0460000000001,0.1005273669100664,3.2215000000000003,up,up,0.8806,1
5518,18:21:03.834394,3.1255000000000015,29.867000000000104,0.1046472695617233,3.1255000000000015,up,up,0.986,1
5519,18:21:03.844056,3.040500000000001,30.225500000000107,0.1005938694148977,3.040500000000001,up,up,0.7949,1
5520,18:21:03.856416,2.9530000000000003,29.256500000000106,0.1009348349939326,2.9530000000000003,up,up,0.7342,1
5521,18:21:03.866856,2.655500000000001,22.60700000000009,0.117463617463617,2.655500000000001,down,down,0.9862,1
5522,18:21:03.877467,2.485500000000002,24.466500000000092,0.1015878854760587,2.485500000000002,down,down,0.9423,1
5523,18:21:03.888872,2.624000000000001,23.365500000000093,0.1123023260790477,2.624000000000001,down,down,0.9891,1
5524,18:21:03.901366,3.080500000000001,22.72900000000009,0.1355316995908306,3.080500000000001,down,down,0.934,1
5525,18:21:03.913761,3.0885000000000016,23.751000000000072,0.1300366300366297,3.0885000000000016,down,down,0.9481,1
5526,18:21:03.925673,2.957500000000002,21.401500000000063,0.1381912482769896,2.957500000000002,down,down,0.9778,1
5527,18:21:03.933727,2.445500000000002,24.651500000000084,0.0992028882623772,2.445500000000002,down,down,0.9728,1
5528,18:21:03.945307,2.7520000000000016,22.93950000000005,0.1199677412323719,2.7520000000000016,down,down,0.9759,1
5529,18:21:03.958805,2.727500000000001,24.469000000000033,0.1114675712125545,2.727500000000001,down,down,0.9016,1
5530,18:21:03.969725,2.948000000000001,22.726500000000016,0.1297164103579521,2.948000000000001,down,down,0.9478,1
5531,18:21:03.978401,3.1335,22.428500000000017,0.1397106360211337,3.1335,down,down,0.9505,1
5532,18:21:03.991599,3.2284999999999995,23.636999999999993,0.1365867072809578,3.2284999999999995,down,down,0.9316,1
5533,18:21:04.001097,3.5335,21.260499999999983,0.1662002304743539,3.5335,down,down,0.8994,1
5534,18:21:04.014864,3.2870000000000004,24.275499999999973,0.1354040081563718,3.2870000000000004,down,down,0.8588,1
5535,18:21:04.024203,2.766,22.94599999999996,0.1205438856445569,2.766,down,down,0.986,1
5536,18:21:04.031289,2.4689999999999994,24.30249999999997,0.101594486163975,2.4689999999999994,down,down,0.938,1
5537,18:21:04.048430,2.5909999999999997,22.13799999999995,0.1170385762038127,2.5909999999999997,down,down,0.9871,1
5538,18:21:04.057598,2.418499999999999,20.86499999999997,0.1159118140426553,2.418499999999999,down,down,0.9742,1
5539,18:21:04.072378,2.5274999999999994,22.59949999999997,0.1118387574946349,2.5274999999999994,down,down,0.9847,1
5540,18:21:04.081034,2.4095,19.97949999999999,0.1205986135789184,2.4095,down,down,0.9807,1
5541,18:21:04.093649,2.9315,23.527499999999993,0.1245988736584848,2.9315,down,down,0.8401,1
5542,18:21:04.105270,2.6475000000000004,21.833499999999987,0.1212586163464402,2.6475000000000004,down,down,0.9893,1
5543,18:21:04.116495,2.636,23.594999999999988,0.1117185844458572,2.636,down,down,0.9408,1
5544,18:21:04.126136,2.4315,21.853,0.1112661877087814,2.4315,down,down,0.9851,1
5545,18:21:04.132706,3.0355,20.240500000000004,0.1499715916108791,3.0355,down,down,0.9687,1
5546,18:21:04.151047,2.75,22.166000000000015,0.1240638816204997,2.75,down,down,0.9916,1
5547,18:21:04.161291,2.6944999999999997,19.52200000000001,0.1380237680565515,2.6944999999999997,down,down,0.9854,1
5548,18:21:04.166347,3.0164999999999997,23.2435,0.1297782175662012,3.0164999999999997,down,down,0.8695,1
5549,18:21:04.183085,2.9339999999999997,26.702000000000005,0.1098794097820387,2.9339999999999997,down,down,0.828,1
5550,18:21:04.193859,3.1614999999999993,35.91900000000001,0.088017483782956,3.1614999999999993,up,up,0.802,1
5551,18:21:04.208140,2.3974999999999995,33.52400000000003,0.0715159288867676,2.3974999999999995,up,up,0.9342,1
5552,18:21:04.219610,2.7669999999999986,35.62100000000005,0.0776788972796944,2.7669999999999986,up,up,0.6822,1
5553,18:21:04.228948,2.571499999999999,35.69850000000004,0.0720338389568188,2.571499999999999,up,up,0.779,1
5554,18:21:04.240797,2.383499999999999,33.61200000000004,0.0709121742234915,2.383499999999999,up,up,0.7444,1
5555,18:21:04.253429,2.1984999999999992,38.870000000000054,0.0565603293028041,2.1984999999999992,up,up,0.8819,1
5556,18:21:04.264843,2.3729999999999993,36.34350000000005,0.0652936563622104,2.3729999999999993,up,up,0.6333,1
5557,18:21:04.273085,2.567499999999999,38.380000000000045,0.0668968212610733,2.567499999999999,up,up,0.744,1
5558,18:21:04.285679,2.163999999999999,38.443000000000055,0.0562911323257809,2.163999999999999,up,up,0.8817,1
5559,18:21:04.296572,2.575499999999999,31.27800000000007,0.0823422213696525,2.575499999999999,up,up,0.8302,1
5560,18:21:04.309718,2.584999999999999,27.498000000000054,0.0940068368608623,2.584999999999999,down,down,0.9417,1
5561,18:21:04.313931,3.314499999999999,25.94750000000004,0.1277387031505923,3.314499999999999,down,down,0.873,1
5562,18:21:04.331139,3.0509999999999997,26.82400000000003,0.1137414255890246,3.0509999999999997,down,down,0.9657,1
5563,18:21:04.343528,3.050499999999999,25.535000000000043,0.1194634814959856,3.050499999999999,down,down,0.925,1
5564,18:21:04.355239,3.3224999999999993,28.355500000000013,0.1171730352136269,3.3224999999999993,up,up,0.6181,1
5565,18:21:04.367155,3.0659999999999994,25.561000000000018,0.1199483588279017,3.0659999999999994,down,down,0.9243,1
5566,18:21:04.374783,3.2784999999999997,25.579500000000017,0.1281690416153559,3.2784999999999997,down,down,0.8378,1
5567,18:21:04.383152,3.041,27.052000000000028,0.1124131302676325,3.041,down,down,0.9456,1
5568,18:21:04.400850,3.467500000000001,22.98200000000002,0.150878948742494,3.467500000000001,down,down,0.8986,1
5569,18:21:04.411419,3.723,26.941000000000013,0.1381908615121932,3.723,down,down,0.8049,1
5570,18:21:04.416619,4.000500000000001,21.794000000000032,0.1835596953289894,4.000500000000001,down,down,0.8481,1
5571,18:21:04.432745,3.3550000000000013,25.234500000000008,0.1329529017812915,3.3550000000000013,down,down,0.8854,1
5572,18:21:04.443362,3.2540000000000004,22.543000000000013,0.1443463602892249,3.2540000000000004,down,down,0.936,1
5573,18:21:04.457924,3.2930000000000015,23.541500000000024,0.1398806363230889,3.2930000000000015,down,down,0.8619,1
5574,18:21:04.464531,3.5455000000000014,23.046500000000044,0.1538411472457854,3.5455000000000014,down,down,0.7481,1
5575,18:21:04.475110,4.301500000000002,20.46500000000004,0.2101881260688978,4.301500000000002,down,down,0.4615,1
5576,18:21:04.490276,4.7825000000000015,22.946000000000055,0.2084241262093606,4.7825000000000015,down,down,0.8713,1
5577,18:21:04.498473,5.465500000000001,19.52750000000004,0.2798873383689663,5.465500000000001,down,down,0.9463,1
5578,18:21:04.511060,5.559500000000002,23.26400000000004,0.2389743810178813,5.559500000000002,down,down,0.6658,1
5579,18:21:04.523084,4.916000000000002,26.120000000000033,0.1882082695252678,4.916000000000002,down,down,0.5109,1
5580,18:21:04.536094,4.360500000000001,34.61950000000002,0.1259550253469864,4.360500000000001,up,up,0.7235,1
5581,18:21:04.546322,4.689500000000002,32.536000000000044,0.1441326530612243,4.689500000000002,up,up,0.8903,1
5582,18:21:04.559762,5.371,34.105500000000035,0.1574819310668365,5.371,up,up,0.9467,1
5583,18:21:04.564916,5.5045,34.31900000000001,0.1603922025700049,5.5045,up,up,0.9364,1
5584,18:21:04.580241,5.481999999999999,32.015000000000015,0.1712322348898952,5.481999999999999,up,up,0.9211,1
5585,18:21:04.592881,5.225999999999999,35.56250000000001,0.1469525483304041,5.225999999999999,up,up,0.9559,1
5586,18:21:04.605663,5.161,37.13299999999999,0.1389868849810142,5.161,up,up,0.9035,1
5587,18:21:04.614145,4.697999999999999,43.145,0.1088886313593695,4.697999999999999,up,up,0.6757,1
5588,18:21:04.626043,4.3279999999999985,40.64,0.1064960629921259,4.3279999999999985,up,up,0.8876,1
5589,18:21:04.636532,4.552499999999998,35.102500000000006,0.1296916174061675,4.552499999999998,up,up,0.846,1
5590,18:21:04.643223,4.893999999999998,30.55349999999998,0.1601780483414339,4.893999999999998,up,up,0.9134,1
5591,18:21:04.658723,4.772999999999999,29.547499999999964,0.1615365090109148,4.772999999999999,up,up,0.9205,1
5592,18:21:04.669731,4.221999999999999,31.902499999999957,0.1323407256484602,4.221999999999999,up,up,0.789,1
5593,18:21:04.683342,4.858999999999999,32.332499999999975,0.1502822237686539,4.858999999999999,up,up,0.8725,1
5594,18:21:04.695836,5.427999999999999,32.338999999999956,0.1678468721976563,5.427999999999999,up,up,0.8758,1
5595,18:21:04.703646,5.777499999999999,33.70799999999996,0.1713984810727425,5.777499999999999,up,up,0.8805,1
5596,18:21:04.710342,6.0075,29.019999999999964,0.2070124052377673,6.0075,down,down,0.7255,1
5597,18:21:04.728018,5.864999999999999,28.538499999999935,0.2055118524099028,5.864999999999999,down,down,0.7715,1
5598,18:21:04.740724,5.7505,27.657499999999946,0.2079182861791561,5.7505,down,down,0.7901,1
5599,18:21:04.750680,5.480999999999999,31.767499999999956,0.1725348233257262,5.480999999999999,up,up,0.9362,1
5600,18:21:04.761538,5.374,28.173999999999985,0.190743238446795,5.374,down,yaw towards right,0.4676,0
5601,18:21:04.773251,6.336499999999999,30.6205,0.2069365294492251,6.336499999999999,down,down,0.6719,1
5602,18:21:04.785328,7.3735,27.281,0.2702796818298449,7.3735,down,down,0.8536,1
5603,18:21:04.795619,7.474999999999999,26.045499999999997,0.2869977539306214,7.474999999999999,down,down,0.7123,1
5604,18:21:04.807039,6.597499999999999,29.258,0.2254938820151753,6.597499999999999,down,down,0.86,1
5605,18:21:04.815042,6.176499999999999,24.070999999999987,0.25659507290931,6.176499999999999,down,down,0.8643,1
5606,18:21:04.830344,5.208999999999999,27.567499999999978,0.1889543846921194,5.208999999999999,down,yaw towards right,0.41,0
5607,18:21:04.841637,5.611999999999999,22.365500000000004,0.2509221792492901,5.611999999999999,down,down,0.8538,1
5608,18:21:04.850188,6.4719999999999995,25.194999999999983,0.2568763643580076,6.4719999999999995,down,down,0.8522,1
5609,18:21:04.861274,7.271000000000001,25.90399999999998,0.2806902408894381,7.271000000000001,down,down,0.7719,1
5610,18:21:04.876328,7.1275,33.457999999999956,0.2130282742542892,7.1275,down,down,0.7181,1
5611,18:21:04.888781,6.227500000000001,31.599999999999937,0.197072784810127,6.227500000000001,down,down,0.8134,1
5612,18:21:04.899390,5.8825,32.249999999999936,0.1824031007751941,5.8825,up,up,0.8097,1
5613,18:21:04.907904,5.930000000000001,33.222499999999926,0.1784934908571002,5.930000000000001,up,up,0.8158,1
5614,18:21:04.914471,6.532500000000001,29.90849999999992,0.2184161693164157,6.532500000000001,down,down,0.8708,1
5615,18:21:04.933759,6.43,33.29999999999994,0.1930930930930934,6.43,down,down,0.4968,1
5616,18:21:04.943725,7.286499999999999,34.22349999999995,0.2129092582582146,7.286499999999999,down,down,0.7046,1
5617,18:21:04.953687,7.191,39.72249999999994,0.1810309018818053,7.191,down,down,0.7665,1
5618,18:21:04.964787,6.3904999999999985,37.90049999999994,0.1686125512856033,6.3904999999999985,up,up,0.3605,1
5619,18:21:04.975594,5.7494999999999985,33.20449999999991,0.1731542411420143,5.7494999999999985,up,up,0.8772,1
5620,18:21:04.988727,6.179499999999999,29.202499999999937,0.2116085951545248,6.179499999999999,down,down,0.8363,1
5621,18:21:04.998290,6.171499999999999,28.541499999999967,0.2162289998773717,6.171499999999999,down,down,0.8529,1
5622,18:21:05.010940,5.858,31.130999999999965,0.1881725611127174,5.858,up,up,0.845,1
5623,18:21:05.023763,4.9625,31.30199999999997,0.1585361957702384,4.9625,up,up,0.9323,1
5624,18:21:05.035092,4.599,31.489499999999992,0.1460486828942981,4.599,up,up,0.8847,1
5625,18:21:05.042726,4.4094999999999995,33.136999999999986,0.1330687750852521,4.4094999999999995,up,up,0.8254,1
5626,18:21:05.050192,3.718000000000001,28.671499999999988,0.1296758104738155,3.718000000000001,up,up,0.864,1
5627,18:21:05.068523,3.349000000000001,28.29199999999999,0.1183726848579104,3.349000000000001,down,down,0.544,1
5628,18:21:05.080373,4.121,27.22200000000001,0.1513849092645653,4.121,down,down,0.6026,1
5629,18:21:05.092590,4.669500000000001,31.109000000000044,0.1501012568710018,4.669500000000001,up,up,0.918,1
5630,18:21:05.098393,5.5035,27.545500000000025,0.1997967000054453,5.5035,down,down,0.681,1
5631,18:21:05.114118,6.151999999999999,30.091000000000015,0.2044465122461864,6.151999999999999,down,down,0.7914,1
5632,18:21:05.124483,7.005,26.87100000000001,0.260689963157307,7.005,down,down,0.8728,1
5633,18:21:05.136510,6.9864999999999995,25.729000000000024,0.2715418399471411,6.9864999999999995,down,down,0.7527,1
5634,18:21:05.141704,6.632,28.817500000000024,0.2301379370174371,6.632,down,down,0.9287,1
5635,18:21:05.159098,6.653499999999999,23.783000000000023,0.2797586511373667,6.653499999999999,down,down,0.9139,1
5636,18:21:05.170147,7.257,27.255500000000012,0.2662581864210891,7.257,down,down,0.9396,1
5637,18:21:05.183078,7.253,22.105500000000013,0.3281083893148762,7.253,down,down,0.8604,1
5638,18:21:05.188812,6.5495,25.079,0.2611547509868814,6.5495,down,down,0.8137,1
5639,18:21:05.199576,6.501499999999998,22.03049999999999,0.2951135925194617,6.501499999999998,down,down,0.9449,1
5640,18:21:05.216258,5.077,22.9685,0.2210418616801271,5.077,down,down,0.58,1
5641,18:21:05.227806,4.1655,22.57549999999997,0.1845141857323206,4.1655,down,down,0.8082,1
5642,18:21:05.244226,3.1610000000000005,26.74249999999998,0.1182013648686548,3.1610000000000005,down,down,0.9561,1
5643,18:21:05.249381,3.6845,26.36499999999997,0.1397496681206146,3.6845,down,down,0.8302,1
5644,18:21:05.260834,3.5885000000000007,27.932999999999975,0.1284681201446319,3.5885000000000007,up,up,0.7037,1
5645,18:21:05.267796,3.9025000000000007,27.91749999999998,0.1397868720336707,3.9025000000000007,down,down,0.4237,1
5646,18:21:05.280854,3.049500000000001,28.396999999999984,0.107388104377223,3.049500000000001,down,down,0.7852,1
5647,18:21:05.291928,3.481500000000002,28.201499999999992,0.123450880272326,3.481500000000002,down,down,0.6829,1
5648,18:21:05.305515,3.3985,28.873999999999985,0.1177010459236684,3.3985,up,up,0.9624,1
5649,18:21:05.313939,2.8465000000000007,32.24049999999998,0.0882895736728649,2.8465000000000007,up,up,0.9868,1
5650,18:21:05.330538,2.862500000000001,31.350499999999972,0.0913063587502592,2.862500000000001,up,up,0.9772,1
5651,18:21:05.335018,3.1530000000000005,31.04099999999999,0.101575335846139,3.1530000000000005,up,up,0.98,1
5652,18:21:05.348385,2.8840000000000003,32.31799999999999,0.0892381954328857,2.8840000000000003,up,up,0.7348,1
5653,18:21:05.360368,2.5985,35.10949999999998,0.0740113074808812,2.5985,up,up,0.8039,1
5654,18:21:05.374314,2.820499999999999,34.93899999999999,0.080726408884055,2.820499999999999,up,up,0.7657,1
5655,18:21:05.380504,3.424499999999999,35.68549999999998,0.0959633464572445,3.424499999999999,up,up,0.8727,1
5656,18:21:05.396853,4.1194999999999995,34.46349999999998,0.1195322587665211,4.1194999999999995,up,up,0.7521,1
5657,18:21:05.407676,3.635499999999999,34.632999999999974,0.1049721364016978,3.635499999999999,up,up,0.9367,1
5658,18:21:05.416762,3.9949999999999983,33.19199999999999,0.1203603277898288,3.9949999999999983,up,up,0.8068,1
5659,18:21:05.432296,3.994,32.03749999999998,0.1246664065548186,3.994,up,up,0.5343,1
5660,18:21:05.440909,4.092499999999999,32.087999999999994,0.1275398903016704,4.092499999999999,up,up,0.6383,1
5661,18:21:05.451040,4.2,31.452499999999993,0.1335346951752643,4.2,up,up,0.8378,1
5662,18:21:05.465411,4.5565,25.02000000000001,0.1821143085531573,4.5565,down,down,0.7547,1
5663,18:21:05.478144,4.771,22.24200000000001,0.2145040913586906,4.771,down,down,0.8051,1
5664,18:21:05.484176,5.141499999999999,20.066000000000013,0.2562294428386323,5.141499999999999,down,down,0.9136,1
5665,18:21:05.498095,3.9194999999999993,19.32150000000002,0.2028569210465023,3.9194999999999993,down,down,0.9093,1
5666,18:21:05.510605,3.564000000000001,19.57200000000003,0.1820968730839973,3.564000000000001,down,down,0.9065,1
5667,18:21:05.523205,3.702500000000001,20.51350000000003,0.1804908962390618,3.702500000000001,down,down,0.8915,1
5668,18:21:05.531482,3.664999999999999,21.877500000000015,0.1675237115758197,3.664999999999999,down,down,0.8828,1
5669,18:21:05.543928,3.592999999999999,17.61450000000005,0.2039796758352487,3.592999999999999,down,down,0.9347,1
5670,18:21:05.555040,3.829999999999999,19.130000000000045,0.2002090956612645,3.829999999999999,down,down,0.8681,1
5671,18:21:05.568486,3.3819999999999992,19.212500000000052,0.1760312296681842,3.3819999999999992,down,down,0.9583,1
5672,18:21:05.576018,2.8779999999999997,18.13700000000004,0.1586811490323644,2.8779999999999997,down,down,0.9507,1
5673,18:21:05.588708,2.5004999999999997,20.467500000000047,0.1221692927812382,2.5004999999999997,down,down,0.9855,1
5674,18:21:05.600085,3.3345,17.67950000000001,0.1886082751209026,3.3345,down,down,0.9236,1
5675,18:21:05.608204,5.073,21.510500000000008,0.2358383115222797,5.073,down,down,0.8565,1
5676,18:21:05.624523,6.971500000000001,25.518999999999988,0.2731886045691447,6.971500000000001,down,down,0.7966,1
5677,18:21:05.634135,8.543000000000001,26.287499999999984,0.3249833571088923,8.543000000000001,down,down,0.8543,1
5678,18:21:05.644501,8.71,26.797000000000008,0.3250363846699257,8.71,down,down,0.9251,1
5679,18:21:05.657799,8.853,26.539500000000004,0.3335782512858192,8.853,down,down,0.8536,1
5680,18:21:05.670209,9.1215,27.754500000000014,0.3286494082040749,9.1215,down,down,0.938,1
5681,18:21:05.674423,9.692000000000002,32.11450000000001,0.3017951392673091,9.692000000000002,up,up,0.8344,1
5682,18:21:05.691355,10.6855,31.935499999999983,0.3345962956584367,10.6855,up,up,0.8292,1
5683,18:21:05.696513,11.168500000000003,31.52849999999997,0.3542350571704969,11.168500000000003,down,down,0.564,1
5684,18:21:05.715222,10.471500000000002,32.92949999999999,0.3179975401995173,10.471500000000002,down,down,0.8246,1
5685,18:21:05.723574,9.476000000000004,29.931999999999977,0.3165842576506752,9.476000000000004,down,down,0.9328,1
5686,18:21:05.763520,8.362500000000002,24.60149999999999,0.3399182976647767,8.362500000000002,down,down,0.9404,1
5687,18:21:05.806766,7.873000000000002,22.734499999999983,0.3463018760034312,7.873000000000002,down,down,0.9344,1
5688,18:21:05.817378,8.158500000000004,21.16149999999996,0.3855350518630541,8.158500000000004,down,down,0.9399,1
5689,18:21:05.817378,8.652000000000005,22.32099999999994,0.3876170422472124,8.652000000000005,down,down,0.9427,1
5690,18:21:05.817378,8.233500000000001,20.03349999999994,0.4109865974492737,8.233500000000001,down,down,0.9492,1
5691,18:21:05.817378,7.9605000000000015,15.512999999999948,0.5131502610713613,7.9605000000000015,down,down,0.9667,1
5692,18:21:05.817378,7.184500000000002,15.093499999999954,0.4759996024778893,7.184500000000002,down,down,0.9824,1
5693,18:21:05.817378,6.587999999999999,14.898999999999962,0.4421773273374063,6.587999999999999,down,down,0.9845,1
5694,18:21:05.825839,6.4159999999999995,13.330999999999957,0.4812842247393309,6.4159999999999995,down,down,0.9554,1
5695,18:21:05.838668,6.3454999999999995,15.02699999999998,0.4222732414986362,6.3454999999999995,down,down,0.9877,1
5696,18:21:05.849145,5.998,14.147999999999984,0.4239468476109702,5.998,down,down,0.9824,1
5697,18:21:05.859347,5.2035,14.965000000000014,0.3477113264283324,5.2035,down,down,0.9411,1
5698,18:21:05.865952,4.5215,13.621000000000032,0.3319506644152403,4.5215,down,down,0.9765,1
5699,18:21:05.879966,4.7219999999999995,12.659500000000056,0.3730005134483968,4.7219999999999995,down,down,0.9855,1
5700,18:21:05.895063,5.025499999999999,13.78950000000005,0.3644439609848059,5.025499999999999,down,down,0.916,1
5701,18:21:05.907280,4.657500000000001,12.109500000000054,0.3846153846153829,4.657500000000001,down,down,0.9606,1
5702,18:21:05.914855,4.528499999999999,14.564500000000049,0.310927254625973,4.528499999999999,down,down,0.9457,1
5703,18:21:05.927137,4.383,12.412500000000051,0.3531117824773399,4.383,down,down,0.9729,1
5704,18:21:05.940634,3.8285,14.583000000000045,0.262531715010628,3.8285,down,down,0.9905,1
5705,18:21:05.953187,3.814,12.751000000000053,0.2991137949964697,3.814,down,down,0.9828,1
5706,18:21:05.961391,4.484,12.528500000000037,0.357903978928043,4.484,down,down,0.9779,1
5707,18:21:05.973825,5.444999999999999,12.901500000000038,0.4220439483780943,5.444999999999999,down,down,0.9354,1
5708,18:21:05.983534,6.67,11.749000000000006,0.567707890033194,6.67,down,down,0.9313,1
5709,18:21:05.998826,6.7219999999999995,13.488499999999982,0.4983504466767994,6.7219999999999995,down,down,0.9363,1
5710,18:21:06.009480,6.472499999999999,11.212499999999984,0.5772575250836128,6.472499999999999,down,down,0.9272,1
5711,18:21:06.016511,6.558,13.429999999999978,0.4883097542814602,6.558,down,down,0.9785,1
5712,18:21:06.030410,7.0595,11.813999999999991,0.597553749788387,7.0595,down,down,0.9371,1
5713,18:21:06.042965,7.338999999999999,12.4425,0.5898332328712074,7.338999999999999,down,down,0.9658,1
5714,18:21:06.056106,7.337499999999999,11.698000000000008,0.6272439733287736,7.337499999999999,down,down,0.9252,1
5715,18:21:06.064072,7.282999999999999,11.156499999999989,0.6528032985255238,7.282999999999999,down,down,0.9037,1
5716,18:21:06.075926,6.850999999999999,12.048000000000007,0.5686420982735719,6.850999999999999,down,down,0.9406,1
5717,18:21:06.089724,6.581999999999999,10.694000000000011,0.6154853188703938,6.581999999999999,down,down,0.9515,1
5718,18:21:06.097331,6.3359999999999985,12.193500000000023,0.5196211096075767,6.3359999999999985,down,down,0.9851,1
5719,18:21:06.107463,6.111999999999998,11.42550000000004,0.5349437661371474,6.111999999999998,down,down,0.9502,1
5720,18:21:06.120165,6.149499999999998,12.143500000000046,0.5064026022151747,6.149499999999998,down,down,0.9824,1
5721,18:21:06.130399,6.651999999999998,11.307000000000045,0.5883081277084967,6.651999999999998,down,down,0.9579,1
5722,18:21:06.145697,6.057999999999999,10.30000000000005,0.5881553398058222,6.057999999999999,down,down,0.9589,1
5723,18:21:06.156819,5.846999999999999,11.376500000000016,0.5139542038412509,5.846999999999999,down,down,0.9641,1
5724,18:21:06.161867,5.996999999999998,9.99800000000003,0.5998199639927966,5.996999999999998,down,down,0.972,1
5725,18:21:06.179363,5.394499999999999,12.03900000000004,0.4480853891519213,5.394499999999999,down,down,0.9406,1
5726,18:21:06.191713,4.582499999999999,10.164500000000029,0.4508337842491009,4.582499999999999,down,down,0.9407,1
5727,18:21:06.202253,3.525999999999999,11.885999999999996,0.2966515227999327,3.525999999999999,down,down,0.9573,1
5728,18:21:06.210509,2.555499999999999,10.486500000000008,0.2436942735898534,2.555499999999999,down,down,0.9612,1
5729,18:21:06.218109,1.8704999999999992,10.211999999999994,0.1831668625146886,1.8704999999999992,down,down,0.9526,1
5730,18:21:06.236008,1.6915,10.612499999999985,0.159387514723204,1.6915,down,down,0.9502,1
5731,18:21:06.247564,1.318,9.562499999999982,0.1378300653594774,1.318,down,down,0.9783,1
5732,18:21:06.256966,1.6904999999999997,11.115999999999968,0.1520780856423177,1.6904999999999997,down,down,0.9803,1
5733,18:21:06.267891,2.6185,13.263999999999992,0.1974140530759953,2.6185,down,down,0.9873,1
5734,18:21:06.280297,4.3885000000000005,13.842999999999966,0.3170194322040028,4.3885000000000005,down,down,0.9425,1
5735,18:21:06.292752,5.819500000000001,14.54899999999996,0.399993126675374,5.819500000000001,down,down,0.8792,1
5736,18:21:06.300888,6.655500000000001,14.377999999999956,0.4628947002364738,6.655500000000001,down,down,0.9714,1
5737,18:21:06.311274,6.747,14.820499999999976,0.455247798657266,6.747,down,down,0.9669,1
5738,18:21:06.325409,6.616000000000001,14.54899999999996,0.454739157330402,6.616000000000001,down,down,0.983,1
5739,18:21:06.338738,6.9465,15.397499999999974,0.4511446663419394,6.9465,down,down,0.9588,1
5740,18:21:06.348061,7.703,17.188499999999983,0.4481484713616667,7.703,down,down,0.9624,1
5741,18:21:06.359270,8.470999999999998,17.22949999999999,0.4916567515017849,8.470999999999998,down,down,0.8935,1
5742,18:21:06.371335,8.3835,16.847999999999985,0.4975961538461543,8.3835,down,down,0.8796,1
5743,18:21:06.380350,7.382999999999998,13.707999999999975,0.5385906040268464,7.382999999999998,down,down,0.9554,1
5744,18:21:06.395808,5.666499999999999,13.868499999999978,0.4085878069005306,5.666499999999999,down,down,0.8759,1
5745,18:21:06.395808,4.362999999999998,12.29149999999998,0.3549607452304442,4.362999999999998,down,down,0.9676,1
5746,18:21:06.414464,3.4314999999999984,12.665999999999968,0.2709221537975688,3.4314999999999984,down,down,0.9867,1
5747,18:21:06.428525,3.3594999999999984,12.105499999999967,0.2775184833340223,3.3594999999999984,down,down,0.9828,1
5748,18:21:06.440563,3.4674999999999985,11.915999999999991,0.2909953004363881,3.4674999999999985,down,down,0.9089,1
5749,18:21:06.447924,3.379999999999999,12.002000000000004,0.2816197300449923,3.379999999999999,down,down,0.9485,1
5750,18:21:06.459133,2.5574999999999997,9.483999999999998,0.269664698439477,2.5574999999999997,down,down,0.8895,1
5751,18:21:06.473382,1.858,10.2185,0.1818270783383079,1.858,down,down,0.9506,1
5752,18:21:06.481977,2.0075000000000007,9.963000000000015,0.201495533473853,2.0075000000000007,down,down,0.9366,1
5753,18:21:06.492332,2.533500000000001,9.561500000000027,0.2649688856350984,2.533500000000001,down,down,0.9123,1
5754,18:21:06.502561,2.7460000000000004,14.125500000000065,0.1944001982230709,2.7460000000000004,down,down,0.9767,1
5755,18:21:06.518121,3.2190000000000003,14.474000000000077,0.2223987840265292,3.2190000000000003,down,down,0.9853,1
5756,18:21:06.529982,3.274000000000001,16.873000000000097,0.1940378118888154,3.274000000000001,down,down,0.9417,1
5757,18:21:06.540874,3.6925,15.464000000000084,0.2387803931712351,3.6925,down,down,0.9749,1
5758,18:21:06.548845,4.128500000000001,16.165500000000048,0.2553895641953536,4.128500000000001,down,down,0.9439,1
5759,18:21:06.561972,4.495,15.632000000000025,0.287551177072671,4.495,down,down,0.7987,1
5760,18:21:06.574870,4.864500000000001,15.31300000000004,0.3176712597139678,4.864500000000001,down,down,0.9544,1
5761,18:21:06.588831,4.816000000000001,16.40950000000003,0.2934885279868364,4.816000000000001,down,down,0.8399,1
5762,18:21:06.595240,4.3855,18.63450000000003,0.2353430464997715,4.3855,down,down,0.7659,1
5763,18:21:06.609118,4.197000000000001,21.95100000000005,0.1911985786524528,4.197000000000001,down,down,0.7949,1
5764,18:21:06.622151,4.55,17.165500000000048,0.2650665579214113,4.55,down,down,0.8402,1
5765,18:21:06.633619,3.9815,16.946000000000033,0.2349522011094058,3.9815,down,down,0.8309,1
5766,18:21:06.641873,3.941499999999999,14.883500000000032,0.2648234622232667,3.941499999999999,down,down,0.981,1
5767,18:21:06.653738,3.9025,14.776500000000038,0.2641017832368957,3.9025,down,down,0.9726,1
5768,18:21:06.660826,3.9324999999999983,15.99200000000008,0.2459042021010492,3.9324999999999983,down,down,0.9556,1
5769,18:21:06.677609,4.077499999999999,16.277000000000072,0.2505068501566616,4.077499999999999,down,down,0.9362,1
5770,18:21:06.690404,3.824500000000001,18.28150000000008,0.2092005579410871,3.824500000000001,down,down,0.9211,1
5771,18:21:06.698204,4.0585,17.100000000000072,0.2373391812865486,4.0585,down,down,0.9358,1
5772,18:21:06.710447,4.1065,14.295000000000057,0.2872682756208453,4.1065,down,down,0.9379,1
5773,18:21:06.722325,3.693,12.221000000000032,0.3021847639309377,3.693,down,down,0.9871,1
5774,18:21:06.730284,3.4555000000000007,11.72350000000002,0.2947498613895163,3.4555000000000007,down,down,0.8822,1
5775,18:21:06.741915,4.282000000000001,12.816000000000011,0.3341136079900122,4.282000000000001,down,down,0.9286,1
5776,18:21:06.752190,4.710000000000001,16.87749999999999,0.2790697674418607,4.710000000000001,down,down,0.9246,1
5777,18:21:06.767526,6.035000000000001,18.739500000000003,0.3220470129939433,6.035000000000001,down,down,0.93,1
5778,18:21:06.780277,7.301000000000002,20.837499999999984,0.3503779244151173,7.301000000000002,down,down,0.9066,1
5779,18:21:06.788969,8.694500000000001,20.039999999999992,0.433857285429142,8.694500000000001,down,down,0.7867,1
5780,18:21:06.795839,10.0275,20.26599999999997,0.4947942366525222,10.0275,down,down,0.9702,1
5781,18:21:06.810879,10.8205,19.47349999999999,0.5556525534701006,10.8205,down,down,0.9443,1
5782,18:21:06.825813,11.18,21.09299999999999,0.5300336604560757,11.18,down,down,0.9579,1
5783,18:21:06.833378,11.534,19.2965,0.597724976031923,11.534,down,down,0.9678,1
5784,18:21:06.844704,11.482,20.974499999999995,0.5474266371069633,11.482,down,down,0.9509,1
5785,18:21:06.858335,11.2695,18.651000000000003,0.604230336175004,11.2695,down,down,0.9799,1
5786,18:21:06.869813,11.534000000000002,15.081,0.7648033950003317,11.534000000000002,down,down,0.9472,1
5787,18:21:06.883343,10.328000000000005,13.792999999999989,0.74878561589212,10.328000000000005,down,down,0.9254,1
5788,18:21:06.889796,9.118000000000004,10.44149999999998,0.8732461811042496,9.118000000000004,down,down,0.7299,1
5789,18:21:06.903588,8.194000000000003,10.697999999999984,0.7659375584221363,8.194000000000003,down,down,0.8105,1
5790,18:21:06.911052,6.738500000000002,8.82799999999998,0.7633099229723627,6.738500000000002,down,yaw towards left,0.677,0
5791,18:21:06.927685,5.839500000000002,10.579999999999956,0.5519376181474505,5.839500000000002,down,down,0.9123,1
5792,18:21:06.930160,6.446000000000002,8.90249999999997,0.7240662735186773,6.446000000000002,down,down,0.7989,1
5793,18:21:06.948175,6.116000000000001,9.83799999999997,0.6216710713559687,6.116000000000001,down,down,0.917,1
5794,18:21:06.959836,5.829500000000001,8.973499999999973,0.6496350364963525,5.829500000000001,down,down,0.8965,1
5795,18:21:06.967791,5.2415,9.085499999999984,0.5769082604149478,5.2415,down,down,0.8205,1
5796,18:21:06.980240,4.851,9.181,0.5283738154885088,4.851,down,down,0.8166,1
5797,18:21:06.993950,4.7589999999999995,8.561999999999994,0.5558280775519742,4.7589999999999995,down,down,0.7898,1
5798,18:21:07.005429,4.1265,9.356500000000011,0.4410302997915882,4.1265,down,down,0.8479,1
5799,18:21:07.013975,2.911,11.618500000000022,0.2505486938933592,2.911,down,down,0.9617,1
5800,18:21:07.021998,2.976,11.794000000000034,0.2523316940817357,2.976,down,down,0.9655,1
5801,18:21:07.035013,2.8105,11.765000000000038,0.2388865278368033,2.8105,down,down,0.9679,1
5802,18:21:07.050872,1.8730000000000004,14.570500000000044,0.1285474074328262,1.8730000000000004,down,down,0.9949,1
5803,18:21:07.061884,2.322,17.922500000000042,0.1295578183847116,2.322,down,down,0.9924,1
5804,18:21:07.075128,2.8744999999999994,18.205500000000058,0.1578918458707528,2.8744999999999994,down,down,0.9319,1
5805,18:21:07.080329,3.3534999999999995,19.398000000000053,0.1728786472832245,3.3534999999999995,down,down,0.8395,1
5806,18:21:07.092445,2.9619999999999993,18.509500000000052,0.1600259326291899,2.9619999999999993,down,down,0.9834,1
5807,18:21:07.107923,2.8005,19.15300000000005,0.1462173027724112,2.8005,down,down,0.9874,1
5808,18:21:07.113649,3.1555000000000004,18.77950000000006,0.1680289677573945,3.1555000000000004,down,down,0.9681,1
5809,18:21:07.129178,3.2614999999999994,18.167500000000047,0.1795238750516026,3.2614999999999994,down,down,0.9766,1
5810,18:21:07.140968,5.715999999999999,18.545500000000043,0.3082149308457569,5.715999999999999,down,down,0.9308,1
5811,18:21:07.151312,7.853,19.224500000000063,0.4084891674685934,7.853,down,down,0.8869,1
5812,18:21:07.164652,9.977,16.264500000000048,0.6134218697162515,9.977,down,down,0.8706,1
5813,18:21:07.174203,10.6765,13.722000000000032,0.7780571345284927,10.6765,down,down,0.9162,1
5814,18:21:07.181472,10.192,15.87100000000001,0.6421775565496814,10.192,down,down,0.9439,1
5815,18:21:07.197628,9.772,24.562999999999995,0.3978341407808493,9.772,down,yaw towards left,0.9136,0
5816,18:21:07.212744,9.993,33.732,0.2962468872287442,9.993,down,down,0.5795,1
5817,18:21:07.216511,9.7155,39.314000000000014,0.2471257058554203,9.7155,down,down,0.5147,1
5818,18:21:07.230304,9.352,44.2015,0.2115765302082508,9.352,down,down,0.5282,1
5819,18:21:07.243174,10.01,42.663,0.2346295384759628,10.01,up,up,0.614,1
5820,18:21:07.256435,7.666,42.087499999999984,0.1821443421443422,7.666,down,down,0.4548,1
5821,18:21:07.268140,5.422,52.04299999999997,0.1041830793766693,5.422,up,yaw towards right,0.5678,0
5822,18:21:07.276886,3.4840000000000004,62.35699999999997,0.0558718347579261,3.4840000000000004,up,up,0.741,1
5823,18:21:07.287882,2.4269999999999996,68.78450000000001,0.0352841119729008,2.4269999999999996,up,up,0.8782,1
5824,18:21:07.301112,2.9725,67.91600000000001,0.0437673007833205,2.9725,up,up,0.9214,1
5825,18:21:07.311596,2.914,58.744500000000016,0.0496046438389976,2.914,up,up,0.8222,1
5826,18:21:07.321772,4.085000000000001,51.002,0.0800948982392847,4.085000000000001,up,yaw towards right,0.5066,0
5827,18:21:07.334308,5.839000000000001,46.30750000000001,0.1260918857636452,5.839000000000001,up,up,0.748,1
5828,18:21:07.345682,8.142000000000001,44.97050000000002,0.1810520229928508,8.142000000000001,up,up,0.7782,1
5829,18:21:07.357757,11.162,47.637000000000015,0.2343136637487666,11.162,down,yaw towards right,0.5666,0
5830,18:21:07.366527,14.352,50.30150000000002,0.2853195232746537,14.352,down,down,0.5488,1
5831,18:21:07.378073,18.068,41.97200000000005,0.4304774611645855,18.068,down,yaw towards left,0.5294,0
5832,18:21:07.390548,19.285,33.84650000000004,0.5697782636313939,19.285,down,yaw towards right,0.852,0
5833,18:21:07.402228,21.643,29.946000000000033,0.7227342549923187,21.643,down,down,0.6102,1
5834,18:21:07.414810,20.8465,29.625500000000017,0.7036674486506552,20.8465,down,down,0.4949,1
5835,18:21:07.423023,21.0105,32.46750000000002,0.6471240471240467,21.0105,down,down,0.8013,1
5836,18:21:07.431408,20.913,32.41950000000002,0.6450747235460136,20.913,down,down,0.861,1
5837,18:21:07.445333,21.199999999999996,30.81300000000004,0.6880212897153789,21.199999999999996,down,yaw towards right,0.6358,0
5838,18:21:07.460473,20.046,28.34700000000003,0.7071647793417285,20.046,down,down,0.8587,1
5839,18:21:07.467989,17.886499999999998,24.792000000000037,0.7214625685705055,17.886499999999998,down,down,0.72,1
5840,18:21:07.480049,14.690999999999995,23.982500000000055,0.612571666840403,14.690999999999995,down,down,0.8616,1
5841,18:21:07.491681,11.443999999999996,20.09900000000003,0.5693815612717041,11.443999999999996,down,down,0.9262,1
5842,18:21:07.505207,10.159999999999997,19.981000000000023,0.5084830589059599,10.159999999999997,down,down,0.903,1
5843,18:21:07.511950,8.280499999999995,16.017000000000014,0.5169819566710363,8.280499999999995,down,down,0.8055,1
5844,18:21:07.525321,8.855999999999998,15.139500000000028,0.5849598731794301,8.855999999999998,down,down,0.8672,1
5845,18:21:07.537911,10.344499999999996,14.568000000000012,0.710083745194947,10.344499999999996,down,down,0.6395,1
5846,18:21:07.545639,9.598,16.865000000000016,0.5691076193299727,9.598,down,down,0.5244,1
5847,18:21:07.559378,8.589500000000001,17.92549999999997,0.479177707734792,8.589500000000001,down,down,0.6602,1
5848,18:21:07.571455,7.406000000000001,17.392499999999977,0.4258157251688952,7.406000000000001,down,yaw towards left,0.7105,0
5849,18:21:07.580643,6.8135,17.61349999999998,0.3868339625855172,6.8135,down,down,0.8865,1
5850,18:21:07.592205,6.629000000000002,15.474499999999972,0.4283821771301182,6.629000000000002,down,down,0.8889,1
5851,18:21:07.607027,7.0665,23.862999999999992,0.2961278967439132,7.0665,down,yaw towards left,0.5084,0
5852,18:21:07.616159,7.212000000000001,30.234,0.2385393927366541,7.212000000000001,down,down,0.6298,1
5853,18:21:07.627620,7.0840000000000005,37.477,0.189022600528324,7.0840000000000005,down,down,0.7798,1
5854,18:21:07.641189,7.026000000000001,38.8205,0.1809868497314563,7.026000000000001,down,down,0.7378,1
5855,18:21:07.653298,6.1855,36.96400000000001,0.1673384915052483,6.1855,up,up,0.8207,1
5856,18:21:07.658493,6.2595,34.35950000000001,0.1821766905804798,6.2595,down,up,0.3735,0
5857,18:21:07.673301,6.016,34.30500000000002,0.1753680221542048,6.016,up,up,0.8191,1
5858,18:21:07.685320,6.035999999999999,36.59750000000002,0.1649292984493475,6.035999999999999,up,up,0.9086,1
5859,18:21:07.695011,5.009499999999998,38.825,0.1290276883451384,5.009499999999998,up,up,0.9445,1
5860,18:21:07.705829,5.090999999999998,40.328,0.1262398333663955,5.090999999999998,up,up,0.869,1
5861,18:21:07.718692,4.216999999999997,34.8925,0.1208569176757182,4.216999999999997,up,up,0.913,1
5862,18:21:07.731084,3.872499999999997,27.701000000000004,0.1397963972419766,3.872499999999997,down,down,0.9358,1
5863,18:21:07.742867,3.6084999999999967,23.89700000000001,0.1510022178516129,3.6084999999999967,down,down,0.9785,1
5864,18:21:07.748646,3.6009999999999978,22.766000000000012,0.1581744707019237,3.6009999999999978,down,down,0.9837,1
5865,18:21:07.761840,4.721999999999999,24.578000000000024,0.1921230368622342,4.721999999999999,down,down,0.8518,1
5866,18:21:07.775778,7.107499999999999,24.093500000000045,0.2949965758399562,7.107499999999999,down,down,0.9268,1
5867,18:21:07.787567,10.100500000000002,23.53600000000004,0.4291510876954446,10.100500000000002,down,down,0.8828,1
5868,18:21:07.799339,14.115000000000004,21.385000000000066,0.6600420855739986,14.115000000000004,down,down,0.931,1
5869,18:21:07.809027,17.7985,18.69200000000008,0.95219880162636,17.7985,down,down,0.8716,1
5870,18:21:07.815819,19.7005,19.384000000000064,1.0163278992983868,19.384000000000064,down,down,0.5939,1
5871,18:21:07.833939,20.619000000000003,16.246000000000056,1.2691739505108908,16.246000000000056,down,down,0.9,1
5872,18:21:07.844770,20.7095,16.90200000000005,1.225269198911368,16.90200000000005,down,down,0.8967,1
5873,18:21:07.852985,20.558000000000003,13.41300000000004,1.5326921643181943,13.41300000000004,down,down,0.952,1
5874,18:21:07.866251,20.371,13.34950000000004,1.52597475560882,13.34950000000004,down,down,0.9224,1
5875,18:21:07.875541,19.494000000000003,11.215000000000014,1.7382077574676753,11.215000000000014,down,down,0.9621,1
5876,18:21:07.890230,17.416,10.769500000000022,1.6171595710107214,10.769500000000022,down,down,0.9637,1
5877,18:21:07.897263,15.741,11.83500000000002,1.330038022813686,11.83500000000002,down,down,0.8619,1
5878,18:21:07.910201,13.0255,9.998000000000008,1.3028105621124213,9.998000000000008,down,down,0.8903,1
5879,18:21:07.923536,11.013000000000002,11.623499999999996,0.9474770938185576,11.013000000000002,down,down,0.916,1
5880,18:21:07.934991,10.6145,9.376499999999991,1.1320322081800254,9.376499999999991,down,down,0.915,1
5881,18:21:07.942555,10.825500000000002,10.80750000000001,1.001665510062456,10.80750000000001,down,down,0.9589,1
5882,18:21:07.949656,11.467,25.319500000000023,0.4528920397322218,11.467,down,down,0.6025,1
5883,18:21:07.967460,11.840999999999998,40.57100000000002,0.291858716817431,11.840999999999998,down,up,0.5975,0
5884,18:21:07.980866,12.511,49.79150000000001,0.2512677866704155,12.511,up,up,0.6805,1
5885,18:21:07.991743,11.871,58.568000000000026,0.2026874743887446,11.871,down,down,0.8184,1
5886,18:21:08.001685,11.98,60.751999999999995,0.1971951540690018,11.98,down,up,0.5565,0
5887,18:21:08.013981,11.223,59.51700000000001,0.1885679721760169,11.223,up,up,0.8187,1
5888,18:21:08.024538,10.563,70.6,0.1496175637393768,10.563,up,up,0.7266,1
5889,18:21:08.031498,9.44,79.90100000000002,0.1181462059298381,9.44,up,up,0.7347,1
5890,18:21:08.044626,7.851999999999999,86.89150000000002,0.0903655708556072,7.851999999999999,down,down,0.8538,1
5891,18:21:08.057449,7.1754999999999995,85.7335,0.0836954049467244,7.1754999999999995,up,up,0.775,1
5892,18:21:08.068885,6.494,69.245,0.0937829446169398,6.494,up,up,0.8897,1
5893,18:21:08.080444,6.5765,56.755500000000005,0.1158742324532424,6.5765,down,down,0.6303,1
5894,18:21:08.091101,5.699,48.855000000000025,0.11665131511616,5.699,up,up,0.7909,1
5895,18:21:08.103658,5.400499999999998,45.07550000000002,0.119810096393828,5.400499999999998,up,up,0.8749,1
5896,18:21:08.115734,4.953999999999998,47.61050000000003,0.1040526774556031,4.953999999999998,up,up,0.7003,1
5897,18:21:08.127784,3.7424999999999984,51.77750000000003,0.0722804306890057,3.7424999999999984,up,up,0.8871,1
5898,18:21:08.131730,3.4614999999999996,46.49650000000003,0.0744464637123223,3.4614999999999996,up,up,0.9595,1
5899,18:21:08.148737,3.1804999999999977,39.02250000000004,0.0815042603626111,3.1804999999999977,up,up,0.8935,1
5900,18:21:08.160053,3.606999999999998,37.41350000000006,0.0964090502091488,3.606999999999998,up,up,0.9695,1
5901,18:21:08.171897,3.350499999999998,40.04400000000007,0.0836704624912594,3.350499999999998,up,up,0.9639,1
5902,18:21:08.183617,3.4299999999999984,45.10300000000005,0.0760481564419217,3.4299999999999984,up,up,0.9798,1
5903,18:21:08.193620,3.2709999999999995,44.616000000000035,0.0733145060068136,3.2709999999999995,up,up,0.9526,1
5904,18:21:08.204912,3.317999999999999,42.078500000000034,0.0788526206970304,3.317999999999999,up,up,0.9708,1
5905,18:21:08.217830,3.264500000000001,38.845000000000034,0.0840391298751447,3.264500000000001,up,up,0.9703,1
5906,18:21:08.229992,2.7735,34.095500000000044,0.081345045533868,2.7735,up,up,0.9361,1
5907,18:21:08.238593,2.8624999999999985,32.469500000000046,0.0881596575247538,2.8624999999999985,up,up,0.7936,1
5908,18:21:08.247870,3.2434999999999974,27.35000000000003,0.1185923217550272,3.2434999999999974,down,down,0.9566,1
5909,18:21:08.262412,2.9299999999999984,26.857,0.1090963249804519,2.9299999999999984,down,down,0.971,1
5910,18:21:08.275301,2.685499999999999,21.711499999999983,0.1236902102572369,2.685499999999999,down,down,0.9956,1
5911,18:21:08.283543,2.5004999999999997,20.07799999999998,0.1245392967427035,2.5004999999999997,down,down,0.9883,1
5912,18:21:08.296070,3.1064999999999983,18.80099999999998,0.1652305728418702,3.1064999999999983,down,down,0.9781,1
5913,18:21:08.307059,3.383499999999998,21.34399999999997,0.1585223013493255,3.383499999999998,down,down,0.94,1
5914,18:21:08.320618,4.225999999999999,22.447499999999952,0.188261499053347,4.225999999999999,down,down,0.8103,1
5915,18:21:08.328678,4.561999999999998,21.73599999999995,0.2098822230401181,4.561999999999998,down,down,0.8394,1
5916,18:21:08.340178,4.925499999999998,21.797999999999934,0.2259610973483811,4.925499999999998,down,down,0.9301,1
5917,18:21:08.352835,4.742999999999998,19.250499999999924,0.2463832108256937,4.742999999999998,down,down,0.8153,1
5918,18:21:08.365511,3.906999999999999,23.98399999999993,0.1629002668445635,3.906999999999999,down,down,0.8871,1
5919,18:21:08.375854,4.034999999999999,26.367999999999945,0.1530263956310682,4.034999999999999,down,down,0.8168,1
5920,18:21:08.382874,4.574000000000001,30.82699999999996,0.1483764232653195,4.574000000000001,up,yaw towards right,0.7303,0
5921,18:21:08.396195,4.6835,29.370499999999954,0.1594627262048656,4.6835,up,up,0.7713,1
5922,18:21:08.410339,4.371500000000002,25.93799999999997,0.1685365101395638,4.371500000000002,down,down,0.8336,1
5923,18:21:08.423086,3.753500000000001,23.03,0.1629830655666522,3.753500000000001,down,down,0.9675,1
5924,18:21:08.430239,3.039500000000001,22.365000000000016,0.1359043147775541,3.039500000000001,down,down,0.9768,1
5925,18:21:08.442288,2.655500000000001,24.09300000000001,0.1102187357323703,2.655500000000001,down,down,0.9916,1
5926,18:21:08.455871,2.9159999999999995,25.636500000000005,0.1137440758293838,2.9159999999999995,down,down,0.9764,1
5927,18:21:08.464599,2.9010000000000007,25.864500000000028,0.1121614568230585,2.9010000000000007,down,down,0.9656,1
5928,18:21:08.475475,3.2235,23.831500000000013,0.1352621530327507,3.2235,down,down,0.9879,1
5929,18:21:08.488501,3.5864999999999996,19.149000000000008,0.1872943756854143,3.5864999999999996,down,down,0.9262,1
5930,18:21:08.500987,3.164499999999998,17.54399999999999,0.180375056999544,3.164499999999998,down,down,0.9811,1
5931,18:21:08.509259,3.4064999999999968,18.6445,0.1827080372227733,3.4064999999999968,down,down,0.9756,1
5932,18:21:08.523792,3.434999999999995,21.59849999999999,0.1590388221404262,3.434999999999995,down,down,0.9658,1
5933,18:21:08.532286,3.538499999999994,19.85499999999995,0.1782170737849409,3.538499999999994,down,down,0.9806,1
5934,18:21:08.545697,3.6779999999999946,20.72949999999997,0.1774283026604597,3.6779999999999946,down,down,0.9532,1
5935,18:21:08.557556,4.434999999999995,18.47799999999996,0.2400151531551036,4.434999999999995,down,down,0.9339,1
5936,18:21:08.570674,4.827499999999998,16.691499999999955,0.2892190635952437,4.827499999999998,down,down,0.9514,1
5937,18:21:08.596132,5.388499999999998,18.44799999999994,0.29209128360798,5.388499999999998,down,down,0.9597,1
5938,18:21:08.597682,5.953999999999999,15.009999999999971,0.396668887408395,5.953999999999999,down,down,0.9501,1
5939,18:21:08.605259,6.013,16.53649999999996,0.3636198711940261,6.013,down,down,0.9305,1
5940,18:21:08.614139,6.917000000000002,13.615999999999968,0.5080052878965936,6.917000000000002,down,down,0.9374,1
5941,18:21:08.623363,7.874000000000002,14.22349999999995,0.5535908883186298,7.874000000000002,down,down,0.8214,1
5942,18:21:08.636134,8.830000000000002,26.440499999999936,0.3339573759951598,8.830000000000002,down,down,0.6512,1
5943,18:21:08.646638,10.5735,41.036499999999975,0.2576608628903539,10.5735,up,up,0.8246,1
5944,18:21:08.660319,12.126500000000002,49.19149999999997,0.2465161664108638,12.126500000000002,up,up,0.6762,1
5945,18:21:08.668119,12.2235,56.8875,0.2148714568226763,12.2235,up,up,0.8081,1
5946,18:21:08.680304,11.7305,58.78800000000001,0.1995390215690276,11.7305,down,down,0.7811,1
5947,18:21:08.692867,11.3955,57.036500000000025,0.199793114935173,11.3955,up,down,0.5262,0
5948,18:21:08.705257,10.880499999999998,57.53850000000002,0.1890994725270904,10.880499999999998,down,down,0.7251,1
5949,18:21:08.717888,10.736,55.72850000000003,0.1926482858860366,10.736,up,yaw towards right,0.662,0
5950,18:21:08.726519,10.609499999999995,55.85100000000002,0.1899607885266153,10.609499999999995,up,up,0.7341,1
5951,18:21:08.737920,9.625999999999996,58.44850000000004,0.1646919938065132,9.625999999999996,up,up,0.5815,1
5952,18:21:08.750162,8.708499999999997,44.711000000000055,0.1947730983426894,8.708499999999997,up,up,0.3124,1
5953,18:21:08.761192,7.166499999999999,34.87750000000004,0.2054763099419393,7.166499999999999,down,down,0.7318,1
5954,18:21:08.768806,5.5575,27.88850000000003,0.1992756871111746,5.5575,down,down,0.6511,1
5955,18:21:08.782390,5.0615,23.9155,0.2116409859714411,5.0615,down,down,0.725,1
5956,18:21:08.796138,5.4135,24.659,0.2195344498965895,5.4135,down,down,0.4504,1
5957,18:21:08.808113,6.412000000000001,24.37949999999999,0.2630078549601101,6.412000000000001,down,down,0.8732,1
5958,18:21:08.815549,7.3035,27.47949999999999,0.2657799450499464,7.3035,down,down,0.902,1
5959,18:21:08.828924,7.903999999999999,27.711499999999983,0.2852245457661982,7.903999999999999,down,down,0.8205,1
5960,18:21:08.840837,8.0095,30.93149999999999,0.2589431485702278,8.0095,down,down,0.7927,1
5961,18:21:08.850274,8.511,27.73849999999998,0.3068298574183898,8.511,down,down,0.8396,1
5962,18:21:08.860581,8.841999999999999,26.68599999999997,0.3313347822828452,8.841999999999999,down,down,0.892,1
5963,18:21:08.873846,9.3205,24.03899999999997,0.3877241149798249,9.3205,down,down,0.6943,1
5964,18:21:08.886367,9.866,25.481499999999965,0.3871828581519931,9.866,down,down,0.504,1
5965,18:21:08.896060,10.4345,20.32499999999998,0.5133825338253387,10.4345,down,down,0.9379,1
5966,18:21:08.909817,9.5635,18.625499999999995,0.5134627258328637,9.5635,down,down,0.8407,1
5967,18:21:08.917476,8.505500000000001,20.559499999999986,0.4137016950801336,8.505500000000001,down,down,0.9419,1
5968,18:21:08.930274,7.473999999999999,17.00249999999997,0.4395824143508315,7.473999999999999,down,down,0.8232,1
5969,18:21:08.942756,6.4735,19.898499999999995,0.3253260296002211,6.4735,down,down,0.9854,1
5970,18:21:08.955269,5.333500000000001,17.41900000000001,0.3061886445835006,5.333500000000001,down,down,0.9271,1
5971,18:21:08.964015,4.530500000000001,16.748499999999996,0.2705018359853122,4.530500000000001,down,down,0.8453,1
5972,18:21:08.976519,3.765000000000001,25.22,0.1492862807295797,3.765000000000001,down,down,0.7319,1
5973,18:21:08.988582,3.667,32.7055,0.1121218143737292,3.667,up,up,0.8113,1
5974,18:21:09.000013,2.834,33.20700000000001,0.0853434516818742,2.834,up,up,0.9148,1
5975,18:21:09.008102,2.6885000000000003,37.8865,0.0709619521465429,2.6885000000000003,up,up,0.7814,1
5976,18:21:09.018517,3.0295,52.057500000000005,0.0581952648513662,3.0295,up,yaw towards right,0.5713,0
5977,18:21:09.032870,2.853,61.95,0.0460532687651331,2.853,up,yaw towards right,0.5393,0
5978,18:21:09.045454,2.6319999999999997,71.07249999999999,0.0370326075486299,2.6319999999999997,up,up,0.8773,1
5979,18:21:09.054085,2.732,74.28599999999997,0.0367767816277629,2.732,up,up,0.803,1
5980,18:21:09.064869,2.6834999999999996,76.26949999999997,0.0351844446338313,2.6834999999999996,up,up,0.9367,1
5981,18:21:09.078707,2.7699999999999996,79.25599999999997,0.0349500353285555,2.7699999999999996,up,up,0.9536,1
5982,18:21:09.090114,2.7674999999999996,72.74099999999996,0.0380459438281024,2.7674999999999996,up,up,0.9464,1
5983,18:21:09.095812,2.1134999999999997,71.32399999999996,0.0296323818069654,2.1134999999999997,up,up,0.932,1
5984,18:21:09.110251,2.0125,73.84899999999993,0.0272515538463622,2.0125,up,up,0.9524,1
5985,18:21:09.124263,2.3135000000000003,74.67599999999993,0.0309805024371953,2.3135000000000003,up,up,0.6263,1
5986,18:21:09.135823,3.1805000000000003,60.47199999999994,0.0525945892313798,3.1805000000000003,up,up,0.8111,1
5987,18:21:09.144042,4.021000000000001,48.47399999999995,0.0829516854396172,4.021000000000001,up,up,0.84,1
5988,18:21:09.156629,4.465000000000002,44.48699999999995,0.1003663991727921,4.465000000000002,up,up,0.8956,1
5989,18:21:09.167294,4.615500000000002,40.034999999999954,0.1152866242038218,4.615500000000002,up,up,0.8606,1
5990,18:21:09.180197,4.880000000000001,43.12149999999996,0.113168604988231,4.880000000000001,up,up,0.9554,1
5991,18:21:09.192566,4.7635000000000005,42.79349999999998,0.1113136340799421,4.7635000000000005,up,up,0.9527,1
5992,18:21:09.199708,5.341000000000001,40.32099999999998,0.1324619925101065,5.341000000000001,up,up,0.8632,1
5993,18:21:09.213255,6.037999999999999,32.38649999999997,0.186435706235623,6.037999999999999,down,down,0.772,1
5994,18:21:09.227146,6.351,27.235499999999973,0.2331883020322742,6.351,down,down,0.7959,1
5995,18:21:09.238899,5.651999999999999,21.512999999999984,0.2627248640356995,5.651999999999999,down,down,0.7107,1
5996,18:21:09.246651,4.5344999999999995,21.96299999999996,0.2064608660019126,4.5344999999999995,down,down,0.5648,1
5997,18:21:09.258318,3.858999999999999,25.225499999999972,0.1529801193237003,3.858999999999999,down,down,0.6944,1
5998,18:21:09.267227,3.4669999999999996,21.22999999999998,0.1633066415449836,3.4669999999999996,down,down,0.8993,1
5999,18:21:09.282341,3.5415,21.38049999999997,0.1656415892986602,3.5415,down,down,0.499,1
6000,18:21:09.290731,3.3419999999999987,18.205999999999968,0.1835658574096454,3.3419999999999987,down,down,0.9146,1
6001,18:21:09.297744,3.342999999999999,18.61349999999995,0.179600827356489,3.342999999999999,down,down,0.9185,1
6002,18:21:09.313709,2.937,26.38599999999996,0.1113090275145912,2.937,down,yaw towards right,0.8547,0
6003,18:21:09.326359,2.22,34.034499999999966,0.0652279304823047,2.22,up,up,0.7452,1
6004,18:21:09.340286,1.9875000000000005,32.68049999999998,0.0608160829852664,1.9875000000000005,up,up,0.5724,1
6005,18:21:09.348264,1.787,33.895499999999984,0.0527208626513844,1.787,up,up,0.8976,1
6006,18:21:09.360494,1.7079999999999995,34.967,0.0488460548517173,1.7079999999999995,up,up,0.8195,1
6007,18:21:09.373022,1.6619999999999997,34.626999999999995,0.0479972275969619,1.6619999999999997,up,up,0.8273,1
6008,18:21:09.385318,1.7819999999999996,36.19149999999999,0.0492380807648204,1.7819999999999996,up,up,0.6837,1
6009,18:21:09.391944,1.7559999999999998,35.73250000000002,0.0491429371020779,1.7559999999999998,up,up,0.8131,1
6010,18:21:09.406691,1.9534999999999996,34.575,0.0565003615328994,1.9534999999999996,up,up,0.8551,1
6011,18:21:09.418149,1.8575,36.43600000000001,0.0509798001976067,1.8575,up,up,0.6569,1
6012,18:21:09.430213,1.9774999999999996,31.111999999999995,0.0635606839804577,1.9774999999999996,up,up,0.869,1
6013,18:21:09.439581,2.125,30.56850000000001,0.0695160050378657,2.125,up,up,0.8322,1
6014,18:21:09.451483,2.351999999999999,35.39600000000001,0.0664481862357328,2.351999999999999,up,up,0.8102,1
6015,18:21:09.463900,2.4835,37.32100000000001,0.0665443048149835,2.4835,up,up,0.8769,1
6016,18:21:09.475224,2.549,34.60350000000001,0.0736630687647203,2.549,up,up,0.9052,1
6017,18:21:09.480709,2.7105,33.09450000000001,0.0819018265874994,2.7105,up,up,0.7306,1
6018,18:21:09.495335,2.548,34.82850000000001,0.0731584765350215,2.548,up,up,0.9278,1
6019,18:21:09.508179,2.4665,34.01499999999999,0.0725121270027929,2.4665,up,up,0.8718,1
6020,18:21:09.520439,2.185,38.764,0.0563667320193994,2.185,up,up,0.8981,1
6021,18:21:09.527899,2.4125,36.11900000000002,0.06679310058418,2.4125,up,up,0.7172,1
6022,18:21:09.540194,2.1515000000000004,33.376000000000026,0.0644624880153403,2.1515000000000004,up,up,0.842,1
6023,18:21:09.553165,1.991,27.468500000000013,0.0724830260116132,1.991,up,up,0.8358,1
6024,18:21:09.564214,1.8205,24.90700000000001,0.0730919018749748,1.8205,up,up,0.9443,1
6025,18:21:09.577112,1.4279999999999995,24.22499999999999,0.0589473684210526,1.4279999999999995,up,up,0.9712,1
6026,18:21:09.585113,1.5169999999999997,28.33899999999998,0.0535304703765129,1.5169999999999997,up,up,0.7005,1
6027,18:21:09.597022,1.2134999999999991,28.53550000000001,0.0425259764153422,1.2134999999999991,up,up,0.6246,1
6028,18:21:09.611375,1.4129999999999991,24.181999999999988,0.0584318914895376,1.4129999999999991,up,up,0.929,1
6029,18:21:09.623444,1.1844999999999992,28.699999999999996,0.0412717770034843,1.1844999999999992,up,yaw towards right,0.7258,0
6030,18:21:09.631293,1.223499999999999,24.86549999999999,0.0492047214011381,1.223499999999999,up,up,0.9338,1
6031,18:21:09.641459,1.0744999999999991,22.491999999999955,0.0477725413480349,1.0744999999999991,up,down,0.535,0
6032,18:21:09.656251,1.0004999999999993,23.50699999999997,0.0425617901050751,1.0004999999999993,up,up,0.9887,1
6033,18:21:09.668211,1.1559999999999993,24.46399999999998,0.0472531066056245,1.1559999999999993,up,up,0.9316,1
6034,18:21:09.676483,1.1489999999999991,24.458499999999976,0.046977533372856,1.1489999999999991,up,up,0.9637,1
6035,18:21:09.689636,1.181499999999999,21.949499999999983,0.0538281054238137,1.181499999999999,down,down,0.8447,1
6036,18:21:09.699294,1.0544999999999995,23.10349999999998,0.0456424351288766,1.0544999999999995,up,up,0.8792,1
6037,18:21:09.712711,1.1244999999999994,23.134499999999953,0.0486070587218224,1.1244999999999994,down,down,0.8377,1
6038,18:21:09.721395,0.9484999999999992,24.14599999999995,0.0392818686324857,0.9484999999999992,up,up,0.9907,1
6039,18:21:09.732391,1.0889999999999993,20.72449999999995,0.0525465029313132,1.0889999999999993,up,down,0.816,0
6040,18:21:09.743898,1.1399999999999997,22.207499999999953,0.0513340087808173,1.1399999999999997,down,down,0.9271,1
6041,18:21:09.758650,1.2454999999999992,24.47449999999996,0.0508897015260782,1.2454999999999992,down,down,0.786,1
6042,18:35:03.066434,4.148999999999999,93.64799999999995,0.0443042029728344,4.148999999999999,bicep extend,bicep extend,0.959,1
6043,18:35:03.080046,6.863999999999999,162.26749999999998,0.0423005222857318,6.863999999999999,bicep extend,bicep extend,0.9788,1
6044,18:35:03.085006,9.590499999999995,227.635,0.042131043117271,9.590499999999995,bicep extend,bicep extend,0.9839,1
6045,18:35:03.100125,12.3325,294.88199999999995,0.0418218134711511,12.3325,bicep extend,bicep extend,0.9855,1
6046,18:35:03.112658,13.51,321.711,0.0419942121966609,13.51,bicep extend,bicep extend,0.9833,1
6047,18:35:03.117651,13.379500000000002,320.812,0.0417051107813922,13.379500000000002,bicep extend,bicep extend,0.9879,1
6048,18:35:03.130263,13.3305,322.271,0.0413642555489013,13.3305,bicep extend,bicep extend,0.9855,1
6049,18:35:03.142424,13.186000000000002,323.047,0.0408175900101223,13.186000000000002,bicep extend,bicep extend,0.9847,1
6050,18:35:03.147685,13.089000000000002,322.3865,0.0406003353118074,13.089000000000002,bicep extend,bicep extend,0.9861,1
6051,18:35:03.161704,12.863499999999998,323.6625,0.0397435600355308,12.863499999999998,bicep extend,bicep extend,0.9866,1
6052,18:35:03.173803,9.934499999999998,257.12350000000004,0.038637075179826,9.934499999999998,bicep extend,bicep extend,0.9871,1
6053,18:35:03.183264,7.033499999999999,189.76000000000005,0.0370652403035413,7.033499999999999,bicep extend,bicep extend,0.9879,1
6054,18:35:03.194900,4.160500000000001,125.27150000000002,0.0332118638317574,4.160500000000001,bicep extend,bicep extend,0.9711,1
6055,18:35:03.206160,1.364,58.45650000000003,0.0233335899343956,1.364,bicep extend,up,0.9339,0
6056,18:35:03.215284,0.0,27.03350000000002,0.0,0.0,bicep extend,bicep extend,0.9631,1
6057,18:35:03.225136,0.0,27.74100000000002,0.0,0.0,bicep extend,bicep extend,0.6574,1
6058,18:35:03.239779,0.0,25.82650000000002,0.0,0.0,bicep extend,bicep extend,0.9808,1
6059,18:35:03.248232,0.0,25.57800000000002,0.0,0.0,bicep extend,bicep extend,0.9545,1
6060,18:35:03.260768,0.0,23.88350000000002,0.0,0.0,bicep extend,bicep extend,0.9766,1
6061,18:35:03.267351,0.0,23.62650000000002,0.0,0.0,bicep extend,bicep extend,0.9456,1
6062,18:35:03.280273,0.0,21.696000000000023,0.0,0.0,bicep extend,bicep extend,0.9776,1
6063,18:35:03.284169,0.0,20.805500000000023,0.0,0.0,bicep extend,bicep extend,0.9757,1
6064,18:35:03.301607,0.0,18.50600000000002,0.0,0.0,bicep extend,bicep extend,0.9739,1
6065,18:35:03.312869,0.0,20.84050000000002,0.0,0.0,bicep extend,bicep extend,0.9749,1
6066,18:35:03.321487,0.0,21.28400000000002,0.0,0.0,bicep extend,bicep extend,0.9778,1
6067,18:35:03.333111,0.0,19.881500000000024,0.0,0.0,bicep extend,bicep extend,0.9748,1
6068,18:35:03.342211,0.0,20.276000000000028,0.0,0.0,bicep extend,bicep extend,0.9794,1
6069,18:35:03.354012,0.0,19.395500000000027,0.0,0.0,bicep extend,bicep extend,0.984,1
6070,18:35:03.365561,0.0,20.32000000000003,0.0,0.0,bicep extend,bicep extend,0.9666,1
6071,18:35:03.374374,0.0,19.84450000000002,0.0,0.0,bicep extend,bicep extend,0.9255,1
6072,18:35:03.383356,0.0,18.784000000000013,0.0,0.0,bicep extend,bicep extend,0.9845,1
6073,18:35:03.395594,0.0,16.619500000000016,0.0,0.0,bicep extend,bicep extend,0.9543,1
6074,18:35:03.408133,0.0,16.188500000000015,0.0,0.0,bicep extend,bicep extend,0.9622,1
6075,18:35:03.416299,0.0,13.506500000000011,0.0,0.0,bicep extend,bicep extend,0.9113,1
6076,18:35:03.424262,0.0,12.649500000000012,0.0,0.0,bicep extend,bicep extend,0.8851,1
6077,18:35:03.440916,0.0,13.353000000000009,0.0,0.0,bicep extend,bicep extend,0.8489,1
6078,18:35:03.448183,0.0,13.706500000000004,0.0,0.0,bicep extend,bicep extend,0.7982,1
6079,18:35:03.459078,0.0,13.465500000000002,0.0,0.0,bicep extend,bicep extend,0.8201,1
6080,18:35:03.466097,0.0,10.7115,0.0,0.0,bicep extend,bicep extend,0.9314,1
6081,18:35:03.480625,0.0,8.2245,0.0,0.0,bicep extend,bicep extend,0.6388,1
6082,18:35:03.493717,0.0,8.845000000000004,0.0,0.0,bicep extend,bicep extend,0.7474,1
6083,18:35:03.498602,0.0,8.207500000000005,0.0,0.0,bicep extend,roll,0.5219,0
6084,18:35:03.513968,0.0,9.576000000000004,0.0,0.0,bicep extend,bicep extend,0.7682,1
6085,18:35:03.523005,0.0,10.872500000000008,0.0,0.0,bicep extend,bicep extend,0.8697,1
6086,18:35:03.532443,0.0,13.68350000000001,0.0,0.0,bicep extend,bicep extend,0.8449,1
6087,18:35:03.541705,0.0,14.28850000000001,0.0,0.0,bicep extend,bicep extend,0.8917,1
6088,18:35:03.554791,0.0,15.604000000000012,0.0,0.0,bicep extend,bicep extend,0.9722,1
6089,18:35:03.562857,0.0,15.021000000000017,0.0,0.0,bicep extend,bicep extend,0.5602,1
6090,18:35:03.575656,0.0,17.34450000000001,0.0,0.0,bicep extend,bicep extend,0.9691,1
6091,18:35:03.587010,0.0,20.31300000000001,0.0,0.0,bicep extend,bicep extend,0.9328,1
6092,18:35:03.596530,0.0,23.53250000000001,0.0,0.0,bicep extend,bicep extend,0.8205,1
6093,18:35:03.607288,0.0,28.54800000000001,0.0,0.0,bicep extend,bicep extend,0.984,1
6094,18:35:03.613765,0.0,29.396000000000008,0.0,0.0,bicep extend,bicep extend,0.8463,1
6095,18:35:03.628648,0.0,31.413000000000014,0.0,0.0,bicep extend,bicep extend,0.9872,1
6096,18:35:03.640736,0.0,28.886000000000017,0.0,0.0,bicep extend,bicep extend,0.9474,1
6097,18:35:03.649569,0.0,28.697000000000013,0.0,0.0,bicep extend,bicep extend,0.9845,1
6098,18:35:03.659510,0.0,26.04250000000001,0.0,0.0,bicep extend,bicep extend,0.924,1
6099,18:35:03.664515,0.0,25.953500000000012,0.0,0.0,bicep extend,bicep extend,0.9813,1
6100,18:35:03.682598,0.0,23.789000000000016,0.0,0.0,bicep extend,bicep extend,0.9455,1
6101,18:35:03.694488,0.0,20.60050000000002,0.0,0.0,bicep extend,bicep extend,0.9911,1
6102,18:35:03.701469,0.0,16.753000000000025,0.0,0.0,bicep extend,bicep extend,0.9563,1
6103,18:35:03.709590,0.0,11.847000000000032,0.0,0.0,bicep extend,bicep extend,0.9586,1
6104,18:35:03.723761,0.0,9.357000000000028,0.0,0.0,bicep extend,bicep extend,0.7963,1
6105,18:35:03.735694,0.0,6.436500000000024,0.0,0.0,bicep extend,bicep extend,0.9109,1
6106,18:35:03.747553,0.0,6.554500000000019,0.0,0.0,bicep extend,bicep extend,0.7132,1
6107,18:35:03.757159,0.0,5.832500000000022,0.0,0.0,bicep extend,bicep extend,0.8355,1
6108,18:35:03.763089,0.0,8.077500000000015,0.0,0.0,bicep extend,bicep extend,0.6036,1
6109,18:35:03.777008,0.0,9.81950000000001,0.0,0.0,bicep extend,bicep extend,0.6888,1
6110,18:35:03.789688,0.0,10.855000000000013,0.0,0.0,bicep extend,bicep extend,0.818,1
6111,18:35:03.797201,0.0,12.725000000000012,0.0,0.0,bicep extend,bicep extend,0.8479,1
6112,18:35:03.808431,0.0,12.376000000000005,0.0,0.0,bicep extend,bicep extend,0.5936,1
6113,18:35:03.821253,0.0,12.78,0.0,0.0,bicep extend,bicep extend,0.8455,1
6114,18:35:03.830219,0.0,12.475500000000006,0.0,0.0,bicep extend,bicep extend,0.8069,1
6115,18:35:03.841704,0.0,12.200500000000003,0.0,0.0,bicep extend,bicep extend,0.8287,1
6116,18:35:03.849770,0.0,12.558500000000004,0.0,0.0,bicep extend,bicep extend,0.8069,1
6117,18:35:03.857616,0.0,12.123,0.0,0.0,bicep extend,bicep extend,0.7477,1
6118,18:35:03.874827,0.0,10.969500000000004,0.0,0.0,bicep extend,bicep extend,0.8683,1
6119,18:35:03.881624,0.0,8.150500000000005,0.0,0.0,bicep extend,bicep extend,0.8239,1
6120,18:35:03.894425,0.0,7.954000000000002,0.0,0.0,bicep extend,bicep extend,0.5347,1
6121,18:35:03.898335,0.0,5.6935,0.0,0.0,bicep extend,roll,0.6953,0
6122,18:35:03.915394,0.0,6.270500000000004,0.0,0.0,bicep extend,bicep extend,0.7606,1
6123,18:35:03.922903,0.0,5.523000000000008,0.0,0.0,bicep extend,bicep extend,0.5991,1
6124,18:35:03.932948,0.0,6.009000000000003,0.0,0.0,bicep extend,bicep extend,0.7258,1
6125,18:35:03.948635,0.0,5.988500000000005,0.0,0.0,bicep extend,roll,0.5967,0
6126,18:35:03.956211,0.0,7.082000000000005,0.0,0.0,bicep extend,bicep extend,0.5662,1
6127,18:35:03.963733,0.0,7.770500000000004,0.0,0.0,bicep extend,bicep extend,0.6933,1
6128,18:35:03.976754,0.0,8.173000000000007,0.0,0.0,bicep extend,bicep extend,0.6838,1
6129,18:35:03.990295,0.0,8.422500000000014,0.0,0.0,bicep extend,bicep extend,0.8164,1
6130,18:35:03.998926,0.0,8.372500000000013,0.0,0.0,bicep extend,bicep extend,0.6909,1
6131,18:35:04.010428,0.0,8.464500000000015,0.0,0.0,bicep extend,bicep extend,0.7769,1
6132,18:35:04.023691,0.0,7.872500000000014,0.0,0.0,bicep extend,bicep extend,0.6933,1
6133,18:35:04.030144,0.0,8.558000000000016,0.0,0.0,bicep extend,bicep extend,0.8044,1
6134,18:35:04.042873,0.0,7.631500000000017,0.0,0.0,bicep extend,bicep extend,0.9206,1
6135,18:35:04.051268,0.0,8.674500000000013,0.0,0.0,bicep extend,bicep extend,0.8216,1
6136,18:35:04.059722,0.0,6.598500000000013,0.0,0.0,bicep extend,bicep extend,0.6521,1
6137,18:35:04.076148,0.0,6.958000000000015,0.0,0.0,bicep extend,bicep extend,0.702,1
6138,18:35:04.084393,0.0,5.390000000000015,0.0,0.0,bicep extend,roll,0.5181,0
6139,18:35:04.096011,0.0,5.568000000000007,0.0,0.0,bicep extend,bicep extend,0.6836,1
6140,18:35:04.103413,0.0,5.041500000000013,0.0,0.0,bicep extend,roll,0.9205,0
6141,18:35:04.111319,0.0,6.080500000000012,0.0,0.0,bicep extend,roll,0.9778,0
6142,18:35:04.128573,0.0,7.706000000000012,0.0,0.0,bicep extend,bicep extend,0.896,1
6143,18:35:04.136715,0.0,9.508500000000009,0.0,0.0,bicep extend,bicep extend,0.7801,1
6144,18:35:04.148520,0.0,12.866500000000007,0.0,0.0,bicep extend,bicep extend,0.8846,1
6145,18:35:04.157288,0.0,15.107000000000005,0.0,0.0,bicep extend,bicep extend,0.7846,1
6146,18:35:04.164035,0.0,16.039500000000004,0.0,0.0,bicep extend,bicep extend,0.9649,1
6147,18:35:04.177809,0.0,15.952000000000004,0.0,0.0,bicep extend,bicep extend,0.9649,1
6148,18:35:04.190763,0.0,16.360000000000003,0.0,0.0,bicep extend,bicep extend,0.9654,1
6149,18:35:04.197035,0.0,15.942500000000006,0.0,0.0,bicep extend,bicep extend,0.9636,1
6150,18:35:04.211192,0.0,16.828000000000003,0.0,0.0,bicep extend,bicep extend,0.9712,1
6151,18:35:04.224352,0.0,16.201500000000003,0.0,0.0,bicep extend,bicep extend,0.964,1
6152,18:35:04.230257,0.0,16.09700000000001,0.0,0.0,bicep extend,bicep extend,0.9608,1
6153,18:35:04.242879,0.0,14.242000000000012,0.0,0.0,bicep extend,bicep extend,0.9167,1
6154,18:35:04.252443,0.0,12.596000000000014,0.0,0.0,bicep extend,bicep extend,0.7196,1
6155,18:35:04.263582,0.0,9.681000000000015,0.0,0.0,bicep extend,bicep extend,0.6888,1
6156,18:35:04.276573,0.0,10.182000000000016,0.0,0.0,bicep extend,bicep extend,0.7584,1
6157,18:35:04.280140,0.0,9.544500000000015,0.0,0.0,bicep extend,bicep extend,0.739,1
6158,18:35:04.296659,0.0,9.350000000000025,0.0,0.0,bicep extend,bicep extend,0.739,1
6159,18:35:04.305774,0.0,9.92900000000002,0.0,0.0,bicep extend,bicep extend,0.7329,1
6160,18:35:04.315934,0.0,9.887000000000011,0.0,0.0,bicep extend,bicep extend,0.7603,1
6161,18:35:04.327969,0.0,11.436000000000009,0.0,0.0,bicep extend,bicep extend,0.8929,1
6162,18:35:04.335035,0.0,11.9145,0.0,0.0,bicep extend,bicep extend,0.8757,1
6163,18:35:04.348438,0.0,12.050499999999989,0.0,0.0,bicep extend,bicep extend,0.8824,1
6164,18:35:04.357285,0.0,11.408499999999986,0.0,0.0,bicep extend,bicep extend,0.8929,1
6165,18:35:04.367721,0.0,11.162999999999988,0.0,0.0,bicep extend,bicep extend,0.8448,1
6166,18:35:04.380278,0.0,9.655999999999988,0.0,0.0,bicep extend,bicep extend,0.7603,1
6167,18:35:04.387791,0.0,10.556999999999988,0.0,0.0,bicep extend,bicep extend,0.6885,1
6168,18:35:04.396577,0.0,10.811999999999978,0.0,0.0,bicep extend,bicep extend,0.9164,1
6169,18:35:04.410254,0.0,12.038999999999982,0.0,0.0,bicep extend,bicep extend,0.8514,1
6170,18:35:04.424324,0.0,11.361499999999989,0.0,0.0,bicep extend,bicep extend,0.8534,1
6171,18:35:04.430241,0.0,10.843499999999995,0.0,0.0,bicep extend,bicep extend,0.8844,1
6172,18:35:04.444448,0.0,8.926999999999998,0.0,0.0,bicep extend,bicep extend,0.7775,1
6173,18:35:04.457275,0.0,9.4565,0.0,0.0,bicep extend,bicep extend,0.8392,1
6174,18:35:04.465304,0.0,8.732500000000005,0.0,0.0,bicep extend,bicep extend,0.6126,1
6175,18:35:04.473685,0.0,8.844500000000005,0.0,0.0,bicep extend,bicep extend,0.7054,1
6176,18:35:04.484320,0.0,10.032000000000004,0.0,0.0,bicep extend,bicep extend,0.7695,1
6177,18:35:04.495042,0.0,10.491500000000007,0.0,0.0,bicep extend,bicep extend,0.7158,1
6178,18:35:04.508370,0.0,12.447000000000012,0.0,0.0,bicep extend,bicep extend,0.8818,1
6179,18:35:04.515293,0.0,13.486000000000011,0.0,0.0,bicep extend,bicep extend,0.8952,1
6180,18:35:04.530441,0.0,16.126000000000015,0.0,0.0,bicep extend,bicep extend,0.9684,1
6181,18:35:04.535677,0.0,17.62100000000002,0.0,0.0,bicep extend,bicep extend,0.979,1
6182,18:35:04.550601,0.0,17.85300000000002,0.0,0.0,bicep extend,bicep extend,0.969,1
6183,18:35:04.557620,0.0,17.20300000000002,0.0,0.0,bicep extend,bicep extend,0.9747,1
6184,18:35:04.566066,0.0,17.59250000000002,0.0,0.0,bicep extend,bicep extend,0.9775,1
6185,18:35:04.582858,0.0,17.27950000000002,0.0,0.0,bicep extend,bicep extend,0.9729,1
6186,18:35:04.591152,0.0,17.68550000000002,0.0,0.0,bicep extend,bicep extend,0.9766,1
6187,18:35:04.604293,0.0,16.813500000000015,0.0,0.0,bicep extend,bicep extend,0.9748,1
6188,18:35:04.610096,0.0,16.67950000000001,0.0,0.0,bicep extend,bicep extend,0.9666,1
6189,18:35:04.623426,0.0,14.898500000000013,0.0,0.0,bicep extend,bicep extend,0.5505,1
6190,18:35:04.636036,0.0,13.598000000000011,0.0,0.0,bicep extend,bicep extend,0.803,1
6191,18:35:04.645046,0.0,11.346000000000007,0.0,0.0,bicep extend,bicep extend,0.8448,1
6192,18:35:04.658340,0.0,10.740500000000017,0.0,0.0,bicep extend,bicep extend,0.9281,1
6193,18:35:04.664650,0.0,10.762000000000018,0.0,0.0,bicep extend,bicep extend,0.9307,1
6194,18:35:04.675778,0.0,11.470500000000015,0.0,0.0,bicep extend,bicep extend,0.8558,1
6195,18:35:04.683261,0.0,13.390500000000014,0.0,0.0,bicep extend,bicep extend,0.8952,1
6196,18:35:04.698053,0.0,14.057500000000015,0.0,0.0,bicep extend,bicep extend,0.949,1
6197,18:35:04.710275,0.0,15.97750000000002,0.0,0.0,bicep extend,bicep extend,0.9672,1
6198,18:35:04.714499,0.0,16.299500000000023,0.0,0.0,bicep extend,bicep extend,0.9097,1
6199,18:35:04.730758,0.0,15.543000000000024,0.0,0.0,bicep extend,bicep extend,0.9709,1
6200,18:35:04.740747,0.0,14.07150000000002,0.0,0.0,bicep extend,bicep extend,0.949,1
6201,18:35:04.750474,0.0,14.245000000000015,0.0,0.0,bicep extend,bicep extend,0.944,1
6202,18:35:04.759435,0.0,14.50200000000001,0.0,0.0,bicep extend,bicep extend,0.8917,1
6203,18:35:04.773569,0.0,15.598000000000008,0.0,0.0,bicep extend,bicep extend,0.973,1
6204,18:35:04.783261,0.0,15.361000000000008,0.0,0.0,bicep extend,bicep extend,0.8563,1
6205,18:35:04.791126,0.0,15.772500000000008,0.0,0.0,bicep extend,bicep extend,0.9722,1
6206,18:35:04.802527,0.0,14.686000000000009,0.0,0.0,bicep extend,bicep extend,0.8335,1
6207,18:35:04.806777,0.0,14.0365,0.0,0.0,bicep extend,bicep extend,0.8929,1
6208,18:35:04.825260,0.0,12.338,0.0,0.0,bicep extend,bicep extend,0.8707,1
6209,18:35:04.836381,0.0,12.084000000000003,0.0,0.0,bicep extend,bicep extend,0.8865,1
6210,18:35:04.842948,0.0,12.263,0.0,0.0,bicep extend,bicep extend,0.8919,1
6211,18:35:04.858398,0.0,12.621000000000004,0.0,0.0,bicep extend,bicep extend,0.8407,1
6212,18:35:04.864746,0.0,14.22000000000001,0.0,0.0,bicep extend,bicep extend,0.949,1
6213,18:35:04.874310,0.0,14.510000000000014,0.0,0.0,bicep extend,bicep extend,0.9277,1
6214,18:35:04.890566,0.0,15.96550000000002,0.0,0.0,bicep extend,bicep extend,0.9672,1
6215,18:35:04.897401,0.0,16.00200000000002,0.0,0.0,bicep extend,bicep extend,0.9028,1
6216,18:35:04.910182,0.0,18.329500000000017,0.0,0.0,bicep extend,bicep extend,0.8961,1
6217,18:35:04.943453,0.0,19.436500000000024,0.0,0.0,bicep extend,bicep extend,0.9374,1
6218,18:35:04.945463,0.0,19.33500000000002,0.0,0.0,bicep extend,bicep extend,0.9764,1
6219,18:35:04.954530,0.0,20.049500000000016,0.0,0.0,bicep extend,bicep extend,0.9698,1
6220,18:35:04.983068,0.0,20.282000000000014,0.0,0.0,bicep extend,bicep extend,0.9794,1
6221,18:35:04.983068,0.0,19.33050000000001,0.0,0.0,bicep extend,bicep extend,0.984,1
6222,18:35:04.985873,0.0,19.43500000000001,0.0,0.0,bicep extend,bicep extend,0.9746,1
6223,18:35:04.985873,0.0,18.711500000000008,0.0,0.0,bicep extend,bicep extend,0.9798,1
6224,18:35:04.992559,0.0,18.985000000000003,0.0,0.0,bicep extend,bicep extend,0.9763,1
6225,18:35:05.004196,0.0,18.134000000000004,0.0,0.0,bicep extend,bicep extend,0.9703,1
6226,18:35:05.017688,0.0,15.084000000000009,0.0,0.0,bicep extend,bicep extend,0.7846,1
6227,18:35:05.023869,0.0,11.970000000000004,0.0,0.0,bicep extend,bicep extend,0.9091,1
6228,18:35:05.036265,0.0,11.852500000000004,0.0,0.0,bicep extend,bicep extend,0.9091,1
6229,18:35:05.046470,0.0,12.339499999999996,0.0,0.0,bicep extend,bicep extend,0.8949,1
6230,18:35:05.057254,0.0,13.115499999999995,0.0,0.0,bicep extend,bicep extend,0.8488,1
6231,18:35:05.065892,0.0,14.899499999999994,0.0,0.0,bicep extend,bicep extend,0.8348,1
6232,18:35:05.079292,0.0,14.998,0.0,0.0,bicep extend,bicep extend,0.7936,1
6233,18:35:05.091273,0.0,13.536,0.0,0.0,bicep extend,bicep extend,0.9113,1
6234,18:35:05.096728,0.0,10.877500000000005,0.0,0.0,bicep extend,bicep extend,0.8697,1
6235,18:35:05.109368,0.0,9.759000000000004,0.0,0.0,bicep extend,bicep extend,0.6774,1
6236,18:35:05.117871,0.0,10.038,0.0,0.0,bicep extend,bicep extend,0.7658,1
6237,18:35:05.132132,0.0,10.835000000000004,0.0,0.0,bicep extend,bicep extend,0.7963,1
6238,18:35:05.144022,0.0,11.256500000000006,0.0,0.0,bicep extend,bicep extend,0.8331,1
6239,18:35:05.150601,0.0,11.313000000000011,0.0,0.0,bicep extend,bicep extend,0.8331,1
6240,18:35:05.162969,0.0,11.03550000000002,0.0,0.0,bicep extend,bicep extend,0.6332,1
6241,18:35:05.173658,0.0,10.42100000000002,0.0,0.0,bicep extend,roll,0.6972,0
6242,18:35:05.181201,0.0,9.88800000000001,0.0,0.0,bicep extend,roll,0.7379,0
6243,18:35:05.191110,0.0,11.437000000000006,0.0,0.0,bicep extend,bicep extend,0.7496,1
6244,18:35:05.206812,0.0,12.627000000000004,0.0,0.0,bicep extend,bicep extend,0.7468,1
6245,18:35:05.214448,0.0,13.493500000000006,0.0,0.0,bicep extend,bicep extend,0.6829,1
6246,18:35:05.226149,0.0,14.054000000000007,0.0,0.0,bicep extend,bicep extend,0.6194,1
6247,18:35:05.239600,0.0,14.35700000000001,0.0,0.0,bicep extend,bicep extend,0.6661,1
6248,18:35:05.247707,0.0,14.417500000000013,0.0,0.0,bicep extend,bicep extend,0.5966,1
6249,18:35:05.256505,0.0,14.25600000000001,0.0,0.0,bicep extend,bicep extend,0.7625,1
6250,18:35:05.272855,0.0,13.890500000000008,0.0,0.0,bicep extend,roll,0.513,0
6251,18:35:05.280465,0.0,13.349000000000013,0.0,0.0,bicep extend,bicep extend,0.5814,1
6252,18:35:05.291785,0.0,12.704000000000018,0.0,0.0,bicep extend,bicep extend,0.5162,1
6253,18:35:05.300582,0.0,12.112000000000029,0.0,0.0,bicep extend,bicep extend,0.6481,1
6254,18:35:05.312238,0.0,11.57000000000003,0.0,0.0,bicep extend,bicep extend,0.6195,1
6255,18:35:05.316497,0.0,11.072500000000025,0.0,0.0,bicep extend,bicep extend,0.6645,1
6256,18:35:05.333689,0.0,10.620500000000025,0.0,0.0,bicep extend,roll,0.5403,0
6257,18:35:05.345955,0.0,10.19900000000002,0.0,0.0,bicep extend,bicep extend,0.5224,1
6258,18:35:05.351363,0.0,9.817000000000018,0.0,0.0,bicep extend,bicep extend,0.6499,1
6259,18:35:05.359444,0.0,9.46350000000002,0.0,0.0,bicep extend,bicep extend,0.6523,1
6260,18:35:05.373829,0.0,9.141000000000016,0.0,0.0,bicep extend,bicep extend,0.7127,1
6261,18:35:05.381036,0.0,8.829500000000015,0.0,0.0,bicep extend,bicep extend,0.8708,1
6262,18:35:05.397310,0.0,8.545000000000012,0.0,0.0,bicep extend,bicep extend,0.7936,1
6263,18:35:05.406990,0.0,8.270000000000007,0.0,0.0,bicep extend,bicep extend,0.8527,1
6264,18:35:05.414166,0.0,8.010000000000009,0.0,0.0,bicep extend,bicep extend,0.6168,1
6265,18:35:05.427238,0.0,7.769500000000008,0.0,0.0,bicep extend,bicep extend,0.6201,1
6266,18:35:05.440663,0.0,7.546000000000009,0.0,0.0,bicep extend,roll,0.6135,0
6267,18:35:05.445309,0.0,7.338500000000008,0.0,0.0,bicep extend,bicep extend,0.7083,1
6268,18:35:05.459686,0.0,7.140500000000008,0.0,0.0,bicep extend,bicep extend,0.7778,1
6269,18:35:05.472657,0.0,6.957000000000008,0.0,0.0,bicep extend,bicep extend,0.8828,1
6270,18:35:05.480783,0.0,6.777500000000006,0.0,0.0,bicep extend,bicep extend,0.8426,1
6271,18:35:05.493516,0.0,6.626000000000007,0.0,0.0,bicep extend,bicep extend,0.8426,1
6272,18:35:05.498256,0.0,6.482000000000011,0.0,0.0,bicep extend,bicep extend,0.8237,1
6273,18:35:05.514210,0.0,6.366500000000011,0.0,0.0,bicep extend,bicep extend,0.724,1
6274,18:35:05.525130,0.0,6.262500000000008,0.0,0.0,bicep extend,bicep extend,0.5471,1
6275,18:35:05.531355,0.0,6.615000000000009,0.0,0.0,bicep extend,roll,0.7763,0
6276,18:35:05.544459,0.0,6.930500000000009,0.0,0.0,bicep extend,bicep extend,0.6113,1
6277,18:35:05.554558,0.0,8.23250000000001,0.0,0.0,bicep extend,bicep extend,0.8371,1
6278,18:35:05.565862,0.0,9.250500000000011,0.0,0.0,bicep extend,bicep extend,0.7127,1
6279,18:35:05.573188,0.0,12.981500000000011,0.0,0.0,bicep extend,bicep extend,0.6396,1
6280,18:35:05.587823,0.0,16.252500000000015,0.0,0.0,bicep extend,bicep extend,0.5769,1
6281,18:35:05.598255,0.0,21.23150000000002,0.0,0.0,bicep extend,bicep extend,0.8532,1
6282,18:35:05.607911,0.0,24.585500000000017,0.0,0.0,bicep extend,bicep extend,0.801,1
6283,18:35:05.619776,0.0,29.155500000000018,0.0,0.0,bicep extend,bicep extend,0.8946,1
6284,18:35:05.628143,0.0,31.75150000000002,0.0,0.0,bicep extend,bicep extend,0.9766,1
6285,18:35:05.640424,0.0,35.16800000000002,0.0,0.0,bicep extend,roll,0.9635,0
6286,18:35:05.647820,0.0,39.621000000000016,0.0,0.0,bicep extend,roll,0.5355,0
6287,18:35:05.660133,0.0,43.132500000000014,0.0,0.0,bicep extend,bicep extend,0.9202,1
6288,18:35:05.674560,0.0,47.822000000000024,0.0,0.0,bicep extend,bicep extend,0.8451,1
6289,18:35:05.682049,0.0,47.56350000000002,0.0,0.0,bicep extend,bicep extend,0.8475,1
6290,18:35:05.693201,0.0,47.74300000000003,0.0,0.0,bicep extend,bicep extend,0.8215,1
6291,18:35:05.702008,0.0,43.63950000000002,0.0,0.0,bicep extend,bicep extend,0.8975,1
6292,18:35:05.711432,0.0,42.10350000000003,0.0,0.0,bicep extend,bicep extend,0.8629,1
6293,18:35:05.725417,0.0,40.27900000000002,0.0,0.0,bicep extend,roll,0.7721,0
6294,18:35:05.733567,0.0,41.20100000000001,0.0,0.0,bicep extend,roll,0.8852,0
6295,18:35:05.746996,0.0,41.48050000000002,0.0,0.0,bicep extend,bicep extend,0.8827,1
6296,18:35:05.755746,0.0,41.36650000000001,0.0,0.0,bicep extend,bicep extend,0.9251,1
6297,18:35:05.765041,0.0,41.2325,0.0,0.0,bicep extend,bicep extend,0.782,1
6298,18:35:05.778255,0.0,39.693000000000005,0.0,0.0,bicep extend,bicep extend,0.9953,1
6299,18:35:05.782503,0.0,39.91700000000001,0.0,0.0,bicep extend,bicep extend,0.995,1
6300,18:35:05.800202,0.0,39.72650000000001,0.0,0.0,bicep extend,bicep extend,0.9952,1
6301,18:35:05.808795,0.0,41.706500000000005,0.0,0.0,bicep extend,bicep extend,0.999,1
6302,18:35:05.820567,0.0,42.3755,0.0,0.0,bicep extend,bicep extend,0.9989,1
6303,18:35:05.827872,0.0,41.767500000000005,0.0,0.0,bicep extend,bicep extend,0.999,1
6304,18:35:05.840813,0.0,40.07100000000001,0.0,0.0,bicep extend,bicep extend,0.9949,1
6305,18:35:05.852022,0.0,37.467000000000006,0.0,0.0,bicep extend,bicep extend,0.9898,1
6306,18:35:05.861427,0.0,34.00650000000002,0.0,0.0,bicep extend,bicep extend,0.9857,1
6307,18:35:05.874160,0.0,30.300000000000026,0.0,0.0,bicep extend,bicep extend,0.9952,1
6308,18:35:05.882227,0.0,26.894500000000026,0.0,0.0,bicep extend,bicep extend,0.9833,1
6309,18:35:05.893472,0.0,23.778000000000013,0.0,0.0,bicep extend,bicep extend,0.9901,1
6310,18:35:05.907083,0.0,20.912500000000012,0.0,0.0,bicep extend,bicep extend,0.99,1
6311,18:35:05.914943,0.0,18.28400000000001,0.0,0.0,bicep extend,bicep extend,0.9936,1
6312,18:35:05.926887,0.0,15.87000000000001,0.0,0.0,bicep extend,bicep extend,0.9919,1
6313,18:35:05.935674,0.0,13.658500000000014,0.0,0.0,bicep extend,bicep extend,0.9916,1
6314,18:35:05.946500,0.0,11.647500000000012,0.0,0.0,bicep extend,bicep extend,0.9962,1
6315,18:35:05.954920,0.0,9.802500000000014,0.0,0.0,bicep extend,bicep extend,0.9978,1
6316,18:35:05.962958,0.0,8.106000000000012,0.0,0.0,bicep extend,bicep extend,0.9905,1
6317,18:35:05.980292,0.0,6.549500000000012,0.0,0.0,bicep extend,bicep extend,0.9922,1
6318,18:35:05.989508,0.0,5.1550000000000065,0.0,0.0,bicep extend,bicep extend,0.9985,1
6319,18:35:05.998107,0.0,4.016000000000008,0.0,0.0,bicep extend,bicep extend,0.9969,1
6320,18:35:06.008635,0.0,3.1505000000000107,0.0,0.0,bicep extend,bicep extend,0.9968,1
6321,18:35:06.019616,0.0,2.544500000000011,0.0,0.0,bicep extend,bicep extend,0.9959,1
6322,18:35:06.032075,0.0,2.196500000000009,0.0,0.0,bicep extend,bicep extend,0.9958,1
6323,18:35:06.042497,0.0,2.0825000000000102,0.0,0.0,bicep extend,bicep extend,0.996,1
6324,18:35:06.046083,0.0,2.141000000000008,0.0,0.0,bicep extend,bicep extend,0.996,1
6325,18:35:06.062593,0.0,2.372500000000008,0.0,0.0,bicep extend,bicep extend,0.9961,1
6326,18:35:06.074591,0.0,2.770500000000004,0.0,0.0,bicep extend,bicep extend,0.9965,1
6327,18:35:06.081481,0.0,3.3045000000000018,0.0,0.0,bicep extend,bicep extend,0.9971,1
6328,18:35:06.095459,0.0,3.9259999999999993,0.0,0.0,bicep extend,bicep extend,0.9971,1
6329,18:35:06.107219,0.0,4.525499999999999,0.0,0.0,bicep extend,bicep extend,0.9988,1
6330,18:35:06.115657,0.0,5.071999999999997,0.0,0.0,bicep extend,bicep extend,0.9986,1
6331,18:35:06.125320,0.0,5.558499999999998,0.0,0.0,bicep extend,bicep extend,0.9961,1
6332,18:35:06.136612,0.0,5.974000000000001,0.0,0.0,bicep extend,bicep extend,0.9953,1
6333,18:35:06.149367,0.0,6.332999999999998,0.0,0.0,bicep extend,bicep extend,0.9932,1
6334,18:35:06.160796,0.0,6.663000000000006,0.0,0.0,bicep extend,bicep extend,0.9915,1
6335,18:35:06.168540,0.0,6.9655000000000085,0.0,0.0,bicep extend,bicep extend,0.9879,1
6336,18:35:06.180496,0.0,7.240000000000014,0.0,0.0,bicep extend,bicep extend,0.9916,1
6337,18:35:06.190355,0.0,7.484000000000009,0.0,0.0,bicep extend,bicep extend,0.9925,1
6338,18:35:06.201434,0.0,7.717000000000013,0.0,0.0,bicep extend,bicep extend,0.9959,1
6339,18:35:06.209158,0.0,7.927500000000014,0.0,0.0,bicep extend,bicep extend,0.989,1
6340,18:35:06.223605,0.0,8.125000000000018,0.0,0.0,bicep extend,bicep extend,0.9912,1
6341,18:35:06.234371,0.0,8.298500000000018,0.0,0.0,bicep extend,bicep extend,0.9905,1
6342,18:35:06.242607,0.0,8.461500000000019,0.0,0.0,bicep extend,bicep extend,0.9917,1
6343,18:35:06.254811,0.0,8.594500000000016,0.0,0.0,bicep extend,bicep extend,0.9934,1
6344,18:35:06.259658,0.0,8.717500000000012,0.0,0.0,bicep extend,bicep extend,0.9931,1
6345,18:35:06.275282,0.0,8.82750000000001,0.0,0.0,bicep extend,bicep extend,0.998,1
6346,18:35:06.287093,0.0,8.924000000000012,0.0,0.0,bicep extend,bicep extend,0.999,1
6347,18:35:06.296112,0.0,9.00950000000002,0.0,0.0,bicep extend,bicep extend,0.9969,1
6348,18:35:06.307030,0.0,9.08350000000002,0.0,0.0,bicep extend,bicep extend,0.9977,1
6349,18:35:06.315602,0.0,9.143000000000024,0.0,0.0,bicep extend,bicep extend,0.9977,1
6350,18:35:06.326316,0.0,9.186500000000024,0.0,0.0,bicep extend,bicep extend,0.9984,1
6351,18:35:06.340334,0.0,9.22250000000002,0.0,0.0,bicep extend,bicep extend,0.9984,1
6352,18:35:06.348848,0.0,9.252000000000017,0.0,0.0,bicep extend,bicep extend,0.998,1
6353,18:35:06.359763,0.0,9.276000000000016,0.0,0.0,bicep extend,bicep extend,0.998,1
6354,18:35:06.367675,0.0,9.29750000000002,0.0,0.0,bicep extend,bicep extend,0.9259,1
6355,18:35:06.380187,0.0,9.325000000000022,0.0,0.0,bicep extend,bicep extend,0.9316,1
6356,18:35:06.391533,0.0,9.339000000000022,0.0,0.0,bicep extend,bicep extend,0.9316,1
6357,18:35:06.402058,0.0,9.347500000000014,0.0,0.0,bicep extend,bicep extend,0.9316,1
6358,18:35:06.413760,0.0,9.344000000000012,0.0,0.0,bicep extend,bicep extend,0.941,1
6359,18:35:06.424062,0.0,9.333000000000004,0.0,0.0,bicep extend,bicep extend,0.9663,1
6360,18:35:06.430333,0.0,9.3185,0.0,0.0,bicep extend,bicep extend,0.9663,1
6361,18:35:06.443219,0.0,9.322500000000002,0.0,0.0,bicep extend,bicep extend,0.9663,1
6362,18:35:06.453711,0.0,9.3175,0.0,0.0,bicep extend,bicep extend,0.9663,1
6363,18:35:06.463711,0.0,9.322000000000005,0.0,0.0,bicep extend,bicep extend,0.9711,1
6364,18:35:06.476501,0.0,9.313999999999998,0.0,0.0,bicep extend,bicep extend,0.9874,1
6365,18:35:06.483514,0.0,9.2875,0.0,0.0,bicep extend,bicep extend,0.9838,1
6366,18:35:06.496286,0.0,9.255,0.0,0.0,bicep extend,bicep extend,0.9838,1
6367,18:35:06.509422,0.0,9.22150000000001,0.0,0.0,bicep extend,bicep extend,0.9838,1
6368,18:35:06.517062,0.0,9.18750000000001,0.0,0.0,bicep extend,bicep extend,0.9863,1
6369,18:35:06.526426,0.0,9.152500000000014,0.0,0.0,bicep extend,bicep extend,0.9863,1
6370,18:35:06.541552,0.0,9.12100000000002,0.0,0.0,bicep extend,bicep extend,0.9796,1
6371,18:35:06.545135,0.0,9.07250000000002,0.0,0.0,bicep extend,bicep extend,0.9796,1
6372,18:35:06.560318,0.0,9.03300000000002,0.0,0.0,bicep extend,bicep extend,0.9561,1
6373,18:35:06.570417,0.0,8.989000000000022,0.0,0.0,bicep extend,bicep extend,0.9561,1
6374,18:35:06.582507,0.0,8.957500000000021,0.0,0.0,bicep extend,bicep extend,0.7041,1
6375,18:35:06.594291,0.0,8.924500000000013,0.0,0.0,bicep extend,bicep extend,0.6681,1
6376,18:35:06.599304,0.0,8.902500000000009,0.0,0.0,bicep extend,bicep extend,0.8792,1
6377,18:35:06.615481,0.0,8.878500000000013,0.0,0.0,bicep extend,bicep extend,0.9123,1
6378,18:35:06.623654,0.0,8.86900000000001,0.0,0.0,bicep extend,bicep extend,0.9123,1
6379,18:35:06.633350,0.0,8.857500000000016,0.0,0.0,bicep extend,bicep extend,0.9249,1
6380,18:35:06.643528,0.0,8.851500000000016,0.0,0.0,bicep extend,bicep extend,0.9249,1
6381,18:35:06.657099,0.0,8.846000000000021,0.0,0.0,bicep extend,bicep extend,0.9249,1
6382,18:35:06.667472,0.0,8.829500000000024,0.0,0.0,bicep extend,bicep extend,0.8744,1
6383,18:35:06.676337,0.0,8.80950000000002,0.0,0.0,bicep extend,bicep extend,0.8989,1
6384,18:35:06.690281,0.0,8.776000000000021,0.0,0.0,bicep extend,bicep extend,0.8989,1
6385,18:35:06.696116,0.0,8.734000000000027,0.0,0.0,bicep extend,bicep extend,0.7441,1
6386,18:35:06.710114,0.0,8.68100000000003,0.0,0.0,bicep extend,bicep extend,0.7823,1
6387,18:35:06.718872,0.0,8.633500000000021,0.0,0.0,bicep extend,bicep extend,0.6615,1
6388,18:35:06.729865,0.0,8.57050000000002,0.0,0.0,bicep extend,bicep extend,0.6615,1
6389,18:35:06.741469,0.0,8.520500000000022,0.0,0.0,bicep extend,bicep extend,0.6615,1
6390,18:35:06.749742,0.0,8.468000000000012,0.0,0.0,bicep extend,bicep extend,0.6728,1
6391,18:35:06.759732,0.0,8.415500000000009,0.0,0.0,bicep extend,bicep extend,0.6728,1
6392,18:35:06.767274,0.0,8.368500000000012,0.0,0.0,bicep extend,bicep extend,0.6552,1
6393,18:35:06.780288,0.0,10.301000000000016,0.0,0.0,bicep extend,bicep extend,0.6827,1
6394,18:35:06.794774,0.0,12.074000000000012,0.0,0.0,bicep extend,bicep extend,0.8865,1
6395,18:35:06.803053,0.0,12.815500000000014,0.0,0.0,bicep extend,bicep extend,0.8846,1
6396,18:35:06.815661,0.0,13.461500000000012,0.0,0.0,bicep extend,bicep extend,0.9029,1
6397,18:35:06.824734,0.0,12.927000000000016,0.0,0.0,bicep extend,bicep extend,0.8622,1
6398,18:35:06.835361,0.0,12.167500000000013,0.0,0.0,bicep extend,bicep extend,0.8146,1
6399,18:35:06.849064,0.0,12.009500000000008,0.0,0.0,bicep extend,bicep extend,0.8543,1
6400,18:35:06.857930,0.0,11.671500000000014,0.0,0.0,bicep extend,bicep extend,0.8543,1
6401,18:35:06.863715,0.0,12.023000000000014,0.0,0.0,bicep extend,bicep extend,0.8682,1
6402,18:35:06.876991,0.0,12.155000000000006,0.0,0.0,bicep extend,bicep extend,0.8313,1
6403,18:35:06.891588,0.0,10.68300000000001,0.0,0.0,bicep extend,bicep extend,0.9008,1
6404,18:35:06.897581,0.0,9.653000000000016,0.0,0.0,bicep extend,bicep extend,0.8205,1
6405,18:35:06.909237,0.0,9.945000000000016,0.0,0.0,bicep extend,bicep extend,0.8964,1
6406,18:35:06.923035,0.0,10.55300000000002,0.0,0.0,bicep extend,bicep extend,0.849,1
6407,18:35:06.930131,0.0,12.42150000000002,0.0,0.0,bicep extend,bicep extend,0.6632,1
6408,18:35:06.942190,0.0,14.387000000000024,0.0,0.0,bicep extend,roll,0.7003,0
6409,18:35:06.950432,0.0,15.513500000000027,0.0,0.0,bicep extend,bicep extend,0.8596,1
6410,18:35:06.963472,0.0,16.61250000000003,0.0,0.0,bicep extend,bicep extend,0.9861,1
6411,18:35:06.976033,0.0,16.821500000000032,0.0,0.0,bicep extend,bicep extend,0.9887,1
6412,18:35:06.980330,0.0,17.069000000000035,0.0,0.0,bicep extend,bicep extend,0.9878,1
6413,18:35:06.996593,0.0,16.768500000000028,0.0,0.0,bicep extend,bicep extend,0.9876,1
6414,18:35:07.002403,0.0,16.03850000000002,0.0,0.0,bicep extend,bicep extend,0.9841,1
6415,18:35:07.014238,0.0,14.881000000000023,0.0,0.0,bicep extend,bicep extend,0.8518,1
6416,18:35:07.023152,0.0,13.376000000000015,0.0,0.0,bicep extend,bicep extend,0.9621,1
6417,18:35:07.031793,0.0,11.667000000000012,0.0,0.0,bicep extend,bicep extend,0.9565,1
6418,18:35:07.050095,0.0,9.978000000000014,0.0,0.0,bicep extend,bicep extend,0.9852,1
6419,18:35:07.056206,0.0,8.423500000000008,0.0,0.0,bicep extend,bicep extend,0.8658,1
6420,18:35:07.065094,0.0,6.984500000000009,0.0,0.0,bicep extend,bicep extend,0.7328,1
6421,18:35:07.074970,0.0,5.661000000000013,0.0,0.0,bicep extend,roll,0.7882,0
6422,18:35:07.089694,0.0,4.456000000000012,0.0,0.0,bicep extend,bicep extend,0.9265,1
6423,18:35:07.101581,0.0,3.4685000000000117,0.0,0.0,bicep extend,bicep extend,0.8453,1
6424,18:35:07.108640,0.0,2.6965000000000146,0.0,0.0,bicep extend,bicep extend,0.8778,1
6425,18:35:07.123816,0.0,2.1460000000000092,0.0,0.0,bicep extend,bicep extend,0.8845,1
6426,18:35:07.131481,0.0,1.8160000000000085,0.0,0.0,bicep extend,bicep extend,0.736,1
6427,18:35:07.140147,0.0,1.6845000000000083,0.0,0.0,bicep extend,bicep extend,0.735,1
6428,18:35:07.156048,0.0,1.7180000000000064,0.0,0.0,bicep extend,bicep extend,0.7351,1
6429,18:35:07.162851,0.0,1.8840000000000143,0.0,0.0,bicep extend,bicep extend,0.7375,1
6430,18:35:07.176755,0.0,2.1830000000000154,0.0,0.0,bicep extend,bicep extend,0.8845,1
6431,18:35:07.185055,0.0,2.594000000000011,0.0,0.0,bicep extend,roll,0.8601,0
6432,18:35:07.194318,0.0,3.099500000000012,0.0,0.0,bicep extend,bicep extend,0.8385,1
6433,18:35:07.206338,0.0,3.599000000000012,0.0,0.0,bicep extend,bicep extend,0.8317,1
6434,18:35:07.214992,0.0,4.0690000000000115,0.0,0.0,bicep extend,bicep extend,0.8317,1
6435,18:35:07.230234,0.0,4.495000000000016,0.0,0.0,bicep extend,bicep extend,0.9188,1
6436,18:35:07.237501,0.0,4.864500000000021,0.0,0.0,bicep extend,bicep extend,0.9188,1
6437,18:35:07.248189,0.0,5.182000000000016,0.0,0.0,bicep extend,bicep extend,0.8551,1
6438,18:35:07.258656,0.0,5.46600000000002,0.0,0.0,bicep extend,bicep extend,0.7029,1
6439,18:35:07.271009,0.0,5.731000000000011,0.0,0.0,bicep extend,bicep extend,0.5403,1
6440,18:35:07.280320,0.0,5.96400000000001,0.0,0.0,bicep extend,bicep extend,0.6878,1
6441,18:35:07.290528,0.0,6.18250000000001,0.0,0.0,bicep extend,bicep extend,0.7522,1
6442,18:35:07.299918,0.0,6.379500000000013,0.0,0.0,bicep extend,bicep extend,0.6878,1
6443,18:35:07.309022,0.0,6.554000000000014,0.0,0.0,bicep extend,bicep extend,0.7506,1
6444,18:35:07.323372,0.0,6.703500000000014,0.0,0.0,bicep extend,bicep extend,0.7208,1
6445,18:35:07.330397,0.0,6.837000000000012,0.0,0.0,bicep extend,bicep extend,0.785,1
6446,18:35:07.344204,0.0,6.94500000000001,0.0,0.0,bicep extend,bicep extend,0.7706,1
6447,18:35:07.357095,0.0,7.040500000000014,0.0,0.0,bicep extend,bicep extend,0.8147,1
6448,18:35:07.365029,0.0,7.129500000000013,0.0,0.0,bicep extend,bicep extend,0.8086,1
6449,18:35:07.375820,0.0,7.2120000000000175,0.0,0.0,bicep extend,bicep extend,0.8517,1
6450,18:35:07.382712,0.0,7.296500000000014,0.0,0.0,bicep extend,bicep extend,0.8517,1
6451,18:35:07.398031,0.0,7.367500000000018,0.0,0.0,bicep extend,bicep extend,0.7448,1
6452,18:35:07.409257,0.0,7.430000000000012,0.0,0.0,bicep extend,bicep extend,0.7139,1
6453,18:35:07.414263,0.0,7.476000000000011,0.0,0.0,bicep extend,bicep extend,0.7139,1
6454,18:35:07.430481,0.0,7.526000000000016,0.0,0.0,bicep extend,bicep extend,0.754,1
6455,18:35:07.439688,0.0,7.5690000000000115,0.0,0.0,bicep extend,bicep extend,0.7916,1
6456,18:35:07.449579,0.0,7.624500000000012,0.0,0.0,bicep extend,bicep extend,0.9,1
6457,18:35:07.458553,0.0,7.668000000000012,0.0,0.0,bicep extend,bicep extend,0.9,1
6458,18:35:07.466200,0.0,7.709500000000008,0.0,0.0,bicep extend,bicep extend,0.9,1
6459,18:35:07.482292,0.0,7.728500000000008,0.0,0.0,bicep extend,bicep extend,0.877,1
6460,18:35:07.490211,0.0,7.734500000000009,0.0,0.0,bicep extend,bicep extend,0.877,1
6461,18:35:07.501954,0.0,7.741500000000002,0.0,0.0,bicep extend,bicep extend,0.877,1
6462,18:35:07.509628,0.0,7.7445,0.0,0.0,bicep extend,bicep extend,0.877,1
6463,18:35:07.524581,0.0,7.7445,0.0,0.0,bicep extend,bicep extend,0.877,1
6464,18:35:07.536116,0.0,7.738499999999988,0.0,0.0,bicep extend,bicep extend,0.8812,1
6465,18:35:07.544912,0.0,7.725499999999994,0.0,0.0,bicep extend,bicep extend,0.8812,1
6466,18:35:07.558677,0.0,7.698499999999996,0.0,0.0,bicep extend,bicep extend,0.9047,1
6467,18:35:07.565957,0.0,7.678499999999997,0.0,0.0,bicep extend,bicep extend,0.9047,1
6468,18:35:07.576977,0.0,7.652499999999998,0.0,0.0,bicep extend,bicep extend,0.8499,1
6469,18:35:07.584902,0.0,7.645999999999998,0.0,0.0,bicep extend,bicep extend,0.8499,1
6470,18:35:07.598311,0.0,7.6324999999999985,0.0,0.0,bicep extend,bicep extend,0.8499,1
6471,18:35:07.609857,0.0,7.6169999999999956,0.0,0.0,bicep extend,bicep extend,0.7889,1
6472,18:35:07.617972,0.0,7.592000000000001,0.0,0.0,bicep extend,bicep extend,0.7889,1
6473,18:35:07.630071,0.0,7.569500000000005,0.0,0.0,bicep extend,bicep extend,0.7984,1
6474,18:35:07.633389,0.0,7.542500000000013,0.0,0.0,bicep extend,bicep extend,0.7616,1
6475,18:35:07.651646,0.0,7.527000000000015,0.0,0.0,bicep extend,bicep extend,0.7616,1
6476,18:35:07.660690,0.0,7.513500000000016,0.0,0.0,bicep extend,bicep extend,0.7497,1
6477,18:35:07.672855,0.0,7.499000000000018,0.0,0.0,bicep extend,bicep extend,0.7497,1
6478,18:35:07.683956,0.0,7.4775000000000205,0.0,0.0,bicep extend,bicep extend,0.7497,1
6479,18:35:07.692632,0.0,7.443500000000023,0.0,0.0,bicep extend,bicep extend,0.7497,1
6480,18:35:07.704667,0.0,7.414000000000021,0.0,0.0,bicep extend,bicep extend,0.7497,1
6481,18:35:07.710026,0.0,7.383000000000027,0.0,0.0,bicep extend,bicep extend,0.7497,1
6482,18:35:07.726037,0.0,7.360000000000025,0.0,0.0,bicep extend,bicep extend,0.7328,1
6483,18:35:07.737287,0.0,7.333000000000021,0.0,0.0,bicep extend,bicep extend,0.7545,1
6484,18:35:07.743733,0.0,7.304000000000025,0.0,0.0,bicep extend,bicep extend,0.7545,1
6485,18:35:07.757935,0.0,7.255000000000024,0.0,0.0,bicep extend,bicep extend,0.6494,1
6486,18:35:07.764442,0.0,7.2035000000000196,0.0,0.0,bicep extend,bicep extend,0.6746,1
6487,18:35:07.779014,0.0,7.15300000000002,0.0,0.0,bicep extend,bicep extend,0.6554,1
6488,18:35:07.790679,0.0,7.108000000000021,0.0,0.0,bicep extend,bicep extend,0.7115,1
6489,18:35:07.798822,0.0,7.0715000000000146,0.0,0.0,bicep extend,bicep extend,0.7712,1
6490,18:35:07.811026,0.0,7.043500000000018,0.0,0.0,bicep extend,bicep extend,0.7954,1
6491,18:35:07.819333,0.0,7.0155000000000145,0.0,0.0,bicep extend,bicep extend,0.7647,1
6492,18:35:07.830427,0.0,6.986500000000018,0.0,0.0,bicep extend,bicep extend,0.7565,1
6493,18:35:07.840040,0.0,6.96500000000002,0.0,0.0,bicep extend,bicep extend,0.6913,1
6494,18:35:07.852153,0.0,6.943000000000012,0.0,0.0,bicep extend,bicep extend,0.6835,1
6495,18:35:07.862937,0.0,6.928000000000009,0.0,0.0,bicep extend,bicep extend,0.6295,1
6496,18:35:07.873461,0.0,6.911500000000006,0.0,0.0,bicep extend,bicep extend,0.5027,1
6497,18:35:07.883996,0.0,6.890000000000003,0.0,0.0,bicep extend,roll,0.5299,0
6498,18:35:07.892331,0.0,6.863500000000005,0.0,0.0,bicep extend,roll,0.5406,0
6499,18:35:07.905601,0.0,6.8320000000000105,0.0,0.0,bicep extend,roll,0.5406,0
6500,18:35:07.916244,0.0,6.797000000000014,0.0,0.0,bicep extend,roll,0.6294,0
6501,18:35:07.926487,0.0,6.770000000000016,0.0,0.0,bicep extend,roll,0.6294,0
6502,18:35:07.935093,0.0,6.743000000000012,0.0,0.0,bicep extend,bicep extend,0.5008,1
6503,18:35:07.946173,0.0,6.723000000000013,0.0,0.0,bicep extend,roll,0.5532,0
6504,18:35:07.959271,0.0,6.701500000000015,0.0,0.0,bicep extend,roll,0.5532,0
6505,18:35:07.967078,0.0,6.683500000000015,0.0,0.0,bicep extend,roll,0.5537,0
6506,18:35:07.977592,0.0,6.660500000000013,0.0,0.0,bicep extend,roll,0.5537,0
6507,18:35:07.991683,0.0,6.6320000000000165,0.0,0.0,bicep extend,roll,0.545,0
6508,18:35:07.999718,0.0,6.600500000000016,0.0,0.0,bicep extend,roll,0.7031,0
6509,18:35:08.011559,0.0,6.565500000000014,0.0,0.0,bicep extend,bicep extend,0.5731,1
6510,18:35:08.015342,0.0,6.525000000000011,0.0,0.0,bicep extend,bicep extend,0.5732,1
6511,18:35:08.031949,0.0,6.479000000000008,0.0,0.0,bicep extend,bicep extend,0.541,1
6512,18:35:08.042789,0.0,6.434000000000009,0.0,0.0,bicep extend,roll,0.5901,0
6513,18:35:08.048079,0.0,6.38200000000001,0.0,0.0,bicep extend,roll,0.6842,0
6514,18:35:08.064121,0.0,6.3320000000000105,0.0,0.0,bicep extend,roll,0.7023,0
6515,18:35:08.073880,0.0,6.279500000000013,0.0,0.0,bicep extend,roll,0.6893,0
6516,18:35:08.082912,0.0,6.24050000000002,0.0,0.0,bicep extend,roll,0.7539,0
6517,18:35:08.091810,0.0,6.207000000000017,0.0,0.0,bicep extend,roll,0.7539,0
6518,18:35:08.106046,0.0,6.185500000000007,0.0,0.0,bicep extend,roll,0.7593,0
6519,18:35:08.113956,0.0,6.167000000000007,0.0,0.0,bicep extend,bicep extend,0.5225,1
6520,18:35:08.126083,0.0,6.156999999999999,0.0,0.0,bicep extend,bicep extend,0.8516,1
6521,18:35:08.135061,0.0,6.139999999999998,0.0,0.0,bicep extend,bicep extend,0.8516,1
6522,18:35:08.143429,0.0,6.141499999999996,0.0,0.0,bicep extend,bicep extend,0.8516,1
6523,18:35:08.159038,0.0,6.1374999999999975,0.0,0.0,bicep extend,bicep extend,0.8516,1
6524,18:35:08.172405,0.0,7.164499999999995,0.0,0.0,bicep extend,roll,0.5764,0
6525,18:35:08.213694,0.0,7.909999999999988,0.0,0.0,bicep extend,roll,0.525,0
6526,18:35:08.219777,0.0,9.954499999999982,0.0,0.0,bicep extend,roll,0.6982,0
6527,18:35:08.256437,0.0,11.64299999999998,0.0,0.0,bicep extend,bicep extend,0.8472,1
6528,18:35:08.258562,0.0,13.575499999999993,0.0,0.0,bicep extend,bicep extend,0.875,1
6529,18:35:08.258562,0.0,14.26399999999999,0.0,0.0,bicep extend,bicep extend,0.9,1
6530,18:35:08.259514,0.0,14.098499999999992,0.0,0.0,bicep extend,bicep extend,0.8938,1
6531,18:35:08.259514,0.0,13.614499999999996,0.0,0.0,bicep extend,bicep extend,0.535,1
6532,18:35:08.259514,0.0,13.455999999999998,0.0,0.0,bicep extend,bicep extend,0.7791,1
6533,18:35:08.266215,0.0,13.621999999999993,0.0,0.0,bicep extend,bicep extend,0.5734,1
6534,18:35:08.273343,0.0,13.059999999999992,0.0,0.0,bicep extend,bicep extend,0.7504,1
6535,18:35:08.283706,0.0,13.076,0.0,0.0,bicep extend,bicep extend,0.7504,1
6536,18:35:08.297654,0.0,11.768000000000006,0.0,0.0,bicep extend,bicep extend,0.7521,1
6537,18:35:08.305962,0.0,12.246500000000008,0.0,0.0,bicep extend,bicep extend,0.708,1
6538,18:35:08.314010,0.0,12.290500000000003,0.0,0.0,bicep extend,bicep extend,0.708,1
6539,18:35:08.326744,0.0,11.028000000000011,0.0,0.0,bicep extend,bicep extend,0.6919,1
6540,18:35:08.339362,0.0,10.760000000000016,0.0,0.0,bicep extend,bicep extend,0.699,1
6541,18:35:08.347345,0.0,10.958000000000013,0.0,0.0,bicep extend,bicep extend,0.5789,1
6542,18:35:08.359315,0.0,10.941000000000011,0.0,0.0,bicep extend,bicep extend,0.6173,1
6543,18:35:08.372767,0.0,10.724500000000017,0.0,0.0,bicep extend,bicep extend,0.706,1
6544,18:35:08.380260,0.0,10.27400000000002,0.0,0.0,bicep extend,roll,0.6961,0
6545,18:35:08.392317,0.0,9.50650000000002,0.0,0.0,bicep extend,bicep extend,0.6194,1
6546,18:35:08.400582,0.0,8.738500000000016,0.0,0.0,bicep extend,roll,0.6977,0
6547,18:35:08.412434,0.0,6.7610000000000126,0.0,0.0,bicep extend,bicep extend,0.556,1
6548,18:35:08.424805,0.0,5.171500000000009,0.0,0.0,bicep extend,roll,0.5758,0
6549,18:35:08.433288,0.0,6.102500000000004,0.0,0.0,bicep extend,bicep extend,0.8274,1
6550,18:35:08.445344,0.0,6.856000000000003,0.0,0.0,bicep extend,roll,0.5303,0
6551,18:35:08.451896,0.0,7.428500000000008,0.0,0.0,bicep extend,bicep extend,0.5422,1
6552,18:35:08.467141,0.0,7.849000000000013,0.0,0.0,bicep extend,bicep extend,0.7518,1
6553,18:35:08.475092,0.0,8.12000000000001,0.0,0.0,bicep extend,bicep extend,0.848,1
6554,18:35:08.486236,0.0,8.307000000000006,0.0,0.0,bicep extend,bicep extend,0.8386,1
6555,18:35:08.499089,0.0,8.488500000000005,0.0,0.0,bicep extend,bicep extend,0.7752,1
6556,18:35:08.508123,0.0,8.680000000000007,0.0,0.0,bicep extend,bicep extend,0.7936,1
6557,18:35:08.520269,0.0,8.62650000000001,0.0,0.0,bicep extend,bicep extend,0.7936,1
6558,18:35:08.525935,0.0,9.49600000000001,0.0,0.0,bicep extend,bicep extend,0.6194,1
6559,18:35:08.540275,0.0,10.064500000000011,0.0,0.0,bicep extend,bicep extend,0.6547,1
6560,18:35:08.550840,0.0,11.695500000000012,0.0,0.0,bicep extend,bicep extend,0.7441,1
6561,18:35:08.561368,0.0,12.984500000000011,0.0,0.0,bicep extend,bicep extend,0.6396,1
6562,18:35:08.573532,0.0,13.203500000000004,0.0,0.0,bicep extend,bicep extend,0.6424,1
6563,18:35:08.580106,0.0,12.408500000000007,0.0,0.0,bicep extend,bicep extend,0.6618,1
6564,18:35:08.594418,0.0,11.961500000000012,0.0,0.0,bicep extend,bicep extend,0.7322,1
6565,18:35:08.600943,0.0,11.855000000000013,0.0,0.0,bicep extend,bicep extend,0.7493,1
6566,18:35:08.613517,0.0,12.047000000000011,0.0,0.0,bicep extend,bicep extend,0.6481,1
6567,18:35:08.623007,0.0,12.547000000000011,0.0,0.0,bicep extend,bicep extend,0.6725,1
6568,18:35:08.631031,0.0,11.979000000000012,0.0,0.0,bicep extend,bicep extend,0.7191,1
6569,18:35:08.647499,0.0,13.354000000000012,0.0,0.0,bicep extend,bicep extend,0.7569,1
6570,18:35:08.655634,0.0,13.496000000000016,0.0,0.0,bicep extend,bicep extend,0.7578,1
6571,18:35:08.663768,0.0,14.09150000000002,0.0,0.0,bicep extend,bicep extend,0.8043,1
6572,18:35:08.676520,0.0,15.57050000000002,0.0,0.0,bicep extend,roll,0.6463,0
6573,18:35:08.687201,0.0,15.777500000000018,0.0,0.0,bicep extend,bicep extend,0.6039,1
6574,18:35:08.700538,0.0,15.465000000000018,0.0,0.0,bicep extend,bicep extend,0.6039,1
6575,18:35:08.705969,0.0,17.423500000000015,0.0,0.0,bicep extend,bicep extend,0.6558,1
6576,18:35:08.717128,0.0,18.658000000000012,0.0,0.0,bicep extend,bicep extend,0.7461,1
6577,18:35:08.729178,0.0,22.00950000000001,0.0,0.0,bicep extend,bicep extend,0.795,1
6578,18:35:08.741789,0.0,24.537500000000016,0.0,0.0,bicep extend,bicep extend,0.723,1
6579,18:35:08.753880,0.0,23.827000000000012,0.0,0.0,bicep extend,bicep extend,0.951,1
6580,18:35:08.760932,0.0,21.659000000000013,0.0,0.0,bicep extend,bicep extend,0.9028,1
6581,18:35:08.773536,0.0,18.962500000000013,0.0,0.0,bicep extend,bicep extend,0.7856,1
6582,18:35:08.780088,0.0,16.93050000000002,0.0,0.0,bicep extend,roll,0.5088,0
6583,18:35:08.794046,0.0,17.640500000000024,0.0,0.0,bicep extend,bicep extend,0.6324,1
6584,18:35:08.807001,0.0,18.939000000000025,0.0,0.0,bicep extend,roll,0.5961,0
6585,18:35:08.815272,0.0,17.80350000000002,0.0,0.0,bicep extend,roll,0.5316,0
6586,18:35:08.827601,0.0,18.540000000000024,0.0,0.0,bicep extend,roll,0.5719,0
6587,18:35:08.832033,0.0,16.66800000000002,0.0,0.0,bicep extend,roll,0.572,0
6588,18:35:08.847281,0.0,12.927500000000018,0.0,0.0,bicep extend,bicep extend,0.6424,1
6589,18:35:08.856101,0.0,10.83550000000002,0.0,0.0,bicep extend,bicep extend,0.6603,1
6590,18:35:08.867568,0.0,12.698000000000013,0.0,0.0,bicep extend,bicep extend,0.7514,1
6591,18:35:08.880352,0.0,14.455500000000011,0.0,0.0,bicep extend,bicep extend,0.7663,1
6592,18:35:08.885749,0.0,18.104000000000006,0.0,0.0,bicep extend,bicep extend,0.923,1
6593,18:35:08.900824,0.0,20.544000000000004,0.0,0.0,bicep extend,bicep extend,0.9069,1
6594,18:35:08.909161,0.0,23.807499999999997,0.0,0.0,bicep extend,bicep extend,0.9766,1
6595,18:35:08.923676,0.0,25.0645,0.0,0.0,bicep extend,bicep extend,0.9615,1
6596,18:35:08.934329,0.0,23.301000000000005,0.0,0.0,bicep extend,bicep extend,0.8393,1
6597,18:35:08.941210,0.0,20.605500000000013,0.0,0.0,bicep extend,bicep extend,0.9069,1
6598,18:35:08.953635,0.0,21.196000000000016,0.0,0.0,bicep extend,bicep extend,0.8064,1
6599,18:35:08.959267,0.0,22.375500000000017,0.0,0.0,bicep extend,bicep extend,0.9353,1
6600,18:35:08.975135,0.0,21.832000000000026,0.0,0.0,bicep extend,bicep extend,0.9029,1
6601,18:35:08.980324,0.0,22.383500000000023,0.0,0.0,bicep extend,bicep extend,0.9338,1
6602,18:35:08.994596,0.0,20.721500000000027,0.0,0.0,bicep extend,bicep extend,0.6871,1
6603,18:35:09.006743,0.0,19.68100000000003,0.0,0.0,bicep extend,bicep extend,0.7743,1
6604,18:35:09.016008,0.0,17.260000000000034,0.0,0.0,bicep extend,roll,0.8208,0
6605,18:35:09.028343,0.0,17.632500000000032,0.0,0.0,bicep extend,roll,0.61,0
6606,18:35:09.035777,0.0,19.375000000000032,0.0,0.0,bicep extend,bicep extend,0.5232,1
6607,18:35:09.045969,0.0,19.36350000000003,0.0,0.0,bicep extend,bicep extend,0.8041,1
6608,18:35:09.061085,0.0,18.891000000000027,0.0,0.0,bicep extend,bicep extend,0.7867,1
6609,18:35:09.069319,0.0,18.281000000000024,0.0,0.0,bicep extend,roll,0.6187,0
6610,18:35:09.081298,0.0,17.250500000000024,0.0,0.0,bicep extend,roll,0.6126,0
6611,18:35:09.090474,0.0,15.718000000000018,0.0,0.0,bicep extend,bicep extend,0.6039,1
6612,18:35:09.096246,0.0,14.08750000000002,0.0,0.0,bicep extend,bicep extend,0.6439,1
6613,18:35:09.109109,0.0,12.57050000000002,0.0,0.0,bicep extend,bicep extend,0.6565,1
6614,18:35:09.120910,0.0,11.16500000000002,0.0,0.0,bicep extend,bicep extend,0.5929,1
6615,18:35:09.134673,0.0,9.10950000000002,0.0,0.0,bicep extend,roll,0.625,0
6616,18:35:09.142735,0.0,7.540500000000023,0.0,0.0,bicep extend,roll,0.6135,0
6617,18:35:09.155032,0.0,8.796000000000017,0.0,0.0,bicep extend,bicep extend,0.6181,1
6618,18:35:09.162591,0.0,9.811500000000017,0.0,0.0,bicep extend,bicep extend,0.61,1
6619,18:35:09.175872,0.0,10.295500000000017,0.0,0.0,bicep extend,bicep extend,0.5165,1
6620,18:35:09.185718,0.0,10.870000000000012,0.0,0.0,bicep extend,bicep extend,0.813,1
6621,18:35:09.195070,0.0,11.338000000000012,0.0,0.0,bicep extend,bicep extend,0.5855,1
6622,18:35:09.207492,0.0,13.058500000000013,0.0,0.0,bicep extend,bicep extend,0.6385,1
6623,18:35:09.214373,0.0,14.637000000000011,0.0,0.0,bicep extend,bicep extend,0.5321,1
6624,18:35:09.225752,0.0,14.304000000000013,0.0,0.0,bicep extend,bicep extend,0.6852,1
6625,18:35:09.237070,0.0,13.502500000000008,0.0,0.0,bicep extend,bicep extend,0.6871,1
6626,18:35:09.247487,0.0,14.233000000000008,0.0,0.0,bicep extend,bicep extend,0.6637,1
6627,18:35:09.261319,0.0,14.703500000000007,0.0,0.0,bicep extend,roll,0.7281,0
6628,18:35:09.264289,0.0,14.195000000000013,0.0,0.0,bicep extend,bicep extend,0.7856,1
6629,18:35:09.282306,0.0,13.513500000000011,0.0,0.0,bicep extend,bicep extend,0.766,1
6630,18:35:09.290412,0.0,12.28850000000001,0.0,0.0,bicep extend,bicep extend,0.7571,1
6631,18:35:09.301143,0.0,11.075000000000008,0.0,0.0,bicep extend,bicep extend,0.7647,1
6632,18:35:09.311915,0.0,8.789500000000007,0.0,0.0,bicep extend,roll,0.5449,0
6633,18:35:09.322856,0.0,6.954500000000005,0.0,0.0,bicep extend,bicep extend,0.6113,1
6634,18:35:09.333564,0.0,7.258500000000001,0.0,0.0,bicep extend,roll,0.9493,0
6635,18:35:09.343586,0.0,8.812000000000001,0.0,0.0,bicep extend,bicep extend,0.8324,1
6636,18:35:09.356346,0.0,8.4305,0.0,0.0,bicep extend,bicep extend,0.718,1
6637,18:35:09.364022,0.0,8.463000000000003,0.0,0.0,bicep extend,bicep extend,0.7792,1
6638,18:35:09.375381,0.0,9.360000000000005,0.0,0.0,bicep extend,bicep extend,0.6833,1
6639,18:35:09.389515,0.0,10.381,0.0,0.0,bicep extend,bicep extend,0.5165,1
6640,18:35:09.394801,0.0,11.4245,0.0,0.0,bicep extend,bicep extend,0.8368,1
6641,18:35:09.409130,0.0,15.460000000000004,0.0,0.0,bicep extend,bicep extend,0.5091,1
6642,18:35:09.417400,0.0,18.803500000000003,0.0,0.0,bicep extend,roll,0.5556,0
6643,18:35:09.426598,0.0,24.038000000000007,0.0,0.0,bicep extend,bicep extend,0.966,1
6644,18:35:09.440425,0.0,27.652000000000008,0.0,0.0,bicep extend,bicep extend,0.9354,1
6645,18:35:09.447836,0.0,30.680000000000017,0.0,0.0,bicep extend,bicep extend,0.9712,1
6646,18:35:09.459344,0.0,31.80200000000001,0.0,0.0,bicep extend,bicep extend,0.9758,1
6647,18:35:09.465855,0.0,30.57700000000001,0.0,0.0,bicep extend,bicep extend,0.9689,1
6648,18:35:09.482470,0.0,29.24200000000002,0.0,0.0,bicep extend,bicep extend,0.9423,1
6649,18:35:09.491237,0.0,28.542000000000012,0.0,0.0,bicep extend,bicep extend,0.9087,1
6650,18:35:09.502508,0.0,28.679000000000013,0.0,0.0,bicep extend,bicep extend,0.9719,1
6651,18:35:09.514455,0.0,26.34300000000001,0.0,0.0,bicep extend,bicep extend,0.9208,1
6652,18:35:09.523256,0.0,26.366000000000017,0.0,0.0,bicep extend,bicep extend,0.856,1
6653,18:35:09.534217,0.0,23.97050000000001,0.0,0.0,bicep extend,bicep extend,0.8243,1
6654,18:35:09.544216,0.0,21.99500000000001,0.0,0.0,bicep extend,bicep extend,0.564,1
6655,18:35:09.556676,0.0,19.322500000000012,0.0,0.0,bicep extend,bicep extend,0.5638,1
6656,18:35:09.563622,0.0,16.84200000000001,0.0,0.0,bicep extend,roll,0.6126,0
6657,18:35:09.576780,0.0,16.344500000000007,0.0,0.0,bicep extend,roll,0.5869,0
6658,18:35:09.590330,0.0,18.855500000000003,0.0,0.0,bicep extend,bicep extend,0.8357,1
6659,18:35:09.597535,0.0,20.2315,0.0,0.0,bicep extend,bicep extend,0.7407,1
6660,18:35:09.609451,0.0,23.603499999999997,0.0,0.0,bicep extend,bicep extend,0.9405,1
6661,18:35:09.618001,0.0,25.489499999999996,0.0,0.0,bicep extend,bicep extend,0.6365,1
6662,18:35:09.630606,0.0,26.824,0.0,0.0,bicep extend,bicep extend,0.832,1
6663,18:35:09.642647,0.0,26.420500000000004,0.0,0.0,bicep extend,bicep extend,0.975,1
6664,18:35:09.650782,0.0,26.383000000000003,0.0,0.0,bicep extend,bicep extend,0.9733,1
6665,18:35:09.659560,0.0,24.7425,0.0,0.0,bicep extend,bicep extend,0.9117,1
6666,18:35:09.668227,0.0,24.702,0.0,0.0,bicep extend,bicep extend,0.723,1
6667,18:35:09.680007,0.0,25.688500000000012,0.0,0.0,bicep extend,bicep extend,0.9714,1
6668,18:35:09.695710,0.0,24.594000000000015,0.0,0.0,bicep extend,bicep extend,0.8664,1
6669,18:35:09.695710,0.0,25.25650000000002,0.0,0.0,bicep extend,bicep extend,0.8321,1
6670,18:35:09.713587,0.0,23.499000000000027,0.0,0.0,bicep extend,bicep extend,0.8376,1
6671,18:35:09.724251,0.0,20.33700000000003,0.0,0.0,bicep extend,bicep extend,0.789,1
6672,18:35:09.735186,0.0,16.016000000000027,0.0,0.0,bicep extend,bicep extend,0.6112,1
6673,18:35:09.744527,0.0,14.796500000000028,0.0,0.0,bicep extend,bicep extend,0.7708,1
6674,18:35:09.757075,0.0,13.46550000000003,0.0,0.0,bicep extend,bicep extend,0.8324,1
6675,18:35:09.767496,0.0,16.298500000000036,0.0,0.0,bicep extend,bicep extend,0.9097,1
6676,18:35:09.777738,0.0,18.508500000000037,0.0,0.0,bicep extend,bicep extend,0.9764,1
6677,18:35:09.791013,0.0,21.70300000000003,0.0,0.0,bicep extend,bicep extend,0.9816,1
6678,18:35:09.798169,0.0,22.345500000000023,0.0,0.0,bicep extend,bicep extend,0.9884,1
6679,18:35:09.810478,0.0,23.201500000000028,0.0,0.0,bicep extend,bicep extend,0.951,1
6680,18:35:09.822637,0.0,22.09450000000003,0.0,0.0,bicep extend,bicep extend,0.9884,1
6681,18:35:09.830380,0.0,22.054500000000026,0.0,0.0,bicep extend,bicep extend,0.9884,1
6682,18:35:09.842634,0.0,21.78000000000003,0.0,0.0,bicep extend,bicep extend,0.9746,1
6683,18:35:09.845874,0.0,21.26150000000003,0.0,0.0,bicep extend,bicep extend,0.931,1
6684,18:35:09.864258,0.0,23.198000000000025,0.0,0.0,bicep extend,bicep extend,0.9166,1
6685,18:35:09.873751,0.0,23.312500000000018,0.0,0.0,bicep extend,bicep extend,0.9338,1
6686,18:35:09.881669,0.0,26.17100000000001,0.0,0.0,bicep extend,bicep extend,0.9739,1
6687,18:35:09.895872,0.0,27.01450000000001,0.0,0.0,bicep extend,bicep extend,0.776,1
6688,18:35:09.898904,0.0,27.07500000000001,0.0,0.0,bicep extend,bicep extend,0.9616,1
6689,18:35:09.913700,0.0,25.116500000000013,0.0,0.0,bicep extend,bicep extend,0.9064,1
6690,18:35:09.924146,0.0,24.027000000000008,0.0,0.0,bicep extend,bicep extend,0.9552,1
6691,18:35:09.937519,0.0,23.754500000000007,0.0,0.0,bicep extend,bicep extend,0.956,1
6692,18:35:09.944469,0.0,25.901000000000003,0.0,0.0,bicep extend,bicep extend,0.9808,1
6693,18:35:09.957389,0.0,26.414499999999997,0.0,0.0,bicep extend,bicep extend,0.975,1
6694,18:35:09.966988,0.0,27.450999999999993,0.0,0.0,bicep extend,bicep extend,0.8325,1
6695,18:35:09.977631,0.0,26.54199999999999,0.0,0.0,bicep extend,bicep extend,0.8874,1
6696,18:35:09.990816,0.0,24.72,0.0,0.0,bicep extend,bicep extend,0.9578,1
6697,18:35:09.995122,0.0,21.378499999999995,0.0,0.0,bicep extend,bicep extend,0.9839,1
6698,18:35:10.011653,0.0,19.2195,0.0,0.0,bicep extend,bicep extend,0.9349,1
6699,18:35:10.023003,0.0,18.071999999999996,0.0,0.0,bicep extend,bicep extend,0.923,1
6700,18:35:10.030714,0.0,19.1335,0.0,0.0,bicep extend,bicep extend,0.8866,1
6701,18:35:10.043026,0.0,22.3935,0.0,0.0,bicep extend,bicep extend,0.9544,1
6702,18:35:10.049262,0.0,23.6375,0.0,0.0,bicep extend,bicep extend,0.9318,1
6703,18:35:10.063936,0.0,26.280500000000007,0.0,0.0,bicep extend,bicep extend,0.9806,1
6704,18:35:10.074873,0.0,26.095500000000015,0.0,0.0,bicep extend,bicep extend,0.9618,1
6705,18:35:10.084319,0.0,24.17250000000001,0.0,0.0,bicep extend,bicep extend,0.966,1
6706,18:35:10.097383,0.0,20.99200000000001,0.0,0.0,bicep extend,bicep extend,0.6894,1
6707,18:35:10.106654,0.0,21.195500000000013,0.0,0.0,bicep extend,bicep extend,0.8497,1
6708,18:35:10.116733,0.0,22.24150000000001,0.0,0.0,bicep extend,bicep extend,0.9398,1
6709,18:35:10.126200,0.0,25.18650000000001,0.0,0.0,bicep extend,bicep extend,0.9646,1
6710,18:35:10.136457,0.0,26.124500000000012,0.0,0.0,bicep extend,bicep extend,0.9798,1
6711,18:35:10.146451,0.0,26.818500000000007,0.0,0.0,bicep extend,bicep extend,0.8635,1
6712,18:35:10.158222,0.0,25.419000000000008,0.0,0.0,bicep extend,bicep extend,0.9708,1
6713,18:35:10.162758,0.0,24.670500000000008,0.0,0.0,bicep extend,bicep extend,0.9482,1
6714,18:35:10.178948,0.0,22.789000000000005,0.0,0.0,bicep extend,bicep extend,0.9884,1
6715,18:35:10.189983,0.0,22.460000000000008,0.0,0.0,bicep extend,bicep extend,0.9884,1
6716,18:35:10.203060,0.0,22.696500000000007,0.0,0.0,bicep extend,bicep extend,0.9788,1
6717,18:35:10.211011,0.0,22.10100000000001,0.0,0.0,bicep extend,bicep extend,0.9477,1
6718,18:35:10.223585,0.0,24.29550000000001,0.0,0.0,bicep extend,bicep extend,0.7854,1
6719,18:35:10.230214,0.0,24.578500000000012,0.0,0.0,bicep extend,bicep extend,0.8956,1
6720,18:35:10.244974,0.0,26.766500000000015,0.0,0.0,bicep extend,bicep extend,0.9852,1
6721,18:35:10.253314,0.0,27.12500000000001,0.0,0.0,bicep extend,bicep extend,0.963,1
6722,18:35:10.265237,0.0,26.980000000000008,0.0,0.0,bicep extend,bicep extend,0.9654,1
6723,18:35:10.275587,0.0,24.643500000000003,0.0,0.0,bicep extend,bicep extend,0.9064,1
6724,18:35:10.284919,0.0,23.25100000000001,0.0,0.0,bicep extend,bicep extend,0.9089,1
6725,18:35:10.293736,0.0,23.06800000000001,0.0,0.0,bicep extend,bicep extend,0.9264,1
6726,18:35:10.306256,0.0,24.55400000000001,0.0,0.0,bicep extend,bicep extend,0.9117,1
6727,18:35:10.318566,0.0,24.67400000000001,0.0,0.0,bicep extend,bicep extend,0.6878,1
6728,18:35:10.330263,0.0,24.85000000000001,0.0,0.0,bicep extend,bicep extend,0.9646,1
6729,18:35:10.339824,0.0,23.5465,0.0,0.0,bicep extend,bicep extend,0.9512,1
6730,18:35:10.350862,0.0,21.6235,0.0,0.0,bicep extend,bicep extend,0.9839,1
6731,18:35:10.359676,0.0,18.632499999999993,0.0,0.0,bicep extend,bicep extend,0.9751,1
6732,18:35:10.368332,0.0,16.595,0.0,0.0,bicep extend,bicep extend,0.9118,1
6733,18:35:10.378945,0.0,17.258000000000003,0.0,0.0,bicep extend,bicep extend,0.6668,1
6734,18:35:10.392236,0.0,20.319,0.0,0.0,bicep extend,bicep extend,0.7743,1
6735,18:35:10.404400,0.0,25.7585,0.0,0.0,bicep extend,bicep extend,0.8998,1
6736,18:35:10.413132,0.0,29.1225,0.0,0.0,bicep extend,bicep extend,0.9029,1
6737,18:35:10.423860,0.0,33.202000000000005,0.0,0.0,bicep extend,bicep extend,0.7919,1
6738,18:35:10.432901,0.0,33.26350000000001,0.0,0.0,bicep extend,bicep extend,0.7919,1
6739,18:35:10.443170,0.0,32.17500000000002,0.0,0.0,bicep extend,bicep extend,0.971,1
6740,18:35:10.457825,0.0,29.61000000000002,0.0,0.0,bicep extend,bicep extend,0.8766,1
6741,18:35:10.466552,0.0,29.407500000000027,0.0,0.0,bicep extend,bicep extend,0.5106,1
6742,18:35:10.478324,0.0,30.262500000000024,0.0,0.0,bicep extend,bicep extend,0.9522,1
6743,18:35:10.483202,0.0,31.650500000000022,0.0,0.0,bicep extend,bicep extend,0.9765,1
6744,18:35:10.495129,0.0,31.036500000000025,0.0,0.0,bicep extend,bicep extend,0.9665,1
6745,18:35:10.507301,0.0,30.227000000000025,0.0,0.0,bicep extend,bicep extend,0.978,1
6746,18:35:10.518907,0.0,28.294000000000025,0.0,0.0,bicep extend,bicep extend,0.9844,1
6747,18:35:10.531488,0.0,26.76400000000002,0.0,0.0,bicep extend,bicep extend,0.9707,1
6748,18:35:10.540655,0.0,25.337000000000018,0.0,0.0,bicep extend,bicep extend,0.9028,1
6749,18:35:10.548498,0.0,26.160000000000014,0.0,0.0,bicep extend,bicep extend,0.9808,1
6750,18:35:10.560201,0.0,26.314500000000017,0.0,0.0,bicep extend,bicep extend,0.9723,1
6751,18:35:10.567275,0.0,26.358000000000015,0.0,0.0,bicep extend,bicep extend,0.9711,1
6752,18:35:10.582813,0.0,28.223500000000012,0.0,0.0,bicep extend,bicep extend,0.9904,1
6753,18:35:10.593246,0.0,28.053000000000008,0.0,0.0,bicep extend,bicep extend,0.9656,1
6754,18:35:10.605051,0.0,28.130500000000005,0.0,0.0,bicep extend,bicep extend,0.9904,1
6755,18:35:10.613159,0.0,25.856000000000005,0.0,0.0,bicep extend,bicep extend,0.9618,1
6756,18:35:10.625484,0.0,23.045000000000012,0.0,0.0,bicep extend,bicep extend,0.9426,1
6757,18:35:10.630241,0.0,19.22700000000001,0.0,0.0,bicep extend,bicep extend,0.7102,1
6758,18:35:10.646351,0.0,18.71600000000001,0.0,0.0,bicep extend,bicep extend,0.7995,1
6759,18:35:10.658332,0.0,17.84100000000001,0.0,0.0,bicep extend,bicep extend,0.7407,1
6760,18:35:10.665147,0.0,20.797500000000007,0.0,0.0,bicep extend,bicep extend,0.9067,1
6761,18:35:10.678557,0.0,22.472000000000005,0.0,0.0,bicep extend,bicep extend,0.9386,1
6762,18:35:10.685567,0.0,23.915500000000005,0.0,0.0,bicep extend,bicep extend,0.9661,1
6763,18:35:10.697672,0.0,23.58100000000001,0.0,0.0,bicep extend,bicep extend,0.9484,1
6764,18:35:10.711383,0.0,23.872500000000013,0.0,0.0,bicep extend,bicep extend,0.9717,1
6765,18:35:10.716115,0.0,23.124000000000013,0.0,0.0,bicep extend,bicep extend,0.9499,1
6766,18:35:10.732478,0.0,23.78900000000001,0.0,0.0,bicep extend,bicep extend,0.9766,1
6767,18:35:10.739762,0.0,23.698500000000006,0.0,0.0,bicep extend,bicep extend,0.974,1
6768,18:35:10.748214,0.0,24.255000000000013,0.0,0.0,bicep extend,bicep extend,0.956,1
6769,18:35:10.756685,0.0,27.281500000000015,0.0,0.0,bicep extend,bicep extend,0.9004,1
6770,18:35:10.774007,0.0,28.361000000000026,0.0,0.0,bicep extend,bicep extend,0.9904,1
6771,18:35:10.785269,0.0,30.775500000000033,0.0,0.0,bicep extend,bicep extend,0.8539,1
6772,18:35:10.791589,0.0,30.788500000000035,0.0,0.0,bicep extend,bicep extend,0.9531,1
6773,18:35:10.807087,0.0,29.30250000000003,0.0,0.0,bicep extend,bicep extend,0.9423,1
6774,18:35:10.813172,0.0,26.400500000000033,0.0,0.0,bicep extend,bicep extend,0.9604,1
6775,18:35:10.826173,0.0,26.515000000000033,0.0,0.0,bicep extend,bicep extend,0.9709,1
6776,18:35:10.839217,0.0,26.64050000000003,0.0,0.0,bicep extend,bicep extend,0.9711,1
6777,18:35:10.846882,0.0,30.18100000000003,0.0,0.0,bicep extend,bicep extend,0.9801,1
6778,18:35:10.859424,0.0,30.992500000000028,0.0,0.0,bicep extend,bicep extend,0.9743,1
6779,18:35:10.862863,0.0,30.55250000000002,0.0,0.0,bicep extend,bicep extend,0.9387,1
6780,18:35:10.879452,0.0,28.271500000000024,0.0,0.0,bicep extend,bicep extend,0.9719,1
6781,18:35:10.888036,0.0,25.978000000000016,0.0,0.0,bicep extend,bicep extend,0.965,1
6782,18:35:10.898621,0.0,23.20350000000001,0.0,0.0,bicep extend,bicep extend,0.9499,1
6783,18:35:10.912368,0.0,22.0305,0.0,0.0,bicep extend,bicep extend,0.98,1
6784,18:35:10.915625,0.0,22.1295,0.0,0.0,bicep extend,bicep extend,0.9387,1
6785,18:35:10.932058,0.0,21.981500000000004,0.0,0.0,bicep extend,bicep extend,0.8594,1
6786,18:35:10.940080,0.0,23.837500000000016,0.0,0.0,bicep extend,bicep extend,0.952,1
6787,18:35:10.948159,0.0,23.62150000000002,0.0,0.0,bicep extend,bicep extend,0.9146,1
6788,18:35:10.964655,0.0,24.518500000000024,0.0,0.0,bicep extend,bicep extend,0.8488,1
6789,18:35:10.972816,0.0,23.816000000000024,0.0,0.0,bicep extend,bicep extend,0.8864,1
6790,18:35:10.981522,0.0,22.712000000000025,0.0,0.0,bicep extend,bicep extend,0.9646,1
6791,18:35:10.993881,0.0,20.06850000000003,0.0,0.0,bicep extend,bicep extend,0.7743,1
6792,18:35:11.006482,0.0,20.16850000000003,0.0,0.0,bicep extend,bicep extend,0.7766,1
6793,18:35:11.015188,0.0,21.317000000000036,0.0,0.0,bicep extend,bicep extend,0.8339,1
6794,18:35:11.025426,0.0,24.25350000000003,0.0,0.0,bicep extend,bicep extend,0.9538,1
6795,18:35:11.040206,0.0,25.53800000000003,0.0,0.0,bicep extend,bicep extend,0.9166,1
6796,18:35:11.047127,0.0,26.52050000000002,0.0,0.0,bicep extend,bicep extend,0.8996,1
6797,18:35:11.056551,0.0,25.893500000000017,0.0,0.0,bicep extend,bicep extend,0.9624,1
6798,18:35:11.067766,0.0,25.222500000000014,0.0,0.0,bicep extend,bicep extend,0.9647,1
6799,18:35:11.080719,0.0,23.801500000000015,0.0,0.0,bicep extend,bicep extend,0.9717,1
6800,18:35:11.090962,0.0,22.76800000000002,0.0,0.0,bicep extend,bicep extend,0.9788,1
6801,18:35:11.098336,0.0,22.567500000000013,0.0,0.0,bicep extend,bicep extend,0.9476,1
6802,18:35:11.111678,0.0,22.943000000000012,0.0,0.0,bicep extend,bicep extend,0.8902,1
6803,18:35:11.117458,0.0,25.216500000000007,0.0,0.0,bicep extend,bicep extend,0.8043,1
6804,18:35:11.132544,0.0,25.565500000000007,0.0,0.0,bicep extend,bicep extend,0.5769,1
6805,18:35:11.140351,0.0,26.68650000000001,0.0,0.0,bicep extend,bicep extend,0.9841,1
6806,18:35:11.153095,0.0,25.477500000000003,0.0,0.0,bicep extend,bicep extend,0.8321,1
6807,18:35:11.183932,0.0,23.6245,0.0,0.0,bicep extend,bicep extend,0.9146,1
6808,18:35:11.185684,0.0,20.553499999999996,0.0,0.0,bicep extend,bicep extend,0.8105,1
6809,18:35:11.227615,0.0,20.6375,0.0,0.0,bicep extend,bicep extend,0.7966,1
6810,18:35:11.227615,0.0,21.9365,0.0,0.0,bicep extend,bicep extend,0.8654,1
6811,18:35:11.227615,0.0,25.206500000000013,0.0,0.0,bicep extend,bicep extend,0.9196,1
6812,18:35:11.227615,0.0,26.19750000000002,0.0,0.0,bicep extend,bicep extend,0.9725,1
6813,18:35:11.227615,0.0,26.83900000000002,0.0,0.0,bicep extend,bicep extend,0.8439,1
6814,18:35:11.240205,0.0,25.685500000000022,0.0,0.0,bicep extend,bicep extend,0.9624,1
6815,18:35:11.248010,0.0,24.82200000000002,0.0,0.0,bicep extend,bicep extend,0.9647,1
6816,18:35:11.256791,0.0,23.455500000000026,0.0,0.0,bicep extend,bicep extend,0.9668,1
6817,18:35:11.264966,0.0,23.178500000000025,0.0,0.0,bicep extend,bicep extend,0.9499,1
6818,18:35:11.280699,0.0,23.039500000000025,0.0,0.0,bicep extend,bicep extend,0.941,1
6819,18:35:11.293956,0.0,23.713500000000018,0.0,0.0,bicep extend,bicep extend,0.956,1
6820,18:35:11.301527,0.0,25.821500000000007,0.0,0.0,bicep extend,bicep extend,0.9651,1
6821,18:35:11.313501,0.0,26.1315,0.0,0.0,bicep extend,bicep extend,0.9592,1
6822,18:35:11.322556,0.0,28.64149999999999,0.0,0.0,bicep extend,bicep extend,0.9087,1
6823,18:35:11.333851,0.0,28.678499999999996,0.0,0.0,bicep extend,bicep extend,0.9713,1
6824,18:35:11.346382,0.0,28.521499999999993,0.0,0.0,bicep extend,bicep extend,0.9713,1
6825,18:35:11.351822,0.0,27.232499999999995,0.0,0.0,bicep extend,bicep extend,0.8363,1
6826,18:35:11.367126,0.0,25.795499999999993,0.0,0.0,bicep extend,bicep extend,0.9727,1
6827,18:35:11.376052,0.0,25.21449999999999,0.0,0.0,bicep extend,bicep extend,0.8664,1
6828,18:35:11.383310,0.0,27.269499999999994,0.0,0.0,bicep extend,bicep extend,0.9251,1
6829,18:35:11.395692,0.0,26.490499999999997,0.0,0.0,bicep extend,bicep extend,0.9605,1
6830,18:35:11.407957,0.0,26.63049999999999,0.0,0.0,bicep extend,bicep extend,0.8084,1
6831,18:35:11.418753,0.0,25.766,0.0,0.0,bicep extend,bicep extend,0.9808,1
6832,18:35:11.426093,0.0,23.994999999999997,0.0,0.0,bicep extend,bicep extend,0.9717,1
6833,18:35:11.441118,0.0,21.976999999999997,0.0,0.0,bicep extend,bicep extend,0.9828,1
6834,18:35:11.446523,0.0,21.708499999999997,0.0,0.0,bicep extend,bicep extend,0.9822,1
6835,18:35:11.460106,0.0,19.860999999999997,0.0,0.0,bicep extend,bicep extend,0.929,1
6836,18:35:11.473748,0.0,21.958499999999997,0.0,0.0,bicep extend,bicep extend,0.9009,1
6837,18:35:11.481718,0.0,24.573,0.0,0.0,bicep extend,bicep extend,0.8956,1
6838,18:35:11.494692,0.0,25.283500000000004,0.0,0.0,bicep extend,bicep extend,0.8178,1
6839,18:35:11.500046,0.0,28.55400000000001,0.0,0.0,bicep extend,bicep extend,0.9719,1
6840,18:35:11.513678,0.0,28.598500000000012,0.0,0.0,bicep extend,bicep extend,0.9719,1
6841,18:35:11.523348,0.0,28.742500000000017,0.0,0.0,bicep extend,bicep extend,0.9777,1
6842,18:35:11.531742,0.0,27.811500000000013,0.0,0.0,bicep extend,bicep extend,0.9332,1
6843,18:35:11.544574,0.0,25.97000000000001,0.0,0.0,bicep extend,bicep extend,0.9846,1
6844,18:35:11.554235,0.0,23.761500000000005,0.0,0.0,bicep extend,bicep extend,0.9794,1
6845,18:35:11.564599,0.0,25.747000000000007,0.0,0.0,bicep extend,bicep extend,0.9744,1
6846,18:35:11.575379,0.0,25.170500000000004,0.0,0.0,bicep extend,bicep extend,0.8011,1
6847,18:35:11.584997,0.0,26.312,0.0,0.0,bicep extend,bicep extend,0.9707,1
6848,18:35:11.597223,0.0,26.8385,0.0,0.0,bicep extend,bicep extend,0.9725,1
6849,18:35:11.608200,0.0,26.113,0.0,0.0,bicep extend,bicep extend,0.9714,1
6850,18:35:11.621403,0.0,25.06199999999999,0.0,0.0,bicep extend,bicep extend,0.9646,1
6851,18:35:11.626310,0.0,24.699,0.0,0.0,bicep extend,bicep extend,0.9646,1
6852,18:35:11.640600,0.0,23.2055,0.0,0.0,bicep extend,bicep extend,0.9499,1
6853,18:35:11.649939,0.0,23.020000000000003,0.0,0.0,bicep extend,bicep extend,0.9022,1
6854,18:35:11.661852,0.0,23.638500000000004,0.0,0.0,bicep extend,bicep extend,0.9405,1
6855,18:35:11.673639,0.0,22.669000000000004,0.0,0.0,bicep extend,bicep extend,0.9398,1
6856,18:35:11.682426,0.0,23.749500000000005,0.0,0.0,bicep extend,bicep extend,0.9493,1
6857,18:35:11.693586,0.0,22.741000000000007,0.0,0.0,bicep extend,bicep extend,0.9285,1
6858,18:35:11.703049,0.0,22.559500000000007,0.0,0.0,bicep extend,bicep extend,0.9646,1
6859,18:35:11.710597,0.0,21.137000000000008,0.0,0.0,bicep extend,bicep extend,0.9221,1
6860,18:35:11.726672,0.0,18.97650000000001,0.0,0.0,bicep extend,bicep extend,0.8357,1
6861,18:35:11.735822,0.0,16.240000000000002,0.0,0.0,bicep extend,bicep extend,0.6395,1
6862,18:35:11.748085,0.0,16.666500000000006,0.0,0.0,bicep extend,bicep extend,0.8882,1
6863,18:35:11.757098,0.0,17.89900000000001,0.0,0.0,bicep extend,bicep extend,0.8659,1
6864,18:35:11.768800,0.0,20.670500000000015,0.0,0.0,bicep extend,bicep extend,0.9682,1
6865,18:35:11.773770,0.0,22.53600000000002,0.0,0.0,bicep extend,bicep extend,0.98,1
6866,18:35:11.788644,0.0,23.592000000000024,0.0,0.0,bicep extend,bicep extend,0.9701,1
6867,18:35:11.797604,0.0,23.31150000000003,0.0,0.0,bicep extend,bicep extend,0.971,1
6868,18:35:11.809214,0.0,22.632500000000032,0.0,0.0,bicep extend,bicep extend,0.9884,1
6869,18:35:11.822268,0.0,20.93150000000004,0.0,0.0,bicep extend,bicep extend,0.9791,1
6870,18:35:11.830132,0.0,20.58550000000004,0.0,0.0,bicep extend,bicep extend,0.9838,1
6871,18:35:11.842387,0.0,20.78650000000004,0.0,0.0,bicep extend,bicep extend,0.9642,1
6872,18:35:11.854496,0.0,20.06350000000004,0.0,0.0,bicep extend,bicep extend,0.929,1
6873,18:35:11.861548,0.0,22.04150000000003,0.0,0.0,bicep extend,bicep extend,0.9534,1
6874,18:35:11.874626,0.0,22.270500000000027,0.0,0.0,bicep extend,bicep extend,0.9544,1
6875,18:35:11.882166,0.0,24.124500000000022,0.0,0.0,bicep extend,bicep extend,0.9794,1
6876,18:35:11.895081,0.0,24.379500000000014,0.0,0.0,bicep extend,bicep extend,0.8636,1
6877,18:35:11.902339,0.0,24.535000000000014,0.0,0.0,bicep extend,bicep extend,0.9064,1
6878,18:35:11.915516,0.0,23.44100000000001,0.0,0.0,bicep extend,bicep extend,0.9578,1
6879,18:35:11.927841,0.0,22.838000000000005,0.0,0.0,bicep extend,bicep extend,0.8902,1
6880,18:35:11.932405,0.0,22.97450000000001,0.0,0.0,bicep extend,bicep extend,0.8785,1
6881,18:35:11.948589,0.0,25.07100000000001,0.0,0.0,bicep extend,bicep extend,0.9244,1
6882,18:35:11.957089,0.0,25.99150000000001,0.0,0.0,bicep extend,bicep extend,0.9751,1
6883,18:35:11.966834,0.0,26.203500000000012,0.0,0.0,bicep extend,bicep extend,0.9547,1
6884,18:35:11.980233,0.0,25.42150000000002,0.0,0.0,bicep extend,bicep extend,0.9646,1
6885,18:35:11.990520,0.0,23.733000000000025,0.0,0.0,bicep extend,bicep extend,0.9717,1
6886,18:35:12.001638,0.0,21.276000000000028,0.0,0.0,bicep extend,bicep extend,0.9839,1
6887,18:35:12.009510,0.0,19.270500000000027,0.0,0.0,bicep extend,bicep extend,0.9495,1
6888,18:35:12.022391,0.0,18.24100000000003,0.0,0.0,bicep extend,bicep extend,0.923,1
6889,18:35:12.030287,0.0,19.09650000000003,0.0,0.0,bicep extend,bicep extend,0.8866,1
6890,18:35:12.043381,0.0,20.95800000000003,0.0,0.0,bicep extend,bicep extend,0.6488,1
6891,18:35:12.055665,0.0,21.06450000000003,0.0,0.0,bicep extend,bicep extend,0.834,1
6892,18:35:12.063312,0.0,22.819000000000035,0.0,0.0,bicep extend,bicep extend,0.8525,1
6893,18:35:12.074331,0.0,22.010000000000023,0.0,0.0,bicep extend,bicep extend,0.8608,1
6894,18:35:12.083896,0.0,19.993000000000016,0.0,0.0,bicep extend,bicep extend,0.753,1
6895,18:35:12.094867,0.0,17.36700000000001,0.0,0.0,bicep extend,bicep extend,0.6668,1
6896,18:35:12.107190,0.0,16.74500000000001,0.0,0.0,bicep extend,bicep extend,0.8882,1
6897,18:35:12.114916,0.0,16.90150000000001,0.0,0.0,bicep extend,bicep extend,0.8315,1
6898,18:35:12.129106,0.0,19.183000000000003,0.0,0.0,bicep extend,bicep extend,0.9349,1
6899,18:35:12.131317,0.0,20.039500000000004,0.0,0.0,bicep extend,bicep extend,0.9714,1
6900,18:35:12.147216,0.0,21.4855,0.0,0.0,bicep extend,bicep extend,0.9833,1
6901,18:35:12.156904,0.0,21.5755,0.0,0.0,bicep extend,bicep extend,0.9839,1
6902,18:35:12.163975,0.0,20.7615,0.0,0.0,bicep extend,bicep extend,0.9716,1
6903,18:35:12.182190,0.0,18.38500000000001,0.0,0.0,bicep extend,bicep extend,0.9188,1
6904,18:35:12.190708,0.0,17.75950000000001,0.0,0.0,bicep extend,bicep extend,0.9719,1
6905,18:35:12.197069,0.0,17.863500000000005,0.0,0.0,bicep extend,bicep extend,0.9427,1
6906,18:35:12.211276,0.0,19.303500000000007,0.0,0.0,bicep extend,bicep extend,0.8174,1
6907,18:35:12.223878,0.0,22.06750000000001,0.0,0.0,bicep extend,bicep extend,0.9338,1
6908,18:35:12.234921,0.0,22.811500000000013,0.0,0.0,bicep extend,bicep extend,0.9308,1
6909,18:35:12.242510,0.0,25.82800000000001,0.0,0.0,bicep extend,bicep extend,0.9202,1
6910,18:35:12.249776,0.0,26.21500000000001,0.0,0.0,bicep extend,bicep extend,0.8955,1
6911,18:35:12.262477,0.0,25.707000000000015,0.0,0.0,bicep extend,bicep extend,0.8673,1
6912,18:35:12.275982,0.0,24.207000000000015,0.0,0.0,bicep extend,bicep extend,0.869,1
6913,18:35:12.284098,0.0,24.331500000000013,0.0,0.0,bicep extend,bicep extend,0.7854,1
6914,18:35:12.295651,0.0,24.604000000000006,0.0,0.0,bicep extend,bicep extend,0.8956,1
6915,18:35:12.308230,0.0,26.379500000000007,0.0,0.0,bicep extend,bicep extend,0.9712,1
6916,18:35:12.318279,0.0,25.948,0.0,0.0,bicep extend,bicep extend,0.9673,1
6917,18:35:12.326295,0.0,26.0755,0.0,0.0,bicep extend,bicep extend,0.9624,1
6918,18:35:12.336339,0.0,25.610999999999997,0.0,0.0,bicep extend,bicep extend,0.9505,1
6919,18:35:12.345235,0.0,24.037,0.0,0.0,bicep extend,bicep extend,0.9717,1
6920,18:35:12.361579,0.0,22.3675,0.0,0.0,bicep extend,bicep extend,0.9884,1
6921,18:35:12.370120,0.0,22.381499999999996,0.0,0.0,bicep extend,bicep extend,0.9884,1
6922,18:35:12.383141,0.0,21.720999999999993,0.0,0.0,bicep extend,bicep extend,0.9828,1
6923,18:35:12.390648,0.0,22.187499999999993,0.0,0.0,bicep extend,bicep extend,0.9477,1
6924,18:35:12.403055,0.0,24.360999999999997,0.0,0.0,bicep extend,bicep extend,0.7174,1
6925,18:35:12.412249,0.0,24.797499999999996,0.0,0.0,bicep extend,bicep extend,0.7981,1
6926,18:35:12.423739,0.0,27.05,0.0,0.0,bicep extend,bicep extend,0.9581,1
6927,18:35:12.431690,0.0,27.079,0.0,0.0,bicep extend,bicep extend,0.9581,1
6928,18:35:12.443349,0.0,26.16350000000001,0.0,0.0,bicep extend,bicep extend,0.9642,1
6929,18:35:12.457925,0.0,23.6655,0.0,0.0,bicep extend,bicep extend,0.9353,1
6930,18:35:12.464130,0.0,21.3375,0.0,0.0,bicep extend,bicep extend,0.8746,1
6931,18:35:12.476059,0.0,19.303499999999996,0.0,0.0,bicep extend,bicep extend,0.8425,1
6932,18:35:12.491072,0.0,20.368,0.0,0.0,bicep extend,bicep extend,0.9069,1
6933,18:35:12.497401,0.0,20.87550000000001,0.0,0.0,bicep extend,bicep extend,0.8019,1
6934,18:35:12.507785,0.0,21.612000000000013,0.0,0.0,bicep extend,bicep extend,0.9762,1
6935,18:35:12.517747,0.0,21.808500000000016,0.0,0.0,bicep extend,bicep extend,0.9714,1
6936,18:35:12.530094,0.0,21.29400000000001,0.0,0.0,bicep extend,bicep extend,0.9823,1
6937,18:35:12.540241,0.0,20.02550000000001,0.0,0.0,bicep extend,bicep extend,0.9795,1
6938,18:35:12.550874,0.0,20.466500000000018,0.0,0.0,bicep extend,bicep extend,0.9834,1
6939,18:35:12.561377,0.0,20.465500000000013,0.0,0.0,bicep extend,bicep extend,0.9838,1
6940,18:35:12.569302,0.0,20.982000000000017,0.0,0.0,bicep extend,bicep extend,0.9673,1
6941,18:35:12.583982,0.0,22.201000000000025,0.0,0.0,bicep extend,bicep extend,0.9387,1
6942,18:35:12.592238,0.0,21.977000000000015,0.0,0.0,bicep extend,bicep extend,0.858,1
6943,18:35:12.603601,0.0,24.144000000000013,0.0,0.0,bicep extend,bicep extend,0.9516,1
6944,18:35:12.612287,0.0,24.16200000000001,0.0,0.0,bicep extend,bicep extend,0.9516,1
6945,18:35:12.623768,0.0,24.16200000000001,0.0,0.0,bicep extend,bicep extend,0.9476,1
6946,18:35:12.630019,0.0,22.850000000000005,0.0,0.0,bicep extend,bicep extend,0.8685,1
6947,18:35:12.644516,0.0,20.52350000000001,0.0,0.0,bicep extend,bicep extend,0.8655,1
6948,18:35:12.657894,0.0,18.06150000000001,0.0,0.0,bicep extend,bicep extend,0.7228,1
6949,18:35:12.663318,0.0,18.518000000000008,0.0,0.0,bicep extend,bicep extend,0.9764,1
6950,18:35:12.675962,0.0,19.318500000000007,0.0,0.0,bicep extend,bicep extend,0.9549,1
6951,18:35:12.690283,0.0,21.184000000000005,0.0,0.0,bicep extend,bicep extend,0.9839,1
6952,18:35:12.698709,0.0,22.246500000000005,0.0,0.0,bicep extend,bicep extend,0.9884,1
6953,18:35:12.710549,0.0,22.015500000000003,0.0,0.0,bicep extend,bicep extend,0.983,1
6954,18:35:12.715471,0.0,20.80550000000001,0.0,0.0,bicep extend,bicep extend,0.9763,1
6955,18:35:12.730141,0.0,20.0465,0.0,0.0,bicep extend,bicep extend,0.9748,1
6956,18:35:12.742465,0.0,18.54200000000001,0.0,0.0,bicep extend,bicep extend,0.9831,1
6957,18:35:12.750839,0.0,19.361000000000008,0.0,0.0,bicep extend,bicep extend,0.9804,1
6958,18:35:12.763875,0.0,19.341,0.0,0.0,bicep extend,bicep extend,0.9836,1
6959,18:35:12.773716,0.0,19.668,0.0,0.0,bicep extend,bicep extend,0.9714,1
6960,18:35:12.780252,0.0,22.424,0.0,0.0,bicep extend,bicep extend,0.9409,1
6961,18:35:12.790467,0.0,23.601,0.0,0.0,bicep extend,bicep extend,0.9384,1
6962,18:35:12.804216,0.0,27.252999999999997,0.0,0.0,bicep extend,bicep extend,0.9634,1
6963,18:35:12.814625,0.0,28.946499999999997,0.0,0.0,bicep extend,bicep extend,0.9904,1
6964,18:35:12.824279,0.0,30.24799999999999,0.0,0.0,bicep extend,bicep extend,0.9411,1
6965,18:35:12.831453,0.0,30.3,0.0,0.0,bicep extend,bicep extend,0.9813,1
6966,18:35:12.845742,0.0,29.7735,0.0,0.0,bicep extend,bicep extend,0.9714,1
6967,18:35:12.858730,0.0,28.768500000000007,0.0,0.0,bicep extend,bicep extend,0.9749,1
6968,18:35:12.865990,0.0,30.631000000000007,0.0,0.0,bicep extend,bicep extend,0.9672,1
6969,18:35:12.878053,0.0,30.3245,0.0,0.0,bicep extend,bicep extend,0.9822,1
6970,18:35:12.890646,0.0,29.712,0.0,0.0,bicep extend,bicep extend,0.9216,1
6971,18:35:12.898704,0.0,28.672500000000003,0.0,0.0,bicep extend,bicep extend,0.9739,1
6972,18:35:12.909461,0.0,26.202500000000008,0.0,0.0,bicep extend,bicep extend,0.939,1
6973,18:35:12.918761,0.0,23.501000000000012,0.0,0.0,bicep extend,bicep extend,0.9701,1
6974,18:35:12.930452,0.0,21.341500000000018,0.0,0.0,bicep extend,bicep extend,0.9762,1
6975,18:35:12.944037,0.0,19.20700000000001,0.0,0.0,bicep extend,bicep extend,0.9349,1
6976,18:35:12.952254,0.0,20.199500000000008,0.0,0.0,bicep extend,bicep extend,0.8157,1
6977,18:35:12.959896,0.0,22.359,0.0,0.0,bicep extend,bicep extend,0.9409,1
6978,18:35:12.972355,0.0,22.7155,0.0,0.0,bicep extend,bicep extend,0.9409,1
6979,18:35:12.983851,0.0,24.773000000000003,0.0,0.0,bicep extend,bicep extend,0.8043,1
6980,18:35:12.995133,0.0,24.171,0.0,0.0,bicep extend,bicep extend,0.952,1
6981,18:35:13.006315,0.0,23.541499999999996,0.0,0.0,bicep extend,bicep extend,0.9719,1
6982,18:35:13.014925,0.0,21.857999999999993,0.0,0.0,bicep extend,bicep extend,0.9369,1
6983,18:35:13.023348,0.0,19.607499999999995,0.0,0.0,bicep extend,bicep extend,0.8251,1
6984,18:35:13.039035,0.0,18.251999999999992,0.0,0.0,bicep extend,bicep extend,0.6538,1
6985,18:35:13.045936,0.0,19.921999999999997,0.0,0.0,bicep extend,bicep extend,0.8966,1
6986,18:35:13.057940,0.0,20.054,0.0,0.0,bicep extend,bicep extend,0.8966,1
6987,18:35:13.062875,0.0,21.33300000000001,0.0,0.0,bicep extend,bicep extend,0.9762,1
6988,18:35:13.076444,0.0,22.166000000000007,0.0,0.0,bicep extend,bicep extend,0.9788,1
6989,18:35:13.092004,0.0,22.105000000000008,0.0,0.0,bicep extend,bicep extend,0.9884,1
6990,18:35:13.093487,0.0,21.55650000000001,0.0,0.0,bicep extend,bicep extend,0.9839,1
6991,18:35:13.112074,0.0,21.02350000000002,0.0,0.0,bicep extend,bicep extend,0.9785,1
6992,18:35:13.123892,0.0,19.70750000000002,0.0,0.0,bicep extend,bicep extend,0.9795,1
6993,18:35:13.129960,0.0,20.137000000000015,0.0,0.0,bicep extend,bicep extend,0.929,1
6994,18:35:13.143648,0.0,21.35450000000002,0.0,0.0,bicep extend,bicep extend,0.8497,1
6995,18:35:13.152820,0.0,20.98400000000001,0.0,0.0,bicep extend,bicep extend,0.8019,1
6996,18:35:13.163584,0.0,22.271500000000003,0.0,0.0,bicep extend,bicep extend,0.9533,1
6997,18:35:13.174910,0.0,21.443,0.0,0.0,bicep extend,bicep extend,0.8746,1
6998,18:35:13.186132,0.0,21.591,0.0,0.0,bicep extend,bicep extend,0.8312,1
6999,18:35:13.197588,0.0,20.6975,0.0,0.0,bicep extend,bicep extend,0.6871,1
7000,18:35:13.206286,0.0,19.15450000000001,0.0,0.0,bicep extend,bicep extend,0.7808,1
7001,18:35:13.212967,0.0,17.213500000000003,0.0,0.0,bicep extend,bicep extend,0.6668,1
7002,18:35:13.227430,0.0,18.020999999999997,0.0,0.0,bicep extend,bicep extend,0.9222,1
7003,18:35:13.239291,0.0,18.7935,0.0,0.0,bicep extend,bicep extend,0.9439,1
7004,18:35:13.246904,0.0,20.816000000000003,0.0,0.0,bicep extend,bicep extend,0.9682,1
7005,18:35:13.259989,0.0,22.23550000000001,0.0,0.0,bicep extend,bicep extend,0.9788,1
7006,18:35:13.272290,0.0,23.098500000000012,0.0,0.0,bicep extend,bicep extend,0.9725,1
7007,18:35:13.279924,0.0,23.00750000000001,0.0,0.0,bicep extend,bicep extend,0.9747,1
7008,18:35:13.291226,0.0,21.991000000000017,0.0,0.0,bicep extend,bicep extend,0.9816,1
7009,18:35:13.300766,0.0,20.172500000000017,0.0,0.0,bicep extend,bicep extend,0.9799,1
7010,18:35:13.309577,0.0,19.807500000000005,0.0,0.0,bicep extend,bicep extend,0.9714,1
7011,18:35:13.323759,0.0,20.547500000000003,0.0,0.0,bicep extend,bicep extend,0.9331,1
7012,18:35:13.330156,0.0,20.857500000000005,0.0,0.0,bicep extend,bicep extend,0.7189,1
7013,18:35:13.345869,0.0,22.759500000000003,0.0,0.0,bicep extend,bicep extend,0.9544,1
7014,18:35:13.348174,0.0,22.626500000000004,0.0,0.0,bicep extend,bicep extend,0.9544,1
7015,18:35:13.360948,0.0,23.73200000000001,0.0,0.0,bicep extend,bicep extend,0.9794,1
7016,18:35:13.375594,0.0,23.13250000000001,0.0,0.0,bicep extend,bicep extend,0.9495,1
7017,18:35:13.383741,0.0,22.216500000000018,0.0,0.0,bicep extend,bicep extend,0.9192,1
7018,18:35:13.396474,0.0,20.825000000000024,0.0,0.0,bicep extend,bicep extend,0.6871,1
7019,18:35:13.407015,0.0,19.964000000000016,0.0,0.0,bicep extend,bicep extend,0.753,1
7020,18:35:13.418245,0.0,19.578000000000017,0.0,0.0,bicep extend,bicep extend,0.8264,1
7021,18:35:13.425560,0.0,20.68900000000001,0.0,0.0,bicep extend,bicep extend,0.8019,1
7022,18:35:13.440533,0.0,20.49300000000001,0.0,0.0,bicep extend,bicep extend,0.9069,1
7023,18:35:13.451806,0.0,20.605500000000013,0.0,0.0,bicep extend,bicep extend,0.9761,1
7024,18:35:13.459556,0.0,20.53350000000001,0.0,0.0,bicep extend,bicep extend,0.973,1
7025,18:35:13.473866,0.0,19.573500000000006,0.0,0.0,bicep extend,bicep extend,0.984,1
7026,18:35:13.480447,0.0,18.01600000000001,0.0,0.0,bicep extend,bicep extend,0.9699,1
7027,18:35:13.493158,0.0,16.877500000000005,0.0,0.0,bicep extend,bicep extend,0.9647,1
7028,18:35:13.498449,0.0,16.210500000000003,0.0,0.0,bicep extend,bicep extend,0.9085,1
7029,18:35:13.510717,0.0,18.13750000000001,0.0,0.0,bicep extend,bicep extend,0.6612,1
7030,18:35:13.523710,0.0,21.958500000000026,0.0,0.0,bicep extend,bicep extend,0.9369,1
7031,18:35:13.533795,0.0,23.84650000000003,0.0,0.0,bicep extend,bicep extend,0.9794,1
7032,18:35:13.543969,0.0,27.857500000000037,0.0,0.0,bicep extend,bicep extend,0.9332,1
7033,18:35:13.553422,0.0,28.82650000000005,0.0,0.0,bicep extend,bicep extend,0.9779,1
7034,18:35:13.559867,0.0,27.94950000000004,0.0,0.0,bicep extend,bicep extend,0.9719,1
7035,18:35:13.578841,0.0,25.99750000000004,0.0,0.0,bicep extend,bicep extend,0.9186,1
7036,18:35:13.581711,0.0,24.74750000000003,0.0,0.0,bicep extend,bicep extend,0.8043,1
7037,18:35:13.597203,0.0,24.715000000000025,0.0,0.0,bicep extend,bicep extend,0.7942,1
7038,18:35:13.606769,0.0,26.905500000000025,0.0,0.0,bicep extend,bicep extend,0.9676,1
7039,18:35:13.614037,0.0,27.051000000000016,0.0,0.0,bicep extend,bicep extend,0.9676,1
7040,18:35:13.631981,0.0,26.947000000000013,0.0,0.0,bicep extend,bicep extend,0.948,1
7041,18:35:13.641161,0.0,26.40250000000001,0.0,0.0,bicep extend,bicep extend,0.9733,1
7042,18:35:13.652789,0.0,24.664500000000007,0.0,0.0,bicep extend,bicep extend,0.9646,1
7043,18:35:13.659805,0.0,22.92400000000001,0.0,0.0,bicep extend,bicep extend,0.9538,1
7044,18:35:13.673765,0.0,22.53300000000001,0.0,0.0,bicep extend,bicep extend,0.9785,1
7045,18:35:13.679947,0.0,21.82000000000001,0.0,0.0,bicep extend,bicep extend,0.9714,1
7046,18:35:13.693638,0.0,22.840000000000018,0.0,0.0,bicep extend,bicep extend,0.8881,1
7047,18:35:13.704921,0.0,25.727000000000015,0.0,0.0,bicep extend,bicep extend,0.9592,1
7048,18:37:55.107298,0.0,24.586000000000013,0.0,0.0,roll,bicep extend,0.6878,0
7049,18:37:55.118051,0.0,25.609000000000016,0.0,0.0,roll,bicep extend,0.5521,0
7050,18:37:55.126195,0.0,24.712500000000016,0.0,0.0,roll,bicep extend,0.7704,0
7051,18:37:55.141726,0.0,25.276000000000018,0.0,0.0,roll,roll,0.7001,1
7052,18:37:55.147152,0.0,25.254500000000014,0.0,0.0,roll,roll,0.7347,1
7053,18:37:55.158947,0.0,27.25050000000001,0.0,0.0,roll,roll,0.7695,1
7054,18:37:55.166792,0.0,31.62900000000001,0.0,0.0,roll,roll,0.9649,1
7055,18:37:55.177800,0.0,37.72950000000001,0.0,0.0,roll,roll,0.9995,1
7056,18:37:55.191385,0.0,42.22200000000001,0.0,0.0,roll,roll,0.9985,1
7057,18:37:55.198672,0.0,43.36850000000002,0.0,0.0,roll,roll,0.9985,1
7058,18:37:55.211509,0.0,46.22150000000001,0.0,0.0,roll,roll,0.9997,1
7059,18:37:55.219181,0.0,44.16200000000002,0.0,0.0,roll,roll,0.9997,1
7060,18:37:55.232055,0.0,41.78250000000001,0.0,0.0,roll,roll,0.9984,1
7061,18:37:55.244340,0.0,39.52450000000001,0.0,0.0,roll,roll,0.9956,1
7062,18:37:55.253511,0.0,36.47500000000001,0.0,0.0,roll,roll,0.9775,1
7063,18:37:55.263077,0.0,32.89800000000001,0.0,0.0,roll,roll,0.8429,1
7064,18:37:55.276485,0.0,27.33850000000002,0.0,0.0,roll,roll,0.9876,1
7065,18:37:55.283403,0.0,22.20700000000002,0.0,0.0,roll,roll,0.9878,1
7066,18:37:55.294149,0.0,16.314000000000018,0.0,0.0,roll,roll,0.9804,1
7067,18:37:55.307135,0.0,12.122500000000011,0.0,0.0,roll,roll,0.8026,1
7068,18:37:55.317953,0.0,8.736500000000012,0.0,0.0,roll,roll,0.9955,1
7069,18:37:55.327901,0.0,9.216000000000014,0.0,0.0,roll,roll,0.9959,1
7070,18:37:55.339620,0.0,10.671500000000018,0.0,0.0,roll,roll,0.9993,1
7071,18:37:55.346531,0.0,11.357500000000012,0.0,0.0,roll,roll,0.9992,1
7072,18:37:55.359895,0.0,12.278500000000014,0.0,0.0,roll,roll,0.9995,1
7073,18:37:55.371190,0.0,11.689000000000012,0.0,0.0,roll,roll,0.9996,1
7074,18:37:55.379377,0.0,11.71450000000001,0.0,0.0,roll,roll,0.9996,1
7075,18:37:55.392801,0.0,10.55800000000001,0.0,0.0,roll,roll,0.9996,1
7076,18:37:55.399914,0.0,12.297000000000006,0.0,0.0,roll,roll,0.9102,1
7077,18:37:55.413113,0.0,13.468500000000006,0.0,0.0,roll,roll,0.7689,1
7078,18:37:55.420525,0.0,15.725000000000003,0.0,0.0,roll,roll,0.9842,1
7079,18:37:55.432537,0.0,16.324000000000005,0.0,0.0,roll,roll,0.9941,1
7080,18:37:55.444695,0.0,16.683500000000006,0.0,0.0,roll,roll,0.9074,1
7081,18:37:55.448309,0.0,16.38750000000001,0.0,0.0,roll,roll,0.9222,1
7082,18:37:55.467108,0.0,15.564000000000007,0.0,0.0,roll,roll,0.8417,1
7083,18:37:55.474506,0.0,15.356500000000006,0.0,0.0,roll,roll,0.9896,1
7084,18:37:55.484913,0.0,15.943000000000008,0.0,0.0,roll,roll,0.9996,1
7085,18:37:55.497990,0.0,18.18200000000001,0.0,0.0,roll,roll,0.9997,1
7086,18:37:55.507263,0.0,19.36500000000001,0.0,0.0,roll,roll,0.9996,1
7087,18:37:55.515550,0.0,20.924000000000007,0.0,0.0,roll,roll,0.9997,1
7088,18:37:55.526989,0.0,19.277500000000007,0.0,0.0,roll,roll,0.9997,1
7089,18:37:55.540957,0.0,17.198000000000004,0.0,0.0,roll,roll,0.9837,1
7090,18:37:55.544166,0.0,15.764000000000005,0.0,0.0,roll,roll,0.9896,1
7091,18:37:55.560300,0.0,16.934000000000005,0.0,0.0,roll,roll,0.9114,1
7092,18:37:55.573895,0.0,19.53550000000001,0.0,0.0,roll,roll,0.6285,1
7093,18:37:55.580045,0.0,24.960500000000003,0.0,0.0,roll,roll,0.6552,1
7094,18:37:55.593737,0.0,29.244000000000007,0.0,0.0,roll,roll,0.6982,1
7095,18:37:55.598542,0.0,32.63850000000001,0.0,0.0,roll,roll,0.7978,1
7096,18:37:55.614023,0.0,34.28000000000001,0.0,0.0,roll,roll,0.9146,1
7097,18:37:55.621773,0.0,36.3,0.0,0.0,roll,roll,0.9309,1
7098,18:37:55.633862,0.0,40.3575,0.0,0.0,roll,roll,0.9677,1
7099,18:37:55.645625,0.0,45.84400000000001,0.0,0.0,roll,roll,0.9172,1
7100,18:37:55.654980,0.0,50.86950000000001,0.0,0.0,roll,roll,0.9699,1
7101,18:37:55.667224,0.0,53.84600000000002,0.0,0.0,roll,roll,0.9114,1
7102,18:37:55.676235,0.0,55.74200000000002,0.0,0.0,roll,roll,0.9154,1
7103,18:37:55.684691,0.0,55.04450000000001,0.0,0.0,roll,roll,0.9255,1
7104,18:37:55.699181,0.0,54.132500000000014,0.0,0.0,roll,roll,0.9662,1
7105,18:37:55.707275,0.0,52.42050000000002,0.0,0.0,roll,roll,0.8989,1
7106,18:37:55.719207,0.0,51.54250000000002,0.0,0.0,roll,roll,0.9581,1
7107,18:37:55.728669,0.0,49.85950000000002,0.0,0.0,roll,roll,0.9785,1
7108,18:37:55.741420,0.0,47.47800000000002,0.0,0.0,roll,roll,0.8811,1
7109,18:37:55.751420,0.0,44.45200000000003,0.0,0.0,roll,roll,0.925,1
7110,18:37:55.759768,0.0,40.86000000000003,0.0,0.0,roll,roll,0.893,1
7111,18:37:55.774557,0.0,36.76300000000002,0.0,0.0,roll,roll,0.9455,1
7112,18:37:55.781391,0.0,32.99750000000002,0.0,0.0,roll,roll,0.9458,1
7113,18:37:55.794565,0.0,29.521000000000026,0.0,0.0,roll,bicep extend,0.51,0
7114,18:37:55.797466,0.0,26.338500000000028,0.0,0.0,roll,roll,0.8829,1
7115,18:37:55.813432,0.0,23.395500000000027,0.0,0.0,roll,roll,0.8169,1
7116,18:37:55.847727,0.0,20.696000000000023,0.0,0.0,roll,roll,0.892,1
7117,18:37:55.886392,0.0,18.216500000000025,0.0,0.0,roll,roll,0.8373,1
7118,18:37:55.892186,0.0,15.936500000000011,0.0,0.0,roll,roll,0.8864,1
7119,18:37:55.892186,0.0,13.826000000000004,0.0,0.0,roll,roll,0.9123,1
7120,18:37:55.892186,0.0,11.900500000000005,0.0,0.0,roll,roll,0.918,1
7121,18:37:55.892186,0.0,10.121500000000008,0.0,0.0,roll,bicep extend,0.5967,0
7122,18:37:55.892186,0.0,8.48950000000001,0.0,0.0,roll,roll,0.8747,1
7123,18:37:55.894694,0.0,6.999500000000012,0.0,0.0,roll,roll,0.9427,1
7124,18:37:55.907467,0.0,5.629000000000008,0.0,0.0,roll,roll,0.987,1
7125,18:37:55.913281,0.0,4.432000000000011,0.0,0.0,roll,roll,0.9811,1
7126,18:37:55.929363,0.0,3.4625000000000057,0.0,0.0,roll,roll,0.9811,1
7127,18:37:55.941039,0.0,2.7135000000000047,0.0,0.0,roll,roll,0.9841,1
7128,18:37:55.947865,0.0,2.1875000000000115,0.0,0.0,roll,roll,0.9835,1
7129,18:37:55.961449,0.0,1.888000000000011,0.0,0.0,roll,roll,0.9932,1
7130,18:37:55.974655,0.0,1.7750000000000057,0.0,0.0,roll,roll,0.9919,1
7131,18:37:55.979889,0.0,1.8245000000000064,0.0,0.0,roll,roll,0.9832,1
7132,18:37:55.994028,0.0,2.1990000000000007,0.0,0.0,roll,roll,0.9614,1
7133,18:37:56.007357,0.0,2.6924999999999955,0.0,0.0,roll,roll,0.9603,1
7134,18:37:56.015416,0.0,3.5660000000000025,0.0,0.0,roll,roll,0.9529,1
7135,18:37:56.026365,0.0,4.433000000000004,0.0,0.0,roll,roll,0.9088,1
7136,18:37:56.035369,0.0,5.412000000000006,0.0,0.0,roll,roll,0.8606,1
7137,18:37:56.048252,0.0,6.174000000000012,0.0,0.0,roll,roll,0.7,1
7138,18:37:56.057164,0.0,8.97750000000001,0.0,0.0,roll,bicep extend,0.6062,0
7139,18:37:56.067909,0.0,11.337000000000012,0.0,0.0,roll,roll,0.5157,1
7140,18:37:56.080327,0.0,13.315000000000015,0.0,0.0,roll,roll,0.7992,1
7141,18:37:56.089356,0.0,14.978000000000009,0.0,0.0,roll,roll,0.9462,1
7142,18:37:56.100688,0.0,15.359000000000009,0.0,0.0,roll,roll,0.9064,1
7143,18:37:56.108728,0.0,14.750000000000004,0.0,0.0,roll,roll,0.9672,1
7144,18:37:56.122038,0.0,13.866499999999997,0.0,0.0,roll,roll,0.8914,1
7145,18:37:56.133859,0.0,13.02249999999999,0.0,0.0,roll,roll,0.87,1
7146,18:37:56.142315,0.0,12.005499999999987,0.0,0.0,roll,roll,0.8862,1
7147,18:37:56.154403,0.0,11.124499999999983,0.0,0.0,roll,roll,0.9304,1
7148,18:37:56.163024,0.0,8.161999999999988,0.0,0.0,roll,roll,0.8829,1
7149,18:37:56.174191,0.0,5.546499999999997,0.0,0.0,roll,roll,0.7647,1
7150,18:37:56.182775,0.0,3.2770000000000037,0.0,0.0,roll,roll,0.9615,1
7151,18:37:56.194813,0.0,1.2605000000000133,0.0,0.0,roll,roll,0.9967,1
7152,18:37:56.208612,0.0,0.3410000000000195,0.0,0.0,roll,roll,0.994,1
7153,18:37:56.215919,0.0,0.3500000000000227,0.0,0.0,roll,roll,0.994,1
7154,18:37:56.226480,0.0,0.3715000000000259,0.0,0.0,roll,roll,0.9965,1
7155,18:37:56.235257,0.0,0.7765000000000327,0.0,0.0,roll,roll,0.9964,1
7156,18:37:56.244988,0.0,1.1860000000000357,0.0,0.0,roll,roll,0.9964,1
7157,18:37:56.259981,0.0,1.6290000000000362,0.0,0.0,roll,roll,0.9964,1
7158,18:37:56.262504,0.0,2.050000000000034,0.0,0.0,roll,roll,0.9959,1
7159,18:37:56.280112,0.0,2.3375000000000226,0.0,0.0,roll,roll,0.9961,1
7160,18:37:56.290657,0.0,2.4500000000000113,0.0,0.0,roll,roll,0.9961,1
7161,18:37:56.298705,0.0,2.6290000000000022,0.0,0.0,roll,roll,0.9966,1
7162,18:37:56.309215,0.0,2.830000000000001,0.0,0.0,roll,roll,0.9965,1
7163,18:37:56.321443,0.0,3.1135000000000046,0.0,0.0,roll,roll,0.9831,1
7164,18:37:56.334353,0.0,4.385500000000002,0.0,0.0,roll,roll,0.9954,1
7165,18:37:56.342464,0.0,5.227499999999997,0.0,0.0,roll,roll,0.8594,1
7166,18:37:56.353461,0.0,5.6995000000000005,0.0,0.0,roll,roll,0.6953,1
7167,18:37:56.362647,0.0,6.112,0.0,0.0,roll,roll,0.5131,1
7168,18:37:56.374540,0.0,5.918000000000001,0.0,0.0,roll,roll,0.6223,1
7169,18:37:56.385564,0.0,5.6330000000000044,0.0,0.0,roll,roll,0.8361,1
7170,18:37:56.394596,0.0,5.700000000000012,0.0,0.0,roll,roll,0.6725,1
7171,18:37:56.408236,0.0,5.644500000000017,0.0,0.0,roll,roll,0.7716,1
7172,18:37:56.415255,0.0,5.843000000000012,0.0,0.0,roll,roll,0.972,1
7173,18:37:56.429121,0.0,5.89600000000001,0.0,0.0,roll,roll,0.972,1
7174,18:37:56.440985,0.0,4.956000000000012,0.0,0.0,roll,roll,0.9839,1
7175,18:37:56.449584,0.0,4.101500000000016,0.0,0.0,roll,roll,0.9954,1
7176,18:37:56.460383,0.0,3.4865000000000124,0.0,0.0,roll,roll,0.9954,1
7177,18:37:56.466899,0.0,2.8090000000000144,0.0,0.0,roll,roll,0.9992,1
7178,18:37:56.481977,0.0,2.7675000000000125,0.0,0.0,roll,roll,0.9992,1
7179,18:37:56.491192,0.0,3.0155000000000087,0.0,0.0,roll,roll,0.9971,1
7180,18:37:56.501194,0.0,3.097000000000002,0.0,0.0,roll,roll,0.9971,1
7181,18:37:56.514273,0.0,3.3329999999999984,0.0,0.0,roll,roll,0.9971,1
7182,18:37:56.522255,0.0,3.2920000000000074,0.0,0.0,roll,roll,0.9971,1
7183,18:37:56.532990,0.0,2.9930000000000065,0.0,0.0,roll,roll,0.9989,1
7184,18:37:56.542330,0.0,2.616500000000008,0.0,0.0,roll,roll,0.9992,1
7185,18:37:56.556095,0.0,2.634000000000003,0.0,0.0,roll,roll,0.9964,1
7186,18:37:56.567678,0.0,2.642500000000001,0.0,0.0,roll,roll,0.9987,1
7187,18:37:56.575912,0.0,3.1925000000000012,0.0,0.0,roll,roll,0.9863,1
7188,18:37:56.583135,0.0,3.477999999999997,0.0,0.0,roll,roll,0.9866,1
7189,18:37:56.593543,0.0,3.9485000000000015,0.0,0.0,roll,roll,0.9868,1
7190,18:37:56.607526,0.0,4.020000000000005,0.0,0.0,roll,roll,0.9868,1
7191,18:37:56.616597,0.0,5.331000000000012,0.0,0.0,roll,roll,0.9815,1
7192,18:37:56.629896,0.0,6.6360000000000126,0.0,0.0,roll,roll,0.5195,1
7193,18:37:56.642200,0.0,8.337000000000018,0.0,0.0,roll,roll,0.5996,1
7194,18:37:56.648066,0.0,10.136500000000018,0.0,0.0,roll,roll,0.5679,1
7195,18:37:56.661115,0.0,10.67850000000002,0.0,0.0,roll,bicep extend,0.9164,0
7196,18:37:56.663586,0.0,12.612000000000018,0.0,0.0,roll,bicep extend,0.8407,0
7197,18:37:56.682855,0.0,13.98250000000002,0.0,0.0,roll,bicep extend,0.7756,0
7198,18:37:56.695159,0.0,14.73550000000003,0.0,0.0,roll,bicep extend,0.6249,0
7199,18:37:56.697106,0.0,15.164000000000026,0.0,0.0,roll,bicep extend,0.5686,0
7200,18:37:56.715700,0.0,14.978000000000026,0.0,0.0,roll,bicep extend,0.5505,0
7201,18:37:56.724942,0.0,13.27800000000002,0.0,0.0,roll,bicep extend,0.8805,0
7202,18:37:56.733686,0.0,12.214000000000016,0.0,0.0,roll,bicep extend,0.7785,0
7203,18:37:56.741004,0.0,11.043000000000012,0.0,0.0,roll,bicep extend,0.656,0
7204,18:37:56.757391,0.0,10.448000000000013,0.0,0.0,roll,roll,0.615,1
7205,18:37:56.767041,0.0,10.565500000000014,0.0,0.0,roll,roll,0.5819,1
7206,18:37:56.776715,0.0,9.71150000000002,0.0,0.0,roll,bicep extend,0.7033,0
7207,18:37:56.791488,0.0,8.516000000000014,0.0,0.0,roll,bicep extend,0.6615,0
7208,18:37:56.797709,0.0,8.435000000000008,0.0,0.0,roll,bicep extend,0.8164,0
7209,18:37:56.807868,0.0,7.996500000000009,0.0,0.0,roll,bicep extend,0.5835,0
7210,18:37:56.815623,0.0,8.76500000000001,0.0,0.0,roll,bicep extend,0.7441,0
7211,18:37:56.830286,0.0,9.942500000000011,0.0,0.0,roll,bicep extend,0.7695,0
7212,18:37:56.842278,0.0,10.478000000000014,0.0,0.0,roll,roll,0.5837,1
7213,18:37:56.850790,0.0,10.45450000000002,0.0,0.0,roll,roll,0.6303,1
7214,18:37:56.859920,0.0,9.815000000000015,0.0,0.0,roll,bicep extend,0.6888,0
7215,18:37:56.869192,0.0,8.81250000000001,0.0,0.0,roll,bicep extend,0.6991,0
7216,18:37:56.880122,0.0,7.477500000000009,0.0,0.0,roll,bicep extend,0.6825,0
7217,18:37:56.896027,0.0,7.072000000000014,0.0,0.0,roll,bicep extend,0.5683,0
7218,18:37:56.903524,0.0,6.255500000000024,0.0,0.0,roll,roll,0.8392,1
7219,18:37:56.916419,0.0,6.406000000000029,0.0,0.0,roll,roll,0.6769,1
7220,18:37:56.924734,0.0,6.158500000000037,0.0,0.0,roll,roll,0.8281,1
7221,18:37:56.930234,0.0,5.969500000000034,0.0,0.0,roll,roll,0.6465,1
7222,18:37:56.948750,0.0,5.352500000000032,0.0,0.0,roll,roll,0.968,1
7223,18:37:56.957053,0.0,5.640000000000026,0.0,0.0,roll,roll,0.8361,1
7224,18:37:56.969977,0.0,5.519500000000027,0.0,0.0,roll,bicep extend,0.6436,0
7225,18:37:56.976504,0.0,6.155500000000029,0.0,0.0,roll,bicep extend,0.6469,0
7226,18:37:56.990137,0.0,6.899000000000035,0.0,0.0,roll,bicep extend,0.6725,0
7227,18:37:56.998387,0.0,7.412500000000028,0.0,0.0,roll,bicep extend,0.5986,0
7228,18:37:57.007647,0.0,8.226000000000017,0.0,0.0,roll,bicep extend,0.5147,0
7229,18:37:57.024132,0.0,8.550000000000011,0.0,0.0,roll,roll,0.8747,1
7230,18:37:57.030851,0.0,9.043000000000006,0.0,0.0,roll,roll,0.7587,1
7231,18:37:57.043409,0.0,8.73950000000001,0.0,0.0,roll,roll,0.8961,1
7232,18:37:57.046936,0.0,8.746500000000008,0.0,0.0,roll,roll,0.883,1
7233,18:37:57.059108,0.0,7.992000000000013,0.0,0.0,roll,roll,0.9111,1
7234,18:37:57.074613,0.0,7.758500000000015,0.0,0.0,roll,roll,0.8711,1
7235,18:37:57.081290,0.0,7.0285000000000135,0.0,0.0,roll,roll,0.871,1
7236,18:37:57.095016,0.0,6.440000000000009,0.0,0.0,roll,roll,0.8782,1
7237,18:37:57.102875,0.0,5.453500000000008,0.0,0.0,roll,roll,0.7369,1
7238,18:37:57.116573,0.0,4.362500000000011,0.0,0.0,roll,roll,0.9665,1
7239,18:37:57.124070,0.0,3.2715000000000147,0.0,0.0,roll,roll,0.9704,1
7240,18:37:57.135744,0.0,2.1540000000000132,0.0,0.0,roll,roll,0.9954,1
7241,18:37:57.149197,0.0,2.169500000000011,0.0,0.0,roll,roll,0.9963,1
7242,18:37:57.157065,0.0,1.9215000000000089,0.0,0.0,roll,roll,0.9966,1
7243,18:37:57.169681,0.0,1.9465000000000088,0.0,0.0,roll,roll,0.9963,1
7244,18:37:57.178087,0.0,1.7815000000000054,0.0,0.0,roll,roll,0.9967,1
7245,18:37:57.190539,0.0,1.9590000000000032,0.0,0.0,roll,roll,0.9972,1
7246,18:37:57.203475,0.0,2.069,0.0,0.0,roll,roll,0.9753,1
7247,18:37:57.210283,0.0,2.3460000000000036,0.0,0.0,roll,roll,0.9763,1
7248,18:37:57.224299,0.0,2.6295000000000073,0.0,0.0,roll,roll,0.8601,1
7249,18:37:57.232155,0.0,2.868500000000006,0.0,0.0,roll,roll,0.8565,1
7250,18:37:57.242918,0.0,2.9305000000000065,0.0,0.0,roll,roll,0.8649,1
7251,18:37:57.256011,0.0,2.3385000000000105,0.0,0.0,roll,roll,0.86,1
7252,18:37:57.264380,0.0,2.028500000000014,0.0,0.0,roll,roll,0.9753,1
7253,18:37:57.274668,0.0,1.9015000000000155,0.0,0.0,roll,roll,0.9904,1
7254,18:37:57.283915,0.0,1.961500000000018,0.0,0.0,roll,roll,0.9904,1
7255,18:37:57.295310,0.0,1.8200000000000216,0.0,0.0,roll,roll,0.9902,1
7256,18:37:57.305972,0.0,4.6205000000000265,0.0,0.0,roll,roll,0.99,1
7257,18:37:57.317396,0.0,7.108500000000026,0.0,0.0,roll,bicep extend,0.5836,0
7258,18:37:57.328529,0.0,9.244500000000022,0.0,0.0,roll,bicep extend,0.676,0
7259,18:37:57.336132,0.0,11.138500000000022,0.0,0.0,roll,bicep extend,0.5565,0
7260,18:37:57.346443,0.0,12.000500000000017,0.0,0.0,roll,bicep extend,0.7118,0
7261,18:37:57.357601,0.0,11.963000000000012,0.0,0.0,roll,bicep extend,0.5398,0
7262,18:37:57.369898,0.0,12.137500000000006,0.0,0.0,roll,bicep extend,0.5431,0
7263,18:37:57.381543,0.0,12.438999999999998,0.0,0.0,roll,roll,0.5432,1
7264,18:37:57.391268,0.0,12.704499999999996,0.0,0.0,roll,roll,0.5544,1
7265,18:37:57.397272,0.0,13.093999999999994,0.0,0.0,roll,roll,0.5544,1
7266,18:37:57.412106,0.0,10.310999999999996,0.0,0.0,roll,bicep extend,0.6724,0
7267,18:37:57.424129,0.0,7.746999999999997,0.0,0.0,roll,bicep extend,0.906,0
7268,18:37:57.432526,0.0,5.383500000000003,0.0,0.0,roll,roll,0.6979,1
7269,18:37:57.440701,0.0,3.1930000000000005,0.0,0.0,roll,roll,0.9867,1
7270,18:37:57.457451,0.0,2.171000000000004,0.0,0.0,roll,roll,0.9962,1
7271,18:37:57.465615,0.0,2.1285000000000083,0.0,0.0,roll,roll,0.9962,1
7272,18:37:57.476689,0.0,2.006000000000012,0.0,0.0,roll,roll,0.9966,1
7273,18:37:57.483543,0.0,1.856500000000017,0.0,0.0,roll,roll,0.9966,1
7274,18:37:57.495026,0.0,1.6970000000000198,0.0,0.0,roll,roll,0.9964,1
7275,18:37:57.510058,0.0,1.557000000000022,0.0,0.0,roll,roll,0.9964,1
7276,18:37:57.514958,0.0,1.5720000000000198,0.0,0.0,roll,roll,0.9964,1
7277,18:37:57.530843,0.0,1.7305000000000177,0.0,0.0,roll,roll,0.9985,1
7278,18:37:57.539423,0.0,2.0115000000000065,0.0,0.0,roll,roll,0.9986,1
7279,18:37:57.547917,0.0,2.405000000000007,0.0,0.0,roll,roll,0.9987,1
7280,18:37:57.557664,0.0,2.8860000000000072,0.0,0.0,roll,roll,0.9992,1
7281,18:37:57.567652,0.0,3.359000000000003,0.0,0.0,roll,roll,0.9972,1
7282,18:37:57.580201,0.0,3.798000000000008,0.0,0.0,roll,roll,0.9971,1
7283,18:37:57.591002,0.0,4.1870000000000065,0.0,0.0,roll,roll,0.9971,1
7284,18:37:57.602044,0.0,4.522500000000003,0.0,0.0,roll,roll,0.9918,1
7285,18:37:57.612333,0.0,4.799500000000006,0.0,0.0,roll,roll,0.99,1
7286,18:37:57.624389,0.0,5.048000000000007,0.0,0.0,roll,roll,0.8835,1
7287,18:37:57.637595,0.0,5.268500000000006,0.0,0.0,roll,roll,0.984,1
7288,18:37:57.644227,0.0,4.874000000000012,0.0,0.0,roll,roll,0.9903,1
7289,18:37:57.657480,0.0,4.4795000000000185,0.0,0.0,roll,roll,0.9918,1
7290,18:37:57.666369,0.0,4.516500000000019,0.0,0.0,roll,roll,0.9864,1
7291,18:37:57.677774,0.0,5.032500000000022,0.0,0.0,roll,roll,0.9364,1
7292,18:37:57.685041,0.0,5.301500000000016,0.0,0.0,roll,roll,0.9735,1
7293,18:37:57.695320,0.0,5.302000000000021,0.0,0.0,roll,roll,0.9735,1
7294,18:37:57.711204,0.0,4.861000000000024,0.0,0.0,roll,roll,0.9907,1
7295,18:37:57.716693,0.0,4.400500000000022,0.0,0.0,roll,roll,0.9971,1
7296,18:37:57.731530,0.0,4.13400000000002,0.0,0.0,roll,roll,0.9971,1
7297,18:37:57.739100,0.0,4.065500000000026,0.0,0.0,roll,roll,0.9969,1
7298,18:37:57.747381,0.0,4.782000000000028,0.0,0.0,roll,roll,0.99,1
7299,18:37:57.760934,0.0,5.677000000000026,0.0,0.0,roll,roll,0.9923,1
7300,18:37:57.773244,0.0,6.096000000000027,0.0,0.0,roll,roll,0.9778,1
7301,18:37:57.782754,0.0,5.9865000000000235,0.0,0.0,roll,roll,0.9769,1
7302,18:37:57.793108,0.0,6.095000000000022,0.0,0.0,roll,roll,0.9787,1
7303,18:37:57.807859,0.0,6.4425000000000185,0.0,0.0,roll,roll,0.811,1
7304,18:37:57.813296,0.0,7.196000000000021,0.0,0.0,roll,bicep extend,0.5615,0
7305,18:37:57.823897,0.0,7.944000000000022,0.0,0.0,roll,roll,0.6159,1
7306,18:37:57.837981,0.0,8.463000000000022,0.0,0.0,roll,bicep extend,0.5357,0
7307,18:37:57.846446,0.0,8.752000000000015,0.0,0.0,roll,roll,0.5575,1
7308,18:37:57.857467,0.0,8.828500000000014,0.0,0.0,roll,bicep extend,0.7587,0
7309,18:37:57.863692,0.0,8.691000000000008,0.0,0.0,roll,roll,0.5741,1
7310,18:37:57.879276,0.0,8.571000000000009,0.0,0.0,roll,roll,0.5327,1
7311,18:37:57.890892,0.0,8.473500000000007,0.0,0.0,roll,roll,0.6183,1
7312,18:37:57.899027,0.0,8.384500000000008,0.0,0.0,roll,roll,0.6337,1
7313,18:37:57.908552,0.0,8.295500000000004,0.0,0.0,roll,roll,0.6926,1
7314,18:37:57.920022,0.0,8.222500000000002,0.0,0.0,roll,roll,0.6687,1
7315,18:37:57.930201,0.0,8.155999999999995,0.0,0.0,roll,roll,0.5677,1
7316,18:37:57.940530,0.0,8.095499999999998,0.0,0.0,roll,roll,0.7306,1
7317,18:37:57.946665,0.0,8.049500000000005,0.0,0.0,roll,roll,0.7306,1
7318,18:37:57.964666,0.0,8.004500000000007,0.0,0.0,roll,roll,0.7357,1
7319,18:37:57.974030,0.0,7.960500000000013,0.0,0.0,roll,roll,0.7202,1
7320,18:37:57.984802,0.0,7.908000000000016,0.0,0.0,roll,roll,0.7017,1
7321,18:37:57.993100,0.0,7.842000000000018,0.0,0.0,roll,roll,0.7017,1
7322,18:37:58.006761,0.0,7.775000000000017,0.0,0.0,roll,roll,0.664,1
7323,18:37:58.016666,0.0,7.713500000000022,0.0,0.0,roll,bicep extend,0.6657,0
7324,18:37:58.026317,0.0,7.650000000000017,0.0,0.0,roll,bicep extend,0.7509,0
7325,18:37:58.038577,0.0,7.593000000000018,0.0,0.0,roll,roll,0.6142,1
7326,18:37:58.047182,0.0,7.541500000000013,0.0,0.0,roll,roll,0.5078,1
7327,18:37:58.058194,0.0,7.487500000000006,0.0,0.0,roll,roll,0.6085,1
7328,18:37:58.067617,0.0,7.431500000000005,0.0,0.0,roll,roll,0.6085,1
7329,18:37:58.079651,0.0,7.369000000000005,0.0,0.0,roll,roll,0.5607,1
7330,18:37:58.090322,0.0,7.309000000000003,0.0,0.0,roll,bicep extend,0.5232,0
7331,18:37:58.097684,0.0,7.2580000000000044,0.0,0.0,roll,roll,0.5728,1
7332,18:37:58.111072,0.0,7.209000000000008,0.0,0.0,roll,roll,0.5728,1
7333,18:37:58.115376,0.0,7.166000000000002,0.0,0.0,roll,roll,0.6176,1
7334,18:37:58.132643,0.0,7.128000000000009,0.0,0.0,roll,roll,0.6176,1
7335,18:37:58.144230,0.0,7.086500000000006,0.0,0.0,roll,roll,0.5787,1
7336,18:37:58.149877,0.0,7.041500000000008,0.0,0.0,roll,roll,0.6165,1
7337,18:37:58.165858,0.0,6.996500000000009,0.0,0.0,roll,roll,0.6433,1
7338,18:37:58.174064,0.0,6.951500000000005,0.0,0.0,roll,bicep extend,0.5186,0
7339,18:37:58.186006,0.0,6.916500000000002,0.0,0.0,roll,roll,0.5406,1
7340,18:37:58.190788,0.0,6.881500000000005,0.0,0.0,roll,roll,0.6294,1
7341,18:37:58.208887,0.0,6.847500000000008,0.0,0.0,roll,roll,0.6294,1
7342,18:37:58.218468,0.0,6.813500000000005,0.0,0.0,roll,bicep extend,0.5008,0
7343,18:37:58.227076,0.0,6.775500000000011,0.0,0.0,roll,roll,0.5532,1
7344,18:37:58.233924,0.0,6.733500000000009,0.0,0.0,roll,roll,0.5532,1
7345,18:37:58.245841,0.0,6.693000000000012,0.0,0.0,roll,roll,0.5537,1
7346,18:37:58.260219,0.0,6.653000000000015,0.0,0.0,roll,roll,0.5537,1
7347,18:37:58.273575,0.0,6.614500000000016,0.0,0.0,roll,roll,0.7031,1
7348,18:37:58.280148,0.0,6.585000000000013,0.0,0.0,roll,roll,0.7031,1
7349,18:37:58.292569,0.0,6.554000000000014,0.0,0.0,roll,bicep extend,0.5731,0
7350,18:37:58.298789,0.0,6.523500000000007,0.0,0.0,roll,bicep extend,0.5732,0
7351,18:37:58.309342,0.0,6.492500000000007,0.0,0.0,roll,bicep extend,0.541,0
7352,18:37:58.320603,0.0,6.45750000000001,0.0,0.0,roll,roll,0.5901,1
7353,18:37:58.333536,0.0,6.419500000000011,0.0,0.0,roll,roll,0.6673,1
7354,18:37:58.344319,0.0,6.38250000000001,0.0,0.0,roll,roll,0.676,1
7355,18:37:58.350999,0.0,6.345000000000016,0.0,0.0,roll,roll,0.7023,1
7356,18:37:58.366838,0.0,6.309000000000009,0.0,0.0,roll,roll,0.7539,1
7357,18:37:58.375105,0.0,6.273000000000008,0.0,0.0,roll,roll,0.7539,1
7358,18:37:58.383484,0.0,6.229000000000013,0.0,0.0,roll,roll,0.7593,1
7359,18:37:58.394293,0.0,6.1875000000000115,0.0,0.0,roll,roll,0.7593,1
7360,18:37:58.406798,0.0,6.1470000000000145,0.0,0.0,roll,bicep extend,0.8516,0
7361,18:37:58.411367,0.0,6.115000000000014,0.0,0.0,roll,bicep extend,0.8516,0
7362,18:37:58.427457,0.0,6.0870000000000175,0.0,0.0,roll,roll,0.9073,1
7363,18:37:58.439408,0.0,6.071000000000012,0.0,0.0,roll,roll,0.9073,1
7364,18:37:58.447730,0.0,6.053500000000011,0.0,0.0,roll,roll,0.9468,1
7365,18:37:58.460276,0.0,6.039000000000007,0.0,0.0,roll,roll,0.9687,1
7366,18:37:58.473788,0.0,6.020000000000013,0.0,0.0,roll,roll,0.9457,1
7367,18:37:58.480337,0.0,6.004500000000013,0.0,0.0,roll,roll,0.9138,1
7368,18:37:58.493614,0.0,5.983500000000012,0.0,0.0,roll,roll,0.9187,1
7369,18:37:58.501619,0.0,5.957500000000013,0.0,0.0,roll,roll,0.9267,1
7370,18:37:58.510694,0.0,5.927500000000012,0.0,0.0,roll,roll,0.9731,1
7371,18:37:58.525454,0.0,5.88550000000001,0.0,0.0,roll,roll,0.9801,1
7372,18:37:58.534839,0.0,5.849000000000004,0.0,0.0,roll,roll,0.9801,1
7373,18:37:58.545355,0.0,5.8055000000000065,0.0,0.0,roll,roll,0.9862,1
7374,18:37:58.556634,0.0,5.763500000000008,0.0,0.0,roll,roll,0.9872,1
7375,18:37:58.566212,0.0,5.719500000000008,0.0,0.0,roll,roll,0.9872,1
7376,18:37:58.600604,0.0,5.676000000000007,0.0,0.0,roll,roll,0.992,1
7377,18:37:58.600604,0.0,5.6250000000000115,0.0,0.0,roll,roll,0.9786,1
7378,18:37:58.600604,0.0,5.581500000000011,0.0,0.0,roll,roll,0.9786,1
7379,18:37:58.608057,0.0,5.5425000000000155,0.0,0.0,roll,roll,0.9721,1
7380,18:37:58.635091,0.0,5.5170000000000154,0.0,0.0,roll,roll,0.9721,1
7381,18:37:58.635091,0.0,5.504500000000016,0.0,0.0,roll,roll,0.9721,1
7382,18:37:58.639248,0.0,5.494500000000016,0.0,0.0,roll,roll,0.9638,1
7383,18:37:58.652916,0.0,5.481500000000014,0.0,0.0,roll,roll,0.9638,1
7384,18:37:58.661482,0.0,5.464000000000013,0.0,0.0,roll,roll,0.983,1
7385,18:37:58.673140,0.0,5.445000000000013,0.0,0.0,roll,roll,0.9705,1
7386,18:37:58.681130,0.0,5.429500000000013,0.0,0.0,roll,roll,0.9705,1
7387,18:37:58.691556,0.0,5.414500000000013,0.0,0.0,roll,roll,0.9705,1
7388,18:37:58.696589,0.0,5.377500000000012,0.0,0.0,roll,roll,0.9482,1
7389,18:37:58.714038,0.0,5.328000000000008,0.0,0.0,roll,roll,0.9302,1
7390,18:37:58.725068,0.0,6.186500000000009,0.0,0.0,roll,roll,0.8229,1
7391,18:37:58.731623,0.0,6.9480000000000075,0.0,0.0,roll,bicep extend,0.722,0
7392,18:37:58.740888,0.0,7.666500000000011,0.0,0.0,roll,roll,0.9425,1
7393,18:37:58.753632,0.0,8.328000000000012,0.0,0.0,roll,roll,0.9432,1
7394,18:37:58.765506,0.0,8.46050000000001,0.0,0.0,roll,roll,0.9252,1
7395,18:37:58.780224,0.0,8.112500000000011,0.0,0.0,roll,roll,0.953,1
7396,18:37:58.785043,0.0,7.94200000000001,0.0,0.0,roll,roll,0.9577,1
7397,18:37:58.800890,0.0,8.439500000000006,0.0,0.0,roll,roll,0.9481,1
7398,18:37:58.808814,0.0,9.757500000000007,0.0,0.0,roll,roll,0.95,1
7399,18:37:58.817762,0.0,11.431500000000009,0.0,0.0,roll,roll,0.9992,1
7400,18:37:58.824582,0.0,12.632000000000009,0.0,0.0,roll,roll,0.9997,1
7401,18:37:58.841857,0.0,11.435000000000011,0.0,0.0,roll,roll,0.943,1
7402,18:37:58.852730,0.0,10.175500000000008,0.0,0.0,roll,roll,0.9846,1
7403,18:37:58.860660,0.0,9.168500000000009,0.0,0.0,roll,roll,0.967,1
7404,18:37:58.874601,0.0,9.67000000000001,0.0,0.0,roll,roll,0.9996,1
7405,18:37:58.880270,0.0,10.087000000000009,0.0,0.0,roll,roll,0.9996,1
7406,18:37:58.894678,0.0,9.76400000000001,0.0,0.0,roll,roll,0.95,1
7407,18:37:58.907248,0.0,9.889500000000012,0.0,0.0,roll,roll,0.9996,1
7408,18:37:58.914461,0.0,10.02700000000001,0.0,0.0,roll,roll,0.7708,1
7409,18:37:58.926547,0.0,9.22950000000001,0.0,0.0,roll,roll,0.943,1
7410,18:37:58.931679,0.0,6.888000000000011,0.0,0.0,roll,roll,0.8649,1
7411,18:37:58.948136,0.0,6.8850000000000104,0.0,0.0,roll,roll,0.923,1
7412,18:37:58.957130,0.0,9.74200000000001,0.0,0.0,roll,roll,0.8901,1
7413,18:37:58.968138,0.0,12.252500000000008,0.0,0.0,roll,bicep extend,0.7399,0
7414,18:37:58.979908,0.0,12.80950000000001,0.0,0.0,roll,roll,0.5069,1
7415,18:37:58.987200,0.0,12.43750000000001,0.0,0.0,roll,roll,0.6433,1
7416,18:37:59.000810,0.0,14.609500000000011,0.0,0.0,roll,roll,0.7882,1
7417,18:37:59.008827,0.0,14.591000000000014,0.0,0.0,roll,roll,0.7281,1
7418,18:37:59.022533,0.0,15.981500000000016,0.0,0.0,roll,bicep extend,0.567,0
7419,18:37:59.030044,0.0,17.424000000000017,0.0,0.0,roll,roll,0.7746,1
7420,18:37:59.041390,0.0,18.486500000000017,0.0,0.0,roll,roll,0.7033,1
7421,18:37:59.052766,0.0,18.578000000000017,0.0,0.0,roll,roll,0.9013,1
7422,18:37:59.063038,0.0,17.70500000000002,0.0,0.0,roll,roll,0.7403,1
7423,18:37:59.074778,0.0,15.232000000000022,0.0,0.0,roll,roll,0.8469,1
7424,18:37:59.082621,0.0,13.62750000000002,0.0,0.0,roll,roll,0.822,1
7425,18:37:59.093194,0.0,14.02700000000002,0.0,0.0,roll,roll,0.7436,1
7426,18:37:59.108074,0.0,14.243500000000022,0.0,0.0,roll,bicep extend,0.7892,0
7427,18:37:59.115253,0.0,15.066000000000022,0.0,0.0,roll,roll,0.8403,1
7428,18:37:59.127178,0.0,12.186500000000024,0.0,0.0,roll,roll,0.7457,1
7429,18:37:59.135487,0.0,9.63400000000002,0.0,0.0,roll,roll,0.8901,1
7430,18:37:59.147972,0.0,8.53100000000002,0.0,0.0,roll,bicep extend,0.5205,0
7431,18:37:59.159646,0.0,10.58100000000002,0.0,0.0,roll,roll,0.8413,1
7432,18:37:59.166792,0.0,10.53450000000002,0.0,0.0,roll,roll,0.64,1
7433,18:37:59.180119,0.0,13.248000000000015,0.0,0.0,roll,bicep extend,0.5681,0
7434,18:37:59.183484,0.0,15.706500000000014,0.0,0.0,roll,bicep extend,0.7074,0
7435,18:37:59.201949,0.0,16.414000000000012,0.0,0.0,roll,roll,0.8152,1
7436,18:37:59.210206,0.0,13.990000000000013,0.0,0.0,roll,roll,0.7451,1
7437,18:37:59.222446,0.0,13.38500000000001,0.0,0.0,roll,bicep extend,0.6144,0
7438,18:37:59.230796,0.0,13.696000000000009,0.0,0.0,roll,roll,0.641,1
7439,18:37:59.242451,0.0,15.164500000000013,0.0,0.0,roll,roll,0.7004,1
7440,18:37:59.255479,0.0,15.897500000000008,0.0,0.0,roll,bicep extend,0.6016,0
7441,18:37:59.261931,0.0,13.811000000000003,0.0,0.0,roll,roll,0.5755,1
7442,18:37:59.274732,0.0,13.5895,0.0,0.0,roll,roll,0.79,1
7443,18:37:59.287757,0.0,14.003,0.0,0.0,roll,bicep extend,0.5089,0
7444,18:37:59.293144,0.0,15.7755,0.0,0.0,roll,roll,0.9211,1
7445,18:37:59.308675,0.0,18.119,0.0,0.0,roll,roll,0.8739,1
7446,18:37:59.312588,0.0,18.786499999999997,0.0,0.0,roll,roll,0.5556,1
7447,18:37:59.329481,0.0,17.519,0.0,0.0,roll,roll,0.6126,1
7448,18:37:59.336803,0.0,17.004499999999997,0.0,0.0,roll,roll,0.6534,1
7449,18:37:59.347103,0.0,17.521999999999995,0.0,0.0,roll,bicep extend,0.5649,0
7450,18:37:59.359591,0.0,18.279499999999995,0.0,0.0,roll,bicep extend,0.5372,0
7451,18:37:59.364503,0.0,19.41,0.0,0.0,roll,roll,0.5242,1
7452,18:37:59.381902,0.0,18.605500000000003,0.0,0.0,roll,roll,0.7596,1
7453,18:37:59.390330,0.0,15.533500000000007,0.0,0.0,roll,bicep extend,0.5091,0
7454,18:37:59.398564,0.0,12.226000000000008,0.0,0.0,roll,roll,0.5521,1
7455,18:37:59.411223,0.0,10.19550000000001,0.0,0.0,roll,roll,0.5943,1
7456,18:37:59.417575,0.0,10.451500000000014,0.0,0.0,roll,roll,0.7375,1
7457,18:37:59.434599,0.0,10.422000000000017,0.0,0.0,roll,roll,0.737,1
7458,18:37:59.444254,0.0,10.396500000000014,0.0,0.0,roll,roll,0.6961,1
7459,18:37:59.455028,0.0,10.27000000000002,0.0,0.0,roll,roll,0.7889,1
7460,18:37:59.464458,0.0,9.317500000000024,0.0,0.0,roll,roll,0.6267,1
7461,18:37:59.475288,0.0,8.039000000000025,0.0,0.0,roll,roll,0.558,1
7462,18:37:59.488949,0.0,7.378500000000022,0.0,0.0,roll,roll,0.5186,1
7463,18:37:59.497193,0.0,8.89600000000002,0.0,0.0,roll,roll,0.7755,1
7464,18:37:59.509252,0.0,9.831500000000023,0.0,0.0,roll,roll,0.7485,1
7465,18:37:59.517407,0.0,9.699000000000018,0.0,0.0,roll,roll,0.7925,1
7466,18:37:59.530090,0.0,9.263500000000016,0.0,0.0,roll,roll,0.7691,1
7467,18:37:59.541497,0.0,9.489000000000017,0.0,0.0,roll,roll,0.6449,1
7468,18:37:59.549609,0.0,9.51500000000002,0.0,0.0,roll,roll,0.6448,1
7469,18:37:59.558127,0.0,9.292000000000012,0.0,0.0,roll,roll,0.6278,1
7470,18:37:59.570378,0.0,9.395500000000004,0.0,0.0,roll,roll,0.6078,1
7471,18:37:59.580463,0.0,12.0435,0.0,0.0,roll,bicep extend,0.67,0
7472,18:37:59.591281,0.0,13.535999999999996,0.0,0.0,roll,bicep extend,0.8794,0
7473,18:37:59.602686,0.0,12.308999999999996,0.0,0.0,roll,bicep extend,0.7698,0
7474,18:37:59.613129,0.0,11.7445,0.0,0.0,roll,bicep extend,0.8967,0
7475,18:37:59.622408,0.0,10.98,0.0,0.0,roll,roll,0.5692,1
7476,18:37:59.634505,0.0,11.039000000000003,0.0,0.0,roll,roll,0.5188,1
7477,18:37:59.641107,0.0,10.864499999999998,0.0,0.0,roll,bicep extend,0.5279,0
7478,18:37:59.655686,0.0,11.139499999999993,0.0,0.0,roll,roll,0.6362,1
7479,18:37:59.667779,0.0,9.922499999999996,0.0,0.0,roll,roll,0.7925,1
7480,18:37:59.676365,0.0,10.084500000000002,0.0,0.0,roll,roll,0.7889,1
7481,18:37:59.690769,0.0,8.385500000000008,0.0,0.0,roll,roll,0.7322,1
7482,18:37:59.697784,0.0,7.773000000000013,0.0,0.0,roll,roll,0.6916,1
7483,18:37:59.709869,0.0,7.408000000000016,0.0,0.0,roll,roll,0.7975,1
7484,18:37:59.718096,0.0,6.109000000000009,0.0,0.0,roll,roll,0.912,1
7485,18:37:59.730538,0.0,5.8940000000000055,0.0,0.0,roll,roll,0.9909,1
7486,18:37:59.742423,0.0,6.240500000000003,0.0,0.0,roll,roll,0.8957,1
7487,18:37:59.750820,0.0,7.479500000000007,0.0,0.0,roll,roll,0.7065,1
7488,18:37:59.763432,0.0,8.494000000000005,0.0,0.0,roll,roll,0.5982,1
7489,18:37:59.771242,0.0,10.184500000000003,0.0,0.0,roll,roll,0.7397,1
7490,18:37:59.781353,0.0,11.539500000000004,0.0,0.0,roll,roll,0.6463,1
7491,18:37:59.795458,0.0,14.575000000000006,0.0,0.0,roll,roll,0.7882,1
7492,18:37:59.798140,0.0,16.946000000000005,0.0,0.0,roll,roll,0.6605,1
7493,18:37:59.815100,0.0,17.151000000000003,0.0,0.0,roll,bicep extend,0.5485,0
7494,18:37:59.824084,0.0,18.903,0.0,0.0,roll,bicep extend,0.8914,0
7495,18:37:59.833625,0.0,20.350000000000005,0.0,0.0,roll,bicep extend,0.6916,0
7496,18:37:59.843230,0.0,21.057,0.0,0.0,roll,roll,0.5014,1
7497,18:37:59.858108,0.0,23.443499999999993,0.0,0.0,roll,bicep extend,0.8281,0
7498,18:37:59.867358,0.0,26.678999999999995,0.0,0.0,roll,bicep extend,0.7862,0
7499,18:37:59.875921,0.0,27.333499999999994,0.0,0.0,roll,roll,0.5415,1
7500,18:37:59.890536,0.0,27.198,0.0,0.0,roll,roll,0.5485,1
7501,18:37:59.894969,0.0,23.909,0.0,0.0,roll,bicep extend,0.9655,0
7502,18:37:59.909849,0.0,20.641,0.0,0.0,roll,bicep extend,0.8019,0
7503,18:37:59.922375,0.0,20.924499999999988,0.0,0.0,roll,bicep extend,0.636,0
7504,18:37:59.930211,0.0,20.193999999999996,0.0,0.0,roll,bicep extend,0.6232,0
7505,18:37:59.942736,0.0,19.759499999999992,0.0,0.0,roll,bicep extend,0.5323,0
7506,18:37:59.947335,0.0,20.095999999999993,0.0,0.0,roll,bicep extend,0.753,0
7507,18:37:59.963316,0.0,18.187999999999995,0.0,0.0,roll,bicep extend,0.6218,0
7508,18:37:59.972568,0.0,15.113499999999998,0.0,0.0,roll,roll,0.7449,1
7509,18:37:59.983143,0.0,13.716499999999996,0.0,0.0,roll,roll,0.5696,1
7510,18:37:59.996825,0.0,14.802999999999992,0.0,0.0,roll,roll,0.8228,1
7511,18:38:00.008620,0.0,14.583999999999998,0.0,0.0,roll,roll,0.6817,1
7512,18:38:00.016257,0.0,16.087499999999995,0.0,0.0,roll,bicep extend,0.8471,0
7513,18:38:00.024503,0.0,19.17199999999999,0.0,0.0,roll,bicep extend,0.874,0
7514,18:38:00.037742,0.0,23.67949999999999,0.0,0.0,roll,bicep extend,0.906,0
7515,18:38:00.047519,0.0,29.47199999999999,0.0,0.0,roll,bicep extend,0.9084,0
7516,18:38:00.057327,0.0,35.61449999999999,0.0,0.0,roll,roll,0.8744,1
7517,18:38:00.070509,0.0,41.271,0.0,0.0,roll,roll,0.91,1
7518,18:38:00.078598,0.0,44.0415,0.0,0.0,roll,roll,0.821,1
7519,18:38:00.090720,0.0,44.166999999999994,0.0,0.0,roll,roll,0.8004,1
7520,18:38:00.099029,0.0,40.83749999999999,0.0,0.0,roll,roll,0.8416,1
7521,18:38:00.108717,0.0,41.16899999999999,0.0,0.0,roll,roll,0.7583,1
7522,18:38:00.123955,0.0,41.0235,0.0,0.0,roll,roll,0.9272,1
7523,18:38:00.130039,0.0,39.56,0.0,0.0,roll,roll,0.8346,1
7524,18:38:00.143834,0.0,36.916500000000006,0.0,0.0,roll,roll,0.9524,1
7525,18:38:00.151558,0.0,32.79850000000001,0.0,0.0,roll,roll,0.9339,1
7526,18:38:00.164169,0.0,27.732500000000016,0.0,0.0,roll,bicep extend,0.5905,0
7527,18:38:00.176472,0.0,23.075500000000012,0.0,0.0,roll,bicep extend,0.8201,0
7528,18:38:00.182763,0.0,21.22550000000001,0.0,0.0,roll,bicep extend,0.8497,0
7529,18:38:00.197654,0.0,21.94750000000001,0.0,0.0,roll,bicep extend,0.768,0
7530,18:38:00.205470,0.0,24.261500000000005,0.0,0.0,roll,bicep extend,0.6219,0
7531,18:38:00.214925,0.0,25.607500000000005,0.0,0.0,roll,bicep extend,0.5951,0
7532,18:38:00.225235,0.0,26.042500000000008,0.0,0.0,roll,bicep extend,0.9721,0
7533,18:38:00.232630,0.0,25.63000000000001,0.0,0.0,roll,bicep extend,0.7575,0
7534,18:38:00.249881,0.0,24.428000000000004,0.0,0.0,roll,bicep extend,0.6933,0
7535,18:38:00.258075,0.0,22.902500000000003,0.0,0.0,roll,bicep extend,0.8525,0
7536,18:38:00.271377,0.0,21.493500000000004,0.0,0.0,roll,bicep extend,0.785,0
7537,18:38:00.278991,0.0,20.195500000000003,0.0,0.0,roll,bicep extend,0.7743,0
7538,18:38:00.293090,0.0,18.998000000000005,0.0,0.0,roll,roll,0.6212,1
7539,18:38:00.297989,0.0,17.895000000000007,0.0,0.0,roll,roll,0.724,1
7540,18:38:00.310198,0.0,16.877500000000012,0.0,0.0,roll,roll,0.6176,1
7541,18:38:00.325192,0.0,15.939500000000018,0.0,0.0,roll,roll,0.5925,1
7542,18:38:00.333346,0.0,15.074500000000018,0.0,0.0,roll,roll,0.8228,1
7543,18:38:00.344137,0.0,14.277500000000018,0.0,0.0,roll,roll,0.5189,1
7544,18:38:00.352523,0.0,13.54100000000002,0.0,0.0,roll,roll,0.6569,1
7545,18:38:00.361952,0.0,12.861500000000015,0.0,0.0,roll,roll,0.658,1
7546,18:38:00.378031,0.0,12.22650000000002,0.0,0.0,roll,roll,0.6122,1
7547,18:38:00.380155,0.0,11.64050000000002,0.0,0.0,roll,bicep extend,0.5299,0
7548,18:38:00.396427,0.0,11.099500000000017,0.0,0.0,roll,roll,0.5783,1
7549,18:38:00.408476,0.0,10.599500000000024,0.0,0.0,roll,roll,0.7948,1
7550,18:38:00.414897,0.0,10.141500000000018,0.0,0.0,roll,roll,0.9224,1
7551,18:38:00.427336,0.0,9.721500000000017,0.0,0.0,roll,roll,0.8901,1
7552,18:38:00.435054,0.0,9.334500000000014,0.0,0.0,roll,roll,0.8852,1
7553,18:38:00.444124,0.0,8.976000000000017,0.0,0.0,roll,roll,0.743,1
7554,18:38:00.459948,0.0,8.645500000000016,0.0,0.0,roll,roll,0.8228,1
7555,18:38:00.472796,0.0,8.339000000000016,0.0,0.0,roll,roll,0.8852,1
7556,18:38:00.480238,0.0,8.06250000000001,0.0,0.0,roll,roll,0.8759,1
7557,18:38:00.493521,0.0,7.805500000000009,0.0,0.0,roll,roll,0.8722,1
7558,18:38:00.505052,0.0,7.56700000000001,0.0,0.0,roll,roll,0.933,1
7559,18:38:00.513113,0.0,7.346000000000006,0.0,0.0,roll,roll,0.8974,1
7560,18:38:00.524582,0.0,7.137500000000012,0.0,0.0,roll,roll,0.8477,1
7561,18:38:00.532765,0.0,6.939500000000012,0.0,0.0,roll,bicep extend,0.6113,0
7562,18:38:00.541964,0.0,6.755500000000012,0.0,0.0,roll,roll,0.7288,1
7563,18:38:00.554109,0.0,6.584500000000011,0.0,0.0,roll,roll,0.7897,1
7564,18:38:00.565039,0.0,6.424000000000009,0.0,0.0,roll,roll,0.9226,1
7565,18:38:00.577991,0.0,6.275500000000008,0.0,0.0,roll,roll,0.9681,1
7566,18:38:00.586743,0.0,6.13650000000001,0.0,0.0,roll,roll,0.9442,1
7567,18:38:00.597456,0.0,6.007000000000014,0.0,0.0,roll,roll,0.9833,1
7568,18:38:00.607369,0.0,5.887000000000017,0.0,0.0,roll,roll,0.9889,1
7569,18:38:00.616124,0.0,5.774000000000018,0.0,0.0,roll,roll,0.9923,1
7570,18:38:00.630341,0.0,5.676000000000016,0.0,0.0,roll,roll,0.9952,1
7571,18:38:00.641633,0.0,5.5935000000000175,0.0,0.0,roll,roll,0.9874,1
7572,18:38:00.648807,0.0,5.5220000000000145,0.0,0.0,roll,roll,0.9902,1
7573,18:38:00.658039,0.0,5.454500000000013,0.0,0.0,roll,roll,0.9955,1
7574,18:38:00.673914,0.0,5.396000000000015,0.0,0.0,roll,roll,0.9946,1
7575,18:38:00.680167,0.0,5.330500000000015,0.0,0.0,roll,roll,0.9901,1
7576,18:38:00.691521,0.0,5.309000000000017,0.0,0.0,roll,roll,0.9901,1
7577,18:38:00.706424,0.0,5.291500000000019,0.0,0.0,roll,roll,0.9901,1
7578,18:38:00.712304,0.0,5.269000000000017,0.0,0.0,roll,roll,0.9997,1
7579,18:38:00.724813,0.0,5.735500000000016,0.0,0.0,roll,roll,0.9998,1
7580,18:38:00.733870,0.0,6.126500000000016,0.0,0.0,roll,roll,0.9992,1
7581,18:38:00.744742,0.0,6.467500000000015,0.0,0.0,roll,roll,0.999,1
7582,18:38:00.757823,0.0,6.764000000000019,0.0,0.0,roll,roll,0.9987,1
7583,18:38:00.766069,0.0,8.163500000000017,0.0,0.0,roll,roll,0.953,1
7584,18:38:00.776585,0.0,9.307500000000012,0.0,0.0,roll,roll,0.943,1
7585,18:38:00.782675,0.0,9.609500000000011,0.0,0.0,roll,roll,0.9799,1
7586,18:38:00.794916,0.0,9.706000000000008,0.0,0.0,roll,roll,0.8507,1
7587,18:38:00.807796,0.0,9.436500000000004,0.0,0.0,roll,roll,0.9429,1
7588,18:38:00.815039,0.0,9.145500000000004,0.0,0.0,roll,roll,0.9959,1
7589,18:38:00.831574,0.0,10.864500000000008,0.0,0.0,roll,roll,0.8434,1
7590,18:38:00.841171,0.0,12.135500000000004,0.0,0.0,roll,bicep extend,0.6509,0
7591,18:38:00.849057,0.0,12.596500000000006,0.0,0.0,roll,bicep extend,0.7253,0
7592,18:38:00.861032,0.0,12.180000000000003,0.0,0.0,roll,roll,0.7872,1
7593,18:38:00.874550,0.0,10.375500000000008,0.0,0.0,roll,roll,0.9674,1
7594,18:38:00.884109,0.0,11.666000000000007,0.0,0.0,roll,bicep extend,0.6495,0
7595,18:38:00.893095,0.0,12.972000000000012,0.0,0.0,roll,roll,0.658,1
7596,18:38:00.903073,0.0,13.628000000000014,0.0,0.0,roll,roll,0.8377,1
7597,18:38:00.914929,0.0,16.610500000000012,0.0,0.0,roll,roll,0.6934,1
7598,18:38:00.926715,0.0,18.459000000000017,0.0,0.0,roll,roll,0.7055,1
7599,18:38:00.933762,0.0,19.972000000000012,0.0,0.0,roll,bicep extend,0.5323,0
7600,18:38:00.942767,0.0,20.762000000000008,0.0,0.0,roll,bicep extend,0.6894,0
7601,18:38:00.957852,0.0,21.085500000000003,0.0,0.0,roll,bicep extend,0.8313,0
7602,18:38:00.965620,0.0,21.00500000000001,0.0,0.0,roll,bicep extend,0.5812,0
7603,18:38:00.979983,0.0,21.18050000000001,0.0,0.0,roll,roll,0.5288,1
7604,18:38:00.983438,0.0,19.15900000000001,0.0,0.0,roll,roll,0.7153,1
7605,18:38:00.999816,0.0,18.51100000000001,0.0,0.0,roll,roll,0.6085,1
7606,18:38:01.009480,0.0,19.17300000000001,0.0,0.0,roll,roll,0.7002,1
7607,18:38:01.016544,0.0,18.03800000000001,0.0,0.0,roll,roll,0.887,1
7608,18:38:01.033255,0.0,18.188500000000012,0.0,0.0,roll,roll,0.7482,1
7609,18:38:01.041410,0.0,16.006500000000013,0.0,0.0,roll,roll,0.7493,1
7610,18:38:01.048139,0.0,14.024500000000018,0.0,0.0,roll,roll,0.7451,1
7611,18:38:01.061425,0.0,12.75950000000002,0.0,0.0,roll,roll,0.6927,1
7612,18:38:01.074791,0.0,12.938500000000015,0.0,0.0,roll,roll,0.6104,1
7613,18:38:01.081562,0.0,12.752000000000011,0.0,0.0,roll,roll,0.7346,1
7614,18:38:01.093302,0.0,13.930500000000013,0.0,0.0,roll,roll,0.513,1
7615,18:38:01.107925,0.0,13.580500000000011,0.0,0.0,roll,roll,0.8656,1
7616,18:38:01.114303,0.0,14.78500000000001,0.0,0.0,roll,roll,0.5323,1
7617,18:38:01.127980,0.0,14.624000000000011,0.0,0.0,roll,roll,0.6582,1
7618,18:38:01.141284,0.0,13.258500000000012,0.0,0.0,roll,bicep extend,0.5681,0
7619,18:38:01.146996,0.0,11.243500000000012,0.0,0.0,roll,roll,0.6463,1
7620,18:38:01.160262,0.0,10.80550000000001,0.0,0.0,roll,bicep extend,0.7534,0
7621,18:38:01.163300,0.0,11.542500000000008,0.0,0.0,roll,bicep extend,0.6195,0
7622,18:38:01.180186,0.0,12.690500000000004,0.0,0.0,roll,roll,0.7346,1
7623,18:38:01.190610,0.0,14.734000000000004,0.0,0.0,roll,roll,0.8184,1
7624,18:38:01.199359,0.0,14.935000000000008,0.0,0.0,roll,roll,0.9542,1
7625,18:38:01.212267,0.0,16.00800000000001,0.0,0.0,roll,roll,0.7493,1
7626,18:38:01.220805,0.0,14.896500000000009,0.0,0.0,roll,roll,0.8403,1
7627,18:38:01.233202,0.0,14.853000000000009,0.0,0.0,roll,roll,0.9112,1
7628,18:38:01.241292,0.0,15.768500000000008,0.0,0.0,roll,roll,0.9211,1
7629,18:38:01.253773,0.0,17.396500000000003,0.0,0.0,roll,roll,0.9888,1
7630,18:38:01.266470,0.0,18.388000000000005,0.0,0.0,roll,roll,0.9955,1
7631,18:38:01.275369,0.0,18.716500000000007,0.0,0.0,roll,roll,0.995,1
7632,18:38:01.285024,0.0,18.43150000000001,0.0,0.0,roll,roll,0.9955,1
7633,18:38:01.294157,0.0,17.583000000000016,0.0,0.0,roll,roll,0.895,1
7634,18:38:01.307875,0.0,16.508500000000016,0.0,0.0,roll,roll,0.9804,1
7635,18:38:01.315040,0.0,15.50000000000001,0.0,0.0,roll,roll,0.9481,1
7636,18:38:01.328238,0.0,14.577000000000016,0.0,0.0,roll,roll,0.9989,1
7637,18:38:01.341289,0.0,13.746000000000016,0.0,0.0,roll,roll,0.9993,1
7638,18:38:01.346195,0.0,12.988000000000016,0.0,0.0,roll,roll,0.9987,1
7639,18:38:01.361101,0.0,13.152500000000018,0.0,0.0,roll,roll,0.9987,1
7640,18:38:01.369268,0.0,13.303000000000017,0.0,0.0,roll,roll,0.9987,1
7641,18:38:01.380742,0.0,13.435000000000011,0.0,0.0,roll,roll,0.9987,1
7642,18:38:01.392648,0.0,13.547000000000011,0.0,0.0,roll,roll,0.9985,1
7643,18:38:01.400754,0.0,13.22250000000001,0.0,0.0,roll,roll,0.9987,1
7644,18:38:01.410672,0.0,12.481000000000009,0.0,0.0,roll,roll,0.9996,1
7645,18:38:01.416161,0.0,11.78900000000001,0.0,0.0,roll,roll,0.9996,1
7646,18:38:01.434709,0.0,11.136000000000006,0.0,0.0,roll,roll,0.9993,1
7647,18:38:01.441459,0.0,10.505500000000008,0.0,0.0,roll,roll,0.9996,1
7648,18:38:01.450718,0.0,9.90800000000001,0.0,0.0,roll,roll,0.9996,1
7649,18:38:01.467483,0.0,8.49850000000001,0.0,0.0,roll,roll,0.9943,1
7650,18:38:01.474401,0.0,7.20800000000001,0.0,0.0,roll,roll,0.9994,1
7651,18:38:01.486169,0.0,6.0285000000000135,0.0,0.0,roll,roll,0.9997,1
7652,18:38:01.496385,0.0,4.950000000000014,0.0,0.0,roll,roll,0.9998,1
7653,18:38:01.509499,0.0,4.369500000000014,0.0,0.0,roll,roll,0.9999,1
7654,18:38:01.514531,0.0,4.258500000000012,0.0,0.0,roll,roll,0.9999,1
7655,18:38:01.528489,0.0,4.152000000000013,0.0,0.0,roll,roll,0.9999,1
7656,18:38:01.540871,0.0,4.06050000000001,0.0,0.0,roll,roll,0.9999,1
7657,18:38:01.547451,0.0,3.9915000000000105,0.0,0.0,roll,roll,0.9999,1
7658,18:38:01.558669,0.0,3.9435000000000087,0.0,0.0,roll,roll,0.9999,1
7659,18:38:01.565613,0.0,3.896500000000011,0.0,0.0,roll,roll,0.9999,1
7660,18:38:01.582764,0.0,3.8475000000000135,0.0,0.0,roll,roll,0.9999,1
7661,18:38:01.593942,0.0,3.8015000000000128,0.0,0.0,roll,roll,0.9999,1
7662,18:38:01.598129,0.0,3.758000000000013,0.0,0.0,roll,roll,0.9999,1
7663,18:38:01.614430,0.0,3.721000000000012,0.0,0.0,roll,roll,0.9999,1
7664,18:38:01.624590,0.0,3.694000000000014,0.0,0.0,roll,roll,0.9999,1
7665,18:38:01.659330,0.0,3.6635000000000137,0.0,0.0,roll,roll,0.9999,1
7666,18:38:01.660946,0.0,3.626000000000013,0.0,0.0,roll,roll,0.9999,1
7667,18:38:01.700036,0.0,3.5905000000000116,0.0,0.0,roll,roll,0.9999,1
7668,18:38:01.709349,0.0,3.5560000000000143,0.0,0.0,roll,roll,0.9999,1
7669,18:38:01.709349,0.0,3.527500000000015,0.0,0.0,roll,roll,0.9999,1
7670,18:38:01.709349,0.0,3.507500000000013,0.0,0.0,roll,roll,0.9999,1
7671,18:38:01.709349,0.0,3.491000000000014,0.0,0.0,roll,roll,0.9999,1
7672,18:38:01.709349,0.0,3.4750000000000143,0.0,0.0,roll,roll,0.9999,1
7673,18:38:01.720787,0.0,3.4595000000000113,0.0,0.0,roll,roll,0.9999,1
7674,18:38:01.725409,0.0,3.443500000000012,0.0,0.0,roll,roll,0.9999,1
7675,18:38:01.741744,0.0,3.435500000000013,0.0,0.0,roll,roll,0.9999,1
7676,18:38:01.743754,0.0,3.4350000000000165,0.0,0.0,roll,roll,0.9999,1
7677,18:38:01.762310,0.0,3.432500000000013,0.0,0.0,roll,roll,0.9999,1
7678,18:38:01.772330,0.0,3.42950000000001,0.0,0.0,roll,roll,0.9999,1
7679,18:38:01.782801,0.0,3.421500000000006,0.0,0.0,roll,roll,0.9999,1
7680,18:38:01.793191,0.0,3.405500000000006,0.0,0.0,roll,roll,0.9999,1
7681,18:38:01.803279,0.0,3.386000000000004,0.0,0.0,roll,roll,0.9999,1
7682,18:38:01.810024,0.0,3.3660000000000054,0.0,0.0,roll,roll,0.9999,1
7683,18:38:01.824703,0.0,3.3455000000000097,0.0,0.0,roll,roll,0.9999,1
7684,18:38:01.834000,0.0,3.32650000000001,0.0,0.0,roll,roll,0.9999,1
7685,18:38:01.845734,0.0,3.307500000000007,0.0,0.0,roll,roll,0.9999,1
7686,18:38:01.857355,0.0,3.288000000000008,0.0,0.0,roll,roll,0.9999,1
7687,18:38:01.868893,0.0,3.2695000000000105,0.0,0.0,roll,roll,0.9999,1
7688,18:38:01.876461,0.0,3.251000000000013,0.0,0.0,roll,roll,0.9999,1
7689,18:38:01.890075,0.0,3.2320000000000135,0.0,0.0,roll,roll,0.9999,1
7690,18:38:01.899431,0.0,3.213500000000013,0.0,0.0,roll,roll,0.9999,1
7691,18:38:01.909649,0.0,3.1955000000000156,0.0,0.0,roll,roll,0.9999,1
7692,18:38:01.923967,0.0,3.177500000000015,0.0,0.0,roll,roll,0.9999,1
7693,18:38:01.930337,0.0,3.1685000000000114,0.0,0.0,roll,roll,0.9999,1
7694,18:38:01.941773,0.0,3.158500000000012,0.0,0.0,roll,roll,0.9999,1
7695,18:38:01.951068,0.0,3.156500000000014,0.0,0.0,roll,roll,0.9999,1
7696,18:38:01.963105,0.0,3.153500000000011,0.0,0.0,roll,roll,0.9999,1
7697,18:38:01.973905,0.0,3.1530000000000116,0.0,0.0,roll,roll,0.9999,1
7698,18:38:01.980206,0.0,3.14750000000001,0.0,0.0,roll,roll,0.9999,1
7699,18:38:01.995968,0.0,3.1455000000000113,0.0,0.0,roll,roll,0.9999,1
7700,18:38:01.998492,0.0,3.1460000000000123,0.0,0.0,roll,roll,0.9999,1
7701,18:38:02.014285,0.0,3.1575000000000117,0.0,0.0,roll,roll,0.9999,1
7702,18:38:02.027084,0.0,3.1710000000000136,0.0,0.0,roll,roll,0.9999,1
7703,18:38:02.031302,0.0,3.241500000000015,0.0,0.0,roll,roll,0.9999,1
7704,18:38:02.049046,0.0,3.320500000000014,0.0,0.0,roll,roll,0.9999,1
7705,18:38:02.057454,0.0,3.4945000000000137,0.0,0.0,roll,roll,0.9999,1
7706,18:38:02.065852,0.0,3.9110000000000142,0.0,0.0,roll,roll,0.9999,1
7707,18:38:02.076879,0.0,4.322500000000015,0.0,0.0,roll,roll,0.9999,1
7708,18:38:02.090231,0.0,4.553500000000016,0.0,0.0,roll,roll,0.9998,1
7709,18:38:02.102354,0.0,6.405500000000018,0.0,0.0,roll,roll,0.9991,1
7710,18:38:02.109913,0.0,9.16250000000002,0.0,0.0,roll,roll,0.9959,1
7711,18:38:02.123689,0.0,12.72550000000002,0.0,0.0,roll,roll,0.9997,1
7712,18:38:02.130125,0.0,17.093500000000017,0.0,0.0,roll,roll,0.9997,1
7713,18:38:02.143619,0.0,21.49200000000002,0.0,0.0,roll,roll,0.9997,1
7714,18:38:02.151739,0.0,26.09850000000002,0.0,0.0,roll,roll,0.9874,1
7715,18:38:02.163447,0.0,29.87300000000002,0.0,0.0,roll,roll,0.9651,1
7716,18:38:02.175881,0.0,33.45400000000002,0.0,0.0,roll,roll,0.9274,1
7717,18:38:02.184300,0.0,35.77000000000002,0.0,0.0,roll,roll,0.9647,1
7718,18:38:02.195034,0.0,38.30000000000001,0.0,0.0,roll,roll,0.9429,1
7719,18:38:02.201349,0.0,38.70200000000001,0.0,0.0,roll,roll,0.9429,1
7720,18:38:02.216077,0.0,39.235,0.0,0.0,roll,roll,0.9571,1
7721,18:38:02.226036,0.0,37.708000000000006,0.0,0.0,roll,roll,0.9554,1
7722,18:38:02.234916,0.0,35.69900000000001,0.0,0.0,roll,roll,0.9672,1
7723,18:38:02.248568,0.0,32.76700000000001,0.0,0.0,roll,roll,0.8452,1
7724,18:38:02.257830,0.0,29.64100000000001,0.0,0.0,roll,roll,0.7314,1
7725,18:38:02.269060,0.0,26.247500000000013,0.0,0.0,roll,bicep extend,0.6964,0
7726,18:38:02.278974,0.0,22.49550000000001,0.0,0.0,roll,bicep extend,0.6725,0
7727,18:38:02.290675,0.0,20.53550000000001,0.0,0.0,roll,bicep extend,0.8105,0
7728,18:38:02.303060,0.0,17.78850000000001,0.0,0.0,roll,roll,0.7071,1
7729,18:38:02.309773,0.0,16.17850000000001,0.0,0.0,roll,roll,0.4996,1
7730,18:38:02.324565,0.0,12.811500000000011,0.0,0.0,roll,roll,0.6158,1
7731,18:38:02.331106,0.0,10.845000000000011,0.0,0.0,roll,bicep extend,0.5734,0
7732,18:38:02.343578,0.0,8.728500000000011,0.0,0.0,roll,bicep extend,0.6216,0
7733,18:38:02.355824,0.0,6.9440000000000115,0.0,0.0,roll,roll,0.576,1
7734,18:38:02.361536,0.0,6.676000000000007,0.0,0.0,roll,roll,0.5463,1
7735,18:38:02.376993,0.0,6.154500000000008,0.0,0.0,roll,bicep extend,0.8274,0
7736,18:38:02.385344,0.0,6.856000000000006,0.0,0.0,roll,roll,0.5489,1
7737,18:38:02.396419,0.0,6.735000000000008,0.0,0.0,roll,roll,0.5489,1
7738,18:38:02.404940,0.0,8.381000000000009,0.0,0.0,roll,roll,0.5432,1
7739,18:38:02.413266,0.0,8.671000000000006,0.0,0.0,roll,bicep extend,0.5553,0
7740,18:38:02.430337,0.0,10.568500000000006,0.0,0.0,roll,roll,0.5217,1
7741,18:38:02.438065,0.0,12.917500000000008,0.0,0.0,roll,roll,0.8502,1
7742,18:38:02.449950,0.0,14.70250000000001,0.0,0.0,roll,roll,0.8925,1
7743,18:38:02.458773,0.0,16.564500000000006,0.0,0.0,roll,roll,0.9866,1
7744,18:38:02.471001,0.0,17.022500000000008,0.0,0.0,roll,roll,0.9951,1
7745,18:38:02.483202,0.0,17.53800000000001,0.0,0.0,roll,roll,0.9951,1
7746,18:38:02.491436,0.0,17.199500000000015,0.0,0.0,roll,roll,0.9951,1
7747,18:38:02.502740,0.0,17.08800000000002,0.0,0.0,roll,roll,0.9951,1
7748,18:38:02.511893,0.0,15.295500000000018,0.0,0.0,roll,roll,0.9538,1
7749,18:38:02.523392,0.0,14.41050000000002,0.0,0.0,roll,roll,0.9053,1
7750,18:38:02.532256,0.0,13.898500000000018,0.0,0.0,roll,roll,0.999,1
7751,18:38:02.543193,0.0,11.746500000000015,0.0,0.0,roll,roll,0.9294,1
7752,18:38:02.556757,0.0,9.796000000000015,0.0,0.0,roll,roll,0.9799,1
7753,18:38:02.564547,0.0,8.917500000000015,0.0,0.0,roll,roll,0.7457,1
7754,18:38:02.577308,0.0,8.350500000000016,0.0,0.0,roll,roll,0.8852,1
7755,18:38:02.585627,0.0,7.547500000000014,0.0,0.0,roll,roll,0.9905,1
7756,18:38:02.598005,0.0,7.090500000000011,0.0,0.0,roll,roll,0.8423,1
7757,18:38:02.610002,0.0,6.941000000000011,0.0,0.0,roll,roll,0.7239,1
7758,18:38:02.614988,0.0,7.55750000000001,0.0,0.0,roll,roll,0.9826,1
7759,18:38:02.629975,0.0,8.384000000000011,0.0,0.0,roll,roll,0.961,1
7760,18:38:02.637957,0.0,7.5800000000000125,0.0,0.0,roll,roll,0.9819,1
7761,18:38:02.650291,0.0,7.946500000000012,0.0,0.0,roll,roll,0.9994,1
7762,18:38:02.658430,0.0,7.75100000000001,0.0,0.0,roll,roll,0.9774,1
7763,18:38:02.668152,0.0,7.018500000000008,0.0,0.0,roll,roll,0.9393,1
7764,18:38:02.684125,0.0,6.860000000000008,0.0,0.0,roll,roll,0.9987,1
7765,18:38:02.692024,0.0,8.93950000000001,0.0,0.0,roll,roll,0.9948,1
7766,18:38:02.701320,0.0,10.65200000000001,0.0,0.0,roll,roll,0.9996,1
7767,18:38:02.711844,0.0,12.732000000000008,0.0,0.0,roll,roll,0.9997,1
7768,18:38:02.725201,0.0,15.53000000000001,0.0,0.0,roll,roll,0.9992,1
7769,18:38:02.735359,0.0,14.35250000000001,0.0,0.0,roll,roll,0.9989,1
7770,18:38:02.744376,0.0,14.50200000000001,0.0,0.0,roll,roll,0.9989,1
7771,18:38:02.756309,0.0,14.261500000000009,0.0,0.0,roll,roll,0.9984,1
7772,18:38:02.762699,0.0,15.284500000000012,0.0,0.0,roll,roll,0.9995,1
7773,18:38:02.776360,0.0,16.162500000000016,0.0,0.0,roll,roll,0.9996,1
7774,18:38:02.786519,0.0,15.763000000000014,0.0,0.0,roll,roll,0.9995,1
7775,18:38:02.797794,0.0,13.838500000000014,0.0,0.0,roll,roll,0.9993,1
7776,18:38:02.810842,0.0,12.608500000000012,0.0,0.0,roll,roll,0.9996,1
7777,18:38:02.818658,0.0,11.140000000000011,0.0,0.0,roll,roll,0.9992,1
7778,18:38:02.830839,0.0,8.281500000000012,0.0,0.0,roll,roll,0.9991,1
7779,18:38:02.840143,0.0,8.38200000000001,0.0,0.0,roll,roll,0.9995,1
7780,18:38:02.851540,0.0,8.31400000000001,0.0,0.0,roll,roll,0.9995,1
7781,18:38:02.863867,0.0,9.098000000000011,0.0,0.0,roll,roll,0.9959,1
7782,18:38:02.873809,0.0,8.813000000000013,0.0,0.0,roll,roll,0.9908,1
7783,18:38:02.883420,0.0,9.060500000000014,0.0,0.0,roll,roll,0.9959,1
7784,18:38:02.892443,0.0,10.065000000000015,0.0,0.0,roll,roll,0.9995,1
7785,18:38:02.906088,0.0,12.274500000000014,0.0,0.0,roll,roll,0.9995,1
7786,18:38:02.913288,0.0,13.837500000000013,0.0,0.0,roll,roll,0.9992,1
7787,18:38:02.924947,0.0,15.069000000000011,0.0,0.0,roll,roll,0.9995,1
7788,18:38:02.937450,0.0,16.492500000000014,0.0,0.0,roll,roll,0.9996,1
7789,18:38:02.945886,0.0,17.546500000000016,0.0,0.0,roll,roll,0.9997,1
7790,18:38:02.957696,0.0,17.082500000000014,0.0,0.0,roll,roll,0.9997,1
7791,18:38:02.966181,0.0,15.59650000000001,0.0,0.0,roll,roll,0.9992,1
7792,18:38:02.978739,0.0,16.01250000000001,0.0,0.0,roll,roll,0.9996,1
7793,18:38:02.990518,0.0,15.490000000000007,0.0,0.0,roll,roll,0.9992,1
7794,18:38:02.998012,0.0,14.47050000000001,0.0,0.0,roll,roll,0.9989,1
7795,18:38:03.010414,0.0,12.659500000000012,0.0,0.0,roll,roll,0.9997,1
7796,18:38:03.019926,0.0,11.035500000000011,0.0,0.0,roll,roll,0.9992,1
7797,18:38:03.031442,0.0,8.683500000000015,0.0,0.0,roll,roll,0.9955,1
7798,18:38:03.040251,0.0,6.541000000000013,0.0,0.0,roll,roll,0.9989,1
7799,18:38:03.051468,0.0,6.017000000000013,0.0,0.0,roll,roll,0.9997,1
7800,18:38:03.064427,0.0,6.370500000000014,0.0,0.0,roll,roll,0.9991,1
7801,18:38:03.074018,0.0,7.316500000000014,0.0,0.0,roll,roll,0.9994,1
7802,18:38:03.085654,0.0,7.370000000000014,0.0,0.0,roll,roll,0.9997,1
7803,18:38:03.092086,0.0,6.454500000000013,0.0,0.0,roll,roll,0.999,1
7804,18:38:03.104359,0.0,6.208000000000013,0.0,0.0,roll,roll,0.9996,1
7805,18:38:03.114215,0.0,5.718000000000012,0.0,0.0,roll,roll,0.9998,1
7806,18:38:03.126164,0.0,4.9490000000000105,0.0,0.0,roll,roll,0.9998,1
7807,18:38:03.139563,0.0,5.802500000000011,0.0,0.0,roll,roll,0.9998,1
7808,18:38:03.143224,0.0,6.183500000000011,0.0,0.0,roll,roll,0.9994,1
7809,18:38:03.159402,0.0,6.88350000000001,0.0,0.0,roll,roll,0.9987,1
7810,18:38:03.167092,0.0,6.43100000000001,0.0,0.0,roll,roll,0.999,1
7811,18:38:03.175446,0.0,6.670000000000011,0.0,0.0,roll,roll,0.9987,1
7812,18:38:03.192928,0.0,5.859500000000009,0.0,0.0,roll,roll,0.9998,1
7813,18:38:03.195744,0.0,6.413500000000009,0.0,0.0,roll,roll,0.9991,1
7814,18:38:03.212382,0.0,5.886500000000008,0.0,0.0,roll,roll,0.9998,1
7815,18:38:03.219100,0.0,5.947000000000008,0.0,0.0,roll,roll,0.9998,1
7816,18:38:03.232505,0.0,6.238000000000009,0.0,0.0,roll,roll,0.9996,1
7817,18:38:03.243529,0.0,5.2315000000000085,0.0,0.0,roll,roll,0.9989,1
7818,18:38:03.252232,0.0,5.460000000000011,0.0,0.0,roll,roll,0.9998,1
7819,18:38:03.261787,0.0,4.302000000000012,0.0,0.0,roll,roll,0.9999,1
7820,18:38:03.272306,0.0,4.178500000000012,0.0,0.0,roll,roll,0.9999,1
7821,18:38:03.283801,0.0,3.558500000000012,0.0,0.0,roll,roll,0.9999,1
7822,18:38:03.294223,0.0,3.3615000000000124,0.0,0.0,roll,roll,0.9999,1
7823,18:38:03.301404,0.0,3.462500000000013,0.0,0.0,roll,roll,0.9999,1
7824,18:38:03.318623,0.0,3.4050000000000127,0.0,0.0,roll,roll,0.9999,1
7825,18:38:03.326832,0.0,4.0725000000000104,0.0,0.0,roll,roll,0.9999,1
7826,18:38:03.338917,0.0,3.7510000000000105,0.0,0.0,roll,roll,0.9999,1
7827,18:38:03.347000,0.0,4.240000000000012,0.0,0.0,roll,roll,0.9999,1
7828,18:38:03.359089,0.0,4.4750000000000085,0.0,0.0,roll,roll,0.9998,1
7829,18:38:03.372422,0.0,5.337500000000006,0.0,0.0,roll,roll,0.9997,1
7830,18:38:03.380257,0.0,5.904000000000005,0.0,0.0,roll,roll,0.9998,1
7831,18:38:03.391924,0.0,5.817500000000005,0.0,0.0,roll,roll,0.9998,1
7832,18:38:03.401028,0.0,6.395500000000007,0.0,0.0,roll,roll,0.9991,1
7833,18:38:03.410734,0.0,7.146000000000006,0.0,0.0,roll,roll,0.9992,1
7834,18:38:03.418173,0.0,8.741500000000006,0.0,0.0,roll,roll,0.9955,1
7835,18:38:03.430304,0.0,9.795000000000003,0.0,0.0,roll,roll,0.9996,1
7836,18:38:03.445816,0.0,10.245500000000003,0.0,0.0,roll,roll,0.9996,1
7837,18:38:03.453926,0.0,10.734000000000004,0.0,0.0,roll,roll,0.9993,1
7838,18:38:03.462085,0.0,9.981500000000004,0.0,0.0,roll,roll,0.9995,1
7839,18:38:03.474813,0.0,8.942500000000006,0.0,0.0,roll,roll,0.9948,1
7840,18:38:03.481450,0.0,9.042500000000008,0.0,0.0,roll,roll,0.9969,1
7841,18:38:03.498815,0.0,9.09650000000001,0.0,0.0,roll,roll,0.9959,1
7842,18:38:03.506718,0.0,8.157000000000007,0.0,0.0,roll,roll,0.9991,1
7843,18:38:03.518789,0.0,6.88850000000001,0.0,0.0,roll,roll,0.9981,1
7844,18:38:03.526343,0.0,5.489000000000013,0.0,0.0,roll,roll,0.9998,1
7845,18:38:03.540603,0.0,4.475500000000014,0.0,0.0,roll,roll,0.9998,1
7846,18:38:03.547077,0.0,4.438000000000014,0.0,0.0,roll,roll,0.9999,1
7847,18:38:03.558288,0.0,3.623500000000015,0.0,0.0,roll,roll,0.9999,1
7848,18:38:03.573925,0.0,3.758500000000018,0.0,0.0,roll,roll,0.9999,1
7849,18:38:03.580262,0.0,4.064500000000018,0.0,0.0,roll,roll,0.9999,1
7850,18:38:03.593315,0.0,3.5670000000000157,0.0,0.0,roll,roll,0.9999,1
7851,18:38:03.596947,0.0,3.2170000000000156,0.0,0.0,roll,roll,0.9999,1
7852,18:38:03.611417,0.0,3.9155000000000144,0.0,0.0,roll,roll,0.9999,1
7853,18:38:03.624582,0.0,3.949000000000012,0.0,0.0,roll,roll,0.9999,1
7854,18:38:03.634171,0.0,3.794000000000011,0.0,0.0,roll,roll,0.9999,1
7855,18:38:03.646676,0.0,3.711500000000015,0.0,0.0,roll,roll,0.9999,1
7856,18:38:03.654438,0.0,3.481000000000017,0.0,0.0,roll,roll,0.9999,1
7857,18:38:03.667167,0.0,4.552500000000018,0.0,0.0,roll,roll,0.9998,1
7858,18:38:03.675055,0.0,5.114500000000018,0.0,0.0,roll,roll,0.9988,1
7859,18:38:03.687794,0.0,6.306500000000019,0.0,0.0,roll,roll,0.9991,1
7860,18:38:03.696765,0.0,6.47800000000002,0.0,0.0,roll,roll,0.9989,1
7861,18:38:03.706711,0.0,7.464000000000018,0.0,0.0,roll,roll,0.9997,1
7862,18:38:03.719992,0.0,6.8685000000000205,0.0,0.0,roll,roll,0.9987,1
7863,18:38:03.728897,0.0,6.888000000000019,0.0,0.0,roll,roll,0.9981,1
7864,18:38:03.740920,0.0,7.061500000000018,0.0,0.0,roll,roll,0.9991,1
7865,18:38:03.753171,0.0,6.3840000000000146,0.0,0.0,roll,roll,0.9991,1
7866,18:38:03.760497,0.0,7.151500000000011,0.0,0.0,roll,roll,0.9992,1
7867,18:38:03.774420,0.0,6.580000000000008,0.0,0.0,roll,roll,0.9989,1
7868,18:38:03.779974,0.0,7.061500000000007,0.0,0.0,roll,roll,0.9991,1
7869,18:38:03.793611,0.0,7.062500000000007,0.0,0.0,roll,roll,0.9991,1
7870,18:38:03.802114,0.0,7.641000000000008,0.0,0.0,roll,roll,0.9996,1
7871,18:38:03.814568,0.0,7.054500000000009,0.0,0.0,roll,roll,0.9991,1
7872,18:38:03.827057,0.0,8.047000000000008,0.0,0.0,roll,roll,0.9994,1
7873,18:38:03.830287,0.0,8.500000000000009,0.0,0.0,roll,roll,0.9943,1
7874,18:38:03.846527,0.0,9.52850000000001,0.0,0.0,roll,roll,0.9996,1
7875,18:38:03.855787,0.0,9.49750000000001,0.0,0.0,roll,roll,0.9996,1
7876,18:38:03.865228,0.0,8.88900000000001,0.0,0.0,roll,roll,0.9948,1
7877,18:38:03.880156,0.0,8.957500000000014,0.0,0.0,roll,roll,0.9948,1
7878,18:38:03.884934,0.0,7.675500000000014,0.0,0.0,roll,roll,0.9996,1
7879,18:38:03.898766,0.0,6.27450000000001,0.0,0.0,roll,roll,0.9996,1
7880,18:38:03.907741,0.0,5.805500000000011,0.0,0.0,roll,roll,0.9998,1
7881,18:38:03.915462,0.0,5.544500000000011,0.0,0.0,roll,roll,0.9998,1
7882,18:38:03.928790,0.0,4.610500000000011,0.0,0.0,roll,roll,0.9998,1
7883,18:38:03.939731,0.0,3.9975000000000103,0.0,0.0,roll,roll,0.9999,1
7884,18:38:03.951555,0.0,2.724000000000011,0.0,0.0,roll,roll,0.9999,1
7885,18:38:03.962291,0.0,3.1915000000000107,0.0,0.0,roll,roll,0.9999,1
7886,18:38:03.975208,0.0,2.848500000000011,0.0,0.0,roll,roll,0.9999,1
7887,18:38:03.980176,0.0,2.9105000000000087,0.0,0.0,roll,roll,0.9999,1
7888,18:38:03.994462,0.0,3.144000000000008,0.0,0.0,roll,roll,0.9999,1
7889,18:38:04.007214,0.0,3.5995000000000106,0.0,0.0,roll,roll,0.9999,1
7890,18:38:04.014409,0.0,3.053000000000009,0.0,0.0,roll,roll,0.9999,1
7891,18:38:04.026928,0.0,2.8715000000000104,0.0,0.0,roll,roll,0.9999,1
7892,18:38:04.035399,0.0,2.837000000000009,0.0,0.0,roll,roll,0.9999,1
7893,18:38:04.047148,0.0,3.25600000000001,0.0,0.0,roll,roll,0.9999,1
7894,18:38:04.056731,0.0,3.224000000000011,0.0,0.0,roll,roll,0.9999,1
7895,18:38:04.064942,0.0,2.808500000000012,0.0,0.0,roll,roll,0.9999,1
7896,18:38:04.079798,0.0,3.092500000000011,0.0,0.0,roll,roll,0.9999,1
7897,18:38:04.090065,0.0,2.7385000000000117,0.0,0.0,roll,roll,0.9999,1
7898,18:38:04.098110,0.0,2.563000000000012,0.0,0.0,roll,roll,0.9999,1
7899,18:38:04.108503,0.0,2.881500000000011,0.0,0.0,roll,roll,0.9999,1
7900,18:38:04.121780,0.0,3.626000000000012,0.0,0.0,roll,roll,0.9999,1
7901,18:38:04.130217,0.0,4.6720000000000095,0.0,0.0,roll,roll,0.9998,1
7902,18:38:04.142536,0.0,5.880000000000011,0.0,0.0,roll,roll,0.9998,1
7903,18:38:04.153682,0.0,5.492500000000011,0.0,0.0,roll,roll,0.9998,1
7904,18:38:04.162975,0.0,6.045000000000009,0.0,0.0,roll,roll,0.9997,1
7905,18:38:04.175167,0.0,5.897500000000008,0.0,0.0,roll,roll,0.9998,1
7906,18:38:04.180217,0.0,6.021000000000008,0.0,0.0,roll,roll,0.9997,1
7907,18:38:04.192558,0.0,6.1545000000000085,0.0,0.0,roll,roll,0.9992,1
7908,18:38:04.203860,0.0,6.1610000000000085,0.0,0.0,roll,roll,0.9992,1
7909,18:38:04.216152,0.0,5.675500000000008,0.0,0.0,roll,roll,0.9999,1
7910,18:38:04.227960,0.0,4.834500000000008,0.0,0.0,roll,roll,0.9998,1
7911,18:38:04.233754,0.0,4.45950000000001,0.0,0.0,roll,roll,0.9998,1
7912,18:38:04.242593,0.0,3.13750000000001,0.0,0.0,roll,roll,0.9999,1
7913,18:38:04.257327,0.0,3.1950000000000087,0.0,0.0,roll,roll,0.9999,1
7914,18:38:04.262058,0.0,3.1415000000000104,0.0,0.0,roll,roll,0.9999,1
7915,18:38:04.275584,0.0,3.16350000000001,0.0,0.0,roll,roll,0.9999,1
7916,18:38:04.290238,0.0,2.956500000000013,0.0,0.0,roll,roll,0.9999,1
7917,18:38:04.301575,0.0,2.3620000000000116,0.0,0.0,roll,roll,0.9998,1
7918,18:38:04.309797,0.0,2.5640000000000116,0.0,0.0,roll,roll,0.9999,1
7919,18:38:04.322146,0.0,2.5200000000000116,0.0,0.0,roll,roll,0.9999,1
7920,18:38:04.330272,0.0,2.6490000000000107,0.0,0.0,roll,roll,0.9999,1
7921,18:38:04.342590,0.0,1.8970000000000111,0.0,0.0,roll,roll,0.9996,1
7922,18:38:04.347919,0.0,2.330000000000011,0.0,0.0,roll,roll,0.9998,1
7923,18:38:04.361237,0.0,2.2570000000000108,0.0,0.0,roll,roll,0.9998,1
7924,18:38:04.374371,0.0,1.9520000000000095,0.0,0.0,roll,roll,0.9996,1
7925,18:38:04.384512,0.0,1.9910000000000097,0.0,0.0,roll,roll,0.9998,1
7926,18:38:04.395333,0.0,2.431000000000009,0.0,0.0,roll,roll,0.9998,1
7927,18:38:04.404099,0.0,2.7125000000000083,0.0,0.0,roll,roll,0.9999,1
7928,18:38:04.416934,0.0,3.0000000000000098,0.0,0.0,roll,roll,0.9999,1
7929,18:38:04.424278,0.0,2.7135000000000105,0.0,0.0,roll,roll,0.9999,1
7930,18:38:04.433397,0.0,3.3990000000000107,0.0,0.0,roll,roll,0.9999,1
7931,18:38:04.448951,0.0,3.855500000000011,0.0,0.0,roll,roll,0.9999,1
7932,18:38:04.457100,0.0,4.419000000000011,0.0,0.0,roll,roll,0.9999,1
7933,18:38:04.467096,0.0,4.883500000000012,0.0,0.0,roll,roll,0.9998,1
7934,18:38:04.477567,0.0,4.896000000000012,0.0,0.0,roll,roll,0.9998,1
7935,18:38:04.491246,0.0,5.540500000000011,0.0,0.0,roll,roll,0.9998,1
7936,18:38:04.502826,0.0,5.805000000000011,0.0,0.0,roll,roll,0.9998,1
7937,18:38:04.510729,0.0,7.000500000000011,0.0,0.0,roll,roll,0.9992,1
7938,18:38:04.523987,0.0,7.465500000000008,0.0,0.0,roll,roll,0.9997,1
7939,18:38:04.531107,0.0,8.64300000000001,0.0,0.0,roll,roll,0.9943,1
7940,18:38:04.544482,0.0,9.27850000000001,0.0,0.0,roll,roll,0.9958,1
7941,18:38:04.546496,0.0,9.719500000000007,0.0,0.0,roll,roll,0.9996,1
7942,18:38:04.564511,0.0,10.01200000000001,0.0,0.0,roll,roll,0.9995,1
7943,18:38:04.574970,0.0,10.40750000000001,0.0,0.0,roll,roll,0.9996,1
7944,18:38:04.582918,0.0,10.69100000000001,0.0,0.0,roll,roll,0.9993,1
7945,18:38:04.597366,0.0,10.02900000000001,0.0,0.0,roll,roll,0.9995,1
7946,18:38:04.607034,0.0,9.17700000000001,0.0,0.0,roll,roll,0.9959,1
7947,18:38:04.616165,0.0,8.03200000000001,0.0,0.0,roll,roll,0.9994,1
7948,18:38:04.624599,0.0,8.018500000000012,0.0,0.0,roll,roll,0.9994,1
7949,18:38:04.638256,0.0,8.073500000000012,0.0,0.0,roll,roll,0.9994,1
7950,18:38:04.663022,0.0,7.426000000000011,0.0,0.0,roll,roll,0.9997,1
7951,18:38:04.665043,0.0,7.738000000000011,0.0,0.0,roll,roll,0.9996,1
7952,18:38:04.669314,0.0,6.667500000000011,0.0,0.0,roll,roll,0.9987,1
7953,18:38:04.678516,0.0,5.92950000000001,0.0,0.0,roll,roll,0.9998,1
7954,18:38:04.691180,0.0,6.236500000000011,0.0,0.0,roll,roll,0.9995,1
7955,18:38:04.699207,0.0,7.323000000000012,0.0,0.0,roll,roll,0.9994,1
7956,18:38:04.710477,0.0,8.55650000000001,0.0,0.0,roll,roll,0.9939,1
7957,18:38:04.723224,0.0,9.582000000000011,0.0,0.0,roll,roll,0.9995,1
7958,18:38:04.731988,0.0,9.407000000000012,0.0,0.0,roll,roll,0.9995,1
7959,18:38:04.742585,0.0,9.051000000000013,0.0,0.0,roll,roll,0.9963,1
7960,18:38:04.752483,0.0,8.760000000000012,0.0,0.0,roll,roll,0.9946,1
7961,18:38:04.760306,0.0,8.225500000000011,0.0,0.0,roll,roll,0.999,1
7962,18:38:04.773380,0.0,8.512500000000012,0.0,0.0,roll,roll,0.9932,1
7963,18:38:04.783525,0.0,8.580500000000011,0.0,0.0,roll,roll,0.9932,1
7964,18:38:04.794734,0.0,7.99350000000001,0.0,0.0,roll,roll,0.9994,1
7965,18:38:04.805722,0.0,7.333500000000011,0.0,0.0,roll,roll,0.9994,1
7966,18:38:04.817831,0.0,7.3575000000000115,0.0,0.0,roll,roll,0.9996,1
7967,18:38:04.826605,0.0,7.488000000000011,0.0,0.0,roll,roll,0.9997,1
7968,18:38:04.839137,0.0,8.520500000000013,0.0,0.0,roll,roll,0.9943,1
7969,18:38:04.844820,0.0,9.352000000000013,0.0,0.0,roll,roll,0.9961,1
7970,18:38:04.858373,0.0,10.674500000000013,0.0,0.0,roll,roll,0.9993,1
7971,18:38:04.871422,0.0,10.807500000000012,0.0,0.0,roll,roll,0.9993,1
7972,18:38:04.879884,0.0,10.988000000000014,0.0,0.0,roll,roll,0.9992,1
7973,18:38:04.891423,0.0,10.746500000000015,0.0,0.0,roll,roll,0.9993,1
7974,18:38:04.897049,0.0,10.871000000000013,0.0,0.0,roll,roll,0.9993,1
7975,18:38:04.910302,0.0,10.859500000000011,0.0,0.0,roll,roll,0.9995,1
7976,18:38:04.919006,0.0,10.46000000000001,0.0,0.0,roll,roll,0.9996,1
7977,18:38:04.932547,0.0,9.777000000000008,0.0,0.0,roll,roll,0.9996,1
7978,18:38:04.944924,0.0,8.747000000000007,0.0,0.0,roll,roll,0.9955,1
7979,18:38:04.948454,0.0,7.350000000000008,0.0,0.0,roll,roll,0.9996,1
7980,18:38:04.963398,0.0,5.939500000000008,0.0,0.0,roll,roll,0.9998,1
7981,18:38:04.974057,0.0,5.26900000000001,0.0,0.0,roll,roll,0.9997,1
7982,18:38:04.984997,0.0,4.673000000000009,0.0,0.0,roll,roll,0.9998,1
7983,18:38:04.994068,0.0,4.985500000000009,0.0,0.0,roll,roll,0.9998,1
7984,18:38:05.007167,0.0,5.134000000000009,0.0,0.0,roll,roll,0.9988,1
7985,18:38:05.013444,0.0,5.600500000000009,0.0,0.0,roll,roll,0.9998,1
7986,18:38:05.026848,0.0,5.68550000000001,0.0,0.0,roll,roll,0.9998,1
7987,18:38:05.040605,0.0,6.097000000000011,0.0,0.0,roll,roll,0.9992,1
7988,18:38:05.044300,0.0,6.496000000000011,0.0,0.0,roll,roll,0.9989,1
7989,18:38:05.059745,0.0,7.045000000000011,0.0,0.0,roll,roll,0.9991,1
7990,18:38:05.067445,0.0,6.724500000000011,0.0,0.0,roll,roll,0.9987,1
7991,18:38:05.079852,0.0,6.61400000000001,0.0,0.0,roll,roll,0.9989,1
7992,18:38:05.092165,0.0,7.28000000000001,0.0,0.0,roll,roll,0.9994,1
7993,18:38:05.100800,0.0,7.048000000000009,0.0,0.0,roll,roll,0.9991,1
7994,18:38:05.113083,0.0,6.57150000000001,0.0,0.0,roll,roll,0.9989,1
7995,18:38:05.119362,0.0,6.106000000000011,0.0,0.0,roll,roll,0.9992,1
7996,18:38:05.130147,0.0,6.049500000000012,0.0,0.0,roll,roll,0.9997,1
7997,18:38:05.140496,0.0,5.499000000000012,0.0,0.0,roll,roll,0.9998,1
7998,18:38:05.147688,0.0,4.484000000000013,0.0,0.0,roll,roll,0.9998,1
7999,18:38:05.164358,0.0,3.569500000000012,0.0,0.0,roll,roll,0.9999,1
8000,18:38:05.174250,0.0,3.715500000000013,0.0,0.0,roll,roll,0.9999,1
8001,18:38:05.181023,0.0,3.7350000000000136,0.0,0.0,roll,roll,0.9999,1
8002,18:38:05.194724,0.0,3.626000000000013,0.0,0.0,roll,roll,0.9999,1
8003,18:38:05.207738,0.0,3.9420000000000144,0.0,0.0,roll,roll,0.9999,1
8004,18:38:05.212567,0.0,4.824500000000013,0.0,0.0,roll,roll,0.9998,1
8005,18:38:05.228168,0.0,4.9825000000000115,0.0,0.0,roll,roll,0.9998,1
8006,18:38:05.232954,0.0,4.932500000000012,0.0,0.0,roll,roll,0.9998,1
8007,18:38:05.247456,0.0,4.719000000000013,0.0,0.0,roll,roll,0.9998,1
8008,18:38:05.260337,0.0,5.1265000000000125,0.0,0.0,roll,roll,0.9988,1
8009,18:38:05.265907,0.0,5.129500000000013,0.0,0.0,roll,roll,0.9988,1
8010,18:38:05.279968,0.0,5.134500000000012,0.0,0.0,roll,roll,0.9988,1
8011,18:38:05.290167,0.0,6.0005000000000095,0.0,0.0,roll,roll,0.9997,1
8012,18:38:05.301531,0.0,6.70900000000001,0.0,0.0,roll,roll,0.9987,1
8013,18:38:05.311007,0.0,8.12650000000001,0.0,0.0,roll,roll,0.999,1
8014,18:38:05.322690,0.0,9.228500000000013,0.0,0.0,roll,roll,0.9956,1
8015,18:38:05.334285,0.0,10.12200000000001,0.0,0.0,roll,roll,0.9996,1
8016,18:38:05.342464,0.0,10.037000000000011,0.0,0.0,roll,roll,0.9995,1
8017,18:38:05.354946,0.0,9.93250000000001,0.0,0.0,roll,roll,0.9995,1
8018,18:38:05.362924,0.0,9.49050000000001,0.0,0.0,roll,roll,0.9995,1
8019,18:38:05.375578,0.0,9.81550000000001,0.0,0.0,roll,roll,0.9996,1
8020,18:38:05.387584,0.0,10.17250000000001,0.0,0.0,roll,roll,0.9996,1
8021,18:38:05.393793,0.0,10.051500000000011,0.0,0.0,roll,roll,0.9995,1
8022,18:38:05.408179,0.0,9.398500000000013,0.0,0.0,roll,roll,0.9995,1
8023,18:38:05.416698,0.0,9.630000000000011,0.0,0.0,roll,roll,0.9996,1
8024,18:38:05.427280,0.0,8.95400000000001,0.0,0.0,roll,roll,0.9948,1
8025,18:38:05.435051,0.0,8.77250000000001,0.0,0.0,roll,roll,0.9955,1
8026,18:38:05.445010,0.0,8.954500000000007,0.0,0.0,roll,roll,0.9948,1
8027,18:38:05.460790,0.0,8.899500000000007,0.0,0.0,roll,roll,0.9948,1
8028,18:38:05.468806,0.0,9.110500000000007,0.0,0.0,roll,roll,0.9959,1
8029,18:38:05.480484,0.0,9.354500000000009,0.0,0.0,roll,roll,0.9961,1
8030,18:38:05.489201,0.0,9.784500000000008,0.0,0.0,roll,roll,0.9996,1
8031,18:38:05.499301,0.0,10.123000000000008,0.0,0.0,roll,roll,0.9996,1
8032,18:38:05.509511,0.0,10.769500000000008,0.0,0.0,roll,roll,0.9992,1
8033,18:38:05.523300,0.0,9.779000000000009,0.0,0.0,roll,roll,0.9995,1
8034,18:38:05.531928,0.0,9.07500000000001,0.0,0.0,roll,roll,0.9956,1
8035,18:38:05.542091,0.0,7.88400000000001,0.0,0.0,roll,roll,0.9993,1
8036,18:38:05.555819,0.0,6.923500000000013,0.0,0.0,roll,roll,0.9979,1
8037,18:38:05.563424,0.0,7.245500000000014,0.0,0.0,roll,roll,0.9993,1
8038,18:38:05.574842,0.0,6.870000000000014,0.0,0.0,roll,roll,0.9986,1
8039,18:38:05.582480,0.0,6.516500000000015,0.0,0.0,roll,roll,0.9989,1
8040,18:38:05.595774,0.0,6.020000000000015,0.0,0.0,roll,roll,0.9997,1
8041,18:38:05.609063,0.0,5.767000000000013,0.0,0.0,roll,roll,0.9998,1
8042,18:38:05.615974,0.0,5.932500000000012,0.0,0.0,roll,roll,0.9998,1
8043,18:38:05.626648,0.0,6.104500000000011,0.0,0.0,roll,roll,0.9992,1
8044,18:38:05.633536,0.0,7.02300000000001,0.0,0.0,roll,roll,0.9991,1
8045,18:38:05.650524,0.0,7.785500000000011,0.0,0.0,roll,roll,0.9994,1
8046,18:38:05.657501,0.0,7.70300000000001,0.0,0.0,roll,roll,0.9996,1
8047,18:38:05.670755,0.0,7.5085000000000095,0.0,0.0,roll,roll,0.9997,1
8048,18:38:05.680521,0.0,8.210500000000009,0.0,0.0,roll,roll,0.999,1
8049,18:38:05.691084,0.0,8.956500000000009,0.0,0.0,roll,roll,0.9944,1
8050,18:38:05.699525,0.0,9.556500000000009,0.0,0.0,roll,roll,0.9995,1
8051,18:38:05.710550,0.0,9.26250000000001,0.0,0.0,roll,roll,0.9958,1
8052,18:38:05.724439,0.0,8.325500000000009,0.0,0.0,roll,roll,0.9994,1
8053,18:38:05.730336,0.0,7.39100000000001,0.0,0.0,roll,roll,0.9997,1
